[0.137s] DEBUG:colcon:Command line arguments: ['/usr/bin/colcon', 'build']
[0.137s] DEBUG:colcon:Parsed command line arguments: Namespace(log_base=None, log_level=None, verb_name='build', build_base='build', install_base='install', merge_install=False, symlink_install=False, test_result_base=None, continue_on_error=False, executor='parallel', parallel_workers=12, event_handlers=None, ignore_user_meta=False, metas=['./colcon.meta'], base_paths=['.'], packages_ignore=None, packages_ignore_regex=None, paths=None, packages_up_to=None, packages_up_to_regex=None, packages_above=None, packages_above_and_dependencies=None, packages_above_depth=None, packages_select_by_dep=None, packages_skip_by_dep=None, packages_skip_up_to=None, packages_select_build_failed=False, packages_skip_build_finished=False, packages_select_test_failures=False, packages_skip_test_passed=False, packages_select=None, packages_skip=None, packages_select_regex=None, packages_skip_regex=None, packages_start=None, packages_end=None, allow_overriding=[], cmake_args=None, cmake_target=None, cmake_target_skip_unavailable=False, cmake_clean_cache=False, cmake_clean_first=False, cmake_force_configure=False, ament_cmake_args=None, catkin_cmake_args=None, catkin_skip_building_tests=False, mixin_files=None, mixin=None, verb_parser=<colcon_mixin.mixin.mixin_argument.MixinArgumentDecorator object at 0x7ee8cdf678e0>, verb_extension=<colcon_core.verb.build.BuildVerb object at 0x7ee8cdf3b670>, main=<bound method BuildVerb.main of <colcon_core.verb.build.BuildVerb object at 0x7ee8cdf3b670>>, mixin_verb=('build',))
[0.255s] Level 1:colcon.colcon_core.package_discovery:discover_packages(colcon_meta) check parameters
[0.255s] Level 1:colcon.colcon_core.package_discovery:discover_packages(recursive) check parameters
[0.255s] Level 1:colcon.colcon_core.package_discovery:discover_packages(ignore) check parameters
[0.255s] Level 1:colcon.colcon_core.package_discovery:discover_packages(path) check parameters
[0.255s] Level 1:colcon.colcon_core.package_discovery:discover_packages(colcon_meta) discover
[0.255s] Level 1:colcon.colcon_core.package_discovery:discover_packages(recursive) discover
[0.255s] INFO:colcon.colcon_core.package_discovery:Crawling recursively for packages in '/home/aihemel/ros2_ws'
[0.255s] Level 1:colcon.colcon_core.package_identification:_identify(.) by extensions ['ignore', 'ignore_ament_install']
[0.255s] Level 1:colcon.colcon_core.package_identification:_identify(.) by extension 'ignore'
[0.255s] Level 1:colcon.colcon_core.package_identification:_identify(.) by extension 'ignore_ament_install'
[0.255s] Level 1:colcon.colcon_core.package_identification:_identify(.) by extensions ['colcon_pkg']
[0.255s] Level 1:colcon.colcon_core.package_identification:_identify(.) by extension 'colcon_pkg'
[0.255s] Level 1:colcon.colcon_core.package_identification:_identify(.) by extensions ['colcon_meta']
[0.255s] Level 1:colcon.colcon_core.package_identification:_identify(.) by extension 'colcon_meta'
[0.255s] Level 1:colcon.colcon_core.package_identification:_identify(.) by extensions ['ros']
[0.255s] Level 1:colcon.colcon_core.package_identification:_identify(.) by extension 'ros'
[0.262s] Level 1:colcon.colcon_core.package_identification:_identify(.) by extensions ['cmake', 'python']
[0.263s] Level 1:colcon.colcon_core.package_identification:_identify(.) by extension 'cmake'
[0.263s] Level 1:colcon.colcon_core.package_identification:_identify(.) by extension 'python'
[0.263s] Level 1:colcon.colcon_core.package_identification:_identify(.) by extensions ['python_setup_py']
[0.263s] Level 1:colcon.colcon_core.package_identification:_identify(.) by extension 'python_setup_py'
[0.263s] Level 1:colcon.colcon_core.package_identification:_identify(build) by extensions ['ignore', 'ignore_ament_install']
[0.263s] Level 1:colcon.colcon_core.package_identification:_identify(build) by extension 'ignore'
[0.263s] Level 1:colcon.colcon_core.package_identification:_identify(build) ignored
[0.263s] Level 1:colcon.colcon_core.package_identification:_identify(install) by extensions ['ignore', 'ignore_ament_install']
[0.263s] Level 1:colcon.colcon_core.package_identification:_identify(install) by extension 'ignore'
[0.263s] Level 1:colcon.colcon_core.package_identification:_identify(install) ignored
[0.263s] Level 1:colcon.colcon_core.package_identification:_identify(log) by extensions ['ignore', 'ignore_ament_install']
[0.263s] Level 1:colcon.colcon_core.package_identification:_identify(log) by extension 'ignore'
[0.263s] Level 1:colcon.colcon_core.package_identification:_identify(log) ignored
[0.263s] Level 1:colcon.colcon_core.package_identification:_identify(src) by extensions ['ignore', 'ignore_ament_install']
[0.263s] Level 1:colcon.colcon_core.package_identification:_identify(src) by extension 'ignore'
[0.263s] Level 1:colcon.colcon_core.package_identification:_identify(src) by extension 'ignore_ament_install'
[0.263s] Level 1:colcon.colcon_core.package_identification:_identify(src) by extensions ['colcon_pkg']
[0.263s] Level 1:colcon.colcon_core.package_identification:_identify(src) by extension 'colcon_pkg'
[0.263s] Level 1:colcon.colcon_core.package_identification:_identify(src) by extensions ['colcon_meta']
[0.263s] Level 1:colcon.colcon_core.package_identification:_identify(src) by extension 'colcon_meta'
[0.263s] Level 1:colcon.colcon_core.package_identification:_identify(src) by extensions ['ros']
[0.263s] Level 1:colcon.colcon_core.package_identification:_identify(src) by extension 'ros'
[0.263s] Level 1:colcon.colcon_core.package_identification:_identify(src) by extensions ['cmake', 'python']
[0.263s] Level 1:colcon.colcon_core.package_identification:_identify(src) by extension 'cmake'
[0.263s] Level 1:colcon.colcon_core.package_identification:_identify(src) by extension 'python'
[0.263s] Level 1:colcon.colcon_core.package_identification:_identify(src) by extensions ['python_setup_py']
[0.263s] Level 1:colcon.colcon_core.package_identification:_identify(src) by extension 'python_setup_py'
[0.263s] Level 1:colcon.colcon_core.package_identification:_identify(src/bumperbot_localization) by extensions ['ignore', 'ignore_ament_install']
[0.263s] Level 1:colcon.colcon_core.package_identification:_identify(src/bumperbot_localization) by extension 'ignore'
[0.264s] Level 1:colcon.colcon_core.package_identification:_identify(src/bumperbot_localization) by extension 'ignore_ament_install'
[0.264s] Level 1:colcon.colcon_core.package_identification:_identify(src/bumperbot_localization) by extensions ['colcon_pkg']
[0.264s] Level 1:colcon.colcon_core.package_identification:_identify(src/bumperbot_localization) by extension 'colcon_pkg'
[0.264s] Level 1:colcon.colcon_core.package_identification:_identify(src/bumperbot_localization) by extensions ['colcon_meta']
[0.264s] Level 1:colcon.colcon_core.package_identification:_identify(src/bumperbot_localization) by extension 'colcon_meta'
[0.264s] Level 1:colcon.colcon_core.package_identification:_identify(src/bumperbot_localization) by extensions ['ros']
[0.264s] Level 1:colcon.colcon_core.package_identification:_identify(src/bumperbot_localization) by extension 'ros'
[0.266s] DEBUG:colcon.colcon_core.package_identification:Package 'src/bumperbot_localization' with type 'ros.ament_cmake' and name 'bumperbot_localization'
[0.266s] Level 1:colcon.colcon_core.package_identification:_identify(src/bumperbot_py_examples) by extensions ['ignore', 'ignore_ament_install']
[0.266s] Level 1:colcon.colcon_core.package_identification:_identify(src/bumperbot_py_examples) by extension 'ignore'
[0.266s] Level 1:colcon.colcon_core.package_identification:_identify(src/bumperbot_py_examples) by extension 'ignore_ament_install'
[0.266s] Level 1:colcon.colcon_core.package_identification:_identify(src/bumperbot_py_examples) by extensions ['colcon_pkg']
[0.266s] Level 1:colcon.colcon_core.package_identification:_identify(src/bumperbot_py_examples) by extension 'colcon_pkg'
[0.266s] Level 1:colcon.colcon_core.package_identification:_identify(src/bumperbot_py_examples) by extensions ['colcon_meta']
[0.266s] Level 1:colcon.colcon_core.package_identification:_identify(src/bumperbot_py_examples) by extension 'colcon_meta'
[0.266s] Level 1:colcon.colcon_core.package_identification:_identify(src/bumperbot_py_examples) by extensions ['ros']
[0.266s] Level 1:colcon.colcon_core.package_identification:_identify(src/bumperbot_py_examples) by extension 'ros'
[0.273s] DEBUG:colcon.colcon_core.package_identification:Package 'src/bumperbot_py_examples' with type 'ros.ament_python' and name 'bumperbot_py_examples'
[0.273s] Level 1:colcon.colcon_core.package_identification:_identify(src/robot_controller) by extensions ['ignore', 'ignore_ament_install']
[0.273s] Level 1:colcon.colcon_core.package_identification:_identify(src/robot_controller) by extension 'ignore'
[0.273s] Level 1:colcon.colcon_core.package_identification:_identify(src/robot_controller) by extension 'ignore_ament_install'
[0.273s] Level 1:colcon.colcon_core.package_identification:_identify(src/robot_controller) by extensions ['colcon_pkg']
[0.273s] Level 1:colcon.colcon_core.package_identification:_identify(src/robot_controller) by extension 'colcon_pkg'
[0.273s] Level 1:colcon.colcon_core.package_identification:_identify(src/robot_controller) by extensions ['colcon_meta']
[0.273s] Level 1:colcon.colcon_core.package_identification:_identify(src/robot_controller) by extension 'colcon_meta'
[0.273s] Level 1:colcon.colcon_core.package_identification:_identify(src/robot_controller) by extensions ['ros']
[0.273s] Level 1:colcon.colcon_core.package_identification:_identify(src/robot_controller) by extension 'ros'
[0.274s] DEBUG:colcon.colcon_core.package_identification:Package 'src/robot_controller' with type 'ros.ament_cmake' and name 'robot_controller'
[0.274s] Level 1:colcon.colcon_core.package_identification:_identify(src/robot_description) by extensions ['ignore', 'ignore_ament_install']
[0.274s] Level 1:colcon.colcon_core.package_identification:_identify(src/robot_description) by extension 'ignore'
[0.274s] Level 1:colcon.colcon_core.package_identification:_identify(src/robot_description) by extension 'ignore_ament_install'
[0.274s] Level 1:colcon.colcon_core.package_identification:_identify(src/robot_description) by extensions ['colcon_pkg']
[0.274s] Level 1:colcon.colcon_core.package_identification:_identify(src/robot_description) by extension 'colcon_pkg'
[0.274s] Level 1:colcon.colcon_core.package_identification:_identify(src/robot_description) by extensions ['colcon_meta']
[0.274s] Level 1:colcon.colcon_core.package_identification:_identify(src/robot_description) by extension 'colcon_meta'
[0.274s] Level 1:colcon.colcon_core.package_identification:_identify(src/robot_description) by extensions ['ros']
[0.274s] Level 1:colcon.colcon_core.package_identification:_identify(src/robot_description) by extension 'ros'
[0.276s] DEBUG:colcon.colcon_core.package_identification:Package 'src/robot_description' with type 'ros.ament_cmake' and name 'robot_description'
[0.276s] Level 1:colcon.colcon_core.package_identification:_identify(src/robot_firmware) by extensions ['ignore', 'ignore_ament_install']
[0.276s] Level 1:colcon.colcon_core.package_identification:_identify(src/robot_firmware) by extension 'ignore'
[0.276s] Level 1:colcon.colcon_core.package_identification:_identify(src/robot_firmware) by extension 'ignore_ament_install'
[0.276s] Level 1:colcon.colcon_core.package_identification:_identify(src/robot_firmware) by extensions ['colcon_pkg']
[0.276s] Level 1:colcon.colcon_core.package_identification:_identify(src/robot_firmware) by extension 'colcon_pkg'
[0.276s] Level 1:colcon.colcon_core.package_identification:_identify(src/robot_firmware) by extensions ['colcon_meta']
[0.276s] Level 1:colcon.colcon_core.package_identification:_identify(src/robot_firmware) by extension 'colcon_meta'
[0.276s] Level 1:colcon.colcon_core.package_identification:_identify(src/robot_firmware) by extensions ['ros']
[0.276s] Level 1:colcon.colcon_core.package_identification:_identify(src/robot_firmware) by extension 'ros'
[0.276s] DEBUG:colcon.colcon_core.package_identification:Package 'src/robot_firmware' with type 'ros.ament_cmake' and name 'robot_firmware'
[0.276s] Level 1:colcon.colcon_core.package_identification:_identify(src/robot_gazebo) by extensions ['ignore', 'ignore_ament_install']
[0.276s] Level 1:colcon.colcon_core.package_identification:_identify(src/robot_gazebo) by extension 'ignore'
[0.276s] Level 1:colcon.colcon_core.package_identification:_identify(src/robot_gazebo) by extension 'ignore_ament_install'
[0.276s] Level 1:colcon.colcon_core.package_identification:_identify(src/robot_gazebo) by extensions ['colcon_pkg']
[0.276s] Level 1:colcon.colcon_core.package_identification:_identify(src/robot_gazebo) by extension 'colcon_pkg'
[0.276s] Level 1:colcon.colcon_core.package_identification:_identify(src/robot_gazebo) by extensions ['colcon_meta']
[0.277s] Level 1:colcon.colcon_core.package_identification:_identify(src/robot_gazebo) by extension 'colcon_meta'
[0.277s] Level 1:colcon.colcon_core.package_identification:_identify(src/robot_gazebo) by extensions ['ros']
[0.277s] Level 1:colcon.colcon_core.package_identification:_identify(src/robot_gazebo) by extension 'ros'
[0.277s] DEBUG:colcon.colcon_core.package_identification:Package 'src/robot_gazebo' with type 'ros.ament_cmake' and name 'robot_gazebo'
[0.277s] Level 1:colcon.colcon_core.package_identification:_identify(src/ros_tutorials) by extensions ['ignore', 'ignore_ament_install']
[0.277s] Level 1:colcon.colcon_core.package_identification:_identify(src/ros_tutorials) by extension 'ignore'
[0.277s] Level 1:colcon.colcon_core.package_identification:_identify(src/ros_tutorials) by extension 'ignore_ament_install'
[0.277s] Level 1:colcon.colcon_core.package_identification:_identify(src/ros_tutorials) by extensions ['colcon_pkg']
[0.277s] Level 1:colcon.colcon_core.package_identification:_identify(src/ros_tutorials) by extension 'colcon_pkg'
[0.277s] Level 1:colcon.colcon_core.package_identification:_identify(src/ros_tutorials) by extensions ['colcon_meta']
[0.277s] Level 1:colcon.colcon_core.package_identification:_identify(src/ros_tutorials) by extension 'colcon_meta'
[0.277s] Level 1:colcon.colcon_core.package_identification:_identify(src/ros_tutorials) by extensions ['ros']
[0.277s] Level 1:colcon.colcon_core.package_identification:_identify(src/ros_tutorials) by extension 'ros'
[0.277s] Level 1:colcon.colcon_core.package_identification:_identify(src/ros_tutorials) by extensions ['cmake', 'python']
[0.277s] Level 1:colcon.colcon_core.package_identification:_identify(src/ros_tutorials) by extension 'cmake'
[0.277s] Level 1:colcon.colcon_core.package_identification:_identify(src/ros_tutorials) by extension 'python'
[0.277s] Level 1:colcon.colcon_core.package_identification:_identify(src/ros_tutorials) by extensions ['python_setup_py']
[0.277s] Level 1:colcon.colcon_core.package_identification:_identify(src/ros_tutorials) by extension 'python_setup_py'
[0.277s] Level 1:colcon.colcon_core.package_identification:_identify(src/ros_tutorials/ros_tutorials) by extensions ['ignore', 'ignore_ament_install']
[0.277s] Level 1:colcon.colcon_core.package_identification:_identify(src/ros_tutorials/ros_tutorials) by extension 'ignore'
[0.277s] Level 1:colcon.colcon_core.package_identification:_identify(src/ros_tutorials/ros_tutorials) ignored
[0.277s] Level 1:colcon.colcon_core.package_identification:_identify(src/ros_tutorials/roscpp_tutorials) by extensions ['ignore', 'ignore_ament_install']
[0.278s] Level 1:colcon.colcon_core.package_identification:_identify(src/ros_tutorials/roscpp_tutorials) by extension 'ignore'
[0.278s] Level 1:colcon.colcon_core.package_identification:_identify(src/ros_tutorials/roscpp_tutorials) ignored
[0.278s] Level 1:colcon.colcon_core.package_identification:_identify(src/ros_tutorials/rospy_tutorials) by extensions ['ignore', 'ignore_ament_install']
[0.278s] Level 1:colcon.colcon_core.package_identification:_identify(src/ros_tutorials/rospy_tutorials) by extension 'ignore'
[0.278s] Level 1:colcon.colcon_core.package_identification:_identify(src/ros_tutorials/rospy_tutorials) ignored
[0.278s] Level 1:colcon.colcon_core.package_identification:_identify(src/ros_tutorials/turtlesim) by extensions ['ignore', 'ignore_ament_install']
[0.278s] Level 1:colcon.colcon_core.package_identification:_identify(src/ros_tutorials/turtlesim) by extension 'ignore'
[0.278s] Level 1:colcon.colcon_core.package_identification:_identify(src/ros_tutorials/turtlesim) by extension 'ignore_ament_install'
[0.278s] Level 1:colcon.colcon_core.package_identification:_identify(src/ros_tutorials/turtlesim) by extensions ['colcon_pkg']
[0.278s] Level 1:colcon.colcon_core.package_identification:_identify(src/ros_tutorials/turtlesim) by extension 'colcon_pkg'
[0.278s] Level 1:colcon.colcon_core.package_identification:_identify(src/ros_tutorials/turtlesim) by extensions ['colcon_meta']
[0.278s] Level 1:colcon.colcon_core.package_identification:_identify(src/ros_tutorials/turtlesim) by extension 'colcon_meta'
[0.278s] Level 1:colcon.colcon_core.package_identification:_identify(src/ros_tutorials/turtlesim) by extensions ['ros']
[0.278s] Level 1:colcon.colcon_core.package_identification:_identify(src/ros_tutorials/turtlesim) by extension 'ros'
[0.279s] DEBUG:colcon.colcon_core.package_identification:Package 'src/ros_tutorials/turtlesim' with type 'ros.ament_cmake' and name 'turtlesim'
[0.279s] Level 1:colcon.colcon_core.package_identification:_identify(venv) by extensions ['ignore', 'ignore_ament_install']
[0.279s] Level 1:colcon.colcon_core.package_identification:_identify(venv) by extension 'ignore'
[0.279s] Level 1:colcon.colcon_core.package_identification:_identify(venv) by extension 'ignore_ament_install'
[0.279s] Level 1:colcon.colcon_core.package_identification:_identify(venv) by extensions ['colcon_pkg']
[0.279s] Level 1:colcon.colcon_core.package_identification:_identify(venv) by extension 'colcon_pkg'
[0.279s] Level 1:colcon.colcon_core.package_identification:_identify(venv) by extensions ['colcon_meta']
[0.279s] Level 1:colcon.colcon_core.package_identification:_identify(venv) by extension 'colcon_meta'
[0.279s] Level 1:colcon.colcon_core.package_identification:_identify(venv) by extensions ['ros']
[0.279s] Level 1:colcon.colcon_core.package_identification:_identify(venv) by extension 'ros'
[0.279s] Level 1:colcon.colcon_core.package_identification:_identify(venv) by extensions ['cmake', 'python']
[0.279s] Level 1:colcon.colcon_core.package_identification:_identify(venv) by extension 'cmake'
[0.279s] Level 1:colcon.colcon_core.package_identification:_identify(venv) by extension 'python'
[0.279s] Level 1:colcon.colcon_core.package_identification:_identify(venv) by extensions ['python_setup_py']
[0.279s] Level 1:colcon.colcon_core.package_identification:_identify(venv) by extension 'python_setup_py'
[0.279s] Level 1:colcon.colcon_core.package_identification:_identify(venv/bin) by extensions ['ignore', 'ignore_ament_install']
[0.279s] Level 1:colcon.colcon_core.package_identification:_identify(venv/bin) by extension 'ignore'
[0.279s] Level 1:colcon.colcon_core.package_identification:_identify(venv/bin) by extension 'ignore_ament_install'
[0.279s] Level 1:colcon.colcon_core.package_identification:_identify(venv/bin) by extensions ['colcon_pkg']
[0.279s] Level 1:colcon.colcon_core.package_identification:_identify(venv/bin) by extension 'colcon_pkg'
[0.279s] Level 1:colcon.colcon_core.package_identification:_identify(venv/bin) by extensions ['colcon_meta']
[0.279s] Level 1:colcon.colcon_core.package_identification:_identify(venv/bin) by extension 'colcon_meta'
[0.279s] Level 1:colcon.colcon_core.package_identification:_identify(venv/bin) by extensions ['ros']
[0.279s] Level 1:colcon.colcon_core.package_identification:_identify(venv/bin) by extension 'ros'
[0.279s] Level 1:colcon.colcon_core.package_identification:_identify(venv/bin) by extensions ['cmake', 'python']
[0.279s] Level 1:colcon.colcon_core.package_identification:_identify(venv/bin) by extension 'cmake'
[0.279s] Level 1:colcon.colcon_core.package_identification:_identify(venv/bin) by extension 'python'
[0.279s] Level 1:colcon.colcon_core.package_identification:_identify(venv/bin) by extensions ['python_setup_py']
[0.279s] Level 1:colcon.colcon_core.package_identification:_identify(venv/bin) by extension 'python_setup_py'
[0.279s] Level 1:colcon.colcon_core.package_identification:_identify(venv/include) by extensions ['ignore', 'ignore_ament_install']
[0.279s] Level 1:colcon.colcon_core.package_identification:_identify(venv/include) by extension 'ignore'
[0.279s] Level 1:colcon.colcon_core.package_identification:_identify(venv/include) by extension 'ignore_ament_install'
[0.280s] Level 1:colcon.colcon_core.package_identification:_identify(venv/include) by extensions ['colcon_pkg']
[0.280s] Level 1:colcon.colcon_core.package_identification:_identify(venv/include) by extension 'colcon_pkg'
[0.280s] Level 1:colcon.colcon_core.package_identification:_identify(venv/include) by extensions ['colcon_meta']
[0.280s] Level 1:colcon.colcon_core.package_identification:_identify(venv/include) by extension 'colcon_meta'
[0.280s] Level 1:colcon.colcon_core.package_identification:_identify(venv/include) by extensions ['ros']
[0.280s] Level 1:colcon.colcon_core.package_identification:_identify(venv/include) by extension 'ros'
[0.280s] Level 1:colcon.colcon_core.package_identification:_identify(venv/include) by extensions ['cmake', 'python']
[0.280s] Level 1:colcon.colcon_core.package_identification:_identify(venv/include) by extension 'cmake'
[0.280s] Level 1:colcon.colcon_core.package_identification:_identify(venv/include) by extension 'python'
[0.280s] Level 1:colcon.colcon_core.package_identification:_identify(venv/include) by extensions ['python_setup_py']
[0.280s] Level 1:colcon.colcon_core.package_identification:_identify(venv/include) by extension 'python_setup_py'
[0.280s] Level 1:colcon.colcon_core.package_identification:_identify(venv/lib) by extensions ['ignore', 'ignore_ament_install']
[0.280s] Level 1:colcon.colcon_core.package_identification:_identify(venv/lib) by extension 'ignore'
[0.280s] Level 1:colcon.colcon_core.package_identification:_identify(venv/lib) by extension 'ignore_ament_install'
[0.280s] Level 1:colcon.colcon_core.package_identification:_identify(venv/lib) by extensions ['colcon_pkg']
[0.280s] Level 1:colcon.colcon_core.package_identification:_identify(venv/lib) by extension 'colcon_pkg'
[0.280s] Level 1:colcon.colcon_core.package_identification:_identify(venv/lib) by extensions ['colcon_meta']
[0.280s] Level 1:colcon.colcon_core.package_identification:_identify(venv/lib) by extension 'colcon_meta'
[0.280s] Level 1:colcon.colcon_core.package_identification:_identify(venv/lib) by extensions ['ros']
[0.280s] Level 1:colcon.colcon_core.package_identification:_identify(venv/lib) by extension 'ros'
[0.280s] Level 1:colcon.colcon_core.package_identification:_identify(venv/lib) by extensions ['cmake', 'python']
[0.280s] Level 1:colcon.colcon_core.package_identification:_identify(venv/lib) by extension 'cmake'
[0.280s] Level 1:colcon.colcon_core.package_identification:_identify(venv/lib) by extension 'python'
[0.280s] Level 1:colcon.colcon_core.package_identification:_identify(venv/lib) by extensions ['python_setup_py']
[0.280s] Level 1:colcon.colcon_core.package_identification:_identify(venv/lib) by extension 'python_setup_py'
[0.280s] Level 1:colcon.colcon_core.package_identification:_identify(venv/lib/python3.10) by extensions ['ignore', 'ignore_ament_install']
[0.280s] Level 1:colcon.colcon_core.package_identification:_identify(venv/lib/python3.10) by extension 'ignore'
[0.280s] Level 1:colcon.colcon_core.package_identification:_identify(venv/lib/python3.10) by extension 'ignore_ament_install'
[0.280s] Level 1:colcon.colcon_core.package_identification:_identify(venv/lib/python3.10) by extensions ['colcon_pkg']
[0.280s] Level 1:colcon.colcon_core.package_identification:_identify(venv/lib/python3.10) by extension 'colcon_pkg'
[0.280s] Level 1:colcon.colcon_core.package_identification:_identify(venv/lib/python3.10) by extensions ['colcon_meta']
[0.280s] Level 1:colcon.colcon_core.package_identification:_identify(venv/lib/python3.10) by extension 'colcon_meta'
[0.280s] Level 1:colcon.colcon_core.package_identification:_identify(venv/lib/python3.10) by extensions ['ros']
[0.280s] Level 1:colcon.colcon_core.package_identification:_identify(venv/lib/python3.10) by extension 'ros'
[0.280s] Level 1:colcon.colcon_core.package_identification:_identify(venv/lib/python3.10) by extensions ['cmake', 'python']
[0.280s] Level 1:colcon.colcon_core.package_identification:_identify(venv/lib/python3.10) by extension 'cmake'
[0.280s] Level 1:colcon.colcon_core.package_identification:_identify(venv/lib/python3.10) by extension 'python'
[0.280s] Level 1:colcon.colcon_core.package_identification:_identify(venv/lib/python3.10) by extensions ['python_setup_py']
[0.280s] Level 1:colcon.colcon_core.package_identification:_identify(venv/lib/python3.10) by extension 'python_setup_py'
[0.281s] Level 1:colcon.colcon_core.package_identification:_identify(venv/lib/python3.10/site-packages) by extensions ['ignore', 'ignore_ament_install']
[0.281s] Level 1:colcon.colcon_core.package_identification:_identify(venv/lib/python3.10/site-packages) by extension 'ignore'
[0.281s] Level 1:colcon.colcon_core.package_identification:_identify(venv/lib/python3.10/site-packages) by extension 'ignore_ament_install'
[0.281s] Level 1:colcon.colcon_core.package_identification:_identify(venv/lib/python3.10/site-packages) by extensions ['colcon_pkg']
[0.281s] Level 1:colcon.colcon_core.package_identification:_identify(venv/lib/python3.10/site-packages) by extension 'colcon_pkg'
[0.281s] Level 1:colcon.colcon_core.package_identification:_identify(venv/lib/python3.10/site-packages) by extensions ['colcon_meta']
[0.281s] Level 1:colcon.colcon_core.package_identification:_identify(venv/lib/python3.10/site-packages) by extension 'colcon_meta'
[0.281s] Level 1:colcon.colcon_core.package_identification:_identify(venv/lib/python3.10/site-packages) by extensions ['ros']
[0.281s] Level 1:colcon.colcon_core.package_identification:_identify(venv/lib/python3.10/site-packages) by extension 'ros'
[0.281s] Level 1:colcon.colcon_core.package_identification:_identify(venv/lib/python3.10/site-packages) by extensions ['cmake', 'python']
[0.281s] Level 1:colcon.colcon_core.package_identification:_identify(venv/lib/python3.10/site-packages) by extension 'cmake'
[0.281s] Level 1:colcon.colcon_core.package_identification:_identify(venv/lib/python3.10/site-packages) by extension 'python'
[0.281s] Level 1:colcon.colcon_core.package_identification:_identify(venv/lib/python3.10/site-packages) by extensions ['python_setup_py']
[0.281s] Level 1:colcon.colcon_core.package_identification:_identify(venv/lib/python3.10/site-packages) by extension 'python_setup_py'
[0.281s] Level 1:colcon.colcon_core.package_identification:_identify(venv/lib/python3.10/site-packages/_distutils_hack) by extensions ['ignore', 'ignore_ament_install']
[0.281s] Level 1:colcon.colcon_core.package_identification:_identify(venv/lib/python3.10/site-packages/_distutils_hack) by extension 'ignore'
[0.281s] Level 1:colcon.colcon_core.package_identification:_identify(venv/lib/python3.10/site-packages/_distutils_hack) by extension 'ignore_ament_install'
[0.281s] Level 1:colcon.colcon_core.package_identification:_identify(venv/lib/python3.10/site-packages/_distutils_hack) by extensions ['colcon_pkg']
[0.281s] Level 1:colcon.colcon_core.package_identification:_identify(venv/lib/python3.10/site-packages/_distutils_hack) by extension 'colcon_pkg'
[0.281s] Level 1:colcon.colcon_core.package_identification:_identify(venv/lib/python3.10/site-packages/_distutils_hack) by extensions ['colcon_meta']
[0.281s] Level 1:colcon.colcon_core.package_identification:_identify(venv/lib/python3.10/site-packages/_distutils_hack) by extension 'colcon_meta'
[0.281s] Level 1:colcon.colcon_core.package_identification:_identify(venv/lib/python3.10/site-packages/_distutils_hack) by extensions ['ros']
[0.281s] Level 1:colcon.colcon_core.package_identification:_identify(venv/lib/python3.10/site-packages/_distutils_hack) by extension 'ros'
[0.281s] Level 1:colcon.colcon_core.package_identification:_identify(venv/lib/python3.10/site-packages/_distutils_hack) by extensions ['cmake', 'python']
[0.281s] Level 1:colcon.colcon_core.package_identification:_identify(venv/lib/python3.10/site-packages/_distutils_hack) by extension 'cmake'
[0.281s] Level 1:colcon.colcon_core.package_identification:_identify(venv/lib/python3.10/site-packages/_distutils_hack) by extension 'python'
[0.281s] Level 1:colcon.colcon_core.package_identification:_identify(venv/lib/python3.10/site-packages/_distutils_hack) by extensions ['python_setup_py']
[0.281s] Level 1:colcon.colcon_core.package_identification:_identify(venv/lib/python3.10/site-packages/_distutils_hack) by extension 'python_setup_py'
[0.281s] Level 1:colcon.colcon_core.package_identification:_identify(venv/lib/python3.10/site-packages/_distutils_hack/__pycache__) by extensions ['ignore', 'ignore_ament_install']
[0.281s] Level 1:colcon.colcon_core.package_identification:_identify(venv/lib/python3.10/site-packages/_distutils_hack/__pycache__) by extension 'ignore'
[0.281s] Level 1:colcon.colcon_core.package_identification:_identify(venv/lib/python3.10/site-packages/_distutils_hack/__pycache__) by extension 'ignore_ament_install'
[0.281s] Level 1:colcon.colcon_core.package_identification:_identify(venv/lib/python3.10/site-packages/_distutils_hack/__pycache__) by extensions ['colcon_pkg']
[0.281s] Level 1:colcon.colcon_core.package_identification:_identify(venv/lib/python3.10/site-packages/_distutils_hack/__pycache__) by extension 'colcon_pkg'
[0.281s] Level 1:colcon.colcon_core.package_identification:_identify(venv/lib/python3.10/site-packages/_distutils_hack/__pycache__) by extensions ['colcon_meta']
[0.281s] Level 1:colcon.colcon_core.package_identification:_identify(venv/lib/python3.10/site-packages/_distutils_hack/__pycache__) by extension 'colcon_meta'
[0.282s] Level 1:colcon.colcon_core.package_identification:_identify(venv/lib/python3.10/site-packages/_distutils_hack/__pycache__) by extensions ['ros']
[0.282s] Level 1:colcon.colcon_core.package_identification:_identify(venv/lib/python3.10/site-packages/_distutils_hack/__pycache__) by extension 'ros'
[0.282s] Level 1:colcon.colcon_core.package_identification:_identify(venv/lib/python3.10/site-packages/_distutils_hack/__pycache__) by extensions ['cmake', 'python']
[0.282s] Level 1:colcon.colcon_core.package_identification:_identify(venv/lib/python3.10/site-packages/_distutils_hack/__pycache__) by extension 'cmake'
[0.282s] Level 1:colcon.colcon_core.package_identification:_identify(venv/lib/python3.10/site-packages/_distutils_hack/__pycache__) by extension 'python'
[0.282s] Level 1:colcon.colcon_core.package_identification:_identify(venv/lib/python3.10/site-packages/_distutils_hack/__pycache__) by extensions ['python_setup_py']
[0.282s] Level 1:colcon.colcon_core.package_identification:_identify(venv/lib/python3.10/site-packages/_distutils_hack/__pycache__) by extension 'python_setup_py'
[0.282s] Level 1:colcon.colcon_core.package_identification:_identify(venv/lib/python3.10/site-packages/numpy) by extensions ['ignore', 'ignore_ament_install']
[0.282s] Level 1:colcon.colcon_core.package_identification:_identify(venv/lib/python3.10/site-packages/numpy) by extension 'ignore'
[0.282s] Level 1:colcon.colcon_core.package_identification:_identify(venv/lib/python3.10/site-packages/numpy) by extension 'ignore_ament_install'
[0.282s] Level 1:colcon.colcon_core.package_identification:_identify(venv/lib/python3.10/site-packages/numpy) by extensions ['colcon_pkg']
[0.282s] Level 1:colcon.colcon_core.package_identification:_identify(venv/lib/python3.10/site-packages/numpy) by extension 'colcon_pkg'
[0.282s] Level 1:colcon.colcon_core.package_identification:_identify(venv/lib/python3.10/site-packages/numpy) by extensions ['colcon_meta']
[0.282s] Level 1:colcon.colcon_core.package_identification:_identify(venv/lib/python3.10/site-packages/numpy) by extension 'colcon_meta'
[0.282s] Level 1:colcon.colcon_core.package_identification:_identify(venv/lib/python3.10/site-packages/numpy) by extensions ['ros']
[0.282s] Level 1:colcon.colcon_core.package_identification:_identify(venv/lib/python3.10/site-packages/numpy) by extension 'ros'
[0.282s] Level 1:colcon.colcon_core.package_identification:_identify(venv/lib/python3.10/site-packages/numpy) by extensions ['cmake', 'python']
[0.282s] Level 1:colcon.colcon_core.package_identification:_identify(venv/lib/python3.10/site-packages/numpy) by extension 'cmake'
[0.282s] Level 1:colcon.colcon_core.package_identification:_identify(venv/lib/python3.10/site-packages/numpy) by extension 'python'
[0.282s] Level 1:colcon.colcon_core.package_identification:_identify(venv/lib/python3.10/site-packages/numpy) by extensions ['python_setup_py']
[0.282s] Level 1:colcon.colcon_core.package_identification:_identify(venv/lib/python3.10/site-packages/numpy) by extension 'python_setup_py'
[0.282s] Level 1:colcon.colcon_core.package_identification:_identify(venv/lib/python3.10/site-packages/numpy/__pycache__) by extensions ['ignore', 'ignore_ament_install']
[0.282s] Level 1:colcon.colcon_core.package_identification:_identify(venv/lib/python3.10/site-packages/numpy/__pycache__) by extension 'ignore'
[0.282s] Level 1:colcon.colcon_core.package_identification:_identify(venv/lib/python3.10/site-packages/numpy/__pycache__) by extension 'ignore_ament_install'
[0.282s] Level 1:colcon.colcon_core.package_identification:_identify(venv/lib/python3.10/site-packages/numpy/__pycache__) by extensions ['colcon_pkg']
[0.282s] Level 1:colcon.colcon_core.package_identification:_identify(venv/lib/python3.10/site-packages/numpy/__pycache__) by extension 'colcon_pkg'
[0.282s] Level 1:colcon.colcon_core.package_identification:_identify(venv/lib/python3.10/site-packages/numpy/__pycache__) by extensions ['colcon_meta']
[0.282s] Level 1:colcon.colcon_core.package_identification:_identify(venv/lib/python3.10/site-packages/numpy/__pycache__) by extension 'colcon_meta'
[0.282s] Level 1:colcon.colcon_core.package_identification:_identify(venv/lib/python3.10/site-packages/numpy/__pycache__) by extensions ['ros']
[0.282s] Level 1:colcon.colcon_core.package_identification:_identify(venv/lib/python3.10/site-packages/numpy/__pycache__) by extension 'ros'
[0.282s] Level 1:colcon.colcon_core.package_identification:_identify(venv/lib/python3.10/site-packages/numpy/__pycache__) by extensions ['cmake', 'python']
[0.282s] Level 1:colcon.colcon_core.package_identification:_identify(venv/lib/python3.10/site-packages/numpy/__pycache__) by extension 'cmake'
[0.282s] Level 1:colcon.colcon_core.package_identification:_identify(venv/lib/python3.10/site-packages/numpy/__pycache__) by extension 'python'
[0.282s] Level 1:colcon.colcon_core.package_identification:_identify(venv/lib/python3.10/site-packages/numpy/__pycache__) by extensions ['python_setup_py']
[0.282s] Level 1:colcon.colcon_core.package_identification:_identify(venv/lib/python3.10/site-packages/numpy/__pycache__) by extension 'python_setup_py'
[0.283s] Level 1:colcon.colcon_core.package_identification:_identify(venv/lib/python3.10/site-packages/numpy/_core) by extensions ['ignore', 'ignore_ament_install']
[0.283s] Level 1:colcon.colcon_core.package_identification:_identify(venv/lib/python3.10/site-packages/numpy/_core) by extension 'ignore'
[0.283s] Level 1:colcon.colcon_core.package_identification:_identify(venv/lib/python3.10/site-packages/numpy/_core) by extension 'ignore_ament_install'
[0.283s] Level 1:colcon.colcon_core.package_identification:_identify(venv/lib/python3.10/site-packages/numpy/_core) by extensions ['colcon_pkg']
[0.283s] Level 1:colcon.colcon_core.package_identification:_identify(venv/lib/python3.10/site-packages/numpy/_core) by extension 'colcon_pkg'
[0.283s] Level 1:colcon.colcon_core.package_identification:_identify(venv/lib/python3.10/site-packages/numpy/_core) by extensions ['colcon_meta']
[0.283s] Level 1:colcon.colcon_core.package_identification:_identify(venv/lib/python3.10/site-packages/numpy/_core) by extension 'colcon_meta'
[0.283s] Level 1:colcon.colcon_core.package_identification:_identify(venv/lib/python3.10/site-packages/numpy/_core) by extensions ['ros']
[0.283s] Level 1:colcon.colcon_core.package_identification:_identify(venv/lib/python3.10/site-packages/numpy/_core) by extension 'ros'
[0.283s] Level 1:colcon.colcon_core.package_identification:_identify(venv/lib/python3.10/site-packages/numpy/_core) by extensions ['cmake', 'python']
[0.283s] Level 1:colcon.colcon_core.package_identification:_identify(venv/lib/python3.10/site-packages/numpy/_core) by extension 'cmake'
[0.283s] Level 1:colcon.colcon_core.package_identification:_identify(venv/lib/python3.10/site-packages/numpy/_core) by extension 'python'
[0.283s] Level 1:colcon.colcon_core.package_identification:_identify(venv/lib/python3.10/site-packages/numpy/_core) by extensions ['python_setup_py']
[0.283s] Level 1:colcon.colcon_core.package_identification:_identify(venv/lib/python3.10/site-packages/numpy/_core) by extension 'python_setup_py'
[0.283s] Level 1:colcon.colcon_core.package_identification:_identify(venv/lib/python3.10/site-packages/numpy/_core/__pycache__) by extensions ['ignore', 'ignore_ament_install']
[0.283s] Level 1:colcon.colcon_core.package_identification:_identify(venv/lib/python3.10/site-packages/numpy/_core/__pycache__) by extension 'ignore'
[0.283s] Level 1:colcon.colcon_core.package_identification:_identify(venv/lib/python3.10/site-packages/numpy/_core/__pycache__) by extension 'ignore_ament_install'
[0.283s] Level 1:colcon.colcon_core.package_identification:_identify(venv/lib/python3.10/site-packages/numpy/_core/__pycache__) by extensions ['colcon_pkg']
[0.283s] Level 1:colcon.colcon_core.package_identification:_identify(venv/lib/python3.10/site-packages/numpy/_core/__pycache__) by extension 'colcon_pkg'
[0.283s] Level 1:colcon.colcon_core.package_identification:_identify(venv/lib/python3.10/site-packages/numpy/_core/__pycache__) by extensions ['colcon_meta']
[0.283s] Level 1:colcon.colcon_core.package_identification:_identify(venv/lib/python3.10/site-packages/numpy/_core/__pycache__) by extension 'colcon_meta'
[0.283s] Level 1:colcon.colcon_core.package_identification:_identify(venv/lib/python3.10/site-packages/numpy/_core/__pycache__) by extensions ['ros']
[0.283s] Level 1:colcon.colcon_core.package_identification:_identify(venv/lib/python3.10/site-packages/numpy/_core/__pycache__) by extension 'ros'
[0.283s] Level 1:colcon.colcon_core.package_identification:_identify(venv/lib/python3.10/site-packages/numpy/_core/__pycache__) by extensions ['cmake', 'python']
[0.283s] Level 1:colcon.colcon_core.package_identification:_identify(venv/lib/python3.10/site-packages/numpy/_core/__pycache__) by extension 'cmake'
[0.283s] Level 1:colcon.colcon_core.package_identification:_identify(venv/lib/python3.10/site-packages/numpy/_core/__pycache__) by extension 'python'
[0.283s] Level 1:colcon.colcon_core.package_identification:_identify(venv/lib/python3.10/site-packages/numpy/_core/__pycache__) by extensions ['python_setup_py']
[0.283s] Level 1:colcon.colcon_core.package_identification:_identify(venv/lib/python3.10/site-packages/numpy/_core/__pycache__) by extension 'python_setup_py'
[0.283s] Level 1:colcon.colcon_core.package_identification:_identify(venv/lib/python3.10/site-packages/numpy/_core/include) by extensions ['ignore', 'ignore_ament_install']
[0.283s] Level 1:colcon.colcon_core.package_identification:_identify(venv/lib/python3.10/site-packages/numpy/_core/include) by extension 'ignore'
[0.283s] Level 1:colcon.colcon_core.package_identification:_identify(venv/lib/python3.10/site-packages/numpy/_core/include) by extension 'ignore_ament_install'
[0.283s] Level 1:colcon.colcon_core.package_identification:_identify(venv/lib/python3.10/site-packages/numpy/_core/include) by extensions ['colcon_pkg']
[0.283s] Level 1:colcon.colcon_core.package_identification:_identify(venv/lib/python3.10/site-packages/numpy/_core/include) by extension 'colcon_pkg'
[0.283s] Level 1:colcon.colcon_core.package_identification:_identify(venv/lib/python3.10/site-packages/numpy/_core/include) by extensions ['colcon_meta']
[0.283s] Level 1:colcon.colcon_core.package_identification:_identify(venv/lib/python3.10/site-packages/numpy/_core/include) by extension 'colcon_meta'
[0.284s] Level 1:colcon.colcon_core.package_identification:_identify(venv/lib/python3.10/site-packages/numpy/_core/include) by extensions ['ros']
[0.284s] Level 1:colcon.colcon_core.package_identification:_identify(venv/lib/python3.10/site-packages/numpy/_core/include) by extension 'ros'
[0.284s] Level 1:colcon.colcon_core.package_identification:_identify(venv/lib/python3.10/site-packages/numpy/_core/include) by extensions ['cmake', 'python']
[0.284s] Level 1:colcon.colcon_core.package_identification:_identify(venv/lib/python3.10/site-packages/numpy/_core/include) by extension 'cmake'
[0.284s] Level 1:colcon.colcon_core.package_identification:_identify(venv/lib/python3.10/site-packages/numpy/_core/include) by extension 'python'
[0.284s] Level 1:colcon.colcon_core.package_identification:_identify(venv/lib/python3.10/site-packages/numpy/_core/include) by extensions ['python_setup_py']
[0.284s] Level 1:colcon.colcon_core.package_identification:_identify(venv/lib/python3.10/site-packages/numpy/_core/include) by extension 'python_setup_py'
[0.284s] Level 1:colcon.colcon_core.package_identification:_identify(venv/lib/python3.10/site-packages/numpy/_core/include/numpy) by extensions ['ignore', 'ignore_ament_install']
[0.284s] Level 1:colcon.colcon_core.package_identification:_identify(venv/lib/python3.10/site-packages/numpy/_core/include/numpy) by extension 'ignore'
[0.284s] Level 1:colcon.colcon_core.package_identification:_identify(venv/lib/python3.10/site-packages/numpy/_core/include/numpy) by extension 'ignore_ament_install'
[0.284s] Level 1:colcon.colcon_core.package_identification:_identify(venv/lib/python3.10/site-packages/numpy/_core/include/numpy) by extensions ['colcon_pkg']
[0.284s] Level 1:colcon.colcon_core.package_identification:_identify(venv/lib/python3.10/site-packages/numpy/_core/include/numpy) by extension 'colcon_pkg'
[0.284s] Level 1:colcon.colcon_core.package_identification:_identify(venv/lib/python3.10/site-packages/numpy/_core/include/numpy) by extensions ['colcon_meta']
[0.284s] Level 1:colcon.colcon_core.package_identification:_identify(venv/lib/python3.10/site-packages/numpy/_core/include/numpy) by extension 'colcon_meta'
[0.284s] Level 1:colcon.colcon_core.package_identification:_identify(venv/lib/python3.10/site-packages/numpy/_core/include/numpy) by extensions ['ros']
[0.284s] Level 1:colcon.colcon_core.package_identification:_identify(venv/lib/python3.10/site-packages/numpy/_core/include/numpy) by extension 'ros'
[0.284s] Level 1:colcon.colcon_core.package_identification:_identify(venv/lib/python3.10/site-packages/numpy/_core/include/numpy) by extensions ['cmake', 'python']
[0.284s] Level 1:colcon.colcon_core.package_identification:_identify(venv/lib/python3.10/site-packages/numpy/_core/include/numpy) by extension 'cmake'
[0.284s] Level 1:colcon.colcon_core.package_identification:_identify(venv/lib/python3.10/site-packages/numpy/_core/include/numpy) by extension 'python'
[0.284s] Level 1:colcon.colcon_core.package_identification:_identify(venv/lib/python3.10/site-packages/numpy/_core/include/numpy) by extensions ['python_setup_py']
[0.284s] Level 1:colcon.colcon_core.package_identification:_identify(venv/lib/python3.10/site-packages/numpy/_core/include/numpy) by extension 'python_setup_py'
[0.284s] Level 1:colcon.colcon_core.package_identification:_identify(venv/lib/python3.10/site-packages/numpy/_core/include/numpy/random) by extensions ['ignore', 'ignore_ament_install']
[0.284s] Level 1:colcon.colcon_core.package_identification:_identify(venv/lib/python3.10/site-packages/numpy/_core/include/numpy/random) by extension 'ignore'
[0.284s] Level 1:colcon.colcon_core.package_identification:_identify(venv/lib/python3.10/site-packages/numpy/_core/include/numpy/random) by extension 'ignore_ament_install'
[0.284s] Level 1:colcon.colcon_core.package_identification:_identify(venv/lib/python3.10/site-packages/numpy/_core/include/numpy/random) by extensions ['colcon_pkg']
[0.284s] Level 1:colcon.colcon_core.package_identification:_identify(venv/lib/python3.10/site-packages/numpy/_core/include/numpy/random) by extension 'colcon_pkg'
[0.284s] Level 1:colcon.colcon_core.package_identification:_identify(venv/lib/python3.10/site-packages/numpy/_core/include/numpy/random) by extensions ['colcon_meta']
[0.284s] Level 1:colcon.colcon_core.package_identification:_identify(venv/lib/python3.10/site-packages/numpy/_core/include/numpy/random) by extension 'colcon_meta'
[0.284s] Level 1:colcon.colcon_core.package_identification:_identify(venv/lib/python3.10/site-packages/numpy/_core/include/numpy/random) by extensions ['ros']
[0.284s] Level 1:colcon.colcon_core.package_identification:_identify(venv/lib/python3.10/site-packages/numpy/_core/include/numpy/random) by extension 'ros'
[0.284s] Level 1:colcon.colcon_core.package_identification:_identify(venv/lib/python3.10/site-packages/numpy/_core/include/numpy/random) by extensions ['cmake', 'python']
[0.284s] Level 1:colcon.colcon_core.package_identification:_identify(venv/lib/python3.10/site-packages/numpy/_core/include/numpy/random) by extension 'cmake'
[0.285s] Level 1:colcon.colcon_core.package_identification:_identify(venv/lib/python3.10/site-packages/numpy/_core/include/numpy/random) by extension 'python'
[0.285s] Level 1:colcon.colcon_core.package_identification:_identify(venv/lib/python3.10/site-packages/numpy/_core/include/numpy/random) by extensions ['python_setup_py']
[0.285s] Level 1:colcon.colcon_core.package_identification:_identify(venv/lib/python3.10/site-packages/numpy/_core/include/numpy/random) by extension 'python_setup_py'
[0.285s] Level 1:colcon.colcon_core.package_identification:_identify(venv/lib/python3.10/site-packages/numpy/_core/lib) by extensions ['ignore', 'ignore_ament_install']
[0.285s] Level 1:colcon.colcon_core.package_identification:_identify(venv/lib/python3.10/site-packages/numpy/_core/lib) by extension 'ignore'
[0.285s] Level 1:colcon.colcon_core.package_identification:_identify(venv/lib/python3.10/site-packages/numpy/_core/lib) by extension 'ignore_ament_install'
[0.285s] Level 1:colcon.colcon_core.package_identification:_identify(venv/lib/python3.10/site-packages/numpy/_core/lib) by extensions ['colcon_pkg']
[0.285s] Level 1:colcon.colcon_core.package_identification:_identify(venv/lib/python3.10/site-packages/numpy/_core/lib) by extension 'colcon_pkg'
[0.285s] Level 1:colcon.colcon_core.package_identification:_identify(venv/lib/python3.10/site-packages/numpy/_core/lib) by extensions ['colcon_meta']
[0.285s] Level 1:colcon.colcon_core.package_identification:_identify(venv/lib/python3.10/site-packages/numpy/_core/lib) by extension 'colcon_meta'
[0.285s] Level 1:colcon.colcon_core.package_identification:_identify(venv/lib/python3.10/site-packages/numpy/_core/lib) by extensions ['ros']
[0.285s] Level 1:colcon.colcon_core.package_identification:_identify(venv/lib/python3.10/site-packages/numpy/_core/lib) by extension 'ros'
[0.285s] Level 1:colcon.colcon_core.package_identification:_identify(venv/lib/python3.10/site-packages/numpy/_core/lib) by extensions ['cmake', 'python']
[0.285s] Level 1:colcon.colcon_core.package_identification:_identify(venv/lib/python3.10/site-packages/numpy/_core/lib) by extension 'cmake'
[0.285s] Level 1:colcon.colcon_core.package_identification:_identify(venv/lib/python3.10/site-packages/numpy/_core/lib) by extension 'python'
[0.285s] Level 1:colcon.colcon_core.package_identification:_identify(venv/lib/python3.10/site-packages/numpy/_core/lib) by extensions ['python_setup_py']
[0.285s] Level 1:colcon.colcon_core.package_identification:_identify(venv/lib/python3.10/site-packages/numpy/_core/lib) by extension 'python_setup_py'
[0.285s] Level 1:colcon.colcon_core.package_identification:_identify(venv/lib/python3.10/site-packages/numpy/_core/lib/npy-pkg-config) by extensions ['ignore', 'ignore_ament_install']
[0.285s] Level 1:colcon.colcon_core.package_identification:_identify(venv/lib/python3.10/site-packages/numpy/_core/lib/npy-pkg-config) by extension 'ignore'
[0.285s] Level 1:colcon.colcon_core.package_identification:_identify(venv/lib/python3.10/site-packages/numpy/_core/lib/npy-pkg-config) by extension 'ignore_ament_install'
[0.285s] Level 1:colcon.colcon_core.package_identification:_identify(venv/lib/python3.10/site-packages/numpy/_core/lib/npy-pkg-config) by extensions ['colcon_pkg']
[0.285s] Level 1:colcon.colcon_core.package_identification:_identify(venv/lib/python3.10/site-packages/numpy/_core/lib/npy-pkg-config) by extension 'colcon_pkg'
[0.285s] Level 1:colcon.colcon_core.package_identification:_identify(venv/lib/python3.10/site-packages/numpy/_core/lib/npy-pkg-config) by extensions ['colcon_meta']
[0.285s] Level 1:colcon.colcon_core.package_identification:_identify(venv/lib/python3.10/site-packages/numpy/_core/lib/npy-pkg-config) by extension 'colcon_meta'
[0.285s] Level 1:colcon.colcon_core.package_identification:_identify(venv/lib/python3.10/site-packages/numpy/_core/lib/npy-pkg-config) by extensions ['ros']
[0.285s] Level 1:colcon.colcon_core.package_identification:_identify(venv/lib/python3.10/site-packages/numpy/_core/lib/npy-pkg-config) by extension 'ros'
[0.285s] Level 1:colcon.colcon_core.package_identification:_identify(venv/lib/python3.10/site-packages/numpy/_core/lib/npy-pkg-config) by extensions ['cmake', 'python']
[0.285s] Level 1:colcon.colcon_core.package_identification:_identify(venv/lib/python3.10/site-packages/numpy/_core/lib/npy-pkg-config) by extension 'cmake'
[0.285s] Level 1:colcon.colcon_core.package_identification:_identify(venv/lib/python3.10/site-packages/numpy/_core/lib/npy-pkg-config) by extension 'python'
[0.285s] Level 1:colcon.colcon_core.package_identification:_identify(venv/lib/python3.10/site-packages/numpy/_core/lib/npy-pkg-config) by extensions ['python_setup_py']
[0.285s] Level 1:colcon.colcon_core.package_identification:_identify(venv/lib/python3.10/site-packages/numpy/_core/lib/npy-pkg-config) by extension 'python_setup_py'
[0.285s] Level 1:colcon.colcon_core.package_identification:_identify(venv/lib/python3.10/site-packages/numpy/_core/lib/pkgconfig) by extensions ['ignore', 'ignore_ament_install']
[0.285s] Level 1:colcon.colcon_core.package_identification:_identify(venv/lib/python3.10/site-packages/numpy/_core/lib/pkgconfig) by extension 'ignore'
[0.285s] Level 1:colcon.colcon_core.package_identification:_identify(venv/lib/python3.10/site-packages/numpy/_core/lib/pkgconfig) by extension 'ignore_ament_install'
[0.286s] Level 1:colcon.colcon_core.package_identification:_identify(venv/lib/python3.10/site-packages/numpy/_core/lib/pkgconfig) by extensions ['colcon_pkg']
[0.286s] Level 1:colcon.colcon_core.package_identification:_identify(venv/lib/python3.10/site-packages/numpy/_core/lib/pkgconfig) by extension 'colcon_pkg'
[0.286s] Level 1:colcon.colcon_core.package_identification:_identify(venv/lib/python3.10/site-packages/numpy/_core/lib/pkgconfig) by extensions ['colcon_meta']
[0.286s] Level 1:colcon.colcon_core.package_identification:_identify(venv/lib/python3.10/site-packages/numpy/_core/lib/pkgconfig) by extension 'colcon_meta'
[0.286s] Level 1:colcon.colcon_core.package_identification:_identify(venv/lib/python3.10/site-packages/numpy/_core/lib/pkgconfig) by extensions ['ros']
[0.286s] Level 1:colcon.colcon_core.package_identification:_identify(venv/lib/python3.10/site-packages/numpy/_core/lib/pkgconfig) by extension 'ros'
[0.286s] Level 1:colcon.colcon_core.package_identification:_identify(venv/lib/python3.10/site-packages/numpy/_core/lib/pkgconfig) by extensions ['cmake', 'python']
[0.286s] Level 1:colcon.colcon_core.package_identification:_identify(venv/lib/python3.10/site-packages/numpy/_core/lib/pkgconfig) by extension 'cmake'
[0.286s] Level 1:colcon.colcon_core.package_identification:_identify(venv/lib/python3.10/site-packages/numpy/_core/lib/pkgconfig) by extension 'python'
[0.286s] Level 1:colcon.colcon_core.package_identification:_identify(venv/lib/python3.10/site-packages/numpy/_core/lib/pkgconfig) by extensions ['python_setup_py']
[0.286s] Level 1:colcon.colcon_core.package_identification:_identify(venv/lib/python3.10/site-packages/numpy/_core/lib/pkgconfig) by extension 'python_setup_py'
[0.286s] Level 1:colcon.colcon_core.package_identification:_identify(venv/lib/python3.10/site-packages/numpy/_core/tests) by extensions ['ignore', 'ignore_ament_install']
[0.286s] Level 1:colcon.colcon_core.package_identification:_identify(venv/lib/python3.10/site-packages/numpy/_core/tests) by extension 'ignore'
[0.286s] Level 1:colcon.colcon_core.package_identification:_identify(venv/lib/python3.10/site-packages/numpy/_core/tests) by extension 'ignore_ament_install'
[0.286s] Level 1:colcon.colcon_core.package_identification:_identify(venv/lib/python3.10/site-packages/numpy/_core/tests) by extensions ['colcon_pkg']
[0.286s] Level 1:colcon.colcon_core.package_identification:_identify(venv/lib/python3.10/site-packages/numpy/_core/tests) by extension 'colcon_pkg'
[0.286s] Level 1:colcon.colcon_core.package_identification:_identify(venv/lib/python3.10/site-packages/numpy/_core/tests) by extensions ['colcon_meta']
[0.286s] Level 1:colcon.colcon_core.package_identification:_identify(venv/lib/python3.10/site-packages/numpy/_core/tests) by extension 'colcon_meta'
[0.286s] Level 1:colcon.colcon_core.package_identification:_identify(venv/lib/python3.10/site-packages/numpy/_core/tests) by extensions ['ros']
[0.286s] Level 1:colcon.colcon_core.package_identification:_identify(venv/lib/python3.10/site-packages/numpy/_core/tests) by extension 'ros'
[0.286s] Level 1:colcon.colcon_core.package_identification:_identify(venv/lib/python3.10/site-packages/numpy/_core/tests) by extensions ['cmake', 'python']
[0.286s] Level 1:colcon.colcon_core.package_identification:_identify(venv/lib/python3.10/site-packages/numpy/_core/tests) by extension 'cmake'
[0.286s] Level 1:colcon.colcon_core.package_identification:_identify(venv/lib/python3.10/site-packages/numpy/_core/tests) by extension 'python'
[0.286s] Level 1:colcon.colcon_core.package_identification:_identify(venv/lib/python3.10/site-packages/numpy/_core/tests) by extensions ['python_setup_py']
[0.286s] Level 1:colcon.colcon_core.package_identification:_identify(venv/lib/python3.10/site-packages/numpy/_core/tests) by extension 'python_setup_py'
[0.286s] Level 1:colcon.colcon_core.package_identification:_identify(venv/lib/python3.10/site-packages/numpy/_core/tests/__pycache__) by extensions ['ignore', 'ignore_ament_install']
[0.286s] Level 1:colcon.colcon_core.package_identification:_identify(venv/lib/python3.10/site-packages/numpy/_core/tests/__pycache__) by extension 'ignore'
[0.286s] Level 1:colcon.colcon_core.package_identification:_identify(venv/lib/python3.10/site-packages/numpy/_core/tests/__pycache__) by extension 'ignore_ament_install'
[0.286s] Level 1:colcon.colcon_core.package_identification:_identify(venv/lib/python3.10/site-packages/numpy/_core/tests/__pycache__) by extensions ['colcon_pkg']
[0.286s] Level 1:colcon.colcon_core.package_identification:_identify(venv/lib/python3.10/site-packages/numpy/_core/tests/__pycache__) by extension 'colcon_pkg'
[0.286s] Level 1:colcon.colcon_core.package_identification:_identify(venv/lib/python3.10/site-packages/numpy/_core/tests/__pycache__) by extensions ['colcon_meta']
[0.286s] Level 1:colcon.colcon_core.package_identification:_identify(venv/lib/python3.10/site-packages/numpy/_core/tests/__pycache__) by extension 'colcon_meta'
[0.286s] Level 1:colcon.colcon_core.package_identification:_identify(venv/lib/python3.10/site-packages/numpy/_core/tests/__pycache__) by extensions ['ros']
[0.286s] Level 1:colcon.colcon_core.package_identification:_identify(venv/lib/python3.10/site-packages/numpy/_core/tests/__pycache__) by extension 'ros'
[0.287s] Level 1:colcon.colcon_core.package_identification:_identify(venv/lib/python3.10/site-packages/numpy/_core/tests/__pycache__) by extensions ['cmake', 'python']
[0.287s] Level 1:colcon.colcon_core.package_identification:_identify(venv/lib/python3.10/site-packages/numpy/_core/tests/__pycache__) by extension 'cmake'
[0.287s] Level 1:colcon.colcon_core.package_identification:_identify(venv/lib/python3.10/site-packages/numpy/_core/tests/__pycache__) by extension 'python'
[0.287s] Level 1:colcon.colcon_core.package_identification:_identify(venv/lib/python3.10/site-packages/numpy/_core/tests/__pycache__) by extensions ['python_setup_py']
[0.287s] Level 1:colcon.colcon_core.package_identification:_identify(venv/lib/python3.10/site-packages/numpy/_core/tests/__pycache__) by extension 'python_setup_py'
[0.287s] Level 1:colcon.colcon_core.package_identification:_identify(venv/lib/python3.10/site-packages/numpy/_core/tests/data) by extensions ['ignore', 'ignore_ament_install']
[0.287s] Level 1:colcon.colcon_core.package_identification:_identify(venv/lib/python3.10/site-packages/numpy/_core/tests/data) by extension 'ignore'
[0.287s] Level 1:colcon.colcon_core.package_identification:_identify(venv/lib/python3.10/site-packages/numpy/_core/tests/data) by extension 'ignore_ament_install'
[0.287s] Level 1:colcon.colcon_core.package_identification:_identify(venv/lib/python3.10/site-packages/numpy/_core/tests/data) by extensions ['colcon_pkg']
[0.287s] Level 1:colcon.colcon_core.package_identification:_identify(venv/lib/python3.10/site-packages/numpy/_core/tests/data) by extension 'colcon_pkg'
[0.287s] Level 1:colcon.colcon_core.package_identification:_identify(venv/lib/python3.10/site-packages/numpy/_core/tests/data) by extensions ['colcon_meta']
[0.287s] Level 1:colcon.colcon_core.package_identification:_identify(venv/lib/python3.10/site-packages/numpy/_core/tests/data) by extension 'colcon_meta'
[0.287s] Level 1:colcon.colcon_core.package_identification:_identify(venv/lib/python3.10/site-packages/numpy/_core/tests/data) by extensions ['ros']
[0.287s] Level 1:colcon.colcon_core.package_identification:_identify(venv/lib/python3.10/site-packages/numpy/_core/tests/data) by extension 'ros'
[0.287s] Level 1:colcon.colcon_core.package_identification:_identify(venv/lib/python3.10/site-packages/numpy/_core/tests/data) by extensions ['cmake', 'python']
[0.287s] Level 1:colcon.colcon_core.package_identification:_identify(venv/lib/python3.10/site-packages/numpy/_core/tests/data) by extension 'cmake'
[0.287s] Level 1:colcon.colcon_core.package_identification:_identify(venv/lib/python3.10/site-packages/numpy/_core/tests/data) by extension 'python'
[0.287s] Level 1:colcon.colcon_core.package_identification:_identify(venv/lib/python3.10/site-packages/numpy/_core/tests/data) by extensions ['python_setup_py']
[0.287s] Level 1:colcon.colcon_core.package_identification:_identify(venv/lib/python3.10/site-packages/numpy/_core/tests/data) by extension 'python_setup_py'
[0.287s] Level 1:colcon.colcon_core.package_identification:_identify(venv/lib/python3.10/site-packages/numpy/_core/tests/examples) by extensions ['ignore', 'ignore_ament_install']
[0.287s] Level 1:colcon.colcon_core.package_identification:_identify(venv/lib/python3.10/site-packages/numpy/_core/tests/examples) by extension 'ignore'
[0.287s] Level 1:colcon.colcon_core.package_identification:_identify(venv/lib/python3.10/site-packages/numpy/_core/tests/examples) by extension 'ignore_ament_install'
[0.287s] Level 1:colcon.colcon_core.package_identification:_identify(venv/lib/python3.10/site-packages/numpy/_core/tests/examples) by extensions ['colcon_pkg']
[0.287s] Level 1:colcon.colcon_core.package_identification:_identify(venv/lib/python3.10/site-packages/numpy/_core/tests/examples) by extension 'colcon_pkg'
[0.287s] Level 1:colcon.colcon_core.package_identification:_identify(venv/lib/python3.10/site-packages/numpy/_core/tests/examples) by extensions ['colcon_meta']
[0.287s] Level 1:colcon.colcon_core.package_identification:_identify(venv/lib/python3.10/site-packages/numpy/_core/tests/examples) by extension 'colcon_meta'
[0.287s] Level 1:colcon.colcon_core.package_identification:_identify(venv/lib/python3.10/site-packages/numpy/_core/tests/examples) by extensions ['ros']
[0.287s] Level 1:colcon.colcon_core.package_identification:_identify(venv/lib/python3.10/site-packages/numpy/_core/tests/examples) by extension 'ros'
[0.287s] Level 1:colcon.colcon_core.package_identification:_identify(venv/lib/python3.10/site-packages/numpy/_core/tests/examples) by extensions ['cmake', 'python']
[0.287s] Level 1:colcon.colcon_core.package_identification:_identify(venv/lib/python3.10/site-packages/numpy/_core/tests/examples) by extension 'cmake'
[0.287s] Level 1:colcon.colcon_core.package_identification:_identify(venv/lib/python3.10/site-packages/numpy/_core/tests/examples) by extension 'python'
[0.287s] Level 1:colcon.colcon_core.package_identification:_identify(venv/lib/python3.10/site-packages/numpy/_core/tests/examples) by extensions ['python_setup_py']
[0.287s] Level 1:colcon.colcon_core.package_identification:_identify(venv/lib/python3.10/site-packages/numpy/_core/tests/examples) by extension 'python_setup_py'
[0.287s] Level 1:colcon.colcon_core.package_identification:_identify(venv/lib/python3.10/site-packages/numpy/_core/tests/examples/cython) by extensions ['ignore', 'ignore_ament_install']
[0.288s] Level 1:colcon.colcon_core.package_identification:_identify(venv/lib/python3.10/site-packages/numpy/_core/tests/examples/cython) by extension 'ignore'
[0.288s] Level 1:colcon.colcon_core.package_identification:_identify(venv/lib/python3.10/site-packages/numpy/_core/tests/examples/cython) by extension 'ignore_ament_install'
[0.288s] Level 1:colcon.colcon_core.package_identification:_identify(venv/lib/python3.10/site-packages/numpy/_core/tests/examples/cython) by extensions ['colcon_pkg']
[0.288s] Level 1:colcon.colcon_core.package_identification:_identify(venv/lib/python3.10/site-packages/numpy/_core/tests/examples/cython) by extension 'colcon_pkg'
[0.288s] Level 1:colcon.colcon_core.package_identification:_identify(venv/lib/python3.10/site-packages/numpy/_core/tests/examples/cython) by extensions ['colcon_meta']
[0.288s] Level 1:colcon.colcon_core.package_identification:_identify(venv/lib/python3.10/site-packages/numpy/_core/tests/examples/cython) by extension 'colcon_meta'
[0.288s] Level 1:colcon.colcon_core.package_identification:_identify(venv/lib/python3.10/site-packages/numpy/_core/tests/examples/cython) by extensions ['ros']
[0.288s] Level 1:colcon.colcon_core.package_identification:_identify(venv/lib/python3.10/site-packages/numpy/_core/tests/examples/cython) by extension 'ros'
[0.288s] Level 1:colcon.colcon_core.package_identification:_identify(venv/lib/python3.10/site-packages/numpy/_core/tests/examples/cython) by extensions ['cmake', 'python']
[0.288s] Level 1:colcon.colcon_core.package_identification:_identify(venv/lib/python3.10/site-packages/numpy/_core/tests/examples/cython) by extension 'cmake'
[0.288s] Level 1:colcon.colcon_core.package_identification:_identify(venv/lib/python3.10/site-packages/numpy/_core/tests/examples/cython) by extension 'python'
[0.288s] Level 1:colcon.colcon_core.package_identification:_identify(venv/lib/python3.10/site-packages/numpy/_core/tests/examples/cython) by extensions ['python_setup_py']
[0.288s] Level 1:colcon.colcon_core.package_identification:_identify(venv/lib/python3.10/site-packages/numpy/_core/tests/examples/cython) by extension 'python_setup_py'
[0.594s] ERROR:colcon.colcon_core.package_identification:Exception in package identification extension 'python_setup_py' in 'venv/lib/python3.10/site-packages/numpy/_core/tests/examples/cython': Command '['/usr/bin/python3', '-c', 'import sys;from contextlib import suppress;exec("with suppress(ImportError):    from setuptools.extern.packaging.specifiers    import SpecifierSet");exec("with suppress(ImportError):    from packaging.specifiers import SpecifierSet");from distutils.core import run_setup;dist = run_setup(    \'setup.py\', script_args=(\'--dry-run\',), stop_after=\'config\');skip_keys = (\'cmdclass\', \'distclass\', \'ext_modules\', \'metadata\');data = {    key: value for key, value in dist.__dict__.items()     if (        not key.startswith(\'_\') and         not callable(value) and         key not in skip_keys and         key not in dist.display_option_names    )};data[\'metadata\'] = {    k: v for k, v in dist.metadata.__dict__.items()     if k not in (\'license_files\', \'provides_extras\')};sys.stdout.buffer.write(repr(data).encode(\'utf-8\'))']' returned non-zero exit status 1.
Traceback (most recent call last):
  File "/usr/lib/python3/dist-packages/colcon_core/package_identification/__init__.py", line 144, in _identify
    retval = extension.identify(_reused_descriptor_instance)
  File "/usr/lib/python3/dist-packages/colcon_python_setup_py/package_identification/python_setup_py.py", line 48, in identify
    config = get_setup_information(setup_py)
  File "/usr/lib/python3/dist-packages/colcon_python_setup_py/package_identification/python_setup_py.py", line 249, in get_setup_information
    _setup_information_cache[hashable_env] = _get_setup_information(
  File "/usr/lib/python3/dist-packages/colcon_python_setup_py/package_identification/python_setup_py.py", line 296, in _get_setup_information
    result = subprocess.run(
  File "/usr/lib/python3.10/subprocess.py", line 526, in run
    raise CalledProcessError(retcode, process.args,
subprocess.CalledProcessError: Command '['/usr/bin/python3', '-c', 'import sys;from contextlib import suppress;exec("with suppress(ImportError):    from setuptools.extern.packaging.specifiers    import SpecifierSet");exec("with suppress(ImportError):    from packaging.specifiers import SpecifierSet");from distutils.core import run_setup;dist = run_setup(    \'setup.py\', script_args=(\'--dry-run\',), stop_after=\'config\');skip_keys = (\'cmdclass\', \'distclass\', \'ext_modules\', \'metadata\');data = {    key: value for key, value in dist.__dict__.items()     if (        not key.startswith(\'_\') and         not callable(value) and         key not in skip_keys and         key not in dist.display_option_names    )};data[\'metadata\'] = {    k: v for k, v in dist.metadata.__dict__.items()     if k not in (\'license_files\', \'provides_extras\')};sys.stdout.buffer.write(repr(data).encode(\'utf-8\'))']' returned non-zero exit status 1.

[0.594s] Level 1:colcon.colcon_core.package_identification:_identify(venv/lib/python3.10/site-packages/numpy/_core/tests/examples/cython/__pycache__) by extensions ['ignore', 'ignore_ament_install']
[0.594s] Level 1:colcon.colcon_core.package_identification:_identify(venv/lib/python3.10/site-packages/numpy/_core/tests/examples/cython/__pycache__) by extension 'ignore'
[0.594s] Level 1:colcon.colcon_core.package_identification:_identify(venv/lib/python3.10/site-packages/numpy/_core/tests/examples/cython/__pycache__) by extension 'ignore_ament_install'
[0.594s] Level 1:colcon.colcon_core.package_identification:_identify(venv/lib/python3.10/site-packages/numpy/_core/tests/examples/cython/__pycache__) by extensions ['colcon_pkg']
[0.594s] Level 1:colcon.colcon_core.package_identification:_identify(venv/lib/python3.10/site-packages/numpy/_core/tests/examples/cython/__pycache__) by extension 'colcon_pkg'
[0.594s] Level 1:colcon.colcon_core.package_identification:_identify(venv/lib/python3.10/site-packages/numpy/_core/tests/examples/cython/__pycache__) by extensions ['colcon_meta']
[0.594s] Level 1:colcon.colcon_core.package_identification:_identify(venv/lib/python3.10/site-packages/numpy/_core/tests/examples/cython/__pycache__) by extension 'colcon_meta'
[0.594s] Level 1:colcon.colcon_core.package_identification:_identify(venv/lib/python3.10/site-packages/numpy/_core/tests/examples/cython/__pycache__) by extensions ['ros']
[0.594s] Level 1:colcon.colcon_core.package_identification:_identify(venv/lib/python3.10/site-packages/numpy/_core/tests/examples/cython/__pycache__) by extension 'ros'
[0.594s] Level 1:colcon.colcon_core.package_identification:_identify(venv/lib/python3.10/site-packages/numpy/_core/tests/examples/cython/__pycache__) by extensions ['cmake', 'python']
[0.594s] Level 1:colcon.colcon_core.package_identification:_identify(venv/lib/python3.10/site-packages/numpy/_core/tests/examples/cython/__pycache__) by extension 'cmake'
[0.594s] Level 1:colcon.colcon_core.package_identification:_identify(venv/lib/python3.10/site-packages/numpy/_core/tests/examples/cython/__pycache__) by extension 'python'
[0.594s] Level 1:colcon.colcon_core.package_identification:_identify(venv/lib/python3.10/site-packages/numpy/_core/tests/examples/cython/__pycache__) by extensions ['python_setup_py']
[0.595s] Level 1:colcon.colcon_core.package_identification:_identify(venv/lib/python3.10/site-packages/numpy/_core/tests/examples/cython/__pycache__) by extension 'python_setup_py'
[0.595s] Level 1:colcon.colcon_core.package_identification:_identify(venv/lib/python3.10/site-packages/numpy/_core/tests/examples/limited_api) by extensions ['ignore', 'ignore_ament_install']
[0.595s] Level 1:colcon.colcon_core.package_identification:_identify(venv/lib/python3.10/site-packages/numpy/_core/tests/examples/limited_api) by extension 'ignore'
[0.595s] Level 1:colcon.colcon_core.package_identification:_identify(venv/lib/python3.10/site-packages/numpy/_core/tests/examples/limited_api) by extension 'ignore_ament_install'
[0.595s] Level 1:colcon.colcon_core.package_identification:_identify(venv/lib/python3.10/site-packages/numpy/_core/tests/examples/limited_api) by extensions ['colcon_pkg']
[0.595s] Level 1:colcon.colcon_core.package_identification:_identify(venv/lib/python3.10/site-packages/numpy/_core/tests/examples/limited_api) by extension 'colcon_pkg'
[0.595s] Level 1:colcon.colcon_core.package_identification:_identify(venv/lib/python3.10/site-packages/numpy/_core/tests/examples/limited_api) by extensions ['colcon_meta']
[0.595s] Level 1:colcon.colcon_core.package_identification:_identify(venv/lib/python3.10/site-packages/numpy/_core/tests/examples/limited_api) by extension 'colcon_meta'
[0.595s] Level 1:colcon.colcon_core.package_identification:_identify(venv/lib/python3.10/site-packages/numpy/_core/tests/examples/limited_api) by extensions ['ros']
[0.595s] Level 1:colcon.colcon_core.package_identification:_identify(venv/lib/python3.10/site-packages/numpy/_core/tests/examples/limited_api) by extension 'ros'
[0.595s] Level 1:colcon.colcon_core.package_identification:_identify(venv/lib/python3.10/site-packages/numpy/_core/tests/examples/limited_api) by extensions ['cmake', 'python']
[0.595s] Level 1:colcon.colcon_core.package_identification:_identify(venv/lib/python3.10/site-packages/numpy/_core/tests/examples/limited_api) by extension 'cmake'
[0.595s] Level 1:colcon.colcon_core.package_identification:_identify(venv/lib/python3.10/site-packages/numpy/_core/tests/examples/limited_api) by extension 'python'
[0.595s] Level 1:colcon.colcon_core.package_identification:_identify(venv/lib/python3.10/site-packages/numpy/_core/tests/examples/limited_api) by extensions ['python_setup_py']
[0.595s] Level 1:colcon.colcon_core.package_identification:_identify(venv/lib/python3.10/site-packages/numpy/_core/tests/examples/limited_api) by extension 'python_setup_py'
[0.850s] ERROR:colcon.colcon_core.package_identification:Failed to determine Python package name in 'venv/lib/python3.10/site-packages/numpy/_core/tests/examples/limited_api'
[0.850s] ERROR:colcon.colcon_core.package_identification:Exception in package identification extension 'python_setup_py' in 'venv/lib/python3.10/site-packages/numpy/_core/tests/examples/limited_api': Failed to determine Python package name in 'venv/lib/python3.10/site-packages/numpy/_core/tests/examples/limited_api'
Traceback (most recent call last):
  File "/usr/lib/python3/dist-packages/colcon_core/package_identification/__init__.py", line 144, in _identify
    retval = extension.identify(_reused_descriptor_instance)
  File "/usr/lib/python3/dist-packages/colcon_python_setup_py/package_identification/python_setup_py.py", line 57, in identify
    raise RuntimeError(
RuntimeError: Failed to determine Python package name in 'venv/lib/python3.10/site-packages/numpy/_core/tests/examples/limited_api'

[0.850s] Level 1:colcon.colcon_core.package_identification:_identify(venv/lib/python3.10/site-packages/numpy/_core/tests/examples/limited_api/__pycache__) by extensions ['ignore', 'ignore_ament_install']
[0.851s] Level 1:colcon.colcon_core.package_identification:_identify(venv/lib/python3.10/site-packages/numpy/_core/tests/examples/limited_api/__pycache__) by extension 'ignore'
[0.851s] Level 1:colcon.colcon_core.package_identification:_identify(venv/lib/python3.10/site-packages/numpy/_core/tests/examples/limited_api/__pycache__) by extension 'ignore_ament_install'
[0.851s] Level 1:colcon.colcon_core.package_identification:_identify(venv/lib/python3.10/site-packages/numpy/_core/tests/examples/limited_api/__pycache__) by extensions ['colcon_pkg']
[0.851s] Level 1:colcon.colcon_core.package_identification:_identify(venv/lib/python3.10/site-packages/numpy/_core/tests/examples/limited_api/__pycache__) by extension 'colcon_pkg'
[0.851s] Level 1:colcon.colcon_core.package_identification:_identify(venv/lib/python3.10/site-packages/numpy/_core/tests/examples/limited_api/__pycache__) by extensions ['colcon_meta']
[0.851s] Level 1:colcon.colcon_core.package_identification:_identify(venv/lib/python3.10/site-packages/numpy/_core/tests/examples/limited_api/__pycache__) by extension 'colcon_meta'
[0.851s] Level 1:colcon.colcon_core.package_identification:_identify(venv/lib/python3.10/site-packages/numpy/_core/tests/examples/limited_api/__pycache__) by extensions ['ros']
[0.851s] Level 1:colcon.colcon_core.package_identification:_identify(venv/lib/python3.10/site-packages/numpy/_core/tests/examples/limited_api/__pycache__) by extension 'ros'
[0.852s] Level 1:colcon.colcon_core.package_identification:_identify(venv/lib/python3.10/site-packages/numpy/_core/tests/examples/limited_api/__pycache__) by extensions ['cmake', 'python']
[0.852s] Level 1:colcon.colcon_core.package_identification:_identify(venv/lib/python3.10/site-packages/numpy/_core/tests/examples/limited_api/__pycache__) by extension 'cmake'
[0.852s] Level 1:colcon.colcon_core.package_identification:_identify(venv/lib/python3.10/site-packages/numpy/_core/tests/examples/limited_api/__pycache__) by extension 'python'
[0.852s] Level 1:colcon.colcon_core.package_identification:_identify(venv/lib/python3.10/site-packages/numpy/_core/tests/examples/limited_api/__pycache__) by extensions ['python_setup_py']
[0.852s] Level 1:colcon.colcon_core.package_identification:_identify(venv/lib/python3.10/site-packages/numpy/_core/tests/examples/limited_api/__pycache__) by extension 'python_setup_py'
[0.852s] Level 1:colcon.colcon_core.package_identification:_identify(venv/lib/python3.10/site-packages/numpy/_pyinstaller) by extensions ['ignore', 'ignore_ament_install']
[0.852s] Level 1:colcon.colcon_core.package_identification:_identify(venv/lib/python3.10/site-packages/numpy/_pyinstaller) by extension 'ignore'
[0.852s] Level 1:colcon.colcon_core.package_identification:_identify(venv/lib/python3.10/site-packages/numpy/_pyinstaller) by extension 'ignore_ament_install'
[0.852s] Level 1:colcon.colcon_core.package_identification:_identify(venv/lib/python3.10/site-packages/numpy/_pyinstaller) by extensions ['colcon_pkg']
[0.852s] Level 1:colcon.colcon_core.package_identification:_identify(venv/lib/python3.10/site-packages/numpy/_pyinstaller) by extension 'colcon_pkg'
[0.852s] Level 1:colcon.colcon_core.package_identification:_identify(venv/lib/python3.10/site-packages/numpy/_pyinstaller) by extensions ['colcon_meta']
[0.853s] Level 1:colcon.colcon_core.package_identification:_identify(venv/lib/python3.10/site-packages/numpy/_pyinstaller) by extension 'colcon_meta'
[0.853s] Level 1:colcon.colcon_core.package_identification:_identify(venv/lib/python3.10/site-packages/numpy/_pyinstaller) by extensions ['ros']
[0.853s] Level 1:colcon.colcon_core.package_identification:_identify(venv/lib/python3.10/site-packages/numpy/_pyinstaller) by extension 'ros'
[0.853s] Level 1:colcon.colcon_core.package_identification:_identify(venv/lib/python3.10/site-packages/numpy/_pyinstaller) by extensions ['cmake', 'python']
[0.853s] Level 1:colcon.colcon_core.package_identification:_identify(venv/lib/python3.10/site-packages/numpy/_pyinstaller) by extension 'cmake'
[0.853s] Level 1:colcon.colcon_core.package_identification:_identify(venv/lib/python3.10/site-packages/numpy/_pyinstaller) by extension 'python'
[0.853s] Level 1:colcon.colcon_core.package_identification:_identify(venv/lib/python3.10/site-packages/numpy/_pyinstaller) by extensions ['python_setup_py']
[0.853s] Level 1:colcon.colcon_core.package_identification:_identify(venv/lib/python3.10/site-packages/numpy/_pyinstaller) by extension 'python_setup_py'
[0.853s] Level 1:colcon.colcon_core.package_identification:_identify(venv/lib/python3.10/site-packages/numpy/_pyinstaller/__pycache__) by extensions ['ignore', 'ignore_ament_install']
[0.853s] Level 1:colcon.colcon_core.package_identification:_identify(venv/lib/python3.10/site-packages/numpy/_pyinstaller/__pycache__) by extension 'ignore'
[0.853s] Level 1:colcon.colcon_core.package_identification:_identify(venv/lib/python3.10/site-packages/numpy/_pyinstaller/__pycache__) by extension 'ignore_ament_install'
[0.854s] Level 1:colcon.colcon_core.package_identification:_identify(venv/lib/python3.10/site-packages/numpy/_pyinstaller/__pycache__) by extensions ['colcon_pkg']
[0.854s] Level 1:colcon.colcon_core.package_identification:_identify(venv/lib/python3.10/site-packages/numpy/_pyinstaller/__pycache__) by extension 'colcon_pkg'
[0.854s] Level 1:colcon.colcon_core.package_identification:_identify(venv/lib/python3.10/site-packages/numpy/_pyinstaller/__pycache__) by extensions ['colcon_meta']
[0.854s] Level 1:colcon.colcon_core.package_identification:_identify(venv/lib/python3.10/site-packages/numpy/_pyinstaller/__pycache__) by extension 'colcon_meta'
[0.854s] Level 1:colcon.colcon_core.package_identification:_identify(venv/lib/python3.10/site-packages/numpy/_pyinstaller/__pycache__) by extensions ['ros']
[0.854s] Level 1:colcon.colcon_core.package_identification:_identify(venv/lib/python3.10/site-packages/numpy/_pyinstaller/__pycache__) by extension 'ros'
[0.854s] Level 1:colcon.colcon_core.package_identification:_identify(venv/lib/python3.10/site-packages/numpy/_pyinstaller/__pycache__) by extensions ['cmake', 'python']
[0.854s] Level 1:colcon.colcon_core.package_identification:_identify(venv/lib/python3.10/site-packages/numpy/_pyinstaller/__pycache__) by extension 'cmake'
[0.854s] Level 1:colcon.colcon_core.package_identification:_identify(venv/lib/python3.10/site-packages/numpy/_pyinstaller/__pycache__) by extension 'python'
[0.854s] Level 1:colcon.colcon_core.package_identification:_identify(venv/lib/python3.10/site-packages/numpy/_pyinstaller/__pycache__) by extensions ['python_setup_py']
[0.854s] Level 1:colcon.colcon_core.package_identification:_identify(venv/lib/python3.10/site-packages/numpy/_pyinstaller/__pycache__) by extension 'python_setup_py'
[0.854s] Level 1:colcon.colcon_core.package_identification:_identify(venv/lib/python3.10/site-packages/numpy/_pyinstaller/tests) by extensions ['ignore', 'ignore_ament_install']
[0.855s] Level 1:colcon.colcon_core.package_identification:_identify(venv/lib/python3.10/site-packages/numpy/_pyinstaller/tests) by extension 'ignore'
[0.855s] Level 1:colcon.colcon_core.package_identification:_identify(venv/lib/python3.10/site-packages/numpy/_pyinstaller/tests) by extension 'ignore_ament_install'
[0.855s] Level 1:colcon.colcon_core.package_identification:_identify(venv/lib/python3.10/site-packages/numpy/_pyinstaller/tests) by extensions ['colcon_pkg']
[0.855s] Level 1:colcon.colcon_core.package_identification:_identify(venv/lib/python3.10/site-packages/numpy/_pyinstaller/tests) by extension 'colcon_pkg'
[0.855s] Level 1:colcon.colcon_core.package_identification:_identify(venv/lib/python3.10/site-packages/numpy/_pyinstaller/tests) by extensions ['colcon_meta']
[0.855s] Level 1:colcon.colcon_core.package_identification:_identify(venv/lib/python3.10/site-packages/numpy/_pyinstaller/tests) by extension 'colcon_meta'
[0.855s] Level 1:colcon.colcon_core.package_identification:_identify(venv/lib/python3.10/site-packages/numpy/_pyinstaller/tests) by extensions ['ros']
[0.855s] Level 1:colcon.colcon_core.package_identification:_identify(venv/lib/python3.10/site-packages/numpy/_pyinstaller/tests) by extension 'ros'
[0.855s] Level 1:colcon.colcon_core.package_identification:_identify(venv/lib/python3.10/site-packages/numpy/_pyinstaller/tests) by extensions ['cmake', 'python']
[0.855s] Level 1:colcon.colcon_core.package_identification:_identify(venv/lib/python3.10/site-packages/numpy/_pyinstaller/tests) by extension 'cmake'
[0.855s] Level 1:colcon.colcon_core.package_identification:_identify(venv/lib/python3.10/site-packages/numpy/_pyinstaller/tests) by extension 'python'
[0.855s] Level 1:colcon.colcon_core.package_identification:_identify(venv/lib/python3.10/site-packages/numpy/_pyinstaller/tests) by extensions ['python_setup_py']
[0.855s] Level 1:colcon.colcon_core.package_identification:_identify(venv/lib/python3.10/site-packages/numpy/_pyinstaller/tests) by extension 'python_setup_py'
[0.856s] Level 1:colcon.colcon_core.package_identification:_identify(venv/lib/python3.10/site-packages/numpy/_pyinstaller/tests/__pycache__) by extensions ['ignore', 'ignore_ament_install']
[0.856s] Level 1:colcon.colcon_core.package_identification:_identify(venv/lib/python3.10/site-packages/numpy/_pyinstaller/tests/__pycache__) by extension 'ignore'
[0.856s] Level 1:colcon.colcon_core.package_identification:_identify(venv/lib/python3.10/site-packages/numpy/_pyinstaller/tests/__pycache__) by extension 'ignore_ament_install'
[0.856s] Level 1:colcon.colcon_core.package_identification:_identify(venv/lib/python3.10/site-packages/numpy/_pyinstaller/tests/__pycache__) by extensions ['colcon_pkg']
[0.856s] Level 1:colcon.colcon_core.package_identification:_identify(venv/lib/python3.10/site-packages/numpy/_pyinstaller/tests/__pycache__) by extension 'colcon_pkg'
[0.856s] Level 1:colcon.colcon_core.package_identification:_identify(venv/lib/python3.10/site-packages/numpy/_pyinstaller/tests/__pycache__) by extensions ['colcon_meta']
[0.856s] Level 1:colcon.colcon_core.package_identification:_identify(venv/lib/python3.10/site-packages/numpy/_pyinstaller/tests/__pycache__) by extension 'colcon_meta'
[0.856s] Level 1:colcon.colcon_core.package_identification:_identify(venv/lib/python3.10/site-packages/numpy/_pyinstaller/tests/__pycache__) by extensions ['ros']
[0.856s] Level 1:colcon.colcon_core.package_identification:_identify(venv/lib/python3.10/site-packages/numpy/_pyinstaller/tests/__pycache__) by extension 'ros'
[0.856s] Level 1:colcon.colcon_core.package_identification:_identify(venv/lib/python3.10/site-packages/numpy/_pyinstaller/tests/__pycache__) by extensions ['cmake', 'python']
[0.856s] Level 1:colcon.colcon_core.package_identification:_identify(venv/lib/python3.10/site-packages/numpy/_pyinstaller/tests/__pycache__) by extension 'cmake'
[0.857s] Level 1:colcon.colcon_core.package_identification:_identify(venv/lib/python3.10/site-packages/numpy/_pyinstaller/tests/__pycache__) by extension 'python'
[0.857s] Level 1:colcon.colcon_core.package_identification:_identify(venv/lib/python3.10/site-packages/numpy/_pyinstaller/tests/__pycache__) by extensions ['python_setup_py']
[0.857s] Level 1:colcon.colcon_core.package_identification:_identify(venv/lib/python3.10/site-packages/numpy/_pyinstaller/tests/__pycache__) by extension 'python_setup_py'
[0.857s] Level 1:colcon.colcon_core.package_identification:_identify(venv/lib/python3.10/site-packages/numpy/_typing) by extensions ['ignore', 'ignore_ament_install']
[0.857s] Level 1:colcon.colcon_core.package_identification:_identify(venv/lib/python3.10/site-packages/numpy/_typing) by extension 'ignore'
[0.857s] Level 1:colcon.colcon_core.package_identification:_identify(venv/lib/python3.10/site-packages/numpy/_typing) by extension 'ignore_ament_install'
[0.857s] Level 1:colcon.colcon_core.package_identification:_identify(venv/lib/python3.10/site-packages/numpy/_typing) by extensions ['colcon_pkg']
[0.857s] Level 1:colcon.colcon_core.package_identification:_identify(venv/lib/python3.10/site-packages/numpy/_typing) by extension 'colcon_pkg'
[0.857s] Level 1:colcon.colcon_core.package_identification:_identify(venv/lib/python3.10/site-packages/numpy/_typing) by extensions ['colcon_meta']
[0.857s] Level 1:colcon.colcon_core.package_identification:_identify(venv/lib/python3.10/site-packages/numpy/_typing) by extension 'colcon_meta'
[0.857s] Level 1:colcon.colcon_core.package_identification:_identify(venv/lib/python3.10/site-packages/numpy/_typing) by extensions ['ros']
[0.858s] Level 1:colcon.colcon_core.package_identification:_identify(venv/lib/python3.10/site-packages/numpy/_typing) by extension 'ros'
[0.858s] Level 1:colcon.colcon_core.package_identification:_identify(venv/lib/python3.10/site-packages/numpy/_typing) by extensions ['cmake', 'python']
[0.858s] Level 1:colcon.colcon_core.package_identification:_identify(venv/lib/python3.10/site-packages/numpy/_typing) by extension 'cmake'
[0.858s] Level 1:colcon.colcon_core.package_identification:_identify(venv/lib/python3.10/site-packages/numpy/_typing) by extension 'python'
[0.858s] Level 1:colcon.colcon_core.package_identification:_identify(venv/lib/python3.10/site-packages/numpy/_typing) by extensions ['python_setup_py']
[0.858s] Level 1:colcon.colcon_core.package_identification:_identify(venv/lib/python3.10/site-packages/numpy/_typing) by extension 'python_setup_py'
[0.858s] Level 1:colcon.colcon_core.package_identification:_identify(venv/lib/python3.10/site-packages/numpy/_typing/__pycache__) by extensions ['ignore', 'ignore_ament_install']
[0.858s] Level 1:colcon.colcon_core.package_identification:_identify(venv/lib/python3.10/site-packages/numpy/_typing/__pycache__) by extension 'ignore'
[0.858s] Level 1:colcon.colcon_core.package_identification:_identify(venv/lib/python3.10/site-packages/numpy/_typing/__pycache__) by extension 'ignore_ament_install'
[0.858s] Level 1:colcon.colcon_core.package_identification:_identify(venv/lib/python3.10/site-packages/numpy/_typing/__pycache__) by extensions ['colcon_pkg']
[0.858s] Level 1:colcon.colcon_core.package_identification:_identify(venv/lib/python3.10/site-packages/numpy/_typing/__pycache__) by extension 'colcon_pkg'
[0.859s] Level 1:colcon.colcon_core.package_identification:_identify(venv/lib/python3.10/site-packages/numpy/_typing/__pycache__) by extensions ['colcon_meta']
[0.859s] Level 1:colcon.colcon_core.package_identification:_identify(venv/lib/python3.10/site-packages/numpy/_typing/__pycache__) by extension 'colcon_meta'
[0.859s] Level 1:colcon.colcon_core.package_identification:_identify(venv/lib/python3.10/site-packages/numpy/_typing/__pycache__) by extensions ['ros']
[0.859s] Level 1:colcon.colcon_core.package_identification:_identify(venv/lib/python3.10/site-packages/numpy/_typing/__pycache__) by extension 'ros'
[0.859s] Level 1:colcon.colcon_core.package_identification:_identify(venv/lib/python3.10/site-packages/numpy/_typing/__pycache__) by extensions ['cmake', 'python']
[0.859s] Level 1:colcon.colcon_core.package_identification:_identify(venv/lib/python3.10/site-packages/numpy/_typing/__pycache__) by extension 'cmake'
[0.859s] Level 1:colcon.colcon_core.package_identification:_identify(venv/lib/python3.10/site-packages/numpy/_typing/__pycache__) by extension 'python'
[0.859s] Level 1:colcon.colcon_core.package_identification:_identify(venv/lib/python3.10/site-packages/numpy/_typing/__pycache__) by extensions ['python_setup_py']
[0.859s] Level 1:colcon.colcon_core.package_identification:_identify(venv/lib/python3.10/site-packages/numpy/_typing/__pycache__) by extension 'python_setup_py'
[0.859s] Level 1:colcon.colcon_core.package_identification:_identify(venv/lib/python3.10/site-packages/numpy/_utils) by extensions ['ignore', 'ignore_ament_install']
[0.859s] Level 1:colcon.colcon_core.package_identification:_identify(venv/lib/python3.10/site-packages/numpy/_utils) by extension 'ignore'
[0.860s] Level 1:colcon.colcon_core.package_identification:_identify(venv/lib/python3.10/site-packages/numpy/_utils) by extension 'ignore_ament_install'
[0.860s] Level 1:colcon.colcon_core.package_identification:_identify(venv/lib/python3.10/site-packages/numpy/_utils) by extensions ['colcon_pkg']
[0.860s] Level 1:colcon.colcon_core.package_identification:_identify(venv/lib/python3.10/site-packages/numpy/_utils) by extension 'colcon_pkg'
[0.860s] Level 1:colcon.colcon_core.package_identification:_identify(venv/lib/python3.10/site-packages/numpy/_utils) by extensions ['colcon_meta']
[0.860s] Level 1:colcon.colcon_core.package_identification:_identify(venv/lib/python3.10/site-packages/numpy/_utils) by extension 'colcon_meta'
[0.860s] Level 1:colcon.colcon_core.package_identification:_identify(venv/lib/python3.10/site-packages/numpy/_utils) by extensions ['ros']
[0.860s] Level 1:colcon.colcon_core.package_identification:_identify(venv/lib/python3.10/site-packages/numpy/_utils) by extension 'ros'
[0.860s] Level 1:colcon.colcon_core.package_identification:_identify(venv/lib/python3.10/site-packages/numpy/_utils) by extensions ['cmake', 'python']
[0.860s] Level 1:colcon.colcon_core.package_identification:_identify(venv/lib/python3.10/site-packages/numpy/_utils) by extension 'cmake'
[0.860s] Level 1:colcon.colcon_core.package_identification:_identify(venv/lib/python3.10/site-packages/numpy/_utils) by extension 'python'
[0.860s] Level 1:colcon.colcon_core.package_identification:_identify(venv/lib/python3.10/site-packages/numpy/_utils) by extensions ['python_setup_py']
[0.860s] Level 1:colcon.colcon_core.package_identification:_identify(venv/lib/python3.10/site-packages/numpy/_utils) by extension 'python_setup_py'
[0.861s] Level 1:colcon.colcon_core.package_identification:_identify(venv/lib/python3.10/site-packages/numpy/_utils/__pycache__) by extensions ['ignore', 'ignore_ament_install']
[0.861s] Level 1:colcon.colcon_core.package_identification:_identify(venv/lib/python3.10/site-packages/numpy/_utils/__pycache__) by extension 'ignore'
[0.861s] Level 1:colcon.colcon_core.package_identification:_identify(venv/lib/python3.10/site-packages/numpy/_utils/__pycache__) by extension 'ignore_ament_install'
[0.861s] Level 1:colcon.colcon_core.package_identification:_identify(venv/lib/python3.10/site-packages/numpy/_utils/__pycache__) by extensions ['colcon_pkg']
[0.861s] Level 1:colcon.colcon_core.package_identification:_identify(venv/lib/python3.10/site-packages/numpy/_utils/__pycache__) by extension 'colcon_pkg'
[0.861s] Level 1:colcon.colcon_core.package_identification:_identify(venv/lib/python3.10/site-packages/numpy/_utils/__pycache__) by extensions ['colcon_meta']
[0.861s] Level 1:colcon.colcon_core.package_identification:_identify(venv/lib/python3.10/site-packages/numpy/_utils/__pycache__) by extension 'colcon_meta'
[0.861s] Level 1:colcon.colcon_core.package_identification:_identify(venv/lib/python3.10/site-packages/numpy/_utils/__pycache__) by extensions ['ros']
[0.861s] Level 1:colcon.colcon_core.package_identification:_identify(venv/lib/python3.10/site-packages/numpy/_utils/__pycache__) by extension 'ros'
[0.861s] Level 1:colcon.colcon_core.package_identification:_identify(venv/lib/python3.10/site-packages/numpy/_utils/__pycache__) by extensions ['cmake', 'python']
[0.861s] Level 1:colcon.colcon_core.package_identification:_identify(venv/lib/python3.10/site-packages/numpy/_utils/__pycache__) by extension 'cmake'
[0.861s] Level 1:colcon.colcon_core.package_identification:_identify(venv/lib/python3.10/site-packages/numpy/_utils/__pycache__) by extension 'python'
[0.861s] Level 1:colcon.colcon_core.package_identification:_identify(venv/lib/python3.10/site-packages/numpy/_utils/__pycache__) by extensions ['python_setup_py']
[0.862s] Level 1:colcon.colcon_core.package_identification:_identify(venv/lib/python3.10/site-packages/numpy/_utils/__pycache__) by extension 'python_setup_py'
[0.862s] Level 1:colcon.colcon_core.package_identification:_identify(venv/lib/python3.10/site-packages/numpy/char) by extensions ['ignore', 'ignore_ament_install']
[0.862s] Level 1:colcon.colcon_core.package_identification:_identify(venv/lib/python3.10/site-packages/numpy/char) by extension 'ignore'
[0.862s] Level 1:colcon.colcon_core.package_identification:_identify(venv/lib/python3.10/site-packages/numpy/char) by extension 'ignore_ament_install'
[0.862s] Level 1:colcon.colcon_core.package_identification:_identify(venv/lib/python3.10/site-packages/numpy/char) by extensions ['colcon_pkg']
[0.862s] Level 1:colcon.colcon_core.package_identification:_identify(venv/lib/python3.10/site-packages/numpy/char) by extension 'colcon_pkg'
[0.862s] Level 1:colcon.colcon_core.package_identification:_identify(venv/lib/python3.10/site-packages/numpy/char) by extensions ['colcon_meta']
[0.862s] Level 1:colcon.colcon_core.package_identification:_identify(venv/lib/python3.10/site-packages/numpy/char) by extension 'colcon_meta'
[0.862s] Level 1:colcon.colcon_core.package_identification:_identify(venv/lib/python3.10/site-packages/numpy/char) by extensions ['ros']
[0.862s] Level 1:colcon.colcon_core.package_identification:_identify(venv/lib/python3.10/site-packages/numpy/char) by extension 'ros'
[0.862s] Level 1:colcon.colcon_core.package_identification:_identify(venv/lib/python3.10/site-packages/numpy/char) by extensions ['cmake', 'python']
[0.862s] Level 1:colcon.colcon_core.package_identification:_identify(venv/lib/python3.10/site-packages/numpy/char) by extension 'cmake'
[0.863s] Level 1:colcon.colcon_core.package_identification:_identify(venv/lib/python3.10/site-packages/numpy/char) by extension 'python'
[0.863s] Level 1:colcon.colcon_core.package_identification:_identify(venv/lib/python3.10/site-packages/numpy/char) by extensions ['python_setup_py']
[0.863s] Level 1:colcon.colcon_core.package_identification:_identify(venv/lib/python3.10/site-packages/numpy/char) by extension 'python_setup_py'
[0.863s] Level 1:colcon.colcon_core.package_identification:_identify(venv/lib/python3.10/site-packages/numpy/char/__pycache__) by extensions ['ignore', 'ignore_ament_install']
[0.863s] Level 1:colcon.colcon_core.package_identification:_identify(venv/lib/python3.10/site-packages/numpy/char/__pycache__) by extension 'ignore'
[0.863s] Level 1:colcon.colcon_core.package_identification:_identify(venv/lib/python3.10/site-packages/numpy/char/__pycache__) by extension 'ignore_ament_install'
[0.863s] Level 1:colcon.colcon_core.package_identification:_identify(venv/lib/python3.10/site-packages/numpy/char/__pycache__) by extensions ['colcon_pkg']
[0.863s] Level 1:colcon.colcon_core.package_identification:_identify(venv/lib/python3.10/site-packages/numpy/char/__pycache__) by extension 'colcon_pkg'
[0.863s] Level 1:colcon.colcon_core.package_identification:_identify(venv/lib/python3.10/site-packages/numpy/char/__pycache__) by extensions ['colcon_meta']
[0.863s] Level 1:colcon.colcon_core.package_identification:_identify(venv/lib/python3.10/site-packages/numpy/char/__pycache__) by extension 'colcon_meta'
[0.863s] Level 1:colcon.colcon_core.package_identification:_identify(venv/lib/python3.10/site-packages/numpy/char/__pycache__) by extensions ['ros']
[0.863s] Level 1:colcon.colcon_core.package_identification:_identify(venv/lib/python3.10/site-packages/numpy/char/__pycache__) by extension 'ros'
[0.864s] Level 1:colcon.colcon_core.package_identification:_identify(venv/lib/python3.10/site-packages/numpy/char/__pycache__) by extensions ['cmake', 'python']
[0.864s] Level 1:colcon.colcon_core.package_identification:_identify(venv/lib/python3.10/site-packages/numpy/char/__pycache__) by extension 'cmake'
[0.864s] Level 1:colcon.colcon_core.package_identification:_identify(venv/lib/python3.10/site-packages/numpy/char/__pycache__) by extension 'python'
[0.864s] Level 1:colcon.colcon_core.package_identification:_identify(venv/lib/python3.10/site-packages/numpy/char/__pycache__) by extensions ['python_setup_py']
[0.864s] Level 1:colcon.colcon_core.package_identification:_identify(venv/lib/python3.10/site-packages/numpy/char/__pycache__) by extension 'python_setup_py'
[0.864s] Level 1:colcon.colcon_core.package_identification:_identify(venv/lib/python3.10/site-packages/numpy/compat) by extensions ['ignore', 'ignore_ament_install']
[0.864s] Level 1:colcon.colcon_core.package_identification:_identify(venv/lib/python3.10/site-packages/numpy/compat) by extension 'ignore'
[0.864s] Level 1:colcon.colcon_core.package_identification:_identify(venv/lib/python3.10/site-packages/numpy/compat) by extension 'ignore_ament_install'
[0.864s] Level 1:colcon.colcon_core.package_identification:_identify(venv/lib/python3.10/site-packages/numpy/compat) by extensions ['colcon_pkg']
[0.864s] Level 1:colcon.colcon_core.package_identification:_identify(venv/lib/python3.10/site-packages/numpy/compat) by extension 'colcon_pkg'
[0.864s] Level 1:colcon.colcon_core.package_identification:_identify(venv/lib/python3.10/site-packages/numpy/compat) by extensions ['colcon_meta']
[0.864s] Level 1:colcon.colcon_core.package_identification:_identify(venv/lib/python3.10/site-packages/numpy/compat) by extension 'colcon_meta'
[0.865s] Level 1:colcon.colcon_core.package_identification:_identify(venv/lib/python3.10/site-packages/numpy/compat) by extensions ['ros']
[0.865s] Level 1:colcon.colcon_core.package_identification:_identify(venv/lib/python3.10/site-packages/numpy/compat) by extension 'ros'
[0.865s] Level 1:colcon.colcon_core.package_identification:_identify(venv/lib/python3.10/site-packages/numpy/compat) by extensions ['cmake', 'python']
[0.865s] Level 1:colcon.colcon_core.package_identification:_identify(venv/lib/python3.10/site-packages/numpy/compat) by extension 'cmake'
[0.865s] Level 1:colcon.colcon_core.package_identification:_identify(venv/lib/python3.10/site-packages/numpy/compat) by extension 'python'
[0.865s] Level 1:colcon.colcon_core.package_identification:_identify(venv/lib/python3.10/site-packages/numpy/compat) by extensions ['python_setup_py']
[0.865s] Level 1:colcon.colcon_core.package_identification:_identify(venv/lib/python3.10/site-packages/numpy/compat) by extension 'python_setup_py'
[0.865s] Level 1:colcon.colcon_core.package_identification:_identify(venv/lib/python3.10/site-packages/numpy/compat/__pycache__) by extensions ['ignore', 'ignore_ament_install']
[0.865s] Level 1:colcon.colcon_core.package_identification:_identify(venv/lib/python3.10/site-packages/numpy/compat/__pycache__) by extension 'ignore'
[0.865s] Level 1:colcon.colcon_core.package_identification:_identify(venv/lib/python3.10/site-packages/numpy/compat/__pycache__) by extension 'ignore_ament_install'
[0.865s] Level 1:colcon.colcon_core.package_identification:_identify(venv/lib/python3.10/site-packages/numpy/compat/__pycache__) by extensions ['colcon_pkg']
[0.866s] Level 1:colcon.colcon_core.package_identification:_identify(venv/lib/python3.10/site-packages/numpy/compat/__pycache__) by extension 'colcon_pkg'
[0.866s] Level 1:colcon.colcon_core.package_identification:_identify(venv/lib/python3.10/site-packages/numpy/compat/__pycache__) by extensions ['colcon_meta']
[0.866s] Level 1:colcon.colcon_core.package_identification:_identify(venv/lib/python3.10/site-packages/numpy/compat/__pycache__) by extension 'colcon_meta'
[0.866s] Level 1:colcon.colcon_core.package_identification:_identify(venv/lib/python3.10/site-packages/numpy/compat/__pycache__) by extensions ['ros']
[0.866s] Level 1:colcon.colcon_core.package_identification:_identify(venv/lib/python3.10/site-packages/numpy/compat/__pycache__) by extension 'ros'
[0.866s] Level 1:colcon.colcon_core.package_identification:_identify(venv/lib/python3.10/site-packages/numpy/compat/__pycache__) by extensions ['cmake', 'python']
[0.866s] Level 1:colcon.colcon_core.package_identification:_identify(venv/lib/python3.10/site-packages/numpy/compat/__pycache__) by extension 'cmake'
[0.866s] Level 1:colcon.colcon_core.package_identification:_identify(venv/lib/python3.10/site-packages/numpy/compat/__pycache__) by extension 'python'
[0.866s] Level 1:colcon.colcon_core.package_identification:_identify(venv/lib/python3.10/site-packages/numpy/compat/__pycache__) by extensions ['python_setup_py']
[0.866s] Level 1:colcon.colcon_core.package_identification:_identify(venv/lib/python3.10/site-packages/numpy/compat/__pycache__) by extension 'python_setup_py'
[0.866s] Level 1:colcon.colcon_core.package_identification:_identify(venv/lib/python3.10/site-packages/numpy/compat/tests) by extensions ['ignore', 'ignore_ament_install']
[0.867s] Level 1:colcon.colcon_core.package_identification:_identify(venv/lib/python3.10/site-packages/numpy/compat/tests) by extension 'ignore'
[0.867s] Level 1:colcon.colcon_core.package_identification:_identify(venv/lib/python3.10/site-packages/numpy/compat/tests) by extension 'ignore_ament_install'
[0.867s] Level 1:colcon.colcon_core.package_identification:_identify(venv/lib/python3.10/site-packages/numpy/compat/tests) by extensions ['colcon_pkg']
[0.867s] Level 1:colcon.colcon_core.package_identification:_identify(venv/lib/python3.10/site-packages/numpy/compat/tests) by extension 'colcon_pkg'
[0.867s] Level 1:colcon.colcon_core.package_identification:_identify(venv/lib/python3.10/site-packages/numpy/compat/tests) by extensions ['colcon_meta']
[0.867s] Level 1:colcon.colcon_core.package_identification:_identify(venv/lib/python3.10/site-packages/numpy/compat/tests) by extension 'colcon_meta'
[0.867s] Level 1:colcon.colcon_core.package_identification:_identify(venv/lib/python3.10/site-packages/numpy/compat/tests) by extensions ['ros']
[0.867s] Level 1:colcon.colcon_core.package_identification:_identify(venv/lib/python3.10/site-packages/numpy/compat/tests) by extension 'ros'
[0.867s] Level 1:colcon.colcon_core.package_identification:_identify(venv/lib/python3.10/site-packages/numpy/compat/tests) by extensions ['cmake', 'python']
[0.867s] Level 1:colcon.colcon_core.package_identification:_identify(venv/lib/python3.10/site-packages/numpy/compat/tests) by extension 'cmake'
[0.867s] Level 1:colcon.colcon_core.package_identification:_identify(venv/lib/python3.10/site-packages/numpy/compat/tests) by extension 'python'
[0.867s] Level 1:colcon.colcon_core.package_identification:_identify(venv/lib/python3.10/site-packages/numpy/compat/tests) by extensions ['python_setup_py']
[0.867s] Level 1:colcon.colcon_core.package_identification:_identify(venv/lib/python3.10/site-packages/numpy/compat/tests) by extension 'python_setup_py'
[0.868s] Level 1:colcon.colcon_core.package_identification:_identify(venv/lib/python3.10/site-packages/numpy/compat/tests/__pycache__) by extensions ['ignore', 'ignore_ament_install']
[0.868s] Level 1:colcon.colcon_core.package_identification:_identify(venv/lib/python3.10/site-packages/numpy/compat/tests/__pycache__) by extension 'ignore'
[0.868s] Level 1:colcon.colcon_core.package_identification:_identify(venv/lib/python3.10/site-packages/numpy/compat/tests/__pycache__) by extension 'ignore_ament_install'
[0.868s] Level 1:colcon.colcon_core.package_identification:_identify(venv/lib/python3.10/site-packages/numpy/compat/tests/__pycache__) by extensions ['colcon_pkg']
[0.868s] Level 1:colcon.colcon_core.package_identification:_identify(venv/lib/python3.10/site-packages/numpy/compat/tests/__pycache__) by extension 'colcon_pkg'
[0.868s] Level 1:colcon.colcon_core.package_identification:_identify(venv/lib/python3.10/site-packages/numpy/compat/tests/__pycache__) by extensions ['colcon_meta']
[0.868s] Level 1:colcon.colcon_core.package_identification:_identify(venv/lib/python3.10/site-packages/numpy/compat/tests/__pycache__) by extension 'colcon_meta'
[0.868s] Level 1:colcon.colcon_core.package_identification:_identify(venv/lib/python3.10/site-packages/numpy/compat/tests/__pycache__) by extensions ['ros']
[0.868s] Level 1:colcon.colcon_core.package_identification:_identify(venv/lib/python3.10/site-packages/numpy/compat/tests/__pycache__) by extension 'ros'
[0.868s] Level 1:colcon.colcon_core.package_identification:_identify(venv/lib/python3.10/site-packages/numpy/compat/tests/__pycache__) by extensions ['cmake', 'python']
[0.868s] Level 1:colcon.colcon_core.package_identification:_identify(venv/lib/python3.10/site-packages/numpy/compat/tests/__pycache__) by extension 'cmake'
[0.868s] Level 1:colcon.colcon_core.package_identification:_identify(venv/lib/python3.10/site-packages/numpy/compat/tests/__pycache__) by extension 'python'
[0.869s] Level 1:colcon.colcon_core.package_identification:_identify(venv/lib/python3.10/site-packages/numpy/compat/tests/__pycache__) by extensions ['python_setup_py']
[0.869s] Level 1:colcon.colcon_core.package_identification:_identify(venv/lib/python3.10/site-packages/numpy/compat/tests/__pycache__) by extension 'python_setup_py'
[0.869s] Level 1:colcon.colcon_core.package_identification:_identify(venv/lib/python3.10/site-packages/numpy/core) by extensions ['ignore', 'ignore_ament_install']
[0.869s] Level 1:colcon.colcon_core.package_identification:_identify(venv/lib/python3.10/site-packages/numpy/core) by extension 'ignore'
[0.869s] Level 1:colcon.colcon_core.package_identification:_identify(venv/lib/python3.10/site-packages/numpy/core) by extension 'ignore_ament_install'
[0.869s] Level 1:colcon.colcon_core.package_identification:_identify(venv/lib/python3.10/site-packages/numpy/core) by extensions ['colcon_pkg']
[0.869s] Level 1:colcon.colcon_core.package_identification:_identify(venv/lib/python3.10/site-packages/numpy/core) by extension 'colcon_pkg'
[0.869s] Level 1:colcon.colcon_core.package_identification:_identify(venv/lib/python3.10/site-packages/numpy/core) by extensions ['colcon_meta']
[0.869s] Level 1:colcon.colcon_core.package_identification:_identify(venv/lib/python3.10/site-packages/numpy/core) by extension 'colcon_meta'
[0.869s] Level 1:colcon.colcon_core.package_identification:_identify(venv/lib/python3.10/site-packages/numpy/core) by extensions ['ros']
[0.869s] Level 1:colcon.colcon_core.package_identification:_identify(venv/lib/python3.10/site-packages/numpy/core) by extension 'ros'
[0.870s] Level 1:colcon.colcon_core.package_identification:_identify(venv/lib/python3.10/site-packages/numpy/core) by extensions ['cmake', 'python']
[0.870s] Level 1:colcon.colcon_core.package_identification:_identify(venv/lib/python3.10/site-packages/numpy/core) by extension 'cmake'
[0.870s] Level 1:colcon.colcon_core.package_identification:_identify(venv/lib/python3.10/site-packages/numpy/core) by extension 'python'
[0.870s] Level 1:colcon.colcon_core.package_identification:_identify(venv/lib/python3.10/site-packages/numpy/core) by extensions ['python_setup_py']
[0.870s] Level 1:colcon.colcon_core.package_identification:_identify(venv/lib/python3.10/site-packages/numpy/core) by extension 'python_setup_py'
[0.870s] Level 1:colcon.colcon_core.package_identification:_identify(venv/lib/python3.10/site-packages/numpy/core/__pycache__) by extensions ['ignore', 'ignore_ament_install']
[0.870s] Level 1:colcon.colcon_core.package_identification:_identify(venv/lib/python3.10/site-packages/numpy/core/__pycache__) by extension 'ignore'
[0.870s] Level 1:colcon.colcon_core.package_identification:_identify(venv/lib/python3.10/site-packages/numpy/core/__pycache__) by extension 'ignore_ament_install'
[0.870s] Level 1:colcon.colcon_core.package_identification:_identify(venv/lib/python3.10/site-packages/numpy/core/__pycache__) by extensions ['colcon_pkg']
[0.870s] Level 1:colcon.colcon_core.package_identification:_identify(venv/lib/python3.10/site-packages/numpy/core/__pycache__) by extension 'colcon_pkg'
[0.870s] Level 1:colcon.colcon_core.package_identification:_identify(venv/lib/python3.10/site-packages/numpy/core/__pycache__) by extensions ['colcon_meta']
[0.870s] Level 1:colcon.colcon_core.package_identification:_identify(venv/lib/python3.10/site-packages/numpy/core/__pycache__) by extension 'colcon_meta'
[0.871s] Level 1:colcon.colcon_core.package_identification:_identify(venv/lib/python3.10/site-packages/numpy/core/__pycache__) by extensions ['ros']
[0.871s] Level 1:colcon.colcon_core.package_identification:_identify(venv/lib/python3.10/site-packages/numpy/core/__pycache__) by extension 'ros'
[0.871s] Level 1:colcon.colcon_core.package_identification:_identify(venv/lib/python3.10/site-packages/numpy/core/__pycache__) by extensions ['cmake', 'python']
[0.871s] Level 1:colcon.colcon_core.package_identification:_identify(venv/lib/python3.10/site-packages/numpy/core/__pycache__) by extension 'cmake'
[0.871s] Level 1:colcon.colcon_core.package_identification:_identify(venv/lib/python3.10/site-packages/numpy/core/__pycache__) by extension 'python'
[0.871s] Level 1:colcon.colcon_core.package_identification:_identify(venv/lib/python3.10/site-packages/numpy/core/__pycache__) by extensions ['python_setup_py']
[0.871s] Level 1:colcon.colcon_core.package_identification:_identify(venv/lib/python3.10/site-packages/numpy/core/__pycache__) by extension 'python_setup_py'
[0.871s] Level 1:colcon.colcon_core.package_identification:_identify(venv/lib/python3.10/site-packages/numpy/distutils) by extensions ['ignore', 'ignore_ament_install']
[0.871s] Level 1:colcon.colcon_core.package_identification:_identify(venv/lib/python3.10/site-packages/numpy/distutils) by extension 'ignore'
[0.871s] Level 1:colcon.colcon_core.package_identification:_identify(venv/lib/python3.10/site-packages/numpy/distutils) by extension 'ignore_ament_install'
[0.871s] Level 1:colcon.colcon_core.package_identification:_identify(venv/lib/python3.10/site-packages/numpy/distutils) by extensions ['colcon_pkg']
[0.872s] Level 1:colcon.colcon_core.package_identification:_identify(venv/lib/python3.10/site-packages/numpy/distutils) by extension 'colcon_pkg'
[0.872s] Level 1:colcon.colcon_core.package_identification:_identify(venv/lib/python3.10/site-packages/numpy/distutils) by extensions ['colcon_meta']
[0.872s] Level 1:colcon.colcon_core.package_identification:_identify(venv/lib/python3.10/site-packages/numpy/distutils) by extension 'colcon_meta'
[0.872s] Level 1:colcon.colcon_core.package_identification:_identify(venv/lib/python3.10/site-packages/numpy/distutils) by extensions ['ros']
[0.872s] Level 1:colcon.colcon_core.package_identification:_identify(venv/lib/python3.10/site-packages/numpy/distutils) by extension 'ros'
[0.872s] Level 1:colcon.colcon_core.package_identification:_identify(venv/lib/python3.10/site-packages/numpy/distutils) by extensions ['cmake', 'python']
[0.872s] Level 1:colcon.colcon_core.package_identification:_identify(venv/lib/python3.10/site-packages/numpy/distutils) by extension 'cmake'
[0.872s] Level 1:colcon.colcon_core.package_identification:_identify(venv/lib/python3.10/site-packages/numpy/distutils) by extension 'python'
[0.872s] Level 1:colcon.colcon_core.package_identification:_identify(venv/lib/python3.10/site-packages/numpy/distutils) by extensions ['python_setup_py']
[0.872s] Level 1:colcon.colcon_core.package_identification:_identify(venv/lib/python3.10/site-packages/numpy/distutils) by extension 'python_setup_py'
[0.872s] Level 1:colcon.colcon_core.package_identification:_identify(venv/lib/python3.10/site-packages/numpy/distutils/__pycache__) by extensions ['ignore', 'ignore_ament_install']
[0.872s] Level 1:colcon.colcon_core.package_identification:_identify(venv/lib/python3.10/site-packages/numpy/distutils/__pycache__) by extension 'ignore'
[0.872s] Level 1:colcon.colcon_core.package_identification:_identify(venv/lib/python3.10/site-packages/numpy/distutils/__pycache__) by extension 'ignore_ament_install'
[0.872s] Level 1:colcon.colcon_core.package_identification:_identify(venv/lib/python3.10/site-packages/numpy/distutils/__pycache__) by extensions ['colcon_pkg']
[0.872s] Level 1:colcon.colcon_core.package_identification:_identify(venv/lib/python3.10/site-packages/numpy/distutils/__pycache__) by extension 'colcon_pkg'
[0.872s] Level 1:colcon.colcon_core.package_identification:_identify(venv/lib/python3.10/site-packages/numpy/distutils/__pycache__) by extensions ['colcon_meta']
[0.872s] Level 1:colcon.colcon_core.package_identification:_identify(venv/lib/python3.10/site-packages/numpy/distutils/__pycache__) by extension 'colcon_meta'
[0.872s] Level 1:colcon.colcon_core.package_identification:_identify(venv/lib/python3.10/site-packages/numpy/distutils/__pycache__) by extensions ['ros']
[0.872s] Level 1:colcon.colcon_core.package_identification:_identify(venv/lib/python3.10/site-packages/numpy/distutils/__pycache__) by extension 'ros'
[0.872s] Level 1:colcon.colcon_core.package_identification:_identify(venv/lib/python3.10/site-packages/numpy/distutils/__pycache__) by extensions ['cmake', 'python']
[0.872s] Level 1:colcon.colcon_core.package_identification:_identify(venv/lib/python3.10/site-packages/numpy/distutils/__pycache__) by extension 'cmake'
[0.872s] Level 1:colcon.colcon_core.package_identification:_identify(venv/lib/python3.10/site-packages/numpy/distutils/__pycache__) by extension 'python'
[0.872s] Level 1:colcon.colcon_core.package_identification:_identify(venv/lib/python3.10/site-packages/numpy/distutils/__pycache__) by extensions ['python_setup_py']
[0.872s] Level 1:colcon.colcon_core.package_identification:_identify(venv/lib/python3.10/site-packages/numpy/distutils/__pycache__) by extension 'python_setup_py'
[0.872s] Level 1:colcon.colcon_core.package_identification:_identify(venv/lib/python3.10/site-packages/numpy/distutils/checks) by extensions ['ignore', 'ignore_ament_install']
[0.872s] Level 1:colcon.colcon_core.package_identification:_identify(venv/lib/python3.10/site-packages/numpy/distutils/checks) by extension 'ignore'
[0.872s] Level 1:colcon.colcon_core.package_identification:_identify(venv/lib/python3.10/site-packages/numpy/distutils/checks) by extension 'ignore_ament_install'
[0.873s] Level 1:colcon.colcon_core.package_identification:_identify(venv/lib/python3.10/site-packages/numpy/distutils/checks) by extensions ['colcon_pkg']
[0.873s] Level 1:colcon.colcon_core.package_identification:_identify(venv/lib/python3.10/site-packages/numpy/distutils/checks) by extension 'colcon_pkg'
[0.873s] Level 1:colcon.colcon_core.package_identification:_identify(venv/lib/python3.10/site-packages/numpy/distutils/checks) by extensions ['colcon_meta']
[0.873s] Level 1:colcon.colcon_core.package_identification:_identify(venv/lib/python3.10/site-packages/numpy/distutils/checks) by extension 'colcon_meta'
[0.873s] Level 1:colcon.colcon_core.package_identification:_identify(venv/lib/python3.10/site-packages/numpy/distutils/checks) by extensions ['ros']
[0.873s] Level 1:colcon.colcon_core.package_identification:_identify(venv/lib/python3.10/site-packages/numpy/distutils/checks) by extension 'ros'
[0.873s] Level 1:colcon.colcon_core.package_identification:_identify(venv/lib/python3.10/site-packages/numpy/distutils/checks) by extensions ['cmake', 'python']
[0.873s] Level 1:colcon.colcon_core.package_identification:_identify(venv/lib/python3.10/site-packages/numpy/distutils/checks) by extension 'cmake'
[0.873s] Level 1:colcon.colcon_core.package_identification:_identify(venv/lib/python3.10/site-packages/numpy/distutils/checks) by extension 'python'
[0.873s] Level 1:colcon.colcon_core.package_identification:_identify(venv/lib/python3.10/site-packages/numpy/distutils/checks) by extensions ['python_setup_py']
[0.873s] Level 1:colcon.colcon_core.package_identification:_identify(venv/lib/python3.10/site-packages/numpy/distutils/checks) by extension 'python_setup_py'
[0.873s] Level 1:colcon.colcon_core.package_identification:_identify(venv/lib/python3.10/site-packages/numpy/distutils/command) by extensions ['ignore', 'ignore_ament_install']
[0.873s] Level 1:colcon.colcon_core.package_identification:_identify(venv/lib/python3.10/site-packages/numpy/distutils/command) by extension 'ignore'
[0.873s] Level 1:colcon.colcon_core.package_identification:_identify(venv/lib/python3.10/site-packages/numpy/distutils/command) by extension 'ignore_ament_install'
[0.873s] Level 1:colcon.colcon_core.package_identification:_identify(venv/lib/python3.10/site-packages/numpy/distutils/command) by extensions ['colcon_pkg']
[0.873s] Level 1:colcon.colcon_core.package_identification:_identify(venv/lib/python3.10/site-packages/numpy/distutils/command) by extension 'colcon_pkg'
[0.873s] Level 1:colcon.colcon_core.package_identification:_identify(venv/lib/python3.10/site-packages/numpy/distutils/command) by extensions ['colcon_meta']
[0.873s] Level 1:colcon.colcon_core.package_identification:_identify(venv/lib/python3.10/site-packages/numpy/distutils/command) by extension 'colcon_meta'
[0.873s] Level 1:colcon.colcon_core.package_identification:_identify(venv/lib/python3.10/site-packages/numpy/distutils/command) by extensions ['ros']
[0.873s] Level 1:colcon.colcon_core.package_identification:_identify(venv/lib/python3.10/site-packages/numpy/distutils/command) by extension 'ros'
[0.873s] Level 1:colcon.colcon_core.package_identification:_identify(venv/lib/python3.10/site-packages/numpy/distutils/command) by extensions ['cmake', 'python']
[0.873s] Level 1:colcon.colcon_core.package_identification:_identify(venv/lib/python3.10/site-packages/numpy/distutils/command) by extension 'cmake'
[0.873s] Level 1:colcon.colcon_core.package_identification:_identify(venv/lib/python3.10/site-packages/numpy/distutils/command) by extension 'python'
[0.873s] Level 1:colcon.colcon_core.package_identification:_identify(venv/lib/python3.10/site-packages/numpy/distutils/command) by extensions ['python_setup_py']
[0.873s] Level 1:colcon.colcon_core.package_identification:_identify(venv/lib/python3.10/site-packages/numpy/distutils/command) by extension 'python_setup_py'
[0.873s] Level 1:colcon.colcon_core.package_identification:_identify(venv/lib/python3.10/site-packages/numpy/distutils/command/__pycache__) by extensions ['ignore', 'ignore_ament_install']
[0.873s] Level 1:colcon.colcon_core.package_identification:_identify(venv/lib/python3.10/site-packages/numpy/distutils/command/__pycache__) by extension 'ignore'
[0.873s] Level 1:colcon.colcon_core.package_identification:_identify(venv/lib/python3.10/site-packages/numpy/distutils/command/__pycache__) by extension 'ignore_ament_install'
[0.873s] Level 1:colcon.colcon_core.package_identification:_identify(venv/lib/python3.10/site-packages/numpy/distutils/command/__pycache__) by extensions ['colcon_pkg']
[0.873s] Level 1:colcon.colcon_core.package_identification:_identify(venv/lib/python3.10/site-packages/numpy/distutils/command/__pycache__) by extension 'colcon_pkg'
[0.873s] Level 1:colcon.colcon_core.package_identification:_identify(venv/lib/python3.10/site-packages/numpy/distutils/command/__pycache__) by extensions ['colcon_meta']
[0.873s] Level 1:colcon.colcon_core.package_identification:_identify(venv/lib/python3.10/site-packages/numpy/distutils/command/__pycache__) by extension 'colcon_meta'
[0.873s] Level 1:colcon.colcon_core.package_identification:_identify(venv/lib/python3.10/site-packages/numpy/distutils/command/__pycache__) by extensions ['ros']
[0.873s] Level 1:colcon.colcon_core.package_identification:_identify(venv/lib/python3.10/site-packages/numpy/distutils/command/__pycache__) by extension 'ros'
[0.873s] Level 1:colcon.colcon_core.package_identification:_identify(venv/lib/python3.10/site-packages/numpy/distutils/command/__pycache__) by extensions ['cmake', 'python']
[0.874s] Level 1:colcon.colcon_core.package_identification:_identify(venv/lib/python3.10/site-packages/numpy/distutils/command/__pycache__) by extension 'cmake'
[0.874s] Level 1:colcon.colcon_core.package_identification:_identify(venv/lib/python3.10/site-packages/numpy/distutils/command/__pycache__) by extension 'python'
[0.874s] Level 1:colcon.colcon_core.package_identification:_identify(venv/lib/python3.10/site-packages/numpy/distutils/command/__pycache__) by extensions ['python_setup_py']
[0.874s] Level 1:colcon.colcon_core.package_identification:_identify(venv/lib/python3.10/site-packages/numpy/distutils/command/__pycache__) by extension 'python_setup_py'
[0.874s] Level 1:colcon.colcon_core.package_identification:_identify(venv/lib/python3.10/site-packages/numpy/distutils/fcompiler) by extensions ['ignore', 'ignore_ament_install']
[0.874s] Level 1:colcon.colcon_core.package_identification:_identify(venv/lib/python3.10/site-packages/numpy/distutils/fcompiler) by extension 'ignore'
[0.874s] Level 1:colcon.colcon_core.package_identification:_identify(venv/lib/python3.10/site-packages/numpy/distutils/fcompiler) by extension 'ignore_ament_install'
[0.874s] Level 1:colcon.colcon_core.package_identification:_identify(venv/lib/python3.10/site-packages/numpy/distutils/fcompiler) by extensions ['colcon_pkg']
[0.874s] Level 1:colcon.colcon_core.package_identification:_identify(venv/lib/python3.10/site-packages/numpy/distutils/fcompiler) by extension 'colcon_pkg'
[0.874s] Level 1:colcon.colcon_core.package_identification:_identify(venv/lib/python3.10/site-packages/numpy/distutils/fcompiler) by extensions ['colcon_meta']
[0.874s] Level 1:colcon.colcon_core.package_identification:_identify(venv/lib/python3.10/site-packages/numpy/distutils/fcompiler) by extension 'colcon_meta'
[0.874s] Level 1:colcon.colcon_core.package_identification:_identify(venv/lib/python3.10/site-packages/numpy/distutils/fcompiler) by extensions ['ros']
[0.874s] Level 1:colcon.colcon_core.package_identification:_identify(venv/lib/python3.10/site-packages/numpy/distutils/fcompiler) by extension 'ros'
[0.874s] Level 1:colcon.colcon_core.package_identification:_identify(venv/lib/python3.10/site-packages/numpy/distutils/fcompiler) by extensions ['cmake', 'python']
[0.874s] Level 1:colcon.colcon_core.package_identification:_identify(venv/lib/python3.10/site-packages/numpy/distutils/fcompiler) by extension 'cmake'
[0.874s] Level 1:colcon.colcon_core.package_identification:_identify(venv/lib/python3.10/site-packages/numpy/distutils/fcompiler) by extension 'python'
[0.874s] Level 1:colcon.colcon_core.package_identification:_identify(venv/lib/python3.10/site-packages/numpy/distutils/fcompiler) by extensions ['python_setup_py']
[0.874s] Level 1:colcon.colcon_core.package_identification:_identify(venv/lib/python3.10/site-packages/numpy/distutils/fcompiler) by extension 'python_setup_py'
[0.874s] Level 1:colcon.colcon_core.package_identification:_identify(venv/lib/python3.10/site-packages/numpy/distutils/fcompiler/__pycache__) by extensions ['ignore', 'ignore_ament_install']
[0.874s] Level 1:colcon.colcon_core.package_identification:_identify(venv/lib/python3.10/site-packages/numpy/distutils/fcompiler/__pycache__) by extension 'ignore'
[0.874s] Level 1:colcon.colcon_core.package_identification:_identify(venv/lib/python3.10/site-packages/numpy/distutils/fcompiler/__pycache__) by extension 'ignore_ament_install'
[0.874s] Level 1:colcon.colcon_core.package_identification:_identify(venv/lib/python3.10/site-packages/numpy/distutils/fcompiler/__pycache__) by extensions ['colcon_pkg']
[0.874s] Level 1:colcon.colcon_core.package_identification:_identify(venv/lib/python3.10/site-packages/numpy/distutils/fcompiler/__pycache__) by extension 'colcon_pkg'
[0.874s] Level 1:colcon.colcon_core.package_identification:_identify(venv/lib/python3.10/site-packages/numpy/distutils/fcompiler/__pycache__) by extensions ['colcon_meta']
[0.874s] Level 1:colcon.colcon_core.package_identification:_identify(venv/lib/python3.10/site-packages/numpy/distutils/fcompiler/__pycache__) by extension 'colcon_meta'
[0.874s] Level 1:colcon.colcon_core.package_identification:_identify(venv/lib/python3.10/site-packages/numpy/distutils/fcompiler/__pycache__) by extensions ['ros']
[0.874s] Level 1:colcon.colcon_core.package_identification:_identify(venv/lib/python3.10/site-packages/numpy/distutils/fcompiler/__pycache__) by extension 'ros'
[0.874s] Level 1:colcon.colcon_core.package_identification:_identify(venv/lib/python3.10/site-packages/numpy/distutils/fcompiler/__pycache__) by extensions ['cmake', 'python']
[0.874s] Level 1:colcon.colcon_core.package_identification:_identify(venv/lib/python3.10/site-packages/numpy/distutils/fcompiler/__pycache__) by extension 'cmake'
[0.874s] Level 1:colcon.colcon_core.package_identification:_identify(venv/lib/python3.10/site-packages/numpy/distutils/fcompiler/__pycache__) by extension 'python'
[0.874s] Level 1:colcon.colcon_core.package_identification:_identify(venv/lib/python3.10/site-packages/numpy/distutils/fcompiler/__pycache__) by extensions ['python_setup_py']
[0.874s] Level 1:colcon.colcon_core.package_identification:_identify(venv/lib/python3.10/site-packages/numpy/distutils/fcompiler/__pycache__) by extension 'python_setup_py'
[0.874s] Level 1:colcon.colcon_core.package_identification:_identify(venv/lib/python3.10/site-packages/numpy/distutils/mingw) by extensions ['ignore', 'ignore_ament_install']
[0.875s] Level 1:colcon.colcon_core.package_identification:_identify(venv/lib/python3.10/site-packages/numpy/distutils/mingw) by extension 'ignore'
[0.875s] Level 1:colcon.colcon_core.package_identification:_identify(venv/lib/python3.10/site-packages/numpy/distutils/mingw) by extension 'ignore_ament_install'
[0.875s] Level 1:colcon.colcon_core.package_identification:_identify(venv/lib/python3.10/site-packages/numpy/distutils/mingw) by extensions ['colcon_pkg']
[0.875s] Level 1:colcon.colcon_core.package_identification:_identify(venv/lib/python3.10/site-packages/numpy/distutils/mingw) by extension 'colcon_pkg'
[0.875s] Level 1:colcon.colcon_core.package_identification:_identify(venv/lib/python3.10/site-packages/numpy/distutils/mingw) by extensions ['colcon_meta']
[0.875s] Level 1:colcon.colcon_core.package_identification:_identify(venv/lib/python3.10/site-packages/numpy/distutils/mingw) by extension 'colcon_meta'
[0.875s] Level 1:colcon.colcon_core.package_identification:_identify(venv/lib/python3.10/site-packages/numpy/distutils/mingw) by extensions ['ros']
[0.875s] Level 1:colcon.colcon_core.package_identification:_identify(venv/lib/python3.10/site-packages/numpy/distutils/mingw) by extension 'ros'
[0.875s] Level 1:colcon.colcon_core.package_identification:_identify(venv/lib/python3.10/site-packages/numpy/distutils/mingw) by extensions ['cmake', 'python']
[0.875s] Level 1:colcon.colcon_core.package_identification:_identify(venv/lib/python3.10/site-packages/numpy/distutils/mingw) by extension 'cmake'
[0.875s] Level 1:colcon.colcon_core.package_identification:_identify(venv/lib/python3.10/site-packages/numpy/distutils/mingw) by extension 'python'
[0.875s] Level 1:colcon.colcon_core.package_identification:_identify(venv/lib/python3.10/site-packages/numpy/distutils/mingw) by extensions ['python_setup_py']
[0.875s] Level 1:colcon.colcon_core.package_identification:_identify(venv/lib/python3.10/site-packages/numpy/distutils/mingw) by extension 'python_setup_py'
[0.875s] Level 1:colcon.colcon_core.package_identification:_identify(venv/lib/python3.10/site-packages/numpy/distutils/tests) by extensions ['ignore', 'ignore_ament_install']
[0.875s] Level 1:colcon.colcon_core.package_identification:_identify(venv/lib/python3.10/site-packages/numpy/distutils/tests) by extension 'ignore'
[0.875s] Level 1:colcon.colcon_core.package_identification:_identify(venv/lib/python3.10/site-packages/numpy/distutils/tests) by extension 'ignore_ament_install'
[0.875s] Level 1:colcon.colcon_core.package_identification:_identify(venv/lib/python3.10/site-packages/numpy/distutils/tests) by extensions ['colcon_pkg']
[0.875s] Level 1:colcon.colcon_core.package_identification:_identify(venv/lib/python3.10/site-packages/numpy/distutils/tests) by extension 'colcon_pkg'
[0.875s] Level 1:colcon.colcon_core.package_identification:_identify(venv/lib/python3.10/site-packages/numpy/distutils/tests) by extensions ['colcon_meta']
[0.875s] Level 1:colcon.colcon_core.package_identification:_identify(venv/lib/python3.10/site-packages/numpy/distutils/tests) by extension 'colcon_meta'
[0.875s] Level 1:colcon.colcon_core.package_identification:_identify(venv/lib/python3.10/site-packages/numpy/distutils/tests) by extensions ['ros']
[0.875s] Level 1:colcon.colcon_core.package_identification:_identify(venv/lib/python3.10/site-packages/numpy/distutils/tests) by extension 'ros'
[0.875s] Level 1:colcon.colcon_core.package_identification:_identify(venv/lib/python3.10/site-packages/numpy/distutils/tests) by extensions ['cmake', 'python']
[0.875s] Level 1:colcon.colcon_core.package_identification:_identify(venv/lib/python3.10/site-packages/numpy/distutils/tests) by extension 'cmake'
[0.875s] Level 1:colcon.colcon_core.package_identification:_identify(venv/lib/python3.10/site-packages/numpy/distutils/tests) by extension 'python'
[0.875s] Level 1:colcon.colcon_core.package_identification:_identify(venv/lib/python3.10/site-packages/numpy/distutils/tests) by extensions ['python_setup_py']
[0.875s] Level 1:colcon.colcon_core.package_identification:_identify(venv/lib/python3.10/site-packages/numpy/distutils/tests) by extension 'python_setup_py'
[0.875s] Level 1:colcon.colcon_core.package_identification:_identify(venv/lib/python3.10/site-packages/numpy/distutils/tests/__pycache__) by extensions ['ignore', 'ignore_ament_install']
[0.875s] Level 1:colcon.colcon_core.package_identification:_identify(venv/lib/python3.10/site-packages/numpy/distutils/tests/__pycache__) by extension 'ignore'
[0.875s] Level 1:colcon.colcon_core.package_identification:_identify(venv/lib/python3.10/site-packages/numpy/distutils/tests/__pycache__) by extension 'ignore_ament_install'
[0.875s] Level 1:colcon.colcon_core.package_identification:_identify(venv/lib/python3.10/site-packages/numpy/distutils/tests/__pycache__) by extensions ['colcon_pkg']
[0.875s] Level 1:colcon.colcon_core.package_identification:_identify(venv/lib/python3.10/site-packages/numpy/distutils/tests/__pycache__) by extension 'colcon_pkg'
[0.875s] Level 1:colcon.colcon_core.package_identification:_identify(venv/lib/python3.10/site-packages/numpy/distutils/tests/__pycache__) by extensions ['colcon_meta']
[0.876s] Level 1:colcon.colcon_core.package_identification:_identify(venv/lib/python3.10/site-packages/numpy/distutils/tests/__pycache__) by extension 'colcon_meta'
[0.876s] Level 1:colcon.colcon_core.package_identification:_identify(venv/lib/python3.10/site-packages/numpy/distutils/tests/__pycache__) by extensions ['ros']
[0.876s] Level 1:colcon.colcon_core.package_identification:_identify(venv/lib/python3.10/site-packages/numpy/distutils/tests/__pycache__) by extension 'ros'
[0.876s] Level 1:colcon.colcon_core.package_identification:_identify(venv/lib/python3.10/site-packages/numpy/distutils/tests/__pycache__) by extensions ['cmake', 'python']
[0.876s] Level 1:colcon.colcon_core.package_identification:_identify(venv/lib/python3.10/site-packages/numpy/distutils/tests/__pycache__) by extension 'cmake'
[0.876s] Level 1:colcon.colcon_core.package_identification:_identify(venv/lib/python3.10/site-packages/numpy/distutils/tests/__pycache__) by extension 'python'
[0.876s] Level 1:colcon.colcon_core.package_identification:_identify(venv/lib/python3.10/site-packages/numpy/distutils/tests/__pycache__) by extensions ['python_setup_py']
[0.876s] Level 1:colcon.colcon_core.package_identification:_identify(venv/lib/python3.10/site-packages/numpy/distutils/tests/__pycache__) by extension 'python_setup_py'
[0.876s] Level 1:colcon.colcon_core.package_identification:_identify(venv/lib/python3.10/site-packages/numpy/doc) by extensions ['ignore', 'ignore_ament_install']
[0.876s] Level 1:colcon.colcon_core.package_identification:_identify(venv/lib/python3.10/site-packages/numpy/doc) by extension 'ignore'
[0.876s] Level 1:colcon.colcon_core.package_identification:_identify(venv/lib/python3.10/site-packages/numpy/doc) by extension 'ignore_ament_install'
[0.876s] Level 1:colcon.colcon_core.package_identification:_identify(venv/lib/python3.10/site-packages/numpy/doc) by extensions ['colcon_pkg']
[0.876s] Level 1:colcon.colcon_core.package_identification:_identify(venv/lib/python3.10/site-packages/numpy/doc) by extension 'colcon_pkg'
[0.876s] Level 1:colcon.colcon_core.package_identification:_identify(venv/lib/python3.10/site-packages/numpy/doc) by extensions ['colcon_meta']
[0.876s] Level 1:colcon.colcon_core.package_identification:_identify(venv/lib/python3.10/site-packages/numpy/doc) by extension 'colcon_meta'
[0.876s] Level 1:colcon.colcon_core.package_identification:_identify(venv/lib/python3.10/site-packages/numpy/doc) by extensions ['ros']
[0.876s] Level 1:colcon.colcon_core.package_identification:_identify(venv/lib/python3.10/site-packages/numpy/doc) by extension 'ros'
[0.876s] Level 1:colcon.colcon_core.package_identification:_identify(venv/lib/python3.10/site-packages/numpy/doc) by extensions ['cmake', 'python']
[0.876s] Level 1:colcon.colcon_core.package_identification:_identify(venv/lib/python3.10/site-packages/numpy/doc) by extension 'cmake'
[0.876s] Level 1:colcon.colcon_core.package_identification:_identify(venv/lib/python3.10/site-packages/numpy/doc) by extension 'python'
[0.876s] Level 1:colcon.colcon_core.package_identification:_identify(venv/lib/python3.10/site-packages/numpy/doc) by extensions ['python_setup_py']
[0.876s] Level 1:colcon.colcon_core.package_identification:_identify(venv/lib/python3.10/site-packages/numpy/doc) by extension 'python_setup_py'
[0.876s] Level 1:colcon.colcon_core.package_identification:_identify(venv/lib/python3.10/site-packages/numpy/doc/__pycache__) by extensions ['ignore', 'ignore_ament_install']
[0.876s] Level 1:colcon.colcon_core.package_identification:_identify(venv/lib/python3.10/site-packages/numpy/doc/__pycache__) by extension 'ignore'
[0.876s] Level 1:colcon.colcon_core.package_identification:_identify(venv/lib/python3.10/site-packages/numpy/doc/__pycache__) by extension 'ignore_ament_install'
[0.876s] Level 1:colcon.colcon_core.package_identification:_identify(venv/lib/python3.10/site-packages/numpy/doc/__pycache__) by extensions ['colcon_pkg']
[0.876s] Level 1:colcon.colcon_core.package_identification:_identify(venv/lib/python3.10/site-packages/numpy/doc/__pycache__) by extension 'colcon_pkg'
[0.876s] Level 1:colcon.colcon_core.package_identification:_identify(venv/lib/python3.10/site-packages/numpy/doc/__pycache__) by extensions ['colcon_meta']
[0.876s] Level 1:colcon.colcon_core.package_identification:_identify(venv/lib/python3.10/site-packages/numpy/doc/__pycache__) by extension 'colcon_meta'
[0.876s] Level 1:colcon.colcon_core.package_identification:_identify(venv/lib/python3.10/site-packages/numpy/doc/__pycache__) by extensions ['ros']
[0.876s] Level 1:colcon.colcon_core.package_identification:_identify(venv/lib/python3.10/site-packages/numpy/doc/__pycache__) by extension 'ros'
[0.876s] Level 1:colcon.colcon_core.package_identification:_identify(venv/lib/python3.10/site-packages/numpy/doc/__pycache__) by extensions ['cmake', 'python']
[0.876s] Level 1:colcon.colcon_core.package_identification:_identify(venv/lib/python3.10/site-packages/numpy/doc/__pycache__) by extension 'cmake'
[0.876s] Level 1:colcon.colcon_core.package_identification:_identify(venv/lib/python3.10/site-packages/numpy/doc/__pycache__) by extension 'python'
[0.876s] Level 1:colcon.colcon_core.package_identification:_identify(venv/lib/python3.10/site-packages/numpy/doc/__pycache__) by extensions ['python_setup_py']
[0.877s] Level 1:colcon.colcon_core.package_identification:_identify(venv/lib/python3.10/site-packages/numpy/doc/__pycache__) by extension 'python_setup_py'
[0.877s] Level 1:colcon.colcon_core.package_identification:_identify(venv/lib/python3.10/site-packages/numpy/f2py) by extensions ['ignore', 'ignore_ament_install']
[0.877s] Level 1:colcon.colcon_core.package_identification:_identify(venv/lib/python3.10/site-packages/numpy/f2py) by extension 'ignore'
[0.877s] Level 1:colcon.colcon_core.package_identification:_identify(venv/lib/python3.10/site-packages/numpy/f2py) by extension 'ignore_ament_install'
[0.877s] Level 1:colcon.colcon_core.package_identification:_identify(venv/lib/python3.10/site-packages/numpy/f2py) by extensions ['colcon_pkg']
[0.877s] Level 1:colcon.colcon_core.package_identification:_identify(venv/lib/python3.10/site-packages/numpy/f2py) by extension 'colcon_pkg'
[0.877s] Level 1:colcon.colcon_core.package_identification:_identify(venv/lib/python3.10/site-packages/numpy/f2py) by extensions ['colcon_meta']
[0.877s] Level 1:colcon.colcon_core.package_identification:_identify(venv/lib/python3.10/site-packages/numpy/f2py) by extension 'colcon_meta'
[0.877s] Level 1:colcon.colcon_core.package_identification:_identify(venv/lib/python3.10/site-packages/numpy/f2py) by extensions ['ros']
[0.877s] Level 1:colcon.colcon_core.package_identification:_identify(venv/lib/python3.10/site-packages/numpy/f2py) by extension 'ros'
[0.877s] Level 1:colcon.colcon_core.package_identification:_identify(venv/lib/python3.10/site-packages/numpy/f2py) by extensions ['cmake', 'python']
[0.877s] Level 1:colcon.colcon_core.package_identification:_identify(venv/lib/python3.10/site-packages/numpy/f2py) by extension 'cmake'
[0.877s] Level 1:colcon.colcon_core.package_identification:_identify(venv/lib/python3.10/site-packages/numpy/f2py) by extension 'python'
[0.877s] Level 1:colcon.colcon_core.package_identification:_identify(venv/lib/python3.10/site-packages/numpy/f2py) by extensions ['python_setup_py']
[0.877s] Level 1:colcon.colcon_core.package_identification:_identify(venv/lib/python3.10/site-packages/numpy/f2py) by extension 'python_setup_py'
[0.877s] Level 1:colcon.colcon_core.package_identification:_identify(venv/lib/python3.10/site-packages/numpy/f2py/__pycache__) by extensions ['ignore', 'ignore_ament_install']
[0.877s] Level 1:colcon.colcon_core.package_identification:_identify(venv/lib/python3.10/site-packages/numpy/f2py/__pycache__) by extension 'ignore'
[0.877s] Level 1:colcon.colcon_core.package_identification:_identify(venv/lib/python3.10/site-packages/numpy/f2py/__pycache__) by extension 'ignore_ament_install'
[0.877s] Level 1:colcon.colcon_core.package_identification:_identify(venv/lib/python3.10/site-packages/numpy/f2py/__pycache__) by extensions ['colcon_pkg']
[0.877s] Level 1:colcon.colcon_core.package_identification:_identify(venv/lib/python3.10/site-packages/numpy/f2py/__pycache__) by extension 'colcon_pkg'
[0.877s] Level 1:colcon.colcon_core.package_identification:_identify(venv/lib/python3.10/site-packages/numpy/f2py/__pycache__) by extensions ['colcon_meta']
[0.877s] Level 1:colcon.colcon_core.package_identification:_identify(venv/lib/python3.10/site-packages/numpy/f2py/__pycache__) by extension 'colcon_meta'
[0.877s] Level 1:colcon.colcon_core.package_identification:_identify(venv/lib/python3.10/site-packages/numpy/f2py/__pycache__) by extensions ['ros']
[0.877s] Level 1:colcon.colcon_core.package_identification:_identify(venv/lib/python3.10/site-packages/numpy/f2py/__pycache__) by extension 'ros'
[0.877s] Level 1:colcon.colcon_core.package_identification:_identify(venv/lib/python3.10/site-packages/numpy/f2py/__pycache__) by extensions ['cmake', 'python']
[0.877s] Level 1:colcon.colcon_core.package_identification:_identify(venv/lib/python3.10/site-packages/numpy/f2py/__pycache__) by extension 'cmake'
[0.877s] Level 1:colcon.colcon_core.package_identification:_identify(venv/lib/python3.10/site-packages/numpy/f2py/__pycache__) by extension 'python'
[0.877s] Level 1:colcon.colcon_core.package_identification:_identify(venv/lib/python3.10/site-packages/numpy/f2py/__pycache__) by extensions ['python_setup_py']
[0.877s] Level 1:colcon.colcon_core.package_identification:_identify(venv/lib/python3.10/site-packages/numpy/f2py/__pycache__) by extension 'python_setup_py'
[0.877s] Level 1:colcon.colcon_core.package_identification:_identify(venv/lib/python3.10/site-packages/numpy/f2py/_backends) by extensions ['ignore', 'ignore_ament_install']
[0.877s] Level 1:colcon.colcon_core.package_identification:_identify(venv/lib/python3.10/site-packages/numpy/f2py/_backends) by extension 'ignore'
[0.877s] Level 1:colcon.colcon_core.package_identification:_identify(venv/lib/python3.10/site-packages/numpy/f2py/_backends) by extension 'ignore_ament_install'
[0.878s] Level 1:colcon.colcon_core.package_identification:_identify(venv/lib/python3.10/site-packages/numpy/f2py/_backends) by extensions ['colcon_pkg']
[0.878s] Level 1:colcon.colcon_core.package_identification:_identify(venv/lib/python3.10/site-packages/numpy/f2py/_backends) by extension 'colcon_pkg'
[0.878s] Level 1:colcon.colcon_core.package_identification:_identify(venv/lib/python3.10/site-packages/numpy/f2py/_backends) by extensions ['colcon_meta']
[0.878s] Level 1:colcon.colcon_core.package_identification:_identify(venv/lib/python3.10/site-packages/numpy/f2py/_backends) by extension 'colcon_meta'
[0.878s] Level 1:colcon.colcon_core.package_identification:_identify(venv/lib/python3.10/site-packages/numpy/f2py/_backends) by extensions ['ros']
[0.878s] Level 1:colcon.colcon_core.package_identification:_identify(venv/lib/python3.10/site-packages/numpy/f2py/_backends) by extension 'ros'
[0.878s] Level 1:colcon.colcon_core.package_identification:_identify(venv/lib/python3.10/site-packages/numpy/f2py/_backends) by extensions ['cmake', 'python']
[0.878s] Level 1:colcon.colcon_core.package_identification:_identify(venv/lib/python3.10/site-packages/numpy/f2py/_backends) by extension 'cmake'
[0.878s] Level 1:colcon.colcon_core.package_identification:_identify(venv/lib/python3.10/site-packages/numpy/f2py/_backends) by extension 'python'
[0.878s] Level 1:colcon.colcon_core.package_identification:_identify(venv/lib/python3.10/site-packages/numpy/f2py/_backends) by extensions ['python_setup_py']
[0.878s] Level 1:colcon.colcon_core.package_identification:_identify(venv/lib/python3.10/site-packages/numpy/f2py/_backends) by extension 'python_setup_py'
[0.878s] Level 1:colcon.colcon_core.package_identification:_identify(venv/lib/python3.10/site-packages/numpy/f2py/_backends/__pycache__) by extensions ['ignore', 'ignore_ament_install']
[0.878s] Level 1:colcon.colcon_core.package_identification:_identify(venv/lib/python3.10/site-packages/numpy/f2py/_backends/__pycache__) by extension 'ignore'
[0.878s] Level 1:colcon.colcon_core.package_identification:_identify(venv/lib/python3.10/site-packages/numpy/f2py/_backends/__pycache__) by extension 'ignore_ament_install'
[0.878s] Level 1:colcon.colcon_core.package_identification:_identify(venv/lib/python3.10/site-packages/numpy/f2py/_backends/__pycache__) by extensions ['colcon_pkg']
[0.878s] Level 1:colcon.colcon_core.package_identification:_identify(venv/lib/python3.10/site-packages/numpy/f2py/_backends/__pycache__) by extension 'colcon_pkg'
[0.878s] Level 1:colcon.colcon_core.package_identification:_identify(venv/lib/python3.10/site-packages/numpy/f2py/_backends/__pycache__) by extensions ['colcon_meta']
[0.878s] Level 1:colcon.colcon_core.package_identification:_identify(venv/lib/python3.10/site-packages/numpy/f2py/_backends/__pycache__) by extension 'colcon_meta'
[0.878s] Level 1:colcon.colcon_core.package_identification:_identify(venv/lib/python3.10/site-packages/numpy/f2py/_backends/__pycache__) by extensions ['ros']
[0.878s] Level 1:colcon.colcon_core.package_identification:_identify(venv/lib/python3.10/site-packages/numpy/f2py/_backends/__pycache__) by extension 'ros'
[0.878s] Level 1:colcon.colcon_core.package_identification:_identify(venv/lib/python3.10/site-packages/numpy/f2py/_backends/__pycache__) by extensions ['cmake', 'python']
[0.878s] Level 1:colcon.colcon_core.package_identification:_identify(venv/lib/python3.10/site-packages/numpy/f2py/_backends/__pycache__) by extension 'cmake'
[0.878s] Level 1:colcon.colcon_core.package_identification:_identify(venv/lib/python3.10/site-packages/numpy/f2py/_backends/__pycache__) by extension 'python'
[0.878s] Level 1:colcon.colcon_core.package_identification:_identify(venv/lib/python3.10/site-packages/numpy/f2py/_backends/__pycache__) by extensions ['python_setup_py']
[0.878s] Level 1:colcon.colcon_core.package_identification:_identify(venv/lib/python3.10/site-packages/numpy/f2py/_backends/__pycache__) by extension 'python_setup_py'
[0.878s] Level 1:colcon.colcon_core.package_identification:_identify(venv/lib/python3.10/site-packages/numpy/f2py/src) by extensions ['ignore', 'ignore_ament_install']
[0.878s] Level 1:colcon.colcon_core.package_identification:_identify(venv/lib/python3.10/site-packages/numpy/f2py/src) by extension 'ignore'
[0.878s] Level 1:colcon.colcon_core.package_identification:_identify(venv/lib/python3.10/site-packages/numpy/f2py/src) by extension 'ignore_ament_install'
[0.878s] Level 1:colcon.colcon_core.package_identification:_identify(venv/lib/python3.10/site-packages/numpy/f2py/src) by extensions ['colcon_pkg']
[0.878s] Level 1:colcon.colcon_core.package_identification:_identify(venv/lib/python3.10/site-packages/numpy/f2py/src) by extension 'colcon_pkg'
[0.878s] Level 1:colcon.colcon_core.package_identification:_identify(venv/lib/python3.10/site-packages/numpy/f2py/src) by extensions ['colcon_meta']
[0.878s] Level 1:colcon.colcon_core.package_identification:_identify(venv/lib/python3.10/site-packages/numpy/f2py/src) by extension 'colcon_meta'
[0.878s] Level 1:colcon.colcon_core.package_identification:_identify(venv/lib/python3.10/site-packages/numpy/f2py/src) by extensions ['ros']
[0.878s] Level 1:colcon.colcon_core.package_identification:_identify(venv/lib/python3.10/site-packages/numpy/f2py/src) by extension 'ros'
[0.878s] Level 1:colcon.colcon_core.package_identification:_identify(venv/lib/python3.10/site-packages/numpy/f2py/src) by extensions ['cmake', 'python']
[0.878s] Level 1:colcon.colcon_core.package_identification:_identify(venv/lib/python3.10/site-packages/numpy/f2py/src) by extension 'cmake'
[0.879s] Level 1:colcon.colcon_core.package_identification:_identify(venv/lib/python3.10/site-packages/numpy/f2py/src) by extension 'python'
[0.879s] Level 1:colcon.colcon_core.package_identification:_identify(venv/lib/python3.10/site-packages/numpy/f2py/src) by extensions ['python_setup_py']
[0.879s] Level 1:colcon.colcon_core.package_identification:_identify(venv/lib/python3.10/site-packages/numpy/f2py/src) by extension 'python_setup_py'
[0.879s] Level 1:colcon.colcon_core.package_identification:_identify(venv/lib/python3.10/site-packages/numpy/f2py/tests) by extensions ['ignore', 'ignore_ament_install']
[0.879s] Level 1:colcon.colcon_core.package_identification:_identify(venv/lib/python3.10/site-packages/numpy/f2py/tests) by extension 'ignore'
[0.879s] Level 1:colcon.colcon_core.package_identification:_identify(venv/lib/python3.10/site-packages/numpy/f2py/tests) by extension 'ignore_ament_install'
[0.879s] Level 1:colcon.colcon_core.package_identification:_identify(venv/lib/python3.10/site-packages/numpy/f2py/tests) by extensions ['colcon_pkg']
[0.879s] Level 1:colcon.colcon_core.package_identification:_identify(venv/lib/python3.10/site-packages/numpy/f2py/tests) by extension 'colcon_pkg'
[0.879s] Level 1:colcon.colcon_core.package_identification:_identify(venv/lib/python3.10/site-packages/numpy/f2py/tests) by extensions ['colcon_meta']
[0.879s] Level 1:colcon.colcon_core.package_identification:_identify(venv/lib/python3.10/site-packages/numpy/f2py/tests) by extension 'colcon_meta'
[0.879s] Level 1:colcon.colcon_core.package_identification:_identify(venv/lib/python3.10/site-packages/numpy/f2py/tests) by extensions ['ros']
[0.879s] Level 1:colcon.colcon_core.package_identification:_identify(venv/lib/python3.10/site-packages/numpy/f2py/tests) by extension 'ros'
[0.879s] Level 1:colcon.colcon_core.package_identification:_identify(venv/lib/python3.10/site-packages/numpy/f2py/tests) by extensions ['cmake', 'python']
[0.879s] Level 1:colcon.colcon_core.package_identification:_identify(venv/lib/python3.10/site-packages/numpy/f2py/tests) by extension 'cmake'
[0.879s] Level 1:colcon.colcon_core.package_identification:_identify(venv/lib/python3.10/site-packages/numpy/f2py/tests) by extension 'python'
[0.879s] Level 1:colcon.colcon_core.package_identification:_identify(venv/lib/python3.10/site-packages/numpy/f2py/tests) by extensions ['python_setup_py']
[0.879s] Level 1:colcon.colcon_core.package_identification:_identify(venv/lib/python3.10/site-packages/numpy/f2py/tests) by extension 'python_setup_py'
[0.879s] Level 1:colcon.colcon_core.package_identification:_identify(venv/lib/python3.10/site-packages/numpy/f2py/tests/__pycache__) by extensions ['ignore', 'ignore_ament_install']
[0.879s] Level 1:colcon.colcon_core.package_identification:_identify(venv/lib/python3.10/site-packages/numpy/f2py/tests/__pycache__) by extension 'ignore'
[0.879s] Level 1:colcon.colcon_core.package_identification:_identify(venv/lib/python3.10/site-packages/numpy/f2py/tests/__pycache__) by extension 'ignore_ament_install'
[0.879s] Level 1:colcon.colcon_core.package_identification:_identify(venv/lib/python3.10/site-packages/numpy/f2py/tests/__pycache__) by extensions ['colcon_pkg']
[0.879s] Level 1:colcon.colcon_core.package_identification:_identify(venv/lib/python3.10/site-packages/numpy/f2py/tests/__pycache__) by extension 'colcon_pkg'
[0.879s] Level 1:colcon.colcon_core.package_identification:_identify(venv/lib/python3.10/site-packages/numpy/f2py/tests/__pycache__) by extensions ['colcon_meta']
[0.879s] Level 1:colcon.colcon_core.package_identification:_identify(venv/lib/python3.10/site-packages/numpy/f2py/tests/__pycache__) by extension 'colcon_meta'
[0.879s] Level 1:colcon.colcon_core.package_identification:_identify(venv/lib/python3.10/site-packages/numpy/f2py/tests/__pycache__) by extensions ['ros']
[0.879s] Level 1:colcon.colcon_core.package_identification:_identify(venv/lib/python3.10/site-packages/numpy/f2py/tests/__pycache__) by extension 'ros'
[0.879s] Level 1:colcon.colcon_core.package_identification:_identify(venv/lib/python3.10/site-packages/numpy/f2py/tests/__pycache__) by extensions ['cmake', 'python']
[0.879s] Level 1:colcon.colcon_core.package_identification:_identify(venv/lib/python3.10/site-packages/numpy/f2py/tests/__pycache__) by extension 'cmake'
[0.879s] Level 1:colcon.colcon_core.package_identification:_identify(venv/lib/python3.10/site-packages/numpy/f2py/tests/__pycache__) by extension 'python'
[0.879s] Level 1:colcon.colcon_core.package_identification:_identify(venv/lib/python3.10/site-packages/numpy/f2py/tests/__pycache__) by extensions ['python_setup_py']
[0.879s] Level 1:colcon.colcon_core.package_identification:_identify(venv/lib/python3.10/site-packages/numpy/f2py/tests/__pycache__) by extension 'python_setup_py'
[0.879s] Level 1:colcon.colcon_core.package_identification:_identify(venv/lib/python3.10/site-packages/numpy/f2py/tests/src) by extensions ['ignore', 'ignore_ament_install']
[0.880s] Level 1:colcon.colcon_core.package_identification:_identify(venv/lib/python3.10/site-packages/numpy/f2py/tests/src) by extension 'ignore'
[0.880s] Level 1:colcon.colcon_core.package_identification:_identify(venv/lib/python3.10/site-packages/numpy/f2py/tests/src) by extension 'ignore_ament_install'
[0.880s] Level 1:colcon.colcon_core.package_identification:_identify(venv/lib/python3.10/site-packages/numpy/f2py/tests/src) by extensions ['colcon_pkg']
[0.880s] Level 1:colcon.colcon_core.package_identification:_identify(venv/lib/python3.10/site-packages/numpy/f2py/tests/src) by extension 'colcon_pkg'
[0.880s] Level 1:colcon.colcon_core.package_identification:_identify(venv/lib/python3.10/site-packages/numpy/f2py/tests/src) by extensions ['colcon_meta']
[0.880s] Level 1:colcon.colcon_core.package_identification:_identify(venv/lib/python3.10/site-packages/numpy/f2py/tests/src) by extension 'colcon_meta'
[0.880s] Level 1:colcon.colcon_core.package_identification:_identify(venv/lib/python3.10/site-packages/numpy/f2py/tests/src) by extensions ['ros']
[0.880s] Level 1:colcon.colcon_core.package_identification:_identify(venv/lib/python3.10/site-packages/numpy/f2py/tests/src) by extension 'ros'
[0.880s] Level 1:colcon.colcon_core.package_identification:_identify(venv/lib/python3.10/site-packages/numpy/f2py/tests/src) by extensions ['cmake', 'python']
[0.880s] Level 1:colcon.colcon_core.package_identification:_identify(venv/lib/python3.10/site-packages/numpy/f2py/tests/src) by extension 'cmake'
[0.880s] Level 1:colcon.colcon_core.package_identification:_identify(venv/lib/python3.10/site-packages/numpy/f2py/tests/src) by extension 'python'
[0.880s] Level 1:colcon.colcon_core.package_identification:_identify(venv/lib/python3.10/site-packages/numpy/f2py/tests/src) by extensions ['python_setup_py']
[0.880s] Level 1:colcon.colcon_core.package_identification:_identify(venv/lib/python3.10/site-packages/numpy/f2py/tests/src) by extension 'python_setup_py'
[0.880s] Level 1:colcon.colcon_core.package_identification:_identify(venv/lib/python3.10/site-packages/numpy/f2py/tests/src/abstract_interface) by extensions ['ignore', 'ignore_ament_install']
[0.880s] Level 1:colcon.colcon_core.package_identification:_identify(venv/lib/python3.10/site-packages/numpy/f2py/tests/src/abstract_interface) by extension 'ignore'
[0.880s] Level 1:colcon.colcon_core.package_identification:_identify(venv/lib/python3.10/site-packages/numpy/f2py/tests/src/abstract_interface) by extension 'ignore_ament_install'
[0.880s] Level 1:colcon.colcon_core.package_identification:_identify(venv/lib/python3.10/site-packages/numpy/f2py/tests/src/abstract_interface) by extensions ['colcon_pkg']
[0.880s] Level 1:colcon.colcon_core.package_identification:_identify(venv/lib/python3.10/site-packages/numpy/f2py/tests/src/abstract_interface) by extension 'colcon_pkg'
[0.880s] Level 1:colcon.colcon_core.package_identification:_identify(venv/lib/python3.10/site-packages/numpy/f2py/tests/src/abstract_interface) by extensions ['colcon_meta']
[0.880s] Level 1:colcon.colcon_core.package_identification:_identify(venv/lib/python3.10/site-packages/numpy/f2py/tests/src/abstract_interface) by extension 'colcon_meta'
[0.880s] Level 1:colcon.colcon_core.package_identification:_identify(venv/lib/python3.10/site-packages/numpy/f2py/tests/src/abstract_interface) by extensions ['ros']
[0.880s] Level 1:colcon.colcon_core.package_identification:_identify(venv/lib/python3.10/site-packages/numpy/f2py/tests/src/abstract_interface) by extension 'ros'
[0.880s] Level 1:colcon.colcon_core.package_identification:_identify(venv/lib/python3.10/site-packages/numpy/f2py/tests/src/abstract_interface) by extensions ['cmake', 'python']
[0.880s] Level 1:colcon.colcon_core.package_identification:_identify(venv/lib/python3.10/site-packages/numpy/f2py/tests/src/abstract_interface) by extension 'cmake'
[0.880s] Level 1:colcon.colcon_core.package_identification:_identify(venv/lib/python3.10/site-packages/numpy/f2py/tests/src/abstract_interface) by extension 'python'
[0.880s] Level 1:colcon.colcon_core.package_identification:_identify(venv/lib/python3.10/site-packages/numpy/f2py/tests/src/abstract_interface) by extensions ['python_setup_py']
[0.880s] Level 1:colcon.colcon_core.package_identification:_identify(venv/lib/python3.10/site-packages/numpy/f2py/tests/src/abstract_interface) by extension 'python_setup_py'
[0.880s] Level 1:colcon.colcon_core.package_identification:_identify(venv/lib/python3.10/site-packages/numpy/f2py/tests/src/array_from_pyobj) by extensions ['ignore', 'ignore_ament_install']
[0.880s] Level 1:colcon.colcon_core.package_identification:_identify(venv/lib/python3.10/site-packages/numpy/f2py/tests/src/array_from_pyobj) by extension 'ignore'
[0.880s] Level 1:colcon.colcon_core.package_identification:_identify(venv/lib/python3.10/site-packages/numpy/f2py/tests/src/array_from_pyobj) by extension 'ignore_ament_install'
[0.880s] Level 1:colcon.colcon_core.package_identification:_identify(venv/lib/python3.10/site-packages/numpy/f2py/tests/src/array_from_pyobj) by extensions ['colcon_pkg']
[0.880s] Level 1:colcon.colcon_core.package_identification:_identify(venv/lib/python3.10/site-packages/numpy/f2py/tests/src/array_from_pyobj) by extension 'colcon_pkg'
[0.880s] Level 1:colcon.colcon_core.package_identification:_identify(venv/lib/python3.10/site-packages/numpy/f2py/tests/src/array_from_pyobj) by extensions ['colcon_meta']
[0.880s] Level 1:colcon.colcon_core.package_identification:_identify(venv/lib/python3.10/site-packages/numpy/f2py/tests/src/array_from_pyobj) by extension 'colcon_meta'
[0.881s] Level 1:colcon.colcon_core.package_identification:_identify(venv/lib/python3.10/site-packages/numpy/f2py/tests/src/array_from_pyobj) by extensions ['ros']
[0.881s] Level 1:colcon.colcon_core.package_identification:_identify(venv/lib/python3.10/site-packages/numpy/f2py/tests/src/array_from_pyobj) by extension 'ros'
[0.881s] Level 1:colcon.colcon_core.package_identification:_identify(venv/lib/python3.10/site-packages/numpy/f2py/tests/src/array_from_pyobj) by extensions ['cmake', 'python']
[0.881s] Level 1:colcon.colcon_core.package_identification:_identify(venv/lib/python3.10/site-packages/numpy/f2py/tests/src/array_from_pyobj) by extension 'cmake'
[0.881s] Level 1:colcon.colcon_core.package_identification:_identify(venv/lib/python3.10/site-packages/numpy/f2py/tests/src/array_from_pyobj) by extension 'python'
[0.881s] Level 1:colcon.colcon_core.package_identification:_identify(venv/lib/python3.10/site-packages/numpy/f2py/tests/src/array_from_pyobj) by extensions ['python_setup_py']
[0.881s] Level 1:colcon.colcon_core.package_identification:_identify(venv/lib/python3.10/site-packages/numpy/f2py/tests/src/array_from_pyobj) by extension 'python_setup_py'
[0.881s] Level 1:colcon.colcon_core.package_identification:_identify(venv/lib/python3.10/site-packages/numpy/f2py/tests/src/assumed_shape) by extensions ['ignore', 'ignore_ament_install']
[0.881s] Level 1:colcon.colcon_core.package_identification:_identify(venv/lib/python3.10/site-packages/numpy/f2py/tests/src/assumed_shape) by extension 'ignore'
[0.881s] Level 1:colcon.colcon_core.package_identification:_identify(venv/lib/python3.10/site-packages/numpy/f2py/tests/src/assumed_shape) by extension 'ignore_ament_install'
[0.881s] Level 1:colcon.colcon_core.package_identification:_identify(venv/lib/python3.10/site-packages/numpy/f2py/tests/src/assumed_shape) by extensions ['colcon_pkg']
[0.881s] Level 1:colcon.colcon_core.package_identification:_identify(venv/lib/python3.10/site-packages/numpy/f2py/tests/src/assumed_shape) by extension 'colcon_pkg'
[0.881s] Level 1:colcon.colcon_core.package_identification:_identify(venv/lib/python3.10/site-packages/numpy/f2py/tests/src/assumed_shape) by extensions ['colcon_meta']
[0.881s] Level 1:colcon.colcon_core.package_identification:_identify(venv/lib/python3.10/site-packages/numpy/f2py/tests/src/assumed_shape) by extension 'colcon_meta'
[0.881s] Level 1:colcon.colcon_core.package_identification:_identify(venv/lib/python3.10/site-packages/numpy/f2py/tests/src/assumed_shape) by extensions ['ros']
[0.881s] Level 1:colcon.colcon_core.package_identification:_identify(venv/lib/python3.10/site-packages/numpy/f2py/tests/src/assumed_shape) by extension 'ros'
[0.881s] Level 1:colcon.colcon_core.package_identification:_identify(venv/lib/python3.10/site-packages/numpy/f2py/tests/src/assumed_shape) by extensions ['cmake', 'python']
[0.881s] Level 1:colcon.colcon_core.package_identification:_identify(venv/lib/python3.10/site-packages/numpy/f2py/tests/src/assumed_shape) by extension 'cmake'
[0.881s] Level 1:colcon.colcon_core.package_identification:_identify(venv/lib/python3.10/site-packages/numpy/f2py/tests/src/assumed_shape) by extension 'python'
[0.881s] Level 1:colcon.colcon_core.package_identification:_identify(venv/lib/python3.10/site-packages/numpy/f2py/tests/src/assumed_shape) by extensions ['python_setup_py']
[0.881s] Level 1:colcon.colcon_core.package_identification:_identify(venv/lib/python3.10/site-packages/numpy/f2py/tests/src/assumed_shape) by extension 'python_setup_py'
[0.881s] Level 1:colcon.colcon_core.package_identification:_identify(venv/lib/python3.10/site-packages/numpy/f2py/tests/src/block_docstring) by extensions ['ignore', 'ignore_ament_install']
[0.881s] Level 1:colcon.colcon_core.package_identification:_identify(venv/lib/python3.10/site-packages/numpy/f2py/tests/src/block_docstring) by extension 'ignore'
[0.881s] Level 1:colcon.colcon_core.package_identification:_identify(venv/lib/python3.10/site-packages/numpy/f2py/tests/src/block_docstring) by extension 'ignore_ament_install'
[0.881s] Level 1:colcon.colcon_core.package_identification:_identify(venv/lib/python3.10/site-packages/numpy/f2py/tests/src/block_docstring) by extensions ['colcon_pkg']
[0.881s] Level 1:colcon.colcon_core.package_identification:_identify(venv/lib/python3.10/site-packages/numpy/f2py/tests/src/block_docstring) by extension 'colcon_pkg'
[0.881s] Level 1:colcon.colcon_core.package_identification:_identify(venv/lib/python3.10/site-packages/numpy/f2py/tests/src/block_docstring) by extensions ['colcon_meta']
[0.881s] Level 1:colcon.colcon_core.package_identification:_identify(venv/lib/python3.10/site-packages/numpy/f2py/tests/src/block_docstring) by extension 'colcon_meta'
[0.881s] Level 1:colcon.colcon_core.package_identification:_identify(venv/lib/python3.10/site-packages/numpy/f2py/tests/src/block_docstring) by extensions ['ros']
[0.881s] Level 1:colcon.colcon_core.package_identification:_identify(venv/lib/python3.10/site-packages/numpy/f2py/tests/src/block_docstring) by extension 'ros'
[0.881s] Level 1:colcon.colcon_core.package_identification:_identify(venv/lib/python3.10/site-packages/numpy/f2py/tests/src/block_docstring) by extensions ['cmake', 'python']
[0.881s] Level 1:colcon.colcon_core.package_identification:_identify(venv/lib/python3.10/site-packages/numpy/f2py/tests/src/block_docstring) by extension 'cmake'
[0.881s] Level 1:colcon.colcon_core.package_identification:_identify(venv/lib/python3.10/site-packages/numpy/f2py/tests/src/block_docstring) by extension 'python'
[0.881s] Level 1:colcon.colcon_core.package_identification:_identify(venv/lib/python3.10/site-packages/numpy/f2py/tests/src/block_docstring) by extensions ['python_setup_py']
[0.881s] Level 1:colcon.colcon_core.package_identification:_identify(venv/lib/python3.10/site-packages/numpy/f2py/tests/src/block_docstring) by extension 'python_setup_py'
[0.882s] Level 1:colcon.colcon_core.package_identification:_identify(venv/lib/python3.10/site-packages/numpy/f2py/tests/src/callback) by extensions ['ignore', 'ignore_ament_install']
[0.882s] Level 1:colcon.colcon_core.package_identification:_identify(venv/lib/python3.10/site-packages/numpy/f2py/tests/src/callback) by extension 'ignore'
[0.882s] Level 1:colcon.colcon_core.package_identification:_identify(venv/lib/python3.10/site-packages/numpy/f2py/tests/src/callback) by extension 'ignore_ament_install'
[0.882s] Level 1:colcon.colcon_core.package_identification:_identify(venv/lib/python3.10/site-packages/numpy/f2py/tests/src/callback) by extensions ['colcon_pkg']
[0.882s] Level 1:colcon.colcon_core.package_identification:_identify(venv/lib/python3.10/site-packages/numpy/f2py/tests/src/callback) by extension 'colcon_pkg'
[0.882s] Level 1:colcon.colcon_core.package_identification:_identify(venv/lib/python3.10/site-packages/numpy/f2py/tests/src/callback) by extensions ['colcon_meta']
[0.882s] Level 1:colcon.colcon_core.package_identification:_identify(venv/lib/python3.10/site-packages/numpy/f2py/tests/src/callback) by extension 'colcon_meta'
[0.882s] Level 1:colcon.colcon_core.package_identification:_identify(venv/lib/python3.10/site-packages/numpy/f2py/tests/src/callback) by extensions ['ros']
[0.882s] Level 1:colcon.colcon_core.package_identification:_identify(venv/lib/python3.10/site-packages/numpy/f2py/tests/src/callback) by extension 'ros'
[0.882s] Level 1:colcon.colcon_core.package_identification:_identify(venv/lib/python3.10/site-packages/numpy/f2py/tests/src/callback) by extensions ['cmake', 'python']
[0.882s] Level 1:colcon.colcon_core.package_identification:_identify(venv/lib/python3.10/site-packages/numpy/f2py/tests/src/callback) by extension 'cmake'
[0.882s] Level 1:colcon.colcon_core.package_identification:_identify(venv/lib/python3.10/site-packages/numpy/f2py/tests/src/callback) by extension 'python'
[0.882s] Level 1:colcon.colcon_core.package_identification:_identify(venv/lib/python3.10/site-packages/numpy/f2py/tests/src/callback) by extensions ['python_setup_py']
[0.882s] Level 1:colcon.colcon_core.package_identification:_identify(venv/lib/python3.10/site-packages/numpy/f2py/tests/src/callback) by extension 'python_setup_py'
[0.882s] Level 1:colcon.colcon_core.package_identification:_identify(venv/lib/python3.10/site-packages/numpy/f2py/tests/src/cli) by extensions ['ignore', 'ignore_ament_install']
[0.882s] Level 1:colcon.colcon_core.package_identification:_identify(venv/lib/python3.10/site-packages/numpy/f2py/tests/src/cli) by extension 'ignore'
[0.882s] Level 1:colcon.colcon_core.package_identification:_identify(venv/lib/python3.10/site-packages/numpy/f2py/tests/src/cli) by extension 'ignore_ament_install'
[0.882s] Level 1:colcon.colcon_core.package_identification:_identify(venv/lib/python3.10/site-packages/numpy/f2py/tests/src/cli) by extensions ['colcon_pkg']
[0.882s] Level 1:colcon.colcon_core.package_identification:_identify(venv/lib/python3.10/site-packages/numpy/f2py/tests/src/cli) by extension 'colcon_pkg'
[0.882s] Level 1:colcon.colcon_core.package_identification:_identify(venv/lib/python3.10/site-packages/numpy/f2py/tests/src/cli) by extensions ['colcon_meta']
[0.882s] Level 1:colcon.colcon_core.package_identification:_identify(venv/lib/python3.10/site-packages/numpy/f2py/tests/src/cli) by extension 'colcon_meta'
[0.882s] Level 1:colcon.colcon_core.package_identification:_identify(venv/lib/python3.10/site-packages/numpy/f2py/tests/src/cli) by extensions ['ros']
[0.882s] Level 1:colcon.colcon_core.package_identification:_identify(venv/lib/python3.10/site-packages/numpy/f2py/tests/src/cli) by extension 'ros'
[0.882s] Level 1:colcon.colcon_core.package_identification:_identify(venv/lib/python3.10/site-packages/numpy/f2py/tests/src/cli) by extensions ['cmake', 'python']
[0.882s] Level 1:colcon.colcon_core.package_identification:_identify(venv/lib/python3.10/site-packages/numpy/f2py/tests/src/cli) by extension 'cmake'
[0.882s] Level 1:colcon.colcon_core.package_identification:_identify(venv/lib/python3.10/site-packages/numpy/f2py/tests/src/cli) by extension 'python'
[0.882s] Level 1:colcon.colcon_core.package_identification:_identify(venv/lib/python3.10/site-packages/numpy/f2py/tests/src/cli) by extensions ['python_setup_py']
[0.882s] Level 1:colcon.colcon_core.package_identification:_identify(venv/lib/python3.10/site-packages/numpy/f2py/tests/src/cli) by extension 'python_setup_py'
[0.882s] Level 1:colcon.colcon_core.package_identification:_identify(venv/lib/python3.10/site-packages/numpy/f2py/tests/src/common) by extensions ['ignore', 'ignore_ament_install']
[0.882s] Level 1:colcon.colcon_core.package_identification:_identify(venv/lib/python3.10/site-packages/numpy/f2py/tests/src/common) by extension 'ignore'
[0.882s] Level 1:colcon.colcon_core.package_identification:_identify(venv/lib/python3.10/site-packages/numpy/f2py/tests/src/common) by extension 'ignore_ament_install'
[0.882s] Level 1:colcon.colcon_core.package_identification:_identify(venv/lib/python3.10/site-packages/numpy/f2py/tests/src/common) by extensions ['colcon_pkg']
[0.882s] Level 1:colcon.colcon_core.package_identification:_identify(venv/lib/python3.10/site-packages/numpy/f2py/tests/src/common) by extension 'colcon_pkg'
[0.883s] Level 1:colcon.colcon_core.package_identification:_identify(venv/lib/python3.10/site-packages/numpy/f2py/tests/src/common) by extensions ['colcon_meta']
[0.883s] Level 1:colcon.colcon_core.package_identification:_identify(venv/lib/python3.10/site-packages/numpy/f2py/tests/src/common) by extension 'colcon_meta'
[0.883s] Level 1:colcon.colcon_core.package_identification:_identify(venv/lib/python3.10/site-packages/numpy/f2py/tests/src/common) by extensions ['ros']
[0.883s] Level 1:colcon.colcon_core.package_identification:_identify(venv/lib/python3.10/site-packages/numpy/f2py/tests/src/common) by extension 'ros'
[0.883s] Level 1:colcon.colcon_core.package_identification:_identify(venv/lib/python3.10/site-packages/numpy/f2py/tests/src/common) by extensions ['cmake', 'python']
[0.883s] Level 1:colcon.colcon_core.package_identification:_identify(venv/lib/python3.10/site-packages/numpy/f2py/tests/src/common) by extension 'cmake'
[0.883s] Level 1:colcon.colcon_core.package_identification:_identify(venv/lib/python3.10/site-packages/numpy/f2py/tests/src/common) by extension 'python'
[0.883s] Level 1:colcon.colcon_core.package_identification:_identify(venv/lib/python3.10/site-packages/numpy/f2py/tests/src/common) by extensions ['python_setup_py']
[0.883s] Level 1:colcon.colcon_core.package_identification:_identify(venv/lib/python3.10/site-packages/numpy/f2py/tests/src/common) by extension 'python_setup_py'
[0.883s] Level 1:colcon.colcon_core.package_identification:_identify(venv/lib/python3.10/site-packages/numpy/f2py/tests/src/crackfortran) by extensions ['ignore', 'ignore_ament_install']
[0.883s] Level 1:colcon.colcon_core.package_identification:_identify(venv/lib/python3.10/site-packages/numpy/f2py/tests/src/crackfortran) by extension 'ignore'
[0.883s] Level 1:colcon.colcon_core.package_identification:_identify(venv/lib/python3.10/site-packages/numpy/f2py/tests/src/crackfortran) by extension 'ignore_ament_install'
[0.883s] Level 1:colcon.colcon_core.package_identification:_identify(venv/lib/python3.10/site-packages/numpy/f2py/tests/src/crackfortran) by extensions ['colcon_pkg']
[0.883s] Level 1:colcon.colcon_core.package_identification:_identify(venv/lib/python3.10/site-packages/numpy/f2py/tests/src/crackfortran) by extension 'colcon_pkg'
[0.883s] Level 1:colcon.colcon_core.package_identification:_identify(venv/lib/python3.10/site-packages/numpy/f2py/tests/src/crackfortran) by extensions ['colcon_meta']
[0.883s] Level 1:colcon.colcon_core.package_identification:_identify(venv/lib/python3.10/site-packages/numpy/f2py/tests/src/crackfortran) by extension 'colcon_meta'
[0.883s] Level 1:colcon.colcon_core.package_identification:_identify(venv/lib/python3.10/site-packages/numpy/f2py/tests/src/crackfortran) by extensions ['ros']
[0.883s] Level 1:colcon.colcon_core.package_identification:_identify(venv/lib/python3.10/site-packages/numpy/f2py/tests/src/crackfortran) by extension 'ros'
[0.883s] Level 1:colcon.colcon_core.package_identification:_identify(venv/lib/python3.10/site-packages/numpy/f2py/tests/src/crackfortran) by extensions ['cmake', 'python']
[0.883s] Level 1:colcon.colcon_core.package_identification:_identify(venv/lib/python3.10/site-packages/numpy/f2py/tests/src/crackfortran) by extension 'cmake'
[0.883s] Level 1:colcon.colcon_core.package_identification:_identify(venv/lib/python3.10/site-packages/numpy/f2py/tests/src/crackfortran) by extension 'python'
[0.883s] Level 1:colcon.colcon_core.package_identification:_identify(venv/lib/python3.10/site-packages/numpy/f2py/tests/src/crackfortran) by extensions ['python_setup_py']
[0.883s] Level 1:colcon.colcon_core.package_identification:_identify(venv/lib/python3.10/site-packages/numpy/f2py/tests/src/crackfortran) by extension 'python_setup_py'
[0.883s] Level 1:colcon.colcon_core.package_identification:_identify(venv/lib/python3.10/site-packages/numpy/f2py/tests/src/f2cmap) by extensions ['ignore', 'ignore_ament_install']
[0.883s] Level 1:colcon.colcon_core.package_identification:_identify(venv/lib/python3.10/site-packages/numpy/f2py/tests/src/f2cmap) by extension 'ignore'
[0.883s] Level 1:colcon.colcon_core.package_identification:_identify(venv/lib/python3.10/site-packages/numpy/f2py/tests/src/f2cmap) by extension 'ignore_ament_install'
[0.883s] Level 1:colcon.colcon_core.package_identification:_identify(venv/lib/python3.10/site-packages/numpy/f2py/tests/src/f2cmap) by extensions ['colcon_pkg']
[0.883s] Level 1:colcon.colcon_core.package_identification:_identify(venv/lib/python3.10/site-packages/numpy/f2py/tests/src/f2cmap) by extension 'colcon_pkg'
[0.883s] Level 1:colcon.colcon_core.package_identification:_identify(venv/lib/python3.10/site-packages/numpy/f2py/tests/src/f2cmap) by extensions ['colcon_meta']
[0.883s] Level 1:colcon.colcon_core.package_identification:_identify(venv/lib/python3.10/site-packages/numpy/f2py/tests/src/f2cmap) by extension 'colcon_meta'
[0.883s] Level 1:colcon.colcon_core.package_identification:_identify(venv/lib/python3.10/site-packages/numpy/f2py/tests/src/f2cmap) by extensions ['ros']
[0.883s] Level 1:colcon.colcon_core.package_identification:_identify(venv/lib/python3.10/site-packages/numpy/f2py/tests/src/f2cmap) by extension 'ros'
[0.883s] Level 1:colcon.colcon_core.package_identification:_identify(venv/lib/python3.10/site-packages/numpy/f2py/tests/src/f2cmap) by extensions ['cmake', 'python']
[0.884s] Level 1:colcon.colcon_core.package_identification:_identify(venv/lib/python3.10/site-packages/numpy/f2py/tests/src/f2cmap) by extension 'cmake'
[0.884s] Level 1:colcon.colcon_core.package_identification:_identify(venv/lib/python3.10/site-packages/numpy/f2py/tests/src/f2cmap) by extension 'python'
[0.884s] Level 1:colcon.colcon_core.package_identification:_identify(venv/lib/python3.10/site-packages/numpy/f2py/tests/src/f2cmap) by extensions ['python_setup_py']
[0.884s] Level 1:colcon.colcon_core.package_identification:_identify(venv/lib/python3.10/site-packages/numpy/f2py/tests/src/f2cmap) by extension 'python_setup_py'
[0.884s] Level 1:colcon.colcon_core.package_identification:_identify(venv/lib/python3.10/site-packages/numpy/f2py/tests/src/isocintrin) by extensions ['ignore', 'ignore_ament_install']
[0.884s] Level 1:colcon.colcon_core.package_identification:_identify(venv/lib/python3.10/site-packages/numpy/f2py/tests/src/isocintrin) by extension 'ignore'
[0.884s] Level 1:colcon.colcon_core.package_identification:_identify(venv/lib/python3.10/site-packages/numpy/f2py/tests/src/isocintrin) by extension 'ignore_ament_install'
[0.884s] Level 1:colcon.colcon_core.package_identification:_identify(venv/lib/python3.10/site-packages/numpy/f2py/tests/src/isocintrin) by extensions ['colcon_pkg']
[0.884s] Level 1:colcon.colcon_core.package_identification:_identify(venv/lib/python3.10/site-packages/numpy/f2py/tests/src/isocintrin) by extension 'colcon_pkg'
[0.884s] Level 1:colcon.colcon_core.package_identification:_identify(venv/lib/python3.10/site-packages/numpy/f2py/tests/src/isocintrin) by extensions ['colcon_meta']
[0.884s] Level 1:colcon.colcon_core.package_identification:_identify(venv/lib/python3.10/site-packages/numpy/f2py/tests/src/isocintrin) by extension 'colcon_meta'
[0.884s] Level 1:colcon.colcon_core.package_identification:_identify(venv/lib/python3.10/site-packages/numpy/f2py/tests/src/isocintrin) by extensions ['ros']
[0.884s] Level 1:colcon.colcon_core.package_identification:_identify(venv/lib/python3.10/site-packages/numpy/f2py/tests/src/isocintrin) by extension 'ros'
[0.884s] Level 1:colcon.colcon_core.package_identification:_identify(venv/lib/python3.10/site-packages/numpy/f2py/tests/src/isocintrin) by extensions ['cmake', 'python']
[0.884s] Level 1:colcon.colcon_core.package_identification:_identify(venv/lib/python3.10/site-packages/numpy/f2py/tests/src/isocintrin) by extension 'cmake'
[0.884s] Level 1:colcon.colcon_core.package_identification:_identify(venv/lib/python3.10/site-packages/numpy/f2py/tests/src/isocintrin) by extension 'python'
[0.884s] Level 1:colcon.colcon_core.package_identification:_identify(venv/lib/python3.10/site-packages/numpy/f2py/tests/src/isocintrin) by extensions ['python_setup_py']
[0.884s] Level 1:colcon.colcon_core.package_identification:_identify(venv/lib/python3.10/site-packages/numpy/f2py/tests/src/isocintrin) by extension 'python_setup_py'
[0.884s] Level 1:colcon.colcon_core.package_identification:_identify(venv/lib/python3.10/site-packages/numpy/f2py/tests/src/kind) by extensions ['ignore', 'ignore_ament_install']
[0.884s] Level 1:colcon.colcon_core.package_identification:_identify(venv/lib/python3.10/site-packages/numpy/f2py/tests/src/kind) by extension 'ignore'
[0.884s] Level 1:colcon.colcon_core.package_identification:_identify(venv/lib/python3.10/site-packages/numpy/f2py/tests/src/kind) by extension 'ignore_ament_install'
[0.884s] Level 1:colcon.colcon_core.package_identification:_identify(venv/lib/python3.10/site-packages/numpy/f2py/tests/src/kind) by extensions ['colcon_pkg']
[0.884s] Level 1:colcon.colcon_core.package_identification:_identify(venv/lib/python3.10/site-packages/numpy/f2py/tests/src/kind) by extension 'colcon_pkg'
[0.884s] Level 1:colcon.colcon_core.package_identification:_identify(venv/lib/python3.10/site-packages/numpy/f2py/tests/src/kind) by extensions ['colcon_meta']
[0.884s] Level 1:colcon.colcon_core.package_identification:_identify(venv/lib/python3.10/site-packages/numpy/f2py/tests/src/kind) by extension 'colcon_meta'
[0.884s] Level 1:colcon.colcon_core.package_identification:_identify(venv/lib/python3.10/site-packages/numpy/f2py/tests/src/kind) by extensions ['ros']
[0.884s] Level 1:colcon.colcon_core.package_identification:_identify(venv/lib/python3.10/site-packages/numpy/f2py/tests/src/kind) by extension 'ros'
[0.884s] Level 1:colcon.colcon_core.package_identification:_identify(venv/lib/python3.10/site-packages/numpy/f2py/tests/src/kind) by extensions ['cmake', 'python']
[0.884s] Level 1:colcon.colcon_core.package_identification:_identify(venv/lib/python3.10/site-packages/numpy/f2py/tests/src/kind) by extension 'cmake'
[0.884s] Level 1:colcon.colcon_core.package_identification:_identify(venv/lib/python3.10/site-packages/numpy/f2py/tests/src/kind) by extension 'python'
[0.884s] Level 1:colcon.colcon_core.package_identification:_identify(venv/lib/python3.10/site-packages/numpy/f2py/tests/src/kind) by extensions ['python_setup_py']
[0.884s] Level 1:colcon.colcon_core.package_identification:_identify(venv/lib/python3.10/site-packages/numpy/f2py/tests/src/kind) by extension 'python_setup_py'
[0.884s] Level 1:colcon.colcon_core.package_identification:_identify(venv/lib/python3.10/site-packages/numpy/f2py/tests/src/mixed) by extensions ['ignore', 'ignore_ament_install']
[0.885s] Level 1:colcon.colcon_core.package_identification:_identify(venv/lib/python3.10/site-packages/numpy/f2py/tests/src/mixed) by extension 'ignore'
[0.885s] Level 1:colcon.colcon_core.package_identification:_identify(venv/lib/python3.10/site-packages/numpy/f2py/tests/src/mixed) by extension 'ignore_ament_install'
[0.885s] Level 1:colcon.colcon_core.package_identification:_identify(venv/lib/python3.10/site-packages/numpy/f2py/tests/src/mixed) by extensions ['colcon_pkg']
[0.885s] Level 1:colcon.colcon_core.package_identification:_identify(venv/lib/python3.10/site-packages/numpy/f2py/tests/src/mixed) by extension 'colcon_pkg'
[0.885s] Level 1:colcon.colcon_core.package_identification:_identify(venv/lib/python3.10/site-packages/numpy/f2py/tests/src/mixed) by extensions ['colcon_meta']
[0.885s] Level 1:colcon.colcon_core.package_identification:_identify(venv/lib/python3.10/site-packages/numpy/f2py/tests/src/mixed) by extension 'colcon_meta'
[0.885s] Level 1:colcon.colcon_core.package_identification:_identify(venv/lib/python3.10/site-packages/numpy/f2py/tests/src/mixed) by extensions ['ros']
[0.885s] Level 1:colcon.colcon_core.package_identification:_identify(venv/lib/python3.10/site-packages/numpy/f2py/tests/src/mixed) by extension 'ros'
[0.885s] Level 1:colcon.colcon_core.package_identification:_identify(venv/lib/python3.10/site-packages/numpy/f2py/tests/src/mixed) by extensions ['cmake', 'python']
[0.885s] Level 1:colcon.colcon_core.package_identification:_identify(venv/lib/python3.10/site-packages/numpy/f2py/tests/src/mixed) by extension 'cmake'
[0.885s] Level 1:colcon.colcon_core.package_identification:_identify(venv/lib/python3.10/site-packages/numpy/f2py/tests/src/mixed) by extension 'python'
[0.885s] Level 1:colcon.colcon_core.package_identification:_identify(venv/lib/python3.10/site-packages/numpy/f2py/tests/src/mixed) by extensions ['python_setup_py']
[0.885s] Level 1:colcon.colcon_core.package_identification:_identify(venv/lib/python3.10/site-packages/numpy/f2py/tests/src/mixed) by extension 'python_setup_py'
[0.885s] Level 1:colcon.colcon_core.package_identification:_identify(venv/lib/python3.10/site-packages/numpy/f2py/tests/src/modules) by extensions ['ignore', 'ignore_ament_install']
[0.885s] Level 1:colcon.colcon_core.package_identification:_identify(venv/lib/python3.10/site-packages/numpy/f2py/tests/src/modules) by extension 'ignore'
[0.885s] Level 1:colcon.colcon_core.package_identification:_identify(venv/lib/python3.10/site-packages/numpy/f2py/tests/src/modules) by extension 'ignore_ament_install'
[0.885s] Level 1:colcon.colcon_core.package_identification:_identify(venv/lib/python3.10/site-packages/numpy/f2py/tests/src/modules) by extensions ['colcon_pkg']
[0.885s] Level 1:colcon.colcon_core.package_identification:_identify(venv/lib/python3.10/site-packages/numpy/f2py/tests/src/modules) by extension 'colcon_pkg'
[0.885s] Level 1:colcon.colcon_core.package_identification:_identify(venv/lib/python3.10/site-packages/numpy/f2py/tests/src/modules) by extensions ['colcon_meta']
[0.885s] Level 1:colcon.colcon_core.package_identification:_identify(venv/lib/python3.10/site-packages/numpy/f2py/tests/src/modules) by extension 'colcon_meta'
[0.885s] Level 1:colcon.colcon_core.package_identification:_identify(venv/lib/python3.10/site-packages/numpy/f2py/tests/src/modules) by extensions ['ros']
[0.885s] Level 1:colcon.colcon_core.package_identification:_identify(venv/lib/python3.10/site-packages/numpy/f2py/tests/src/modules) by extension 'ros'
[0.885s] Level 1:colcon.colcon_core.package_identification:_identify(venv/lib/python3.10/site-packages/numpy/f2py/tests/src/modules) by extensions ['cmake', 'python']
[0.885s] Level 1:colcon.colcon_core.package_identification:_identify(venv/lib/python3.10/site-packages/numpy/f2py/tests/src/modules) by extension 'cmake'
[0.885s] Level 1:colcon.colcon_core.package_identification:_identify(venv/lib/python3.10/site-packages/numpy/f2py/tests/src/modules) by extension 'python'
[0.885s] Level 1:colcon.colcon_core.package_identification:_identify(venv/lib/python3.10/site-packages/numpy/f2py/tests/src/modules) by extensions ['python_setup_py']
[0.885s] Level 1:colcon.colcon_core.package_identification:_identify(venv/lib/python3.10/site-packages/numpy/f2py/tests/src/modules) by extension 'python_setup_py'
[0.885s] Level 1:colcon.colcon_core.package_identification:_identify(venv/lib/python3.10/site-packages/numpy/f2py/tests/src/modules/gh25337) by extensions ['ignore', 'ignore_ament_install']
[0.885s] Level 1:colcon.colcon_core.package_identification:_identify(venv/lib/python3.10/site-packages/numpy/f2py/tests/src/modules/gh25337) by extension 'ignore'
[0.885s] Level 1:colcon.colcon_core.package_identification:_identify(venv/lib/python3.10/site-packages/numpy/f2py/tests/src/modules/gh25337) by extension 'ignore_ament_install'
[0.885s] Level 1:colcon.colcon_core.package_identification:_identify(venv/lib/python3.10/site-packages/numpy/f2py/tests/src/modules/gh25337) by extensions ['colcon_pkg']
[0.885s] Level 1:colcon.colcon_core.package_identification:_identify(venv/lib/python3.10/site-packages/numpy/f2py/tests/src/modules/gh25337) by extension 'colcon_pkg'
[0.885s] Level 1:colcon.colcon_core.package_identification:_identify(venv/lib/python3.10/site-packages/numpy/f2py/tests/src/modules/gh25337) by extensions ['colcon_meta']
[0.885s] Level 1:colcon.colcon_core.package_identification:_identify(venv/lib/python3.10/site-packages/numpy/f2py/tests/src/modules/gh25337) by extension 'colcon_meta'
[0.886s] Level 1:colcon.colcon_core.package_identification:_identify(venv/lib/python3.10/site-packages/numpy/f2py/tests/src/modules/gh25337) by extensions ['ros']
[0.886s] Level 1:colcon.colcon_core.package_identification:_identify(venv/lib/python3.10/site-packages/numpy/f2py/tests/src/modules/gh25337) by extension 'ros'
[0.886s] Level 1:colcon.colcon_core.package_identification:_identify(venv/lib/python3.10/site-packages/numpy/f2py/tests/src/modules/gh25337) by extensions ['cmake', 'python']
[0.886s] Level 1:colcon.colcon_core.package_identification:_identify(venv/lib/python3.10/site-packages/numpy/f2py/tests/src/modules/gh25337) by extension 'cmake'
[0.886s] Level 1:colcon.colcon_core.package_identification:_identify(venv/lib/python3.10/site-packages/numpy/f2py/tests/src/modules/gh25337) by extension 'python'
[0.886s] Level 1:colcon.colcon_core.package_identification:_identify(venv/lib/python3.10/site-packages/numpy/f2py/tests/src/modules/gh25337) by extensions ['python_setup_py']
[0.886s] Level 1:colcon.colcon_core.package_identification:_identify(venv/lib/python3.10/site-packages/numpy/f2py/tests/src/modules/gh25337) by extension 'python_setup_py'
[0.886s] Level 1:colcon.colcon_core.package_identification:_identify(venv/lib/python3.10/site-packages/numpy/f2py/tests/src/modules/gh26920) by extensions ['ignore', 'ignore_ament_install']
[0.886s] Level 1:colcon.colcon_core.package_identification:_identify(venv/lib/python3.10/site-packages/numpy/f2py/tests/src/modules/gh26920) by extension 'ignore'
[0.886s] Level 1:colcon.colcon_core.package_identification:_identify(venv/lib/python3.10/site-packages/numpy/f2py/tests/src/modules/gh26920) by extension 'ignore_ament_install'
[0.886s] Level 1:colcon.colcon_core.package_identification:_identify(venv/lib/python3.10/site-packages/numpy/f2py/tests/src/modules/gh26920) by extensions ['colcon_pkg']
[0.886s] Level 1:colcon.colcon_core.package_identification:_identify(venv/lib/python3.10/site-packages/numpy/f2py/tests/src/modules/gh26920) by extension 'colcon_pkg'
[0.886s] Level 1:colcon.colcon_core.package_identification:_identify(venv/lib/python3.10/site-packages/numpy/f2py/tests/src/modules/gh26920) by extensions ['colcon_meta']
[0.886s] Level 1:colcon.colcon_core.package_identification:_identify(venv/lib/python3.10/site-packages/numpy/f2py/tests/src/modules/gh26920) by extension 'colcon_meta'
[0.886s] Level 1:colcon.colcon_core.package_identification:_identify(venv/lib/python3.10/site-packages/numpy/f2py/tests/src/modules/gh26920) by extensions ['ros']
[0.886s] Level 1:colcon.colcon_core.package_identification:_identify(venv/lib/python3.10/site-packages/numpy/f2py/tests/src/modules/gh26920) by extension 'ros'
[0.886s] Level 1:colcon.colcon_core.package_identification:_identify(venv/lib/python3.10/site-packages/numpy/f2py/tests/src/modules/gh26920) by extensions ['cmake', 'python']
[0.886s] Level 1:colcon.colcon_core.package_identification:_identify(venv/lib/python3.10/site-packages/numpy/f2py/tests/src/modules/gh26920) by extension 'cmake'
[0.886s] Level 1:colcon.colcon_core.package_identification:_identify(venv/lib/python3.10/site-packages/numpy/f2py/tests/src/modules/gh26920) by extension 'python'
[0.886s] Level 1:colcon.colcon_core.package_identification:_identify(venv/lib/python3.10/site-packages/numpy/f2py/tests/src/modules/gh26920) by extensions ['python_setup_py']
[0.886s] Level 1:colcon.colcon_core.package_identification:_identify(venv/lib/python3.10/site-packages/numpy/f2py/tests/src/modules/gh26920) by extension 'python_setup_py'
[0.886s] Level 1:colcon.colcon_core.package_identification:_identify(venv/lib/python3.10/site-packages/numpy/f2py/tests/src/negative_bounds) by extensions ['ignore', 'ignore_ament_install']
[0.886s] Level 1:colcon.colcon_core.package_identification:_identify(venv/lib/python3.10/site-packages/numpy/f2py/tests/src/negative_bounds) by extension 'ignore'
[0.886s] Level 1:colcon.colcon_core.package_identification:_identify(venv/lib/python3.10/site-packages/numpy/f2py/tests/src/negative_bounds) by extension 'ignore_ament_install'
[0.886s] Level 1:colcon.colcon_core.package_identification:_identify(venv/lib/python3.10/site-packages/numpy/f2py/tests/src/negative_bounds) by extensions ['colcon_pkg']
[0.886s] Level 1:colcon.colcon_core.package_identification:_identify(venv/lib/python3.10/site-packages/numpy/f2py/tests/src/negative_bounds) by extension 'colcon_pkg'
[0.886s] Level 1:colcon.colcon_core.package_identification:_identify(venv/lib/python3.10/site-packages/numpy/f2py/tests/src/negative_bounds) by extensions ['colcon_meta']
[0.886s] Level 1:colcon.colcon_core.package_identification:_identify(venv/lib/python3.10/site-packages/numpy/f2py/tests/src/negative_bounds) by extension 'colcon_meta'
[0.886s] Level 1:colcon.colcon_core.package_identification:_identify(venv/lib/python3.10/site-packages/numpy/f2py/tests/src/negative_bounds) by extensions ['ros']
[0.886s] Level 1:colcon.colcon_core.package_identification:_identify(venv/lib/python3.10/site-packages/numpy/f2py/tests/src/negative_bounds) by extension 'ros'
[0.886s] Level 1:colcon.colcon_core.package_identification:_identify(venv/lib/python3.10/site-packages/numpy/f2py/tests/src/negative_bounds) by extensions ['cmake', 'python']
[0.886s] Level 1:colcon.colcon_core.package_identification:_identify(venv/lib/python3.10/site-packages/numpy/f2py/tests/src/negative_bounds) by extension 'cmake'
[0.886s] Level 1:colcon.colcon_core.package_identification:_identify(venv/lib/python3.10/site-packages/numpy/f2py/tests/src/negative_bounds) by extension 'python'
[0.886s] Level 1:colcon.colcon_core.package_identification:_identify(venv/lib/python3.10/site-packages/numpy/f2py/tests/src/negative_bounds) by extensions ['python_setup_py']
[0.886s] Level 1:colcon.colcon_core.package_identification:_identify(venv/lib/python3.10/site-packages/numpy/f2py/tests/src/negative_bounds) by extension 'python_setup_py'
[0.887s] Level 1:colcon.colcon_core.package_identification:_identify(venv/lib/python3.10/site-packages/numpy/f2py/tests/src/parameter) by extensions ['ignore', 'ignore_ament_install']
[0.887s] Level 1:colcon.colcon_core.package_identification:_identify(venv/lib/python3.10/site-packages/numpy/f2py/tests/src/parameter) by extension 'ignore'
[0.887s] Level 1:colcon.colcon_core.package_identification:_identify(venv/lib/python3.10/site-packages/numpy/f2py/tests/src/parameter) by extension 'ignore_ament_install'
[0.887s] Level 1:colcon.colcon_core.package_identification:_identify(venv/lib/python3.10/site-packages/numpy/f2py/tests/src/parameter) by extensions ['colcon_pkg']
[0.887s] Level 1:colcon.colcon_core.package_identification:_identify(venv/lib/python3.10/site-packages/numpy/f2py/tests/src/parameter) by extension 'colcon_pkg'
[0.887s] Level 1:colcon.colcon_core.package_identification:_identify(venv/lib/python3.10/site-packages/numpy/f2py/tests/src/parameter) by extensions ['colcon_meta']
[0.887s] Level 1:colcon.colcon_core.package_identification:_identify(venv/lib/python3.10/site-packages/numpy/f2py/tests/src/parameter) by extension 'colcon_meta'
[0.887s] Level 1:colcon.colcon_core.package_identification:_identify(venv/lib/python3.10/site-packages/numpy/f2py/tests/src/parameter) by extensions ['ros']
[0.887s] Level 1:colcon.colcon_core.package_identification:_identify(venv/lib/python3.10/site-packages/numpy/f2py/tests/src/parameter) by extension 'ros'
[0.887s] Level 1:colcon.colcon_core.package_identification:_identify(venv/lib/python3.10/site-packages/numpy/f2py/tests/src/parameter) by extensions ['cmake', 'python']
[0.887s] Level 1:colcon.colcon_core.package_identification:_identify(venv/lib/python3.10/site-packages/numpy/f2py/tests/src/parameter) by extension 'cmake'
[0.887s] Level 1:colcon.colcon_core.package_identification:_identify(venv/lib/python3.10/site-packages/numpy/f2py/tests/src/parameter) by extension 'python'
[0.887s] Level 1:colcon.colcon_core.package_identification:_identify(venv/lib/python3.10/site-packages/numpy/f2py/tests/src/parameter) by extensions ['python_setup_py']
[0.887s] Level 1:colcon.colcon_core.package_identification:_identify(venv/lib/python3.10/site-packages/numpy/f2py/tests/src/parameter) by extension 'python_setup_py'
[0.887s] Level 1:colcon.colcon_core.package_identification:_identify(venv/lib/python3.10/site-packages/numpy/f2py/tests/src/quoted_character) by extensions ['ignore', 'ignore_ament_install']
[0.887s] Level 1:colcon.colcon_core.package_identification:_identify(venv/lib/python3.10/site-packages/numpy/f2py/tests/src/quoted_character) by extension 'ignore'
[0.887s] Level 1:colcon.colcon_core.package_identification:_identify(venv/lib/python3.10/site-packages/numpy/f2py/tests/src/quoted_character) by extension 'ignore_ament_install'
[0.887s] Level 1:colcon.colcon_core.package_identification:_identify(venv/lib/python3.10/site-packages/numpy/f2py/tests/src/quoted_character) by extensions ['colcon_pkg']
[0.887s] Level 1:colcon.colcon_core.package_identification:_identify(venv/lib/python3.10/site-packages/numpy/f2py/tests/src/quoted_character) by extension 'colcon_pkg'
[0.887s] Level 1:colcon.colcon_core.package_identification:_identify(venv/lib/python3.10/site-packages/numpy/f2py/tests/src/quoted_character) by extensions ['colcon_meta']
[0.887s] Level 1:colcon.colcon_core.package_identification:_identify(venv/lib/python3.10/site-packages/numpy/f2py/tests/src/quoted_character) by extension 'colcon_meta'
[0.887s] Level 1:colcon.colcon_core.package_identification:_identify(venv/lib/python3.10/site-packages/numpy/f2py/tests/src/quoted_character) by extensions ['ros']
[0.887s] Level 1:colcon.colcon_core.package_identification:_identify(venv/lib/python3.10/site-packages/numpy/f2py/tests/src/quoted_character) by extension 'ros'
[0.887s] Level 1:colcon.colcon_core.package_identification:_identify(venv/lib/python3.10/site-packages/numpy/f2py/tests/src/quoted_character) by extensions ['cmake', 'python']
[0.887s] Level 1:colcon.colcon_core.package_identification:_identify(venv/lib/python3.10/site-packages/numpy/f2py/tests/src/quoted_character) by extension 'cmake'
[0.887s] Level 1:colcon.colcon_core.package_identification:_identify(venv/lib/python3.10/site-packages/numpy/f2py/tests/src/quoted_character) by extension 'python'
[0.887s] Level 1:colcon.colcon_core.package_identification:_identify(venv/lib/python3.10/site-packages/numpy/f2py/tests/src/quoted_character) by extensions ['python_setup_py']
[0.887s] Level 1:colcon.colcon_core.package_identification:_identify(venv/lib/python3.10/site-packages/numpy/f2py/tests/src/quoted_character) by extension 'python_setup_py'
[0.887s] Level 1:colcon.colcon_core.package_identification:_identify(venv/lib/python3.10/site-packages/numpy/f2py/tests/src/regression) by extensions ['ignore', 'ignore_ament_install']
[0.887s] Level 1:colcon.colcon_core.package_identification:_identify(venv/lib/python3.10/site-packages/numpy/f2py/tests/src/regression) by extension 'ignore'
[0.887s] Level 1:colcon.colcon_core.package_identification:_identify(venv/lib/python3.10/site-packages/numpy/f2py/tests/src/regression) by extension 'ignore_ament_install'
[0.887s] Level 1:colcon.colcon_core.package_identification:_identify(venv/lib/python3.10/site-packages/numpy/f2py/tests/src/regression) by extensions ['colcon_pkg']
[0.887s] Level 1:colcon.colcon_core.package_identification:_identify(venv/lib/python3.10/site-packages/numpy/f2py/tests/src/regression) by extension 'colcon_pkg'
[0.888s] Level 1:colcon.colcon_core.package_identification:_identify(venv/lib/python3.10/site-packages/numpy/f2py/tests/src/regression) by extensions ['colcon_meta']
[0.888s] Level 1:colcon.colcon_core.package_identification:_identify(venv/lib/python3.10/site-packages/numpy/f2py/tests/src/regression) by extension 'colcon_meta'
[0.888s] Level 1:colcon.colcon_core.package_identification:_identify(venv/lib/python3.10/site-packages/numpy/f2py/tests/src/regression) by extensions ['ros']
[0.888s] Level 1:colcon.colcon_core.package_identification:_identify(venv/lib/python3.10/site-packages/numpy/f2py/tests/src/regression) by extension 'ros'
[0.888s] Level 1:colcon.colcon_core.package_identification:_identify(venv/lib/python3.10/site-packages/numpy/f2py/tests/src/regression) by extensions ['cmake', 'python']
[0.888s] Level 1:colcon.colcon_core.package_identification:_identify(venv/lib/python3.10/site-packages/numpy/f2py/tests/src/regression) by extension 'cmake'
[0.888s] Level 1:colcon.colcon_core.package_identification:_identify(venv/lib/python3.10/site-packages/numpy/f2py/tests/src/regression) by extension 'python'
[0.888s] Level 1:colcon.colcon_core.package_identification:_identify(venv/lib/python3.10/site-packages/numpy/f2py/tests/src/regression) by extensions ['python_setup_py']
[0.888s] Level 1:colcon.colcon_core.package_identification:_identify(venv/lib/python3.10/site-packages/numpy/f2py/tests/src/regression) by extension 'python_setup_py'
[0.888s] Level 1:colcon.colcon_core.package_identification:_identify(venv/lib/python3.10/site-packages/numpy/f2py/tests/src/return_character) by extensions ['ignore', 'ignore_ament_install']
[0.888s] Level 1:colcon.colcon_core.package_identification:_identify(venv/lib/python3.10/site-packages/numpy/f2py/tests/src/return_character) by extension 'ignore'
[0.888s] Level 1:colcon.colcon_core.package_identification:_identify(venv/lib/python3.10/site-packages/numpy/f2py/tests/src/return_character) by extension 'ignore_ament_install'
[0.888s] Level 1:colcon.colcon_core.package_identification:_identify(venv/lib/python3.10/site-packages/numpy/f2py/tests/src/return_character) by extensions ['colcon_pkg']
[0.888s] Level 1:colcon.colcon_core.package_identification:_identify(venv/lib/python3.10/site-packages/numpy/f2py/tests/src/return_character) by extension 'colcon_pkg'
[0.888s] Level 1:colcon.colcon_core.package_identification:_identify(venv/lib/python3.10/site-packages/numpy/f2py/tests/src/return_character) by extensions ['colcon_meta']
[0.888s] Level 1:colcon.colcon_core.package_identification:_identify(venv/lib/python3.10/site-packages/numpy/f2py/tests/src/return_character) by extension 'colcon_meta'
[0.888s] Level 1:colcon.colcon_core.package_identification:_identify(venv/lib/python3.10/site-packages/numpy/f2py/tests/src/return_character) by extensions ['ros']
[0.888s] Level 1:colcon.colcon_core.package_identification:_identify(venv/lib/python3.10/site-packages/numpy/f2py/tests/src/return_character) by extension 'ros'
[0.888s] Level 1:colcon.colcon_core.package_identification:_identify(venv/lib/python3.10/site-packages/numpy/f2py/tests/src/return_character) by extensions ['cmake', 'python']
[0.888s] Level 1:colcon.colcon_core.package_identification:_identify(venv/lib/python3.10/site-packages/numpy/f2py/tests/src/return_character) by extension 'cmake'
[0.888s] Level 1:colcon.colcon_core.package_identification:_identify(venv/lib/python3.10/site-packages/numpy/f2py/tests/src/return_character) by extension 'python'
[0.888s] Level 1:colcon.colcon_core.package_identification:_identify(venv/lib/python3.10/site-packages/numpy/f2py/tests/src/return_character) by extensions ['python_setup_py']
[0.888s] Level 1:colcon.colcon_core.package_identification:_identify(venv/lib/python3.10/site-packages/numpy/f2py/tests/src/return_character) by extension 'python_setup_py'
[0.888s] Level 1:colcon.colcon_core.package_identification:_identify(venv/lib/python3.10/site-packages/numpy/f2py/tests/src/return_complex) by extensions ['ignore', 'ignore_ament_install']
[0.888s] Level 1:colcon.colcon_core.package_identification:_identify(venv/lib/python3.10/site-packages/numpy/f2py/tests/src/return_complex) by extension 'ignore'
[0.888s] Level 1:colcon.colcon_core.package_identification:_identify(venv/lib/python3.10/site-packages/numpy/f2py/tests/src/return_complex) by extension 'ignore_ament_install'
[0.888s] Level 1:colcon.colcon_core.package_identification:_identify(venv/lib/python3.10/site-packages/numpy/f2py/tests/src/return_complex) by extensions ['colcon_pkg']
[0.888s] Level 1:colcon.colcon_core.package_identification:_identify(venv/lib/python3.10/site-packages/numpy/f2py/tests/src/return_complex) by extension 'colcon_pkg'
[0.888s] Level 1:colcon.colcon_core.package_identification:_identify(venv/lib/python3.10/site-packages/numpy/f2py/tests/src/return_complex) by extensions ['colcon_meta']
[0.888s] Level 1:colcon.colcon_core.package_identification:_identify(venv/lib/python3.10/site-packages/numpy/f2py/tests/src/return_complex) by extension 'colcon_meta'
[0.888s] Level 1:colcon.colcon_core.package_identification:_identify(venv/lib/python3.10/site-packages/numpy/f2py/tests/src/return_complex) by extensions ['ros']
[0.888s] Level 1:colcon.colcon_core.package_identification:_identify(venv/lib/python3.10/site-packages/numpy/f2py/tests/src/return_complex) by extension 'ros'
[0.888s] Level 1:colcon.colcon_core.package_identification:_identify(venv/lib/python3.10/site-packages/numpy/f2py/tests/src/return_complex) by extensions ['cmake', 'python']
[0.888s] Level 1:colcon.colcon_core.package_identification:_identify(venv/lib/python3.10/site-packages/numpy/f2py/tests/src/return_complex) by extension 'cmake'
[0.889s] Level 1:colcon.colcon_core.package_identification:_identify(venv/lib/python3.10/site-packages/numpy/f2py/tests/src/return_complex) by extension 'python'
[0.889s] Level 1:colcon.colcon_core.package_identification:_identify(venv/lib/python3.10/site-packages/numpy/f2py/tests/src/return_complex) by extensions ['python_setup_py']
[0.889s] Level 1:colcon.colcon_core.package_identification:_identify(venv/lib/python3.10/site-packages/numpy/f2py/tests/src/return_complex) by extension 'python_setup_py'
[0.889s] Level 1:colcon.colcon_core.package_identification:_identify(venv/lib/python3.10/site-packages/numpy/f2py/tests/src/return_integer) by extensions ['ignore', 'ignore_ament_install']
[0.889s] Level 1:colcon.colcon_core.package_identification:_identify(venv/lib/python3.10/site-packages/numpy/f2py/tests/src/return_integer) by extension 'ignore'
[0.889s] Level 1:colcon.colcon_core.package_identification:_identify(venv/lib/python3.10/site-packages/numpy/f2py/tests/src/return_integer) by extension 'ignore_ament_install'
[0.889s] Level 1:colcon.colcon_core.package_identification:_identify(venv/lib/python3.10/site-packages/numpy/f2py/tests/src/return_integer) by extensions ['colcon_pkg']
[0.889s] Level 1:colcon.colcon_core.package_identification:_identify(venv/lib/python3.10/site-packages/numpy/f2py/tests/src/return_integer) by extension 'colcon_pkg'
[0.889s] Level 1:colcon.colcon_core.package_identification:_identify(venv/lib/python3.10/site-packages/numpy/f2py/tests/src/return_integer) by extensions ['colcon_meta']
[0.889s] Level 1:colcon.colcon_core.package_identification:_identify(venv/lib/python3.10/site-packages/numpy/f2py/tests/src/return_integer) by extension 'colcon_meta'
[0.889s] Level 1:colcon.colcon_core.package_identification:_identify(venv/lib/python3.10/site-packages/numpy/f2py/tests/src/return_integer) by extensions ['ros']
[0.889s] Level 1:colcon.colcon_core.package_identification:_identify(venv/lib/python3.10/site-packages/numpy/f2py/tests/src/return_integer) by extension 'ros'
[0.889s] Level 1:colcon.colcon_core.package_identification:_identify(venv/lib/python3.10/site-packages/numpy/f2py/tests/src/return_integer) by extensions ['cmake', 'python']
[0.889s] Level 1:colcon.colcon_core.package_identification:_identify(venv/lib/python3.10/site-packages/numpy/f2py/tests/src/return_integer) by extension 'cmake'
[0.889s] Level 1:colcon.colcon_core.package_identification:_identify(venv/lib/python3.10/site-packages/numpy/f2py/tests/src/return_integer) by extension 'python'
[0.889s] Level 1:colcon.colcon_core.package_identification:_identify(venv/lib/python3.10/site-packages/numpy/f2py/tests/src/return_integer) by extensions ['python_setup_py']
[0.889s] Level 1:colcon.colcon_core.package_identification:_identify(venv/lib/python3.10/site-packages/numpy/f2py/tests/src/return_integer) by extension 'python_setup_py'
[0.889s] Level 1:colcon.colcon_core.package_identification:_identify(venv/lib/python3.10/site-packages/numpy/f2py/tests/src/return_logical) by extensions ['ignore', 'ignore_ament_install']
[0.889s] Level 1:colcon.colcon_core.package_identification:_identify(venv/lib/python3.10/site-packages/numpy/f2py/tests/src/return_logical) by extension 'ignore'
[0.889s] Level 1:colcon.colcon_core.package_identification:_identify(venv/lib/python3.10/site-packages/numpy/f2py/tests/src/return_logical) by extension 'ignore_ament_install'
[0.889s] Level 1:colcon.colcon_core.package_identification:_identify(venv/lib/python3.10/site-packages/numpy/f2py/tests/src/return_logical) by extensions ['colcon_pkg']
[0.889s] Level 1:colcon.colcon_core.package_identification:_identify(venv/lib/python3.10/site-packages/numpy/f2py/tests/src/return_logical) by extension 'colcon_pkg'
[0.889s] Level 1:colcon.colcon_core.package_identification:_identify(venv/lib/python3.10/site-packages/numpy/f2py/tests/src/return_logical) by extensions ['colcon_meta']
[0.889s] Level 1:colcon.colcon_core.package_identification:_identify(venv/lib/python3.10/site-packages/numpy/f2py/tests/src/return_logical) by extension 'colcon_meta'
[0.889s] Level 1:colcon.colcon_core.package_identification:_identify(venv/lib/python3.10/site-packages/numpy/f2py/tests/src/return_logical) by extensions ['ros']
[0.889s] Level 1:colcon.colcon_core.package_identification:_identify(venv/lib/python3.10/site-packages/numpy/f2py/tests/src/return_logical) by extension 'ros'
[0.889s] Level 1:colcon.colcon_core.package_identification:_identify(venv/lib/python3.10/site-packages/numpy/f2py/tests/src/return_logical) by extensions ['cmake', 'python']
[0.889s] Level 1:colcon.colcon_core.package_identification:_identify(venv/lib/python3.10/site-packages/numpy/f2py/tests/src/return_logical) by extension 'cmake'
[0.889s] Level 1:colcon.colcon_core.package_identification:_identify(venv/lib/python3.10/site-packages/numpy/f2py/tests/src/return_logical) by extension 'python'
[0.889s] Level 1:colcon.colcon_core.package_identification:_identify(venv/lib/python3.10/site-packages/numpy/f2py/tests/src/return_logical) by extensions ['python_setup_py']
[0.889s] Level 1:colcon.colcon_core.package_identification:_identify(venv/lib/python3.10/site-packages/numpy/f2py/tests/src/return_logical) by extension 'python_setup_py'
[0.889s] Level 1:colcon.colcon_core.package_identification:_identify(venv/lib/python3.10/site-packages/numpy/f2py/tests/src/return_real) by extensions ['ignore', 'ignore_ament_install']
[0.889s] Level 1:colcon.colcon_core.package_identification:_identify(venv/lib/python3.10/site-packages/numpy/f2py/tests/src/return_real) by extension 'ignore'
[0.889s] Level 1:colcon.colcon_core.package_identification:_identify(venv/lib/python3.10/site-packages/numpy/f2py/tests/src/return_real) by extension 'ignore_ament_install'
[0.890s] Level 1:colcon.colcon_core.package_identification:_identify(venv/lib/python3.10/site-packages/numpy/f2py/tests/src/return_real) by extensions ['colcon_pkg']
[0.890s] Level 1:colcon.colcon_core.package_identification:_identify(venv/lib/python3.10/site-packages/numpy/f2py/tests/src/return_real) by extension 'colcon_pkg'
[0.890s] Level 1:colcon.colcon_core.package_identification:_identify(venv/lib/python3.10/site-packages/numpy/f2py/tests/src/return_real) by extensions ['colcon_meta']
[0.890s] Level 1:colcon.colcon_core.package_identification:_identify(venv/lib/python3.10/site-packages/numpy/f2py/tests/src/return_real) by extension 'colcon_meta'
[0.890s] Level 1:colcon.colcon_core.package_identification:_identify(venv/lib/python3.10/site-packages/numpy/f2py/tests/src/return_real) by extensions ['ros']
[0.890s] Level 1:colcon.colcon_core.package_identification:_identify(venv/lib/python3.10/site-packages/numpy/f2py/tests/src/return_real) by extension 'ros'
[0.890s] Level 1:colcon.colcon_core.package_identification:_identify(venv/lib/python3.10/site-packages/numpy/f2py/tests/src/return_real) by extensions ['cmake', 'python']
[0.890s] Level 1:colcon.colcon_core.package_identification:_identify(venv/lib/python3.10/site-packages/numpy/f2py/tests/src/return_real) by extension 'cmake'
[0.890s] Level 1:colcon.colcon_core.package_identification:_identify(venv/lib/python3.10/site-packages/numpy/f2py/tests/src/return_real) by extension 'python'
[0.890s] Level 1:colcon.colcon_core.package_identification:_identify(venv/lib/python3.10/site-packages/numpy/f2py/tests/src/return_real) by extensions ['python_setup_py']
[0.890s] Level 1:colcon.colcon_core.package_identification:_identify(venv/lib/python3.10/site-packages/numpy/f2py/tests/src/return_real) by extension 'python_setup_py'
[0.890s] Level 1:colcon.colcon_core.package_identification:_identify(venv/lib/python3.10/site-packages/numpy/f2py/tests/src/routines) by extensions ['ignore', 'ignore_ament_install']
[0.890s] Level 1:colcon.colcon_core.package_identification:_identify(venv/lib/python3.10/site-packages/numpy/f2py/tests/src/routines) by extension 'ignore'
[0.890s] Level 1:colcon.colcon_core.package_identification:_identify(venv/lib/python3.10/site-packages/numpy/f2py/tests/src/routines) by extension 'ignore_ament_install'
[0.890s] Level 1:colcon.colcon_core.package_identification:_identify(venv/lib/python3.10/site-packages/numpy/f2py/tests/src/routines) by extensions ['colcon_pkg']
[0.890s] Level 1:colcon.colcon_core.package_identification:_identify(venv/lib/python3.10/site-packages/numpy/f2py/tests/src/routines) by extension 'colcon_pkg'
[0.890s] Level 1:colcon.colcon_core.package_identification:_identify(venv/lib/python3.10/site-packages/numpy/f2py/tests/src/routines) by extensions ['colcon_meta']
[0.890s] Level 1:colcon.colcon_core.package_identification:_identify(venv/lib/python3.10/site-packages/numpy/f2py/tests/src/routines) by extension 'colcon_meta'
[0.890s] Level 1:colcon.colcon_core.package_identification:_identify(venv/lib/python3.10/site-packages/numpy/f2py/tests/src/routines) by extensions ['ros']
[0.890s] Level 1:colcon.colcon_core.package_identification:_identify(venv/lib/python3.10/site-packages/numpy/f2py/tests/src/routines) by extension 'ros'
[0.890s] Level 1:colcon.colcon_core.package_identification:_identify(venv/lib/python3.10/site-packages/numpy/f2py/tests/src/routines) by extensions ['cmake', 'python']
[0.890s] Level 1:colcon.colcon_core.package_identification:_identify(venv/lib/python3.10/site-packages/numpy/f2py/tests/src/routines) by extension 'cmake'
[0.890s] Level 1:colcon.colcon_core.package_identification:_identify(venv/lib/python3.10/site-packages/numpy/f2py/tests/src/routines) by extension 'python'
[0.890s] Level 1:colcon.colcon_core.package_identification:_identify(venv/lib/python3.10/site-packages/numpy/f2py/tests/src/routines) by extensions ['python_setup_py']
[0.890s] Level 1:colcon.colcon_core.package_identification:_identify(venv/lib/python3.10/site-packages/numpy/f2py/tests/src/routines) by extension 'python_setup_py'
[0.890s] Level 1:colcon.colcon_core.package_identification:_identify(venv/lib/python3.10/site-packages/numpy/f2py/tests/src/size) by extensions ['ignore', 'ignore_ament_install']
[0.890s] Level 1:colcon.colcon_core.package_identification:_identify(venv/lib/python3.10/site-packages/numpy/f2py/tests/src/size) by extension 'ignore'
[0.890s] Level 1:colcon.colcon_core.package_identification:_identify(venv/lib/python3.10/site-packages/numpy/f2py/tests/src/size) by extension 'ignore_ament_install'
[0.890s] Level 1:colcon.colcon_core.package_identification:_identify(venv/lib/python3.10/site-packages/numpy/f2py/tests/src/size) by extensions ['colcon_pkg']
[0.890s] Level 1:colcon.colcon_core.package_identification:_identify(venv/lib/python3.10/site-packages/numpy/f2py/tests/src/size) by extension 'colcon_pkg'
[0.890s] Level 1:colcon.colcon_core.package_identification:_identify(venv/lib/python3.10/site-packages/numpy/f2py/tests/src/size) by extensions ['colcon_meta']
[0.890s] Level 1:colcon.colcon_core.package_identification:_identify(venv/lib/python3.10/site-packages/numpy/f2py/tests/src/size) by extension 'colcon_meta'
[0.890s] Level 1:colcon.colcon_core.package_identification:_identify(venv/lib/python3.10/site-packages/numpy/f2py/tests/src/size) by extensions ['ros']
[0.890s] Level 1:colcon.colcon_core.package_identification:_identify(venv/lib/python3.10/site-packages/numpy/f2py/tests/src/size) by extension 'ros'
[0.890s] Level 1:colcon.colcon_core.package_identification:_identify(venv/lib/python3.10/site-packages/numpy/f2py/tests/src/size) by extensions ['cmake', 'python']
[0.891s] Level 1:colcon.colcon_core.package_identification:_identify(venv/lib/python3.10/site-packages/numpy/f2py/tests/src/size) by extension 'cmake'
[0.891s] Level 1:colcon.colcon_core.package_identification:_identify(venv/lib/python3.10/site-packages/numpy/f2py/tests/src/size) by extension 'python'
[0.891s] Level 1:colcon.colcon_core.package_identification:_identify(venv/lib/python3.10/site-packages/numpy/f2py/tests/src/size) by extensions ['python_setup_py']
[0.891s] Level 1:colcon.colcon_core.package_identification:_identify(venv/lib/python3.10/site-packages/numpy/f2py/tests/src/size) by extension 'python_setup_py'
[0.891s] Level 1:colcon.colcon_core.package_identification:_identify(venv/lib/python3.10/site-packages/numpy/f2py/tests/src/string) by extensions ['ignore', 'ignore_ament_install']
[0.891s] Level 1:colcon.colcon_core.package_identification:_identify(venv/lib/python3.10/site-packages/numpy/f2py/tests/src/string) by extension 'ignore'
[0.891s] Level 1:colcon.colcon_core.package_identification:_identify(venv/lib/python3.10/site-packages/numpy/f2py/tests/src/string) by extension 'ignore_ament_install'
[0.891s] Level 1:colcon.colcon_core.package_identification:_identify(venv/lib/python3.10/site-packages/numpy/f2py/tests/src/string) by extensions ['colcon_pkg']
[0.891s] Level 1:colcon.colcon_core.package_identification:_identify(venv/lib/python3.10/site-packages/numpy/f2py/tests/src/string) by extension 'colcon_pkg'
[0.891s] Level 1:colcon.colcon_core.package_identification:_identify(venv/lib/python3.10/site-packages/numpy/f2py/tests/src/string) by extensions ['colcon_meta']
[0.891s] Level 1:colcon.colcon_core.package_identification:_identify(venv/lib/python3.10/site-packages/numpy/f2py/tests/src/string) by extension 'colcon_meta'
[0.891s] Level 1:colcon.colcon_core.package_identification:_identify(venv/lib/python3.10/site-packages/numpy/f2py/tests/src/string) by extensions ['ros']
[0.891s] Level 1:colcon.colcon_core.package_identification:_identify(venv/lib/python3.10/site-packages/numpy/f2py/tests/src/string) by extension 'ros'
[0.891s] Level 1:colcon.colcon_core.package_identification:_identify(venv/lib/python3.10/site-packages/numpy/f2py/tests/src/string) by extensions ['cmake', 'python']
[0.891s] Level 1:colcon.colcon_core.package_identification:_identify(venv/lib/python3.10/site-packages/numpy/f2py/tests/src/string) by extension 'cmake'
[0.891s] Level 1:colcon.colcon_core.package_identification:_identify(venv/lib/python3.10/site-packages/numpy/f2py/tests/src/string) by extension 'python'
[0.891s] Level 1:colcon.colcon_core.package_identification:_identify(venv/lib/python3.10/site-packages/numpy/f2py/tests/src/string) by extensions ['python_setup_py']
[0.891s] Level 1:colcon.colcon_core.package_identification:_identify(venv/lib/python3.10/site-packages/numpy/f2py/tests/src/string) by extension 'python_setup_py'
[0.891s] Level 1:colcon.colcon_core.package_identification:_identify(venv/lib/python3.10/site-packages/numpy/f2py/tests/src/value_attrspec) by extensions ['ignore', 'ignore_ament_install']
[0.891s] Level 1:colcon.colcon_core.package_identification:_identify(venv/lib/python3.10/site-packages/numpy/f2py/tests/src/value_attrspec) by extension 'ignore'
[0.891s] Level 1:colcon.colcon_core.package_identification:_identify(venv/lib/python3.10/site-packages/numpy/f2py/tests/src/value_attrspec) by extension 'ignore_ament_install'
[0.891s] Level 1:colcon.colcon_core.package_identification:_identify(venv/lib/python3.10/site-packages/numpy/f2py/tests/src/value_attrspec) by extensions ['colcon_pkg']
[0.891s] Level 1:colcon.colcon_core.package_identification:_identify(venv/lib/python3.10/site-packages/numpy/f2py/tests/src/value_attrspec) by extension 'colcon_pkg'
[0.891s] Level 1:colcon.colcon_core.package_identification:_identify(venv/lib/python3.10/site-packages/numpy/f2py/tests/src/value_attrspec) by extensions ['colcon_meta']
[0.891s] Level 1:colcon.colcon_core.package_identification:_identify(venv/lib/python3.10/site-packages/numpy/f2py/tests/src/value_attrspec) by extension 'colcon_meta'
[0.891s] Level 1:colcon.colcon_core.package_identification:_identify(venv/lib/python3.10/site-packages/numpy/f2py/tests/src/value_attrspec) by extensions ['ros']
[0.891s] Level 1:colcon.colcon_core.package_identification:_identify(venv/lib/python3.10/site-packages/numpy/f2py/tests/src/value_attrspec) by extension 'ros'
[0.891s] Level 1:colcon.colcon_core.package_identification:_identify(venv/lib/python3.10/site-packages/numpy/f2py/tests/src/value_attrspec) by extensions ['cmake', 'python']
[0.891s] Level 1:colcon.colcon_core.package_identification:_identify(venv/lib/python3.10/site-packages/numpy/f2py/tests/src/value_attrspec) by extension 'cmake'
[0.891s] Level 1:colcon.colcon_core.package_identification:_identify(venv/lib/python3.10/site-packages/numpy/f2py/tests/src/value_attrspec) by extension 'python'
[0.891s] Level 1:colcon.colcon_core.package_identification:_identify(venv/lib/python3.10/site-packages/numpy/f2py/tests/src/value_attrspec) by extensions ['python_setup_py']
[0.891s] Level 1:colcon.colcon_core.package_identification:_identify(venv/lib/python3.10/site-packages/numpy/f2py/tests/src/value_attrspec) by extension 'python_setup_py'
[0.891s] Level 1:colcon.colcon_core.package_identification:_identify(venv/lib/python3.10/site-packages/numpy/fft) by extensions ['ignore', 'ignore_ament_install']
[0.891s] Level 1:colcon.colcon_core.package_identification:_identify(venv/lib/python3.10/site-packages/numpy/fft) by extension 'ignore'
[0.892s] Level 1:colcon.colcon_core.package_identification:_identify(venv/lib/python3.10/site-packages/numpy/fft) by extension 'ignore_ament_install'
[0.892s] Level 1:colcon.colcon_core.package_identification:_identify(venv/lib/python3.10/site-packages/numpy/fft) by extensions ['colcon_pkg']
[0.892s] Level 1:colcon.colcon_core.package_identification:_identify(venv/lib/python3.10/site-packages/numpy/fft) by extension 'colcon_pkg'
[0.892s] Level 1:colcon.colcon_core.package_identification:_identify(venv/lib/python3.10/site-packages/numpy/fft) by extensions ['colcon_meta']
[0.892s] Level 1:colcon.colcon_core.package_identification:_identify(venv/lib/python3.10/site-packages/numpy/fft) by extension 'colcon_meta'
[0.892s] Level 1:colcon.colcon_core.package_identification:_identify(venv/lib/python3.10/site-packages/numpy/fft) by extensions ['ros']
[0.892s] Level 1:colcon.colcon_core.package_identification:_identify(venv/lib/python3.10/site-packages/numpy/fft) by extension 'ros'
[0.892s] Level 1:colcon.colcon_core.package_identification:_identify(venv/lib/python3.10/site-packages/numpy/fft) by extensions ['cmake', 'python']
[0.892s] Level 1:colcon.colcon_core.package_identification:_identify(venv/lib/python3.10/site-packages/numpy/fft) by extension 'cmake'
[0.892s] Level 1:colcon.colcon_core.package_identification:_identify(venv/lib/python3.10/site-packages/numpy/fft) by extension 'python'
[0.892s] Level 1:colcon.colcon_core.package_identification:_identify(venv/lib/python3.10/site-packages/numpy/fft) by extensions ['python_setup_py']
[0.892s] Level 1:colcon.colcon_core.package_identification:_identify(venv/lib/python3.10/site-packages/numpy/fft) by extension 'python_setup_py'
[0.892s] Level 1:colcon.colcon_core.package_identification:_identify(venv/lib/python3.10/site-packages/numpy/fft/__pycache__) by extensions ['ignore', 'ignore_ament_install']
[0.892s] Level 1:colcon.colcon_core.package_identification:_identify(venv/lib/python3.10/site-packages/numpy/fft/__pycache__) by extension 'ignore'
[0.892s] Level 1:colcon.colcon_core.package_identification:_identify(venv/lib/python3.10/site-packages/numpy/fft/__pycache__) by extension 'ignore_ament_install'
[0.892s] Level 1:colcon.colcon_core.package_identification:_identify(venv/lib/python3.10/site-packages/numpy/fft/__pycache__) by extensions ['colcon_pkg']
[0.892s] Level 1:colcon.colcon_core.package_identification:_identify(venv/lib/python3.10/site-packages/numpy/fft/__pycache__) by extension 'colcon_pkg'
[0.892s] Level 1:colcon.colcon_core.package_identification:_identify(venv/lib/python3.10/site-packages/numpy/fft/__pycache__) by extensions ['colcon_meta']
[0.892s] Level 1:colcon.colcon_core.package_identification:_identify(venv/lib/python3.10/site-packages/numpy/fft/__pycache__) by extension 'colcon_meta'
[0.892s] Level 1:colcon.colcon_core.package_identification:_identify(venv/lib/python3.10/site-packages/numpy/fft/__pycache__) by extensions ['ros']
[0.892s] Level 1:colcon.colcon_core.package_identification:_identify(venv/lib/python3.10/site-packages/numpy/fft/__pycache__) by extension 'ros'
[0.892s] Level 1:colcon.colcon_core.package_identification:_identify(venv/lib/python3.10/site-packages/numpy/fft/__pycache__) by extensions ['cmake', 'python']
[0.892s] Level 1:colcon.colcon_core.package_identification:_identify(venv/lib/python3.10/site-packages/numpy/fft/__pycache__) by extension 'cmake'
[0.892s] Level 1:colcon.colcon_core.package_identification:_identify(venv/lib/python3.10/site-packages/numpy/fft/__pycache__) by extension 'python'
[0.892s] Level 1:colcon.colcon_core.package_identification:_identify(venv/lib/python3.10/site-packages/numpy/fft/__pycache__) by extensions ['python_setup_py']
[0.892s] Level 1:colcon.colcon_core.package_identification:_identify(venv/lib/python3.10/site-packages/numpy/fft/__pycache__) by extension 'python_setup_py'
[0.892s] Level 1:colcon.colcon_core.package_identification:_identify(venv/lib/python3.10/site-packages/numpy/fft/tests) by extensions ['ignore', 'ignore_ament_install']
[0.892s] Level 1:colcon.colcon_core.package_identification:_identify(venv/lib/python3.10/site-packages/numpy/fft/tests) by extension 'ignore'
[0.892s] Level 1:colcon.colcon_core.package_identification:_identify(venv/lib/python3.10/site-packages/numpy/fft/tests) by extension 'ignore_ament_install'
[0.892s] Level 1:colcon.colcon_core.package_identification:_identify(venv/lib/python3.10/site-packages/numpy/fft/tests) by extensions ['colcon_pkg']
[0.892s] Level 1:colcon.colcon_core.package_identification:_identify(venv/lib/python3.10/site-packages/numpy/fft/tests) by extension 'colcon_pkg'
[0.892s] Level 1:colcon.colcon_core.package_identification:_identify(venv/lib/python3.10/site-packages/numpy/fft/tests) by extensions ['colcon_meta']
[0.892s] Level 1:colcon.colcon_core.package_identification:_identify(venv/lib/python3.10/site-packages/numpy/fft/tests) by extension 'colcon_meta'
[0.892s] Level 1:colcon.colcon_core.package_identification:_identify(venv/lib/python3.10/site-packages/numpy/fft/tests) by extensions ['ros']
[0.892s] Level 1:colcon.colcon_core.package_identification:_identify(venv/lib/python3.10/site-packages/numpy/fft/tests) by extension 'ros'
[0.893s] Level 1:colcon.colcon_core.package_identification:_identify(venv/lib/python3.10/site-packages/numpy/fft/tests) by extensions ['cmake', 'python']
[0.893s] Level 1:colcon.colcon_core.package_identification:_identify(venv/lib/python3.10/site-packages/numpy/fft/tests) by extension 'cmake'
[0.893s] Level 1:colcon.colcon_core.package_identification:_identify(venv/lib/python3.10/site-packages/numpy/fft/tests) by extension 'python'
[0.893s] Level 1:colcon.colcon_core.package_identification:_identify(venv/lib/python3.10/site-packages/numpy/fft/tests) by extensions ['python_setup_py']
[0.893s] Level 1:colcon.colcon_core.package_identification:_identify(venv/lib/python3.10/site-packages/numpy/fft/tests) by extension 'python_setup_py'
[0.893s] Level 1:colcon.colcon_core.package_identification:_identify(venv/lib/python3.10/site-packages/numpy/fft/tests/__pycache__) by extensions ['ignore', 'ignore_ament_install']
[0.893s] Level 1:colcon.colcon_core.package_identification:_identify(venv/lib/python3.10/site-packages/numpy/fft/tests/__pycache__) by extension 'ignore'
[0.893s] Level 1:colcon.colcon_core.package_identification:_identify(venv/lib/python3.10/site-packages/numpy/fft/tests/__pycache__) by extension 'ignore_ament_install'
[0.893s] Level 1:colcon.colcon_core.package_identification:_identify(venv/lib/python3.10/site-packages/numpy/fft/tests/__pycache__) by extensions ['colcon_pkg']
[0.893s] Level 1:colcon.colcon_core.package_identification:_identify(venv/lib/python3.10/site-packages/numpy/fft/tests/__pycache__) by extension 'colcon_pkg'
[0.893s] Level 1:colcon.colcon_core.package_identification:_identify(venv/lib/python3.10/site-packages/numpy/fft/tests/__pycache__) by extensions ['colcon_meta']
[0.893s] Level 1:colcon.colcon_core.package_identification:_identify(venv/lib/python3.10/site-packages/numpy/fft/tests/__pycache__) by extension 'colcon_meta'
[0.893s] Level 1:colcon.colcon_core.package_identification:_identify(venv/lib/python3.10/site-packages/numpy/fft/tests/__pycache__) by extensions ['ros']
[0.893s] Level 1:colcon.colcon_core.package_identification:_identify(venv/lib/python3.10/site-packages/numpy/fft/tests/__pycache__) by extension 'ros'
[0.893s] Level 1:colcon.colcon_core.package_identification:_identify(venv/lib/python3.10/site-packages/numpy/fft/tests/__pycache__) by extensions ['cmake', 'python']
[0.893s] Level 1:colcon.colcon_core.package_identification:_identify(venv/lib/python3.10/site-packages/numpy/fft/tests/__pycache__) by extension 'cmake'
[0.893s] Level 1:colcon.colcon_core.package_identification:_identify(venv/lib/python3.10/site-packages/numpy/fft/tests/__pycache__) by extension 'python'
[0.893s] Level 1:colcon.colcon_core.package_identification:_identify(venv/lib/python3.10/site-packages/numpy/fft/tests/__pycache__) by extensions ['python_setup_py']
[0.893s] Level 1:colcon.colcon_core.package_identification:_identify(venv/lib/python3.10/site-packages/numpy/fft/tests/__pycache__) by extension 'python_setup_py'
[0.893s] Level 1:colcon.colcon_core.package_identification:_identify(venv/lib/python3.10/site-packages/numpy/lib) by extensions ['ignore', 'ignore_ament_install']
[0.893s] Level 1:colcon.colcon_core.package_identification:_identify(venv/lib/python3.10/site-packages/numpy/lib) by extension 'ignore'
[0.893s] Level 1:colcon.colcon_core.package_identification:_identify(venv/lib/python3.10/site-packages/numpy/lib) by extension 'ignore_ament_install'
[0.893s] Level 1:colcon.colcon_core.package_identification:_identify(venv/lib/python3.10/site-packages/numpy/lib) by extensions ['colcon_pkg']
[0.893s] Level 1:colcon.colcon_core.package_identification:_identify(venv/lib/python3.10/site-packages/numpy/lib) by extension 'colcon_pkg'
[0.893s] Level 1:colcon.colcon_core.package_identification:_identify(venv/lib/python3.10/site-packages/numpy/lib) by extensions ['colcon_meta']
[0.893s] Level 1:colcon.colcon_core.package_identification:_identify(venv/lib/python3.10/site-packages/numpy/lib) by extension 'colcon_meta'
[0.893s] Level 1:colcon.colcon_core.package_identification:_identify(venv/lib/python3.10/site-packages/numpy/lib) by extensions ['ros']
[0.893s] Level 1:colcon.colcon_core.package_identification:_identify(venv/lib/python3.10/site-packages/numpy/lib) by extension 'ros'
[0.893s] Level 1:colcon.colcon_core.package_identification:_identify(venv/lib/python3.10/site-packages/numpy/lib) by extensions ['cmake', 'python']
[0.893s] Level 1:colcon.colcon_core.package_identification:_identify(venv/lib/python3.10/site-packages/numpy/lib) by extension 'cmake'
[0.893s] Level 1:colcon.colcon_core.package_identification:_identify(venv/lib/python3.10/site-packages/numpy/lib) by extension 'python'
[0.893s] Level 1:colcon.colcon_core.package_identification:_identify(venv/lib/python3.10/site-packages/numpy/lib) by extensions ['python_setup_py']
[0.893s] Level 1:colcon.colcon_core.package_identification:_identify(venv/lib/python3.10/site-packages/numpy/lib) by extension 'python_setup_py'
[0.894s] Level 1:colcon.colcon_core.package_identification:_identify(venv/lib/python3.10/site-packages/numpy/lib/__pycache__) by extensions ['ignore', 'ignore_ament_install']
[0.894s] Level 1:colcon.colcon_core.package_identification:_identify(venv/lib/python3.10/site-packages/numpy/lib/__pycache__) by extension 'ignore'
[0.894s] Level 1:colcon.colcon_core.package_identification:_identify(venv/lib/python3.10/site-packages/numpy/lib/__pycache__) by extension 'ignore_ament_install'
[0.894s] Level 1:colcon.colcon_core.package_identification:_identify(venv/lib/python3.10/site-packages/numpy/lib/__pycache__) by extensions ['colcon_pkg']
[0.894s] Level 1:colcon.colcon_core.package_identification:_identify(venv/lib/python3.10/site-packages/numpy/lib/__pycache__) by extension 'colcon_pkg'
[0.894s] Level 1:colcon.colcon_core.package_identification:_identify(venv/lib/python3.10/site-packages/numpy/lib/__pycache__) by extensions ['colcon_meta']
[0.894s] Level 1:colcon.colcon_core.package_identification:_identify(venv/lib/python3.10/site-packages/numpy/lib/__pycache__) by extension 'colcon_meta'
[0.894s] Level 1:colcon.colcon_core.package_identification:_identify(venv/lib/python3.10/site-packages/numpy/lib/__pycache__) by extensions ['ros']
[0.894s] Level 1:colcon.colcon_core.package_identification:_identify(venv/lib/python3.10/site-packages/numpy/lib/__pycache__) by extension 'ros'
[0.894s] Level 1:colcon.colcon_core.package_identification:_identify(venv/lib/python3.10/site-packages/numpy/lib/__pycache__) by extensions ['cmake', 'python']
[0.894s] Level 1:colcon.colcon_core.package_identification:_identify(venv/lib/python3.10/site-packages/numpy/lib/__pycache__) by extension 'cmake'
[0.894s] Level 1:colcon.colcon_core.package_identification:_identify(venv/lib/python3.10/site-packages/numpy/lib/__pycache__) by extension 'python'
[0.894s] Level 1:colcon.colcon_core.package_identification:_identify(venv/lib/python3.10/site-packages/numpy/lib/__pycache__) by extensions ['python_setup_py']
[0.894s] Level 1:colcon.colcon_core.package_identification:_identify(venv/lib/python3.10/site-packages/numpy/lib/__pycache__) by extension 'python_setup_py'
[0.894s] Level 1:colcon.colcon_core.package_identification:_identify(venv/lib/python3.10/site-packages/numpy/lib/tests) by extensions ['ignore', 'ignore_ament_install']
[0.894s] Level 1:colcon.colcon_core.package_identification:_identify(venv/lib/python3.10/site-packages/numpy/lib/tests) by extension 'ignore'
[0.894s] Level 1:colcon.colcon_core.package_identification:_identify(venv/lib/python3.10/site-packages/numpy/lib/tests) by extension 'ignore_ament_install'
[0.894s] Level 1:colcon.colcon_core.package_identification:_identify(venv/lib/python3.10/site-packages/numpy/lib/tests) by extensions ['colcon_pkg']
[0.894s] Level 1:colcon.colcon_core.package_identification:_identify(venv/lib/python3.10/site-packages/numpy/lib/tests) by extension 'colcon_pkg'
[0.894s] Level 1:colcon.colcon_core.package_identification:_identify(venv/lib/python3.10/site-packages/numpy/lib/tests) by extensions ['colcon_meta']
[0.894s] Level 1:colcon.colcon_core.package_identification:_identify(venv/lib/python3.10/site-packages/numpy/lib/tests) by extension 'colcon_meta'
[0.894s] Level 1:colcon.colcon_core.package_identification:_identify(venv/lib/python3.10/site-packages/numpy/lib/tests) by extensions ['ros']
[0.894s] Level 1:colcon.colcon_core.package_identification:_identify(venv/lib/python3.10/site-packages/numpy/lib/tests) by extension 'ros'
[0.894s] Level 1:colcon.colcon_core.package_identification:_identify(venv/lib/python3.10/site-packages/numpy/lib/tests) by extensions ['cmake', 'python']
[0.894s] Level 1:colcon.colcon_core.package_identification:_identify(venv/lib/python3.10/site-packages/numpy/lib/tests) by extension 'cmake'
[0.894s] Level 1:colcon.colcon_core.package_identification:_identify(venv/lib/python3.10/site-packages/numpy/lib/tests) by extension 'python'
[0.894s] Level 1:colcon.colcon_core.package_identification:_identify(venv/lib/python3.10/site-packages/numpy/lib/tests) by extensions ['python_setup_py']
[0.894s] Level 1:colcon.colcon_core.package_identification:_identify(venv/lib/python3.10/site-packages/numpy/lib/tests) by extension 'python_setup_py'
[0.894s] Level 1:colcon.colcon_core.package_identification:_identify(venv/lib/python3.10/site-packages/numpy/lib/tests/__pycache__) by extensions ['ignore', 'ignore_ament_install']
[0.894s] Level 1:colcon.colcon_core.package_identification:_identify(venv/lib/python3.10/site-packages/numpy/lib/tests/__pycache__) by extension 'ignore'
[0.894s] Level 1:colcon.colcon_core.package_identification:_identify(venv/lib/python3.10/site-packages/numpy/lib/tests/__pycache__) by extension 'ignore_ament_install'
[0.894s] Level 1:colcon.colcon_core.package_identification:_identify(venv/lib/python3.10/site-packages/numpy/lib/tests/__pycache__) by extensions ['colcon_pkg']
[0.894s] Level 1:colcon.colcon_core.package_identification:_identify(venv/lib/python3.10/site-packages/numpy/lib/tests/__pycache__) by extension 'colcon_pkg'
[0.895s] Level 1:colcon.colcon_core.package_identification:_identify(venv/lib/python3.10/site-packages/numpy/lib/tests/__pycache__) by extensions ['colcon_meta']
[0.895s] Level 1:colcon.colcon_core.package_identification:_identify(venv/lib/python3.10/site-packages/numpy/lib/tests/__pycache__) by extension 'colcon_meta'
[0.895s] Level 1:colcon.colcon_core.package_identification:_identify(venv/lib/python3.10/site-packages/numpy/lib/tests/__pycache__) by extensions ['ros']
[0.895s] Level 1:colcon.colcon_core.package_identification:_identify(venv/lib/python3.10/site-packages/numpy/lib/tests/__pycache__) by extension 'ros'
[0.895s] Level 1:colcon.colcon_core.package_identification:_identify(venv/lib/python3.10/site-packages/numpy/lib/tests/__pycache__) by extensions ['cmake', 'python']
[0.895s] Level 1:colcon.colcon_core.package_identification:_identify(venv/lib/python3.10/site-packages/numpy/lib/tests/__pycache__) by extension 'cmake'
[0.895s] Level 1:colcon.colcon_core.package_identification:_identify(venv/lib/python3.10/site-packages/numpy/lib/tests/__pycache__) by extension 'python'
[0.895s] Level 1:colcon.colcon_core.package_identification:_identify(venv/lib/python3.10/site-packages/numpy/lib/tests/__pycache__) by extensions ['python_setup_py']
[0.895s] Level 1:colcon.colcon_core.package_identification:_identify(venv/lib/python3.10/site-packages/numpy/lib/tests/__pycache__) by extension 'python_setup_py'
[0.895s] Level 1:colcon.colcon_core.package_identification:_identify(venv/lib/python3.10/site-packages/numpy/lib/tests/data) by extensions ['ignore', 'ignore_ament_install']
[0.895s] Level 1:colcon.colcon_core.package_identification:_identify(venv/lib/python3.10/site-packages/numpy/lib/tests/data) by extension 'ignore'
[0.895s] Level 1:colcon.colcon_core.package_identification:_identify(venv/lib/python3.10/site-packages/numpy/lib/tests/data) by extension 'ignore_ament_install'
[0.895s] Level 1:colcon.colcon_core.package_identification:_identify(venv/lib/python3.10/site-packages/numpy/lib/tests/data) by extensions ['colcon_pkg']
[0.895s] Level 1:colcon.colcon_core.package_identification:_identify(venv/lib/python3.10/site-packages/numpy/lib/tests/data) by extension 'colcon_pkg'
[0.895s] Level 1:colcon.colcon_core.package_identification:_identify(venv/lib/python3.10/site-packages/numpy/lib/tests/data) by extensions ['colcon_meta']
[0.895s] Level 1:colcon.colcon_core.package_identification:_identify(venv/lib/python3.10/site-packages/numpy/lib/tests/data) by extension 'colcon_meta'
[0.895s] Level 1:colcon.colcon_core.package_identification:_identify(venv/lib/python3.10/site-packages/numpy/lib/tests/data) by extensions ['ros']
[0.895s] Level 1:colcon.colcon_core.package_identification:_identify(venv/lib/python3.10/site-packages/numpy/lib/tests/data) by extension 'ros'
[0.895s] Level 1:colcon.colcon_core.package_identification:_identify(venv/lib/python3.10/site-packages/numpy/lib/tests/data) by extensions ['cmake', 'python']
[0.895s] Level 1:colcon.colcon_core.package_identification:_identify(venv/lib/python3.10/site-packages/numpy/lib/tests/data) by extension 'cmake'
[0.895s] Level 1:colcon.colcon_core.package_identification:_identify(venv/lib/python3.10/site-packages/numpy/lib/tests/data) by extension 'python'
[0.895s] Level 1:colcon.colcon_core.package_identification:_identify(venv/lib/python3.10/site-packages/numpy/lib/tests/data) by extensions ['python_setup_py']
[0.895s] Level 1:colcon.colcon_core.package_identification:_identify(venv/lib/python3.10/site-packages/numpy/lib/tests/data) by extension 'python_setup_py'
[0.895s] Level 1:colcon.colcon_core.package_identification:_identify(venv/lib/python3.10/site-packages/numpy/linalg) by extensions ['ignore', 'ignore_ament_install']
[0.895s] Level 1:colcon.colcon_core.package_identification:_identify(venv/lib/python3.10/site-packages/numpy/linalg) by extension 'ignore'
[0.895s] Level 1:colcon.colcon_core.package_identification:_identify(venv/lib/python3.10/site-packages/numpy/linalg) by extension 'ignore_ament_install'
[0.895s] Level 1:colcon.colcon_core.package_identification:_identify(venv/lib/python3.10/site-packages/numpy/linalg) by extensions ['colcon_pkg']
[0.895s] Level 1:colcon.colcon_core.package_identification:_identify(venv/lib/python3.10/site-packages/numpy/linalg) by extension 'colcon_pkg'
[0.895s] Level 1:colcon.colcon_core.package_identification:_identify(venv/lib/python3.10/site-packages/numpy/linalg) by extensions ['colcon_meta']
[0.895s] Level 1:colcon.colcon_core.package_identification:_identify(venv/lib/python3.10/site-packages/numpy/linalg) by extension 'colcon_meta'
[0.895s] Level 1:colcon.colcon_core.package_identification:_identify(venv/lib/python3.10/site-packages/numpy/linalg) by extensions ['ros']
[0.895s] Level 1:colcon.colcon_core.package_identification:_identify(venv/lib/python3.10/site-packages/numpy/linalg) by extension 'ros'
[0.895s] Level 1:colcon.colcon_core.package_identification:_identify(venv/lib/python3.10/site-packages/numpy/linalg) by extensions ['cmake', 'python']
[0.895s] Level 1:colcon.colcon_core.package_identification:_identify(venv/lib/python3.10/site-packages/numpy/linalg) by extension 'cmake'
[0.895s] Level 1:colcon.colcon_core.package_identification:_identify(venv/lib/python3.10/site-packages/numpy/linalg) by extension 'python'
[0.895s] Level 1:colcon.colcon_core.package_identification:_identify(venv/lib/python3.10/site-packages/numpy/linalg) by extensions ['python_setup_py']
[0.896s] Level 1:colcon.colcon_core.package_identification:_identify(venv/lib/python3.10/site-packages/numpy/linalg) by extension 'python_setup_py'
[0.896s] Level 1:colcon.colcon_core.package_identification:_identify(venv/lib/python3.10/site-packages/numpy/linalg/__pycache__) by extensions ['ignore', 'ignore_ament_install']
[0.896s] Level 1:colcon.colcon_core.package_identification:_identify(venv/lib/python3.10/site-packages/numpy/linalg/__pycache__) by extension 'ignore'
[0.896s] Level 1:colcon.colcon_core.package_identification:_identify(venv/lib/python3.10/site-packages/numpy/linalg/__pycache__) by extension 'ignore_ament_install'
[0.896s] Level 1:colcon.colcon_core.package_identification:_identify(venv/lib/python3.10/site-packages/numpy/linalg/__pycache__) by extensions ['colcon_pkg']
[0.896s] Level 1:colcon.colcon_core.package_identification:_identify(venv/lib/python3.10/site-packages/numpy/linalg/__pycache__) by extension 'colcon_pkg'
[0.896s] Level 1:colcon.colcon_core.package_identification:_identify(venv/lib/python3.10/site-packages/numpy/linalg/__pycache__) by extensions ['colcon_meta']
[0.896s] Level 1:colcon.colcon_core.package_identification:_identify(venv/lib/python3.10/site-packages/numpy/linalg/__pycache__) by extension 'colcon_meta'
[0.896s] Level 1:colcon.colcon_core.package_identification:_identify(venv/lib/python3.10/site-packages/numpy/linalg/__pycache__) by extensions ['ros']
[0.896s] Level 1:colcon.colcon_core.package_identification:_identify(venv/lib/python3.10/site-packages/numpy/linalg/__pycache__) by extension 'ros'
[0.896s] Level 1:colcon.colcon_core.package_identification:_identify(venv/lib/python3.10/site-packages/numpy/linalg/__pycache__) by extensions ['cmake', 'python']
[0.896s] Level 1:colcon.colcon_core.package_identification:_identify(venv/lib/python3.10/site-packages/numpy/linalg/__pycache__) by extension 'cmake'
[0.896s] Level 1:colcon.colcon_core.package_identification:_identify(venv/lib/python3.10/site-packages/numpy/linalg/__pycache__) by extension 'python'
[0.896s] Level 1:colcon.colcon_core.package_identification:_identify(venv/lib/python3.10/site-packages/numpy/linalg/__pycache__) by extensions ['python_setup_py']
[0.896s] Level 1:colcon.colcon_core.package_identification:_identify(venv/lib/python3.10/site-packages/numpy/linalg/__pycache__) by extension 'python_setup_py'
[0.896s] Level 1:colcon.colcon_core.package_identification:_identify(venv/lib/python3.10/site-packages/numpy/linalg/tests) by extensions ['ignore', 'ignore_ament_install']
[0.896s] Level 1:colcon.colcon_core.package_identification:_identify(venv/lib/python3.10/site-packages/numpy/linalg/tests) by extension 'ignore'
[0.896s] Level 1:colcon.colcon_core.package_identification:_identify(venv/lib/python3.10/site-packages/numpy/linalg/tests) by extension 'ignore_ament_install'
[0.896s] Level 1:colcon.colcon_core.package_identification:_identify(venv/lib/python3.10/site-packages/numpy/linalg/tests) by extensions ['colcon_pkg']
[0.896s] Level 1:colcon.colcon_core.package_identification:_identify(venv/lib/python3.10/site-packages/numpy/linalg/tests) by extension 'colcon_pkg'
[0.896s] Level 1:colcon.colcon_core.package_identification:_identify(venv/lib/python3.10/site-packages/numpy/linalg/tests) by extensions ['colcon_meta']
[0.896s] Level 1:colcon.colcon_core.package_identification:_identify(venv/lib/python3.10/site-packages/numpy/linalg/tests) by extension 'colcon_meta'
[0.896s] Level 1:colcon.colcon_core.package_identification:_identify(venv/lib/python3.10/site-packages/numpy/linalg/tests) by extensions ['ros']
[0.896s] Level 1:colcon.colcon_core.package_identification:_identify(venv/lib/python3.10/site-packages/numpy/linalg/tests) by extension 'ros'
[0.896s] Level 1:colcon.colcon_core.package_identification:_identify(venv/lib/python3.10/site-packages/numpy/linalg/tests) by extensions ['cmake', 'python']
[0.896s] Level 1:colcon.colcon_core.package_identification:_identify(venv/lib/python3.10/site-packages/numpy/linalg/tests) by extension 'cmake'
[0.896s] Level 1:colcon.colcon_core.package_identification:_identify(venv/lib/python3.10/site-packages/numpy/linalg/tests) by extension 'python'
[0.896s] Level 1:colcon.colcon_core.package_identification:_identify(venv/lib/python3.10/site-packages/numpy/linalg/tests) by extensions ['python_setup_py']
[0.896s] Level 1:colcon.colcon_core.package_identification:_identify(venv/lib/python3.10/site-packages/numpy/linalg/tests) by extension 'python_setup_py'
[0.896s] Level 1:colcon.colcon_core.package_identification:_identify(venv/lib/python3.10/site-packages/numpy/linalg/tests/__pycache__) by extensions ['ignore', 'ignore_ament_install']
[0.896s] Level 1:colcon.colcon_core.package_identification:_identify(venv/lib/python3.10/site-packages/numpy/linalg/tests/__pycache__) by extension 'ignore'
[0.896s] Level 1:colcon.colcon_core.package_identification:_identify(venv/lib/python3.10/site-packages/numpy/linalg/tests/__pycache__) by extension 'ignore_ament_install'
[0.896s] Level 1:colcon.colcon_core.package_identification:_identify(venv/lib/python3.10/site-packages/numpy/linalg/tests/__pycache__) by extensions ['colcon_pkg']
[0.897s] Level 1:colcon.colcon_core.package_identification:_identify(venv/lib/python3.10/site-packages/numpy/linalg/tests/__pycache__) by extension 'colcon_pkg'
[0.897s] Level 1:colcon.colcon_core.package_identification:_identify(venv/lib/python3.10/site-packages/numpy/linalg/tests/__pycache__) by extensions ['colcon_meta']
[0.897s] Level 1:colcon.colcon_core.package_identification:_identify(venv/lib/python3.10/site-packages/numpy/linalg/tests/__pycache__) by extension 'colcon_meta'
[0.897s] Level 1:colcon.colcon_core.package_identification:_identify(venv/lib/python3.10/site-packages/numpy/linalg/tests/__pycache__) by extensions ['ros']
[0.897s] Level 1:colcon.colcon_core.package_identification:_identify(venv/lib/python3.10/site-packages/numpy/linalg/tests/__pycache__) by extension 'ros'
[0.897s] Level 1:colcon.colcon_core.package_identification:_identify(venv/lib/python3.10/site-packages/numpy/linalg/tests/__pycache__) by extensions ['cmake', 'python']
[0.897s] Level 1:colcon.colcon_core.package_identification:_identify(venv/lib/python3.10/site-packages/numpy/linalg/tests/__pycache__) by extension 'cmake'
[0.897s] Level 1:colcon.colcon_core.package_identification:_identify(venv/lib/python3.10/site-packages/numpy/linalg/tests/__pycache__) by extension 'python'
[0.897s] Level 1:colcon.colcon_core.package_identification:_identify(venv/lib/python3.10/site-packages/numpy/linalg/tests/__pycache__) by extensions ['python_setup_py']
[0.897s] Level 1:colcon.colcon_core.package_identification:_identify(venv/lib/python3.10/site-packages/numpy/linalg/tests/__pycache__) by extension 'python_setup_py'
[0.897s] Level 1:colcon.colcon_core.package_identification:_identify(venv/lib/python3.10/site-packages/numpy/ma) by extensions ['ignore', 'ignore_ament_install']
[0.897s] Level 1:colcon.colcon_core.package_identification:_identify(venv/lib/python3.10/site-packages/numpy/ma) by extension 'ignore'
[0.897s] Level 1:colcon.colcon_core.package_identification:_identify(venv/lib/python3.10/site-packages/numpy/ma) by extension 'ignore_ament_install'
[0.897s] Level 1:colcon.colcon_core.package_identification:_identify(venv/lib/python3.10/site-packages/numpy/ma) by extensions ['colcon_pkg']
[0.897s] Level 1:colcon.colcon_core.package_identification:_identify(venv/lib/python3.10/site-packages/numpy/ma) by extension 'colcon_pkg'
[0.897s] Level 1:colcon.colcon_core.package_identification:_identify(venv/lib/python3.10/site-packages/numpy/ma) by extensions ['colcon_meta']
[0.897s] Level 1:colcon.colcon_core.package_identification:_identify(venv/lib/python3.10/site-packages/numpy/ma) by extension 'colcon_meta'
[0.897s] Level 1:colcon.colcon_core.package_identification:_identify(venv/lib/python3.10/site-packages/numpy/ma) by extensions ['ros']
[0.897s] Level 1:colcon.colcon_core.package_identification:_identify(venv/lib/python3.10/site-packages/numpy/ma) by extension 'ros'
[0.897s] Level 1:colcon.colcon_core.package_identification:_identify(venv/lib/python3.10/site-packages/numpy/ma) by extensions ['cmake', 'python']
[0.897s] Level 1:colcon.colcon_core.package_identification:_identify(venv/lib/python3.10/site-packages/numpy/ma) by extension 'cmake'
[0.897s] Level 1:colcon.colcon_core.package_identification:_identify(venv/lib/python3.10/site-packages/numpy/ma) by extension 'python'
[0.897s] Level 1:colcon.colcon_core.package_identification:_identify(venv/lib/python3.10/site-packages/numpy/ma) by extensions ['python_setup_py']
[0.897s] Level 1:colcon.colcon_core.package_identification:_identify(venv/lib/python3.10/site-packages/numpy/ma) by extension 'python_setup_py'
[0.897s] Level 1:colcon.colcon_core.package_identification:_identify(venv/lib/python3.10/site-packages/numpy/ma/__pycache__) by extensions ['ignore', 'ignore_ament_install']
[0.897s] Level 1:colcon.colcon_core.package_identification:_identify(venv/lib/python3.10/site-packages/numpy/ma/__pycache__) by extension 'ignore'
[0.897s] Level 1:colcon.colcon_core.package_identification:_identify(venv/lib/python3.10/site-packages/numpy/ma/__pycache__) by extension 'ignore_ament_install'
[0.897s] Level 1:colcon.colcon_core.package_identification:_identify(venv/lib/python3.10/site-packages/numpy/ma/__pycache__) by extensions ['colcon_pkg']
[0.897s] Level 1:colcon.colcon_core.package_identification:_identify(venv/lib/python3.10/site-packages/numpy/ma/__pycache__) by extension 'colcon_pkg'
[0.897s] Level 1:colcon.colcon_core.package_identification:_identify(venv/lib/python3.10/site-packages/numpy/ma/__pycache__) by extensions ['colcon_meta']
[0.897s] Level 1:colcon.colcon_core.package_identification:_identify(venv/lib/python3.10/site-packages/numpy/ma/__pycache__) by extension 'colcon_meta'
[0.897s] Level 1:colcon.colcon_core.package_identification:_identify(venv/lib/python3.10/site-packages/numpy/ma/__pycache__) by extensions ['ros']
[0.897s] Level 1:colcon.colcon_core.package_identification:_identify(venv/lib/python3.10/site-packages/numpy/ma/__pycache__) by extension 'ros'
[0.897s] Level 1:colcon.colcon_core.package_identification:_identify(venv/lib/python3.10/site-packages/numpy/ma/__pycache__) by extensions ['cmake', 'python']
[0.897s] Level 1:colcon.colcon_core.package_identification:_identify(venv/lib/python3.10/site-packages/numpy/ma/__pycache__) by extension 'cmake'
[0.897s] Level 1:colcon.colcon_core.package_identification:_identify(venv/lib/python3.10/site-packages/numpy/ma/__pycache__) by extension 'python'
[0.898s] Level 1:colcon.colcon_core.package_identification:_identify(venv/lib/python3.10/site-packages/numpy/ma/__pycache__) by extensions ['python_setup_py']
[0.898s] Level 1:colcon.colcon_core.package_identification:_identify(venv/lib/python3.10/site-packages/numpy/ma/__pycache__) by extension 'python_setup_py'
[0.898s] Level 1:colcon.colcon_core.package_identification:_identify(venv/lib/python3.10/site-packages/numpy/ma/tests) by extensions ['ignore', 'ignore_ament_install']
[0.898s] Level 1:colcon.colcon_core.package_identification:_identify(venv/lib/python3.10/site-packages/numpy/ma/tests) by extension 'ignore'
[0.898s] Level 1:colcon.colcon_core.package_identification:_identify(venv/lib/python3.10/site-packages/numpy/ma/tests) by extension 'ignore_ament_install'
[0.898s] Level 1:colcon.colcon_core.package_identification:_identify(venv/lib/python3.10/site-packages/numpy/ma/tests) by extensions ['colcon_pkg']
[0.898s] Level 1:colcon.colcon_core.package_identification:_identify(venv/lib/python3.10/site-packages/numpy/ma/tests) by extension 'colcon_pkg'
[0.898s] Level 1:colcon.colcon_core.package_identification:_identify(venv/lib/python3.10/site-packages/numpy/ma/tests) by extensions ['colcon_meta']
[0.898s] Level 1:colcon.colcon_core.package_identification:_identify(venv/lib/python3.10/site-packages/numpy/ma/tests) by extension 'colcon_meta'
[0.898s] Level 1:colcon.colcon_core.package_identification:_identify(venv/lib/python3.10/site-packages/numpy/ma/tests) by extensions ['ros']
[0.898s] Level 1:colcon.colcon_core.package_identification:_identify(venv/lib/python3.10/site-packages/numpy/ma/tests) by extension 'ros'
[0.898s] Level 1:colcon.colcon_core.package_identification:_identify(venv/lib/python3.10/site-packages/numpy/ma/tests) by extensions ['cmake', 'python']
[0.898s] Level 1:colcon.colcon_core.package_identification:_identify(venv/lib/python3.10/site-packages/numpy/ma/tests) by extension 'cmake'
[0.898s] Level 1:colcon.colcon_core.package_identification:_identify(venv/lib/python3.10/site-packages/numpy/ma/tests) by extension 'python'
[0.898s] Level 1:colcon.colcon_core.package_identification:_identify(venv/lib/python3.10/site-packages/numpy/ma/tests) by extensions ['python_setup_py']
[0.898s] Level 1:colcon.colcon_core.package_identification:_identify(venv/lib/python3.10/site-packages/numpy/ma/tests) by extension 'python_setup_py'
[0.898s] Level 1:colcon.colcon_core.package_identification:_identify(venv/lib/python3.10/site-packages/numpy/ma/tests/__pycache__) by extensions ['ignore', 'ignore_ament_install']
[0.898s] Level 1:colcon.colcon_core.package_identification:_identify(venv/lib/python3.10/site-packages/numpy/ma/tests/__pycache__) by extension 'ignore'
[0.898s] Level 1:colcon.colcon_core.package_identification:_identify(venv/lib/python3.10/site-packages/numpy/ma/tests/__pycache__) by extension 'ignore_ament_install'
[0.898s] Level 1:colcon.colcon_core.package_identification:_identify(venv/lib/python3.10/site-packages/numpy/ma/tests/__pycache__) by extensions ['colcon_pkg']
[0.898s] Level 1:colcon.colcon_core.package_identification:_identify(venv/lib/python3.10/site-packages/numpy/ma/tests/__pycache__) by extension 'colcon_pkg'
[0.898s] Level 1:colcon.colcon_core.package_identification:_identify(venv/lib/python3.10/site-packages/numpy/ma/tests/__pycache__) by extensions ['colcon_meta']
[0.898s] Level 1:colcon.colcon_core.package_identification:_identify(venv/lib/python3.10/site-packages/numpy/ma/tests/__pycache__) by extension 'colcon_meta'
[0.898s] Level 1:colcon.colcon_core.package_identification:_identify(venv/lib/python3.10/site-packages/numpy/ma/tests/__pycache__) by extensions ['ros']
[0.898s] Level 1:colcon.colcon_core.package_identification:_identify(venv/lib/python3.10/site-packages/numpy/ma/tests/__pycache__) by extension 'ros'
[0.898s] Level 1:colcon.colcon_core.package_identification:_identify(venv/lib/python3.10/site-packages/numpy/ma/tests/__pycache__) by extensions ['cmake', 'python']
[0.898s] Level 1:colcon.colcon_core.package_identification:_identify(venv/lib/python3.10/site-packages/numpy/ma/tests/__pycache__) by extension 'cmake'
[0.898s] Level 1:colcon.colcon_core.package_identification:_identify(venv/lib/python3.10/site-packages/numpy/ma/tests/__pycache__) by extension 'python'
[0.898s] Level 1:colcon.colcon_core.package_identification:_identify(venv/lib/python3.10/site-packages/numpy/ma/tests/__pycache__) by extensions ['python_setup_py']
[0.898s] Level 1:colcon.colcon_core.package_identification:_identify(venv/lib/python3.10/site-packages/numpy/ma/tests/__pycache__) by extension 'python_setup_py'
[0.898s] Level 1:colcon.colcon_core.package_identification:_identify(venv/lib/python3.10/site-packages/numpy/matrixlib) by extensions ['ignore', 'ignore_ament_install']
[0.898s] Level 1:colcon.colcon_core.package_identification:_identify(venv/lib/python3.10/site-packages/numpy/matrixlib) by extension 'ignore'
[0.898s] Level 1:colcon.colcon_core.package_identification:_identify(venv/lib/python3.10/site-packages/numpy/matrixlib) by extension 'ignore_ament_install'
[0.899s] Level 1:colcon.colcon_core.package_identification:_identify(venv/lib/python3.10/site-packages/numpy/matrixlib) by extensions ['colcon_pkg']
[0.899s] Level 1:colcon.colcon_core.package_identification:_identify(venv/lib/python3.10/site-packages/numpy/matrixlib) by extension 'colcon_pkg'
[0.899s] Level 1:colcon.colcon_core.package_identification:_identify(venv/lib/python3.10/site-packages/numpy/matrixlib) by extensions ['colcon_meta']
[0.899s] Level 1:colcon.colcon_core.package_identification:_identify(venv/lib/python3.10/site-packages/numpy/matrixlib) by extension 'colcon_meta'
[0.899s] Level 1:colcon.colcon_core.package_identification:_identify(venv/lib/python3.10/site-packages/numpy/matrixlib) by extensions ['ros']
[0.899s] Level 1:colcon.colcon_core.package_identification:_identify(venv/lib/python3.10/site-packages/numpy/matrixlib) by extension 'ros'
[0.899s] Level 1:colcon.colcon_core.package_identification:_identify(venv/lib/python3.10/site-packages/numpy/matrixlib) by extensions ['cmake', 'python']
[0.899s] Level 1:colcon.colcon_core.package_identification:_identify(venv/lib/python3.10/site-packages/numpy/matrixlib) by extension 'cmake'
[0.899s] Level 1:colcon.colcon_core.package_identification:_identify(venv/lib/python3.10/site-packages/numpy/matrixlib) by extension 'python'
[0.899s] Level 1:colcon.colcon_core.package_identification:_identify(venv/lib/python3.10/site-packages/numpy/matrixlib) by extensions ['python_setup_py']
[0.899s] Level 1:colcon.colcon_core.package_identification:_identify(venv/lib/python3.10/site-packages/numpy/matrixlib) by extension 'python_setup_py'
[0.899s] Level 1:colcon.colcon_core.package_identification:_identify(venv/lib/python3.10/site-packages/numpy/matrixlib/__pycache__) by extensions ['ignore', 'ignore_ament_install']
[0.899s] Level 1:colcon.colcon_core.package_identification:_identify(venv/lib/python3.10/site-packages/numpy/matrixlib/__pycache__) by extension 'ignore'
[0.899s] Level 1:colcon.colcon_core.package_identification:_identify(venv/lib/python3.10/site-packages/numpy/matrixlib/__pycache__) by extension 'ignore_ament_install'
[0.899s] Level 1:colcon.colcon_core.package_identification:_identify(venv/lib/python3.10/site-packages/numpy/matrixlib/__pycache__) by extensions ['colcon_pkg']
[0.899s] Level 1:colcon.colcon_core.package_identification:_identify(venv/lib/python3.10/site-packages/numpy/matrixlib/__pycache__) by extension 'colcon_pkg'
[0.899s] Level 1:colcon.colcon_core.package_identification:_identify(venv/lib/python3.10/site-packages/numpy/matrixlib/__pycache__) by extensions ['colcon_meta']
[0.899s] Level 1:colcon.colcon_core.package_identification:_identify(venv/lib/python3.10/site-packages/numpy/matrixlib/__pycache__) by extension 'colcon_meta'
[0.899s] Level 1:colcon.colcon_core.package_identification:_identify(venv/lib/python3.10/site-packages/numpy/matrixlib/__pycache__) by extensions ['ros']
[0.899s] Level 1:colcon.colcon_core.package_identification:_identify(venv/lib/python3.10/site-packages/numpy/matrixlib/__pycache__) by extension 'ros'
[0.899s] Level 1:colcon.colcon_core.package_identification:_identify(venv/lib/python3.10/site-packages/numpy/matrixlib/__pycache__) by extensions ['cmake', 'python']
[0.899s] Level 1:colcon.colcon_core.package_identification:_identify(venv/lib/python3.10/site-packages/numpy/matrixlib/__pycache__) by extension 'cmake'
[0.899s] Level 1:colcon.colcon_core.package_identification:_identify(venv/lib/python3.10/site-packages/numpy/matrixlib/__pycache__) by extension 'python'
[0.899s] Level 1:colcon.colcon_core.package_identification:_identify(venv/lib/python3.10/site-packages/numpy/matrixlib/__pycache__) by extensions ['python_setup_py']
[0.899s] Level 1:colcon.colcon_core.package_identification:_identify(venv/lib/python3.10/site-packages/numpy/matrixlib/__pycache__) by extension 'python_setup_py'
[0.899s] Level 1:colcon.colcon_core.package_identification:_identify(venv/lib/python3.10/site-packages/numpy/matrixlib/tests) by extensions ['ignore', 'ignore_ament_install']
[0.899s] Level 1:colcon.colcon_core.package_identification:_identify(venv/lib/python3.10/site-packages/numpy/matrixlib/tests) by extension 'ignore'
[0.899s] Level 1:colcon.colcon_core.package_identification:_identify(venv/lib/python3.10/site-packages/numpy/matrixlib/tests) by extension 'ignore_ament_install'
[0.899s] Level 1:colcon.colcon_core.package_identification:_identify(venv/lib/python3.10/site-packages/numpy/matrixlib/tests) by extensions ['colcon_pkg']
[0.899s] Level 1:colcon.colcon_core.package_identification:_identify(venv/lib/python3.10/site-packages/numpy/matrixlib/tests) by extension 'colcon_pkg'
[0.899s] Level 1:colcon.colcon_core.package_identification:_identify(venv/lib/python3.10/site-packages/numpy/matrixlib/tests) by extensions ['colcon_meta']
[0.899s] Level 1:colcon.colcon_core.package_identification:_identify(venv/lib/python3.10/site-packages/numpy/matrixlib/tests) by extension 'colcon_meta'
[0.899s] Level 1:colcon.colcon_core.package_identification:_identify(venv/lib/python3.10/site-packages/numpy/matrixlib/tests) by extensions ['ros']
[0.899s] Level 1:colcon.colcon_core.package_identification:_identify(venv/lib/python3.10/site-packages/numpy/matrixlib/tests) by extension 'ros'
[0.899s] Level 1:colcon.colcon_core.package_identification:_identify(venv/lib/python3.10/site-packages/numpy/matrixlib/tests) by extensions ['cmake', 'python']
[0.899s] Level 1:colcon.colcon_core.package_identification:_identify(venv/lib/python3.10/site-packages/numpy/matrixlib/tests) by extension 'cmake'
[0.899s] Level 1:colcon.colcon_core.package_identification:_identify(venv/lib/python3.10/site-packages/numpy/matrixlib/tests) by extension 'python'
[0.900s] Level 1:colcon.colcon_core.package_identification:_identify(venv/lib/python3.10/site-packages/numpy/matrixlib/tests) by extensions ['python_setup_py']
[0.900s] Level 1:colcon.colcon_core.package_identification:_identify(venv/lib/python3.10/site-packages/numpy/matrixlib/tests) by extension 'python_setup_py'
[0.900s] Level 1:colcon.colcon_core.package_identification:_identify(venv/lib/python3.10/site-packages/numpy/matrixlib/tests/__pycache__) by extensions ['ignore', 'ignore_ament_install']
[0.900s] Level 1:colcon.colcon_core.package_identification:_identify(venv/lib/python3.10/site-packages/numpy/matrixlib/tests/__pycache__) by extension 'ignore'
[0.900s] Level 1:colcon.colcon_core.package_identification:_identify(venv/lib/python3.10/site-packages/numpy/matrixlib/tests/__pycache__) by extension 'ignore_ament_install'
[0.900s] Level 1:colcon.colcon_core.package_identification:_identify(venv/lib/python3.10/site-packages/numpy/matrixlib/tests/__pycache__) by extensions ['colcon_pkg']
[0.900s] Level 1:colcon.colcon_core.package_identification:_identify(venv/lib/python3.10/site-packages/numpy/matrixlib/tests/__pycache__) by extension 'colcon_pkg'
[0.900s] Level 1:colcon.colcon_core.package_identification:_identify(venv/lib/python3.10/site-packages/numpy/matrixlib/tests/__pycache__) by extensions ['colcon_meta']
[0.900s] Level 1:colcon.colcon_core.package_identification:_identify(venv/lib/python3.10/site-packages/numpy/matrixlib/tests/__pycache__) by extension 'colcon_meta'
[0.900s] Level 1:colcon.colcon_core.package_identification:_identify(venv/lib/python3.10/site-packages/numpy/matrixlib/tests/__pycache__) by extensions ['ros']
[0.900s] Level 1:colcon.colcon_core.package_identification:_identify(venv/lib/python3.10/site-packages/numpy/matrixlib/tests/__pycache__) by extension 'ros'
[0.900s] Level 1:colcon.colcon_core.package_identification:_identify(venv/lib/python3.10/site-packages/numpy/matrixlib/tests/__pycache__) by extensions ['cmake', 'python']
[0.900s] Level 1:colcon.colcon_core.package_identification:_identify(venv/lib/python3.10/site-packages/numpy/matrixlib/tests/__pycache__) by extension 'cmake'
[0.900s] Level 1:colcon.colcon_core.package_identification:_identify(venv/lib/python3.10/site-packages/numpy/matrixlib/tests/__pycache__) by extension 'python'
[0.900s] Level 1:colcon.colcon_core.package_identification:_identify(venv/lib/python3.10/site-packages/numpy/matrixlib/tests/__pycache__) by extensions ['python_setup_py']
[0.900s] Level 1:colcon.colcon_core.package_identification:_identify(venv/lib/python3.10/site-packages/numpy/matrixlib/tests/__pycache__) by extension 'python_setup_py'
[0.900s] Level 1:colcon.colcon_core.package_identification:_identify(venv/lib/python3.10/site-packages/numpy/polynomial) by extensions ['ignore', 'ignore_ament_install']
[0.900s] Level 1:colcon.colcon_core.package_identification:_identify(venv/lib/python3.10/site-packages/numpy/polynomial) by extension 'ignore'
[0.900s] Level 1:colcon.colcon_core.package_identification:_identify(venv/lib/python3.10/site-packages/numpy/polynomial) by extension 'ignore_ament_install'
[0.900s] Level 1:colcon.colcon_core.package_identification:_identify(venv/lib/python3.10/site-packages/numpy/polynomial) by extensions ['colcon_pkg']
[0.900s] Level 1:colcon.colcon_core.package_identification:_identify(venv/lib/python3.10/site-packages/numpy/polynomial) by extension 'colcon_pkg'
[0.900s] Level 1:colcon.colcon_core.package_identification:_identify(venv/lib/python3.10/site-packages/numpy/polynomial) by extensions ['colcon_meta']
[0.900s] Level 1:colcon.colcon_core.package_identification:_identify(venv/lib/python3.10/site-packages/numpy/polynomial) by extension 'colcon_meta'
[0.900s] Level 1:colcon.colcon_core.package_identification:_identify(venv/lib/python3.10/site-packages/numpy/polynomial) by extensions ['ros']
[0.900s] Level 1:colcon.colcon_core.package_identification:_identify(venv/lib/python3.10/site-packages/numpy/polynomial) by extension 'ros'
[0.900s] Level 1:colcon.colcon_core.package_identification:_identify(venv/lib/python3.10/site-packages/numpy/polynomial) by extensions ['cmake', 'python']
[0.900s] Level 1:colcon.colcon_core.package_identification:_identify(venv/lib/python3.10/site-packages/numpy/polynomial) by extension 'cmake'
[0.900s] Level 1:colcon.colcon_core.package_identification:_identify(venv/lib/python3.10/site-packages/numpy/polynomial) by extension 'python'
[0.900s] Level 1:colcon.colcon_core.package_identification:_identify(venv/lib/python3.10/site-packages/numpy/polynomial) by extensions ['python_setup_py']
[0.900s] Level 1:colcon.colcon_core.package_identification:_identify(venv/lib/python3.10/site-packages/numpy/polynomial) by extension 'python_setup_py'
[0.900s] Level 1:colcon.colcon_core.package_identification:_identify(venv/lib/python3.10/site-packages/numpy/polynomial/__pycache__) by extensions ['ignore', 'ignore_ament_install']
[0.900s] Level 1:colcon.colcon_core.package_identification:_identify(venv/lib/python3.10/site-packages/numpy/polynomial/__pycache__) by extension 'ignore'
[0.900s] Level 1:colcon.colcon_core.package_identification:_identify(venv/lib/python3.10/site-packages/numpy/polynomial/__pycache__) by extension 'ignore_ament_install'
[0.900s] Level 1:colcon.colcon_core.package_identification:_identify(venv/lib/python3.10/site-packages/numpy/polynomial/__pycache__) by extensions ['colcon_pkg']
[0.901s] Level 1:colcon.colcon_core.package_identification:_identify(venv/lib/python3.10/site-packages/numpy/polynomial/__pycache__) by extension 'colcon_pkg'
[0.901s] Level 1:colcon.colcon_core.package_identification:_identify(venv/lib/python3.10/site-packages/numpy/polynomial/__pycache__) by extensions ['colcon_meta']
[0.901s] Level 1:colcon.colcon_core.package_identification:_identify(venv/lib/python3.10/site-packages/numpy/polynomial/__pycache__) by extension 'colcon_meta'
[0.901s] Level 1:colcon.colcon_core.package_identification:_identify(venv/lib/python3.10/site-packages/numpy/polynomial/__pycache__) by extensions ['ros']
[0.901s] Level 1:colcon.colcon_core.package_identification:_identify(venv/lib/python3.10/site-packages/numpy/polynomial/__pycache__) by extension 'ros'
[0.901s] Level 1:colcon.colcon_core.package_identification:_identify(venv/lib/python3.10/site-packages/numpy/polynomial/__pycache__) by extensions ['cmake', 'python']
[0.901s] Level 1:colcon.colcon_core.package_identification:_identify(venv/lib/python3.10/site-packages/numpy/polynomial/__pycache__) by extension 'cmake'
[0.901s] Level 1:colcon.colcon_core.package_identification:_identify(venv/lib/python3.10/site-packages/numpy/polynomial/__pycache__) by extension 'python'
[0.901s] Level 1:colcon.colcon_core.package_identification:_identify(venv/lib/python3.10/site-packages/numpy/polynomial/__pycache__) by extensions ['python_setup_py']
[0.901s] Level 1:colcon.colcon_core.package_identification:_identify(venv/lib/python3.10/site-packages/numpy/polynomial/__pycache__) by extension 'python_setup_py'
[0.901s] Level 1:colcon.colcon_core.package_identification:_identify(venv/lib/python3.10/site-packages/numpy/polynomial/tests) by extensions ['ignore', 'ignore_ament_install']
[0.901s] Level 1:colcon.colcon_core.package_identification:_identify(venv/lib/python3.10/site-packages/numpy/polynomial/tests) by extension 'ignore'
[0.901s] Level 1:colcon.colcon_core.package_identification:_identify(venv/lib/python3.10/site-packages/numpy/polynomial/tests) by extension 'ignore_ament_install'
[0.901s] Level 1:colcon.colcon_core.package_identification:_identify(venv/lib/python3.10/site-packages/numpy/polynomial/tests) by extensions ['colcon_pkg']
[0.901s] Level 1:colcon.colcon_core.package_identification:_identify(venv/lib/python3.10/site-packages/numpy/polynomial/tests) by extension 'colcon_pkg'
[0.901s] Level 1:colcon.colcon_core.package_identification:_identify(venv/lib/python3.10/site-packages/numpy/polynomial/tests) by extensions ['colcon_meta']
[0.901s] Level 1:colcon.colcon_core.package_identification:_identify(venv/lib/python3.10/site-packages/numpy/polynomial/tests) by extension 'colcon_meta'
[0.901s] Level 1:colcon.colcon_core.package_identification:_identify(venv/lib/python3.10/site-packages/numpy/polynomial/tests) by extensions ['ros']
[0.901s] Level 1:colcon.colcon_core.package_identification:_identify(venv/lib/python3.10/site-packages/numpy/polynomial/tests) by extension 'ros'
[0.901s] Level 1:colcon.colcon_core.package_identification:_identify(venv/lib/python3.10/site-packages/numpy/polynomial/tests) by extensions ['cmake', 'python']
[0.901s] Level 1:colcon.colcon_core.package_identification:_identify(venv/lib/python3.10/site-packages/numpy/polynomial/tests) by extension 'cmake'
[0.901s] Level 1:colcon.colcon_core.package_identification:_identify(venv/lib/python3.10/site-packages/numpy/polynomial/tests) by extension 'python'
[0.901s] Level 1:colcon.colcon_core.package_identification:_identify(venv/lib/python3.10/site-packages/numpy/polynomial/tests) by extensions ['python_setup_py']
[0.901s] Level 1:colcon.colcon_core.package_identification:_identify(venv/lib/python3.10/site-packages/numpy/polynomial/tests) by extension 'python_setup_py'
[0.901s] Level 1:colcon.colcon_core.package_identification:_identify(venv/lib/python3.10/site-packages/numpy/polynomial/tests/__pycache__) by extensions ['ignore', 'ignore_ament_install']
[0.901s] Level 1:colcon.colcon_core.package_identification:_identify(venv/lib/python3.10/site-packages/numpy/polynomial/tests/__pycache__) by extension 'ignore'
[0.901s] Level 1:colcon.colcon_core.package_identification:_identify(venv/lib/python3.10/site-packages/numpy/polynomial/tests/__pycache__) by extension 'ignore_ament_install'
[0.901s] Level 1:colcon.colcon_core.package_identification:_identify(venv/lib/python3.10/site-packages/numpy/polynomial/tests/__pycache__) by extensions ['colcon_pkg']
[0.901s] Level 1:colcon.colcon_core.package_identification:_identify(venv/lib/python3.10/site-packages/numpy/polynomial/tests/__pycache__) by extension 'colcon_pkg'
[0.901s] Level 1:colcon.colcon_core.package_identification:_identify(venv/lib/python3.10/site-packages/numpy/polynomial/tests/__pycache__) by extensions ['colcon_meta']
[0.901s] Level 1:colcon.colcon_core.package_identification:_identify(venv/lib/python3.10/site-packages/numpy/polynomial/tests/__pycache__) by extension 'colcon_meta'
[0.901s] Level 1:colcon.colcon_core.package_identification:_identify(venv/lib/python3.10/site-packages/numpy/polynomial/tests/__pycache__) by extensions ['ros']
[0.901s] Level 1:colcon.colcon_core.package_identification:_identify(venv/lib/python3.10/site-packages/numpy/polynomial/tests/__pycache__) by extension 'ros'
[0.901s] Level 1:colcon.colcon_core.package_identification:_identify(venv/lib/python3.10/site-packages/numpy/polynomial/tests/__pycache__) by extensions ['cmake', 'python']
[0.901s] Level 1:colcon.colcon_core.package_identification:_identify(venv/lib/python3.10/site-packages/numpy/polynomial/tests/__pycache__) by extension 'cmake'
[0.901s] Level 1:colcon.colcon_core.package_identification:_identify(venv/lib/python3.10/site-packages/numpy/polynomial/tests/__pycache__) by extension 'python'
[0.902s] Level 1:colcon.colcon_core.package_identification:_identify(venv/lib/python3.10/site-packages/numpy/polynomial/tests/__pycache__) by extensions ['python_setup_py']
[0.902s] Level 1:colcon.colcon_core.package_identification:_identify(venv/lib/python3.10/site-packages/numpy/polynomial/tests/__pycache__) by extension 'python_setup_py'
[0.902s] Level 1:colcon.colcon_core.package_identification:_identify(venv/lib/python3.10/site-packages/numpy/random) by extensions ['ignore', 'ignore_ament_install']
[0.902s] Level 1:colcon.colcon_core.package_identification:_identify(venv/lib/python3.10/site-packages/numpy/random) by extension 'ignore'
[0.902s] Level 1:colcon.colcon_core.package_identification:_identify(venv/lib/python3.10/site-packages/numpy/random) by extension 'ignore_ament_install'
[0.902s] Level 1:colcon.colcon_core.package_identification:_identify(venv/lib/python3.10/site-packages/numpy/random) by extensions ['colcon_pkg']
[0.902s] Level 1:colcon.colcon_core.package_identification:_identify(venv/lib/python3.10/site-packages/numpy/random) by extension 'colcon_pkg'
[0.902s] Level 1:colcon.colcon_core.package_identification:_identify(venv/lib/python3.10/site-packages/numpy/random) by extensions ['colcon_meta']
[0.902s] Level 1:colcon.colcon_core.package_identification:_identify(venv/lib/python3.10/site-packages/numpy/random) by extension 'colcon_meta'
[0.902s] Level 1:colcon.colcon_core.package_identification:_identify(venv/lib/python3.10/site-packages/numpy/random) by extensions ['ros']
[0.902s] Level 1:colcon.colcon_core.package_identification:_identify(venv/lib/python3.10/site-packages/numpy/random) by extension 'ros'
[0.902s] Level 1:colcon.colcon_core.package_identification:_identify(venv/lib/python3.10/site-packages/numpy/random) by extensions ['cmake', 'python']
[0.902s] Level 1:colcon.colcon_core.package_identification:_identify(venv/lib/python3.10/site-packages/numpy/random) by extension 'cmake'
[0.902s] Level 1:colcon.colcon_core.package_identification:_identify(venv/lib/python3.10/site-packages/numpy/random) by extension 'python'
[0.902s] Level 1:colcon.colcon_core.package_identification:_identify(venv/lib/python3.10/site-packages/numpy/random) by extensions ['python_setup_py']
[0.902s] Level 1:colcon.colcon_core.package_identification:_identify(venv/lib/python3.10/site-packages/numpy/random) by extension 'python_setup_py'
[0.902s] Level 1:colcon.colcon_core.package_identification:_identify(venv/lib/python3.10/site-packages/numpy/random/__pycache__) by extensions ['ignore', 'ignore_ament_install']
[0.902s] Level 1:colcon.colcon_core.package_identification:_identify(venv/lib/python3.10/site-packages/numpy/random/__pycache__) by extension 'ignore'
[0.902s] Level 1:colcon.colcon_core.package_identification:_identify(venv/lib/python3.10/site-packages/numpy/random/__pycache__) by extension 'ignore_ament_install'
[0.902s] Level 1:colcon.colcon_core.package_identification:_identify(venv/lib/python3.10/site-packages/numpy/random/__pycache__) by extensions ['colcon_pkg']
[0.902s] Level 1:colcon.colcon_core.package_identification:_identify(venv/lib/python3.10/site-packages/numpy/random/__pycache__) by extension 'colcon_pkg'
[0.902s] Level 1:colcon.colcon_core.package_identification:_identify(venv/lib/python3.10/site-packages/numpy/random/__pycache__) by extensions ['colcon_meta']
[0.902s] Level 1:colcon.colcon_core.package_identification:_identify(venv/lib/python3.10/site-packages/numpy/random/__pycache__) by extension 'colcon_meta'
[0.902s] Level 1:colcon.colcon_core.package_identification:_identify(venv/lib/python3.10/site-packages/numpy/random/__pycache__) by extensions ['ros']
[0.902s] Level 1:colcon.colcon_core.package_identification:_identify(venv/lib/python3.10/site-packages/numpy/random/__pycache__) by extension 'ros'
[0.902s] Level 1:colcon.colcon_core.package_identification:_identify(venv/lib/python3.10/site-packages/numpy/random/__pycache__) by extensions ['cmake', 'python']
[0.902s] Level 1:colcon.colcon_core.package_identification:_identify(venv/lib/python3.10/site-packages/numpy/random/__pycache__) by extension 'cmake'
[0.902s] Level 1:colcon.colcon_core.package_identification:_identify(venv/lib/python3.10/site-packages/numpy/random/__pycache__) by extension 'python'
[0.902s] Level 1:colcon.colcon_core.package_identification:_identify(venv/lib/python3.10/site-packages/numpy/random/__pycache__) by extensions ['python_setup_py']
[0.902s] Level 1:colcon.colcon_core.package_identification:_identify(venv/lib/python3.10/site-packages/numpy/random/__pycache__) by extension 'python_setup_py'
[0.902s] Level 1:colcon.colcon_core.package_identification:_identify(venv/lib/python3.10/site-packages/numpy/random/_examples) by extensions ['ignore', 'ignore_ament_install']
[0.902s] Level 1:colcon.colcon_core.package_identification:_identify(venv/lib/python3.10/site-packages/numpy/random/_examples) by extension 'ignore'
[0.902s] Level 1:colcon.colcon_core.package_identification:_identify(venv/lib/python3.10/site-packages/numpy/random/_examples) by extension 'ignore_ament_install'
[0.903s] Level 1:colcon.colcon_core.package_identification:_identify(venv/lib/python3.10/site-packages/numpy/random/_examples) by extensions ['colcon_pkg']
[0.903s] Level 1:colcon.colcon_core.package_identification:_identify(venv/lib/python3.10/site-packages/numpy/random/_examples) by extension 'colcon_pkg'
[0.903s] Level 1:colcon.colcon_core.package_identification:_identify(venv/lib/python3.10/site-packages/numpy/random/_examples) by extensions ['colcon_meta']
[0.903s] Level 1:colcon.colcon_core.package_identification:_identify(venv/lib/python3.10/site-packages/numpy/random/_examples) by extension 'colcon_meta'
[0.903s] Level 1:colcon.colcon_core.package_identification:_identify(venv/lib/python3.10/site-packages/numpy/random/_examples) by extensions ['ros']
[0.903s] Level 1:colcon.colcon_core.package_identification:_identify(venv/lib/python3.10/site-packages/numpy/random/_examples) by extension 'ros'
[0.903s] Level 1:colcon.colcon_core.package_identification:_identify(venv/lib/python3.10/site-packages/numpy/random/_examples) by extensions ['cmake', 'python']
[0.903s] Level 1:colcon.colcon_core.package_identification:_identify(venv/lib/python3.10/site-packages/numpy/random/_examples) by extension 'cmake'
[0.903s] Level 1:colcon.colcon_core.package_identification:_identify(venv/lib/python3.10/site-packages/numpy/random/_examples) by extension 'python'
[0.903s] Level 1:colcon.colcon_core.package_identification:_identify(venv/lib/python3.10/site-packages/numpy/random/_examples) by extensions ['python_setup_py']
[0.903s] Level 1:colcon.colcon_core.package_identification:_identify(venv/lib/python3.10/site-packages/numpy/random/_examples) by extension 'python_setup_py'
[0.903s] Level 1:colcon.colcon_core.package_identification:_identify(venv/lib/python3.10/site-packages/numpy/random/_examples/cffi) by extensions ['ignore', 'ignore_ament_install']
[0.903s] Level 1:colcon.colcon_core.package_identification:_identify(venv/lib/python3.10/site-packages/numpy/random/_examples/cffi) by extension 'ignore'
[0.903s] Level 1:colcon.colcon_core.package_identification:_identify(venv/lib/python3.10/site-packages/numpy/random/_examples/cffi) by extension 'ignore_ament_install'
[0.903s] Level 1:colcon.colcon_core.package_identification:_identify(venv/lib/python3.10/site-packages/numpy/random/_examples/cffi) by extensions ['colcon_pkg']
[0.903s] Level 1:colcon.colcon_core.package_identification:_identify(venv/lib/python3.10/site-packages/numpy/random/_examples/cffi) by extension 'colcon_pkg'
[0.903s] Level 1:colcon.colcon_core.package_identification:_identify(venv/lib/python3.10/site-packages/numpy/random/_examples/cffi) by extensions ['colcon_meta']
[0.903s] Level 1:colcon.colcon_core.package_identification:_identify(venv/lib/python3.10/site-packages/numpy/random/_examples/cffi) by extension 'colcon_meta'
[0.903s] Level 1:colcon.colcon_core.package_identification:_identify(venv/lib/python3.10/site-packages/numpy/random/_examples/cffi) by extensions ['ros']
[0.903s] Level 1:colcon.colcon_core.package_identification:_identify(venv/lib/python3.10/site-packages/numpy/random/_examples/cffi) by extension 'ros'
[0.903s] Level 1:colcon.colcon_core.package_identification:_identify(venv/lib/python3.10/site-packages/numpy/random/_examples/cffi) by extensions ['cmake', 'python']
[0.903s] Level 1:colcon.colcon_core.package_identification:_identify(venv/lib/python3.10/site-packages/numpy/random/_examples/cffi) by extension 'cmake'
[0.903s] Level 1:colcon.colcon_core.package_identification:_identify(venv/lib/python3.10/site-packages/numpy/random/_examples/cffi) by extension 'python'
[0.903s] Level 1:colcon.colcon_core.package_identification:_identify(venv/lib/python3.10/site-packages/numpy/random/_examples/cffi) by extensions ['python_setup_py']
[0.903s] Level 1:colcon.colcon_core.package_identification:_identify(venv/lib/python3.10/site-packages/numpy/random/_examples/cffi) by extension 'python_setup_py'
[0.903s] Level 1:colcon.colcon_core.package_identification:_identify(venv/lib/python3.10/site-packages/numpy/random/_examples/cffi/__pycache__) by extensions ['ignore', 'ignore_ament_install']
[0.903s] Level 1:colcon.colcon_core.package_identification:_identify(venv/lib/python3.10/site-packages/numpy/random/_examples/cffi/__pycache__) by extension 'ignore'
[0.903s] Level 1:colcon.colcon_core.package_identification:_identify(venv/lib/python3.10/site-packages/numpy/random/_examples/cffi/__pycache__) by extension 'ignore_ament_install'
[0.903s] Level 1:colcon.colcon_core.package_identification:_identify(venv/lib/python3.10/site-packages/numpy/random/_examples/cffi/__pycache__) by extensions ['colcon_pkg']
[0.903s] Level 1:colcon.colcon_core.package_identification:_identify(venv/lib/python3.10/site-packages/numpy/random/_examples/cffi/__pycache__) by extension 'colcon_pkg'
[0.903s] Level 1:colcon.colcon_core.package_identification:_identify(venv/lib/python3.10/site-packages/numpy/random/_examples/cffi/__pycache__) by extensions ['colcon_meta']
[0.903s] Level 1:colcon.colcon_core.package_identification:_identify(venv/lib/python3.10/site-packages/numpy/random/_examples/cffi/__pycache__) by extension 'colcon_meta'
[0.903s] Level 1:colcon.colcon_core.package_identification:_identify(venv/lib/python3.10/site-packages/numpy/random/_examples/cffi/__pycache__) by extensions ['ros']
[0.903s] Level 1:colcon.colcon_core.package_identification:_identify(venv/lib/python3.10/site-packages/numpy/random/_examples/cffi/__pycache__) by extension 'ros'
[0.903s] Level 1:colcon.colcon_core.package_identification:_identify(venv/lib/python3.10/site-packages/numpy/random/_examples/cffi/__pycache__) by extensions ['cmake', 'python']
[0.903s] Level 1:colcon.colcon_core.package_identification:_identify(venv/lib/python3.10/site-packages/numpy/random/_examples/cffi/__pycache__) by extension 'cmake'
[0.903s] Level 1:colcon.colcon_core.package_identification:_identify(venv/lib/python3.10/site-packages/numpy/random/_examples/cffi/__pycache__) by extension 'python'
[0.904s] Level 1:colcon.colcon_core.package_identification:_identify(venv/lib/python3.10/site-packages/numpy/random/_examples/cffi/__pycache__) by extensions ['python_setup_py']
[0.904s] Level 1:colcon.colcon_core.package_identification:_identify(venv/lib/python3.10/site-packages/numpy/random/_examples/cffi/__pycache__) by extension 'python_setup_py'
[0.904s] Level 1:colcon.colcon_core.package_identification:_identify(venv/lib/python3.10/site-packages/numpy/random/_examples/cython) by extensions ['ignore', 'ignore_ament_install']
[0.904s] Level 1:colcon.colcon_core.package_identification:_identify(venv/lib/python3.10/site-packages/numpy/random/_examples/cython) by extension 'ignore'
[0.904s] Level 1:colcon.colcon_core.package_identification:_identify(venv/lib/python3.10/site-packages/numpy/random/_examples/cython) by extension 'ignore_ament_install'
[0.904s] Level 1:colcon.colcon_core.package_identification:_identify(venv/lib/python3.10/site-packages/numpy/random/_examples/cython) by extensions ['colcon_pkg']
[0.904s] Level 1:colcon.colcon_core.package_identification:_identify(venv/lib/python3.10/site-packages/numpy/random/_examples/cython) by extension 'colcon_pkg'
[0.904s] Level 1:colcon.colcon_core.package_identification:_identify(venv/lib/python3.10/site-packages/numpy/random/_examples/cython) by extensions ['colcon_meta']
[0.904s] Level 1:colcon.colcon_core.package_identification:_identify(venv/lib/python3.10/site-packages/numpy/random/_examples/cython) by extension 'colcon_meta'
[0.904s] Level 1:colcon.colcon_core.package_identification:_identify(venv/lib/python3.10/site-packages/numpy/random/_examples/cython) by extensions ['ros']
[0.904s] Level 1:colcon.colcon_core.package_identification:_identify(venv/lib/python3.10/site-packages/numpy/random/_examples/cython) by extension 'ros'
[0.904s] Level 1:colcon.colcon_core.package_identification:_identify(venv/lib/python3.10/site-packages/numpy/random/_examples/cython) by extensions ['cmake', 'python']
[0.904s] Level 1:colcon.colcon_core.package_identification:_identify(venv/lib/python3.10/site-packages/numpy/random/_examples/cython) by extension 'cmake'
[0.904s] Level 1:colcon.colcon_core.package_identification:_identify(venv/lib/python3.10/site-packages/numpy/random/_examples/cython) by extension 'python'
[0.904s] Level 1:colcon.colcon_core.package_identification:_identify(venv/lib/python3.10/site-packages/numpy/random/_examples/cython) by extensions ['python_setup_py']
[0.904s] Level 1:colcon.colcon_core.package_identification:_identify(venv/lib/python3.10/site-packages/numpy/random/_examples/cython) by extension 'python_setup_py'
[0.904s] Level 1:colcon.colcon_core.package_identification:_identify(venv/lib/python3.10/site-packages/numpy/random/_examples/numba) by extensions ['ignore', 'ignore_ament_install']
[0.904s] Level 1:colcon.colcon_core.package_identification:_identify(venv/lib/python3.10/site-packages/numpy/random/_examples/numba) by extension 'ignore'
[0.904s] Level 1:colcon.colcon_core.package_identification:_identify(venv/lib/python3.10/site-packages/numpy/random/_examples/numba) by extension 'ignore_ament_install'
[0.904s] Level 1:colcon.colcon_core.package_identification:_identify(venv/lib/python3.10/site-packages/numpy/random/_examples/numba) by extensions ['colcon_pkg']
[0.904s] Level 1:colcon.colcon_core.package_identification:_identify(venv/lib/python3.10/site-packages/numpy/random/_examples/numba) by extension 'colcon_pkg'
[0.904s] Level 1:colcon.colcon_core.package_identification:_identify(venv/lib/python3.10/site-packages/numpy/random/_examples/numba) by extensions ['colcon_meta']
[0.904s] Level 1:colcon.colcon_core.package_identification:_identify(venv/lib/python3.10/site-packages/numpy/random/_examples/numba) by extension 'colcon_meta'
[0.904s] Level 1:colcon.colcon_core.package_identification:_identify(venv/lib/python3.10/site-packages/numpy/random/_examples/numba) by extensions ['ros']
[0.904s] Level 1:colcon.colcon_core.package_identification:_identify(venv/lib/python3.10/site-packages/numpy/random/_examples/numba) by extension 'ros'
[0.904s] Level 1:colcon.colcon_core.package_identification:_identify(venv/lib/python3.10/site-packages/numpy/random/_examples/numba) by extensions ['cmake', 'python']
[0.904s] Level 1:colcon.colcon_core.package_identification:_identify(venv/lib/python3.10/site-packages/numpy/random/_examples/numba) by extension 'cmake'
[0.904s] Level 1:colcon.colcon_core.package_identification:_identify(venv/lib/python3.10/site-packages/numpy/random/_examples/numba) by extension 'python'
[0.904s] Level 1:colcon.colcon_core.package_identification:_identify(venv/lib/python3.10/site-packages/numpy/random/_examples/numba) by extensions ['python_setup_py']
[0.904s] Level 1:colcon.colcon_core.package_identification:_identify(venv/lib/python3.10/site-packages/numpy/random/_examples/numba) by extension 'python_setup_py'
[0.904s] Level 1:colcon.colcon_core.package_identification:_identify(venv/lib/python3.10/site-packages/numpy/random/_examples/numba/__pycache__) by extensions ['ignore', 'ignore_ament_install']
[0.904s] Level 1:colcon.colcon_core.package_identification:_identify(venv/lib/python3.10/site-packages/numpy/random/_examples/numba/__pycache__) by extension 'ignore'
[0.904s] Level 1:colcon.colcon_core.package_identification:_identify(venv/lib/python3.10/site-packages/numpy/random/_examples/numba/__pycache__) by extension 'ignore_ament_install'
[0.905s] Level 1:colcon.colcon_core.package_identification:_identify(venv/lib/python3.10/site-packages/numpy/random/_examples/numba/__pycache__) by extensions ['colcon_pkg']
[0.905s] Level 1:colcon.colcon_core.package_identification:_identify(venv/lib/python3.10/site-packages/numpy/random/_examples/numba/__pycache__) by extension 'colcon_pkg'
[0.905s] Level 1:colcon.colcon_core.package_identification:_identify(venv/lib/python3.10/site-packages/numpy/random/_examples/numba/__pycache__) by extensions ['colcon_meta']
[0.905s] Level 1:colcon.colcon_core.package_identification:_identify(venv/lib/python3.10/site-packages/numpy/random/_examples/numba/__pycache__) by extension 'colcon_meta'
[0.905s] Level 1:colcon.colcon_core.package_identification:_identify(venv/lib/python3.10/site-packages/numpy/random/_examples/numba/__pycache__) by extensions ['ros']
[0.905s] Level 1:colcon.colcon_core.package_identification:_identify(venv/lib/python3.10/site-packages/numpy/random/_examples/numba/__pycache__) by extension 'ros'
[0.905s] Level 1:colcon.colcon_core.package_identification:_identify(venv/lib/python3.10/site-packages/numpy/random/_examples/numba/__pycache__) by extensions ['cmake', 'python']
[0.905s] Level 1:colcon.colcon_core.package_identification:_identify(venv/lib/python3.10/site-packages/numpy/random/_examples/numba/__pycache__) by extension 'cmake'
[0.905s] Level 1:colcon.colcon_core.package_identification:_identify(venv/lib/python3.10/site-packages/numpy/random/_examples/numba/__pycache__) by extension 'python'
[0.905s] Level 1:colcon.colcon_core.package_identification:_identify(venv/lib/python3.10/site-packages/numpy/random/_examples/numba/__pycache__) by extensions ['python_setup_py']
[0.905s] Level 1:colcon.colcon_core.package_identification:_identify(venv/lib/python3.10/site-packages/numpy/random/_examples/numba/__pycache__) by extension 'python_setup_py'
[0.905s] Level 1:colcon.colcon_core.package_identification:_identify(venv/lib/python3.10/site-packages/numpy/random/lib) by extensions ['ignore', 'ignore_ament_install']
[0.905s] Level 1:colcon.colcon_core.package_identification:_identify(venv/lib/python3.10/site-packages/numpy/random/lib) by extension 'ignore'
[0.905s] Level 1:colcon.colcon_core.package_identification:_identify(venv/lib/python3.10/site-packages/numpy/random/lib) by extension 'ignore_ament_install'
[0.905s] Level 1:colcon.colcon_core.package_identification:_identify(venv/lib/python3.10/site-packages/numpy/random/lib) by extensions ['colcon_pkg']
[0.905s] Level 1:colcon.colcon_core.package_identification:_identify(venv/lib/python3.10/site-packages/numpy/random/lib) by extension 'colcon_pkg'
[0.905s] Level 1:colcon.colcon_core.package_identification:_identify(venv/lib/python3.10/site-packages/numpy/random/lib) by extensions ['colcon_meta']
[0.905s] Level 1:colcon.colcon_core.package_identification:_identify(venv/lib/python3.10/site-packages/numpy/random/lib) by extension 'colcon_meta'
[0.905s] Level 1:colcon.colcon_core.package_identification:_identify(venv/lib/python3.10/site-packages/numpy/random/lib) by extensions ['ros']
[0.905s] Level 1:colcon.colcon_core.package_identification:_identify(venv/lib/python3.10/site-packages/numpy/random/lib) by extension 'ros'
[0.905s] Level 1:colcon.colcon_core.package_identification:_identify(venv/lib/python3.10/site-packages/numpy/random/lib) by extensions ['cmake', 'python']
[0.905s] Level 1:colcon.colcon_core.package_identification:_identify(venv/lib/python3.10/site-packages/numpy/random/lib) by extension 'cmake'
[0.905s] Level 1:colcon.colcon_core.package_identification:_identify(venv/lib/python3.10/site-packages/numpy/random/lib) by extension 'python'
[0.905s] Level 1:colcon.colcon_core.package_identification:_identify(venv/lib/python3.10/site-packages/numpy/random/lib) by extensions ['python_setup_py']
[0.905s] Level 1:colcon.colcon_core.package_identification:_identify(venv/lib/python3.10/site-packages/numpy/random/lib) by extension 'python_setup_py'
[0.905s] Level 1:colcon.colcon_core.package_identification:_identify(venv/lib/python3.10/site-packages/numpy/random/tests) by extensions ['ignore', 'ignore_ament_install']
[0.905s] Level 1:colcon.colcon_core.package_identification:_identify(venv/lib/python3.10/site-packages/numpy/random/tests) by extension 'ignore'
[0.905s] Level 1:colcon.colcon_core.package_identification:_identify(venv/lib/python3.10/site-packages/numpy/random/tests) by extension 'ignore_ament_install'
[0.905s] Level 1:colcon.colcon_core.package_identification:_identify(venv/lib/python3.10/site-packages/numpy/random/tests) by extensions ['colcon_pkg']
[0.905s] Level 1:colcon.colcon_core.package_identification:_identify(venv/lib/python3.10/site-packages/numpy/random/tests) by extension 'colcon_pkg'
[0.905s] Level 1:colcon.colcon_core.package_identification:_identify(venv/lib/python3.10/site-packages/numpy/random/tests) by extensions ['colcon_meta']
[0.905s] Level 1:colcon.colcon_core.package_identification:_identify(venv/lib/python3.10/site-packages/numpy/random/tests) by extension 'colcon_meta'
[0.905s] Level 1:colcon.colcon_core.package_identification:_identify(venv/lib/python3.10/site-packages/numpy/random/tests) by extensions ['ros']
[0.905s] Level 1:colcon.colcon_core.package_identification:_identify(venv/lib/python3.10/site-packages/numpy/random/tests) by extension 'ros'
[0.905s] Level 1:colcon.colcon_core.package_identification:_identify(venv/lib/python3.10/site-packages/numpy/random/tests) by extensions ['cmake', 'python']
[0.905s] Level 1:colcon.colcon_core.package_identification:_identify(venv/lib/python3.10/site-packages/numpy/random/tests) by extension 'cmake'
[0.906s] Level 1:colcon.colcon_core.package_identification:_identify(venv/lib/python3.10/site-packages/numpy/random/tests) by extension 'python'
[0.906s] Level 1:colcon.colcon_core.package_identification:_identify(venv/lib/python3.10/site-packages/numpy/random/tests) by extensions ['python_setup_py']
[0.906s] Level 1:colcon.colcon_core.package_identification:_identify(venv/lib/python3.10/site-packages/numpy/random/tests) by extension 'python_setup_py'
[0.906s] Level 1:colcon.colcon_core.package_identification:_identify(venv/lib/python3.10/site-packages/numpy/random/tests/__pycache__) by extensions ['ignore', 'ignore_ament_install']
[0.906s] Level 1:colcon.colcon_core.package_identification:_identify(venv/lib/python3.10/site-packages/numpy/random/tests/__pycache__) by extension 'ignore'
[0.906s] Level 1:colcon.colcon_core.package_identification:_identify(venv/lib/python3.10/site-packages/numpy/random/tests/__pycache__) by extension 'ignore_ament_install'
[0.906s] Level 1:colcon.colcon_core.package_identification:_identify(venv/lib/python3.10/site-packages/numpy/random/tests/__pycache__) by extensions ['colcon_pkg']
[0.906s] Level 1:colcon.colcon_core.package_identification:_identify(venv/lib/python3.10/site-packages/numpy/random/tests/__pycache__) by extension 'colcon_pkg'
[0.906s] Level 1:colcon.colcon_core.package_identification:_identify(venv/lib/python3.10/site-packages/numpy/random/tests/__pycache__) by extensions ['colcon_meta']
[0.906s] Level 1:colcon.colcon_core.package_identification:_identify(venv/lib/python3.10/site-packages/numpy/random/tests/__pycache__) by extension 'colcon_meta'
[0.906s] Level 1:colcon.colcon_core.package_identification:_identify(venv/lib/python3.10/site-packages/numpy/random/tests/__pycache__) by extensions ['ros']
[0.906s] Level 1:colcon.colcon_core.package_identification:_identify(venv/lib/python3.10/site-packages/numpy/random/tests/__pycache__) by extension 'ros'
[0.906s] Level 1:colcon.colcon_core.package_identification:_identify(venv/lib/python3.10/site-packages/numpy/random/tests/__pycache__) by extensions ['cmake', 'python']
[0.906s] Level 1:colcon.colcon_core.package_identification:_identify(venv/lib/python3.10/site-packages/numpy/random/tests/__pycache__) by extension 'cmake'
[0.906s] Level 1:colcon.colcon_core.package_identification:_identify(venv/lib/python3.10/site-packages/numpy/random/tests/__pycache__) by extension 'python'
[0.906s] Level 1:colcon.colcon_core.package_identification:_identify(venv/lib/python3.10/site-packages/numpy/random/tests/__pycache__) by extensions ['python_setup_py']
[0.906s] Level 1:colcon.colcon_core.package_identification:_identify(venv/lib/python3.10/site-packages/numpy/random/tests/__pycache__) by extension 'python_setup_py'
[0.906s] Level 1:colcon.colcon_core.package_identification:_identify(venv/lib/python3.10/site-packages/numpy/random/tests/data) by extensions ['ignore', 'ignore_ament_install']
[0.906s] Level 1:colcon.colcon_core.package_identification:_identify(venv/lib/python3.10/site-packages/numpy/random/tests/data) by extension 'ignore'
[0.906s] Level 1:colcon.colcon_core.package_identification:_identify(venv/lib/python3.10/site-packages/numpy/random/tests/data) by extension 'ignore_ament_install'
[0.906s] Level 1:colcon.colcon_core.package_identification:_identify(venv/lib/python3.10/site-packages/numpy/random/tests/data) by extensions ['colcon_pkg']
[0.906s] Level 1:colcon.colcon_core.package_identification:_identify(venv/lib/python3.10/site-packages/numpy/random/tests/data) by extension 'colcon_pkg'
[0.906s] Level 1:colcon.colcon_core.package_identification:_identify(venv/lib/python3.10/site-packages/numpy/random/tests/data) by extensions ['colcon_meta']
[0.906s] Level 1:colcon.colcon_core.package_identification:_identify(venv/lib/python3.10/site-packages/numpy/random/tests/data) by extension 'colcon_meta'
[0.906s] Level 1:colcon.colcon_core.package_identification:_identify(venv/lib/python3.10/site-packages/numpy/random/tests/data) by extensions ['ros']
[0.906s] Level 1:colcon.colcon_core.package_identification:_identify(venv/lib/python3.10/site-packages/numpy/random/tests/data) by extension 'ros'
[0.906s] Level 1:colcon.colcon_core.package_identification:_identify(venv/lib/python3.10/site-packages/numpy/random/tests/data) by extensions ['cmake', 'python']
[0.906s] Level 1:colcon.colcon_core.package_identification:_identify(venv/lib/python3.10/site-packages/numpy/random/tests/data) by extension 'cmake'
[0.906s] Level 1:colcon.colcon_core.package_identification:_identify(venv/lib/python3.10/site-packages/numpy/random/tests/data) by extension 'python'
[0.906s] Level 1:colcon.colcon_core.package_identification:_identify(venv/lib/python3.10/site-packages/numpy/random/tests/data) by extensions ['python_setup_py']
[0.906s] Level 1:colcon.colcon_core.package_identification:_identify(venv/lib/python3.10/site-packages/numpy/random/tests/data) by extension 'python_setup_py'
[0.906s] Level 1:colcon.colcon_core.package_identification:_identify(venv/lib/python3.10/site-packages/numpy/random/tests/data/__pycache__) by extensions ['ignore', 'ignore_ament_install']
[0.906s] Level 1:colcon.colcon_core.package_identification:_identify(venv/lib/python3.10/site-packages/numpy/random/tests/data/__pycache__) by extension 'ignore'
[0.907s] Level 1:colcon.colcon_core.package_identification:_identify(venv/lib/python3.10/site-packages/numpy/random/tests/data/__pycache__) by extension 'ignore_ament_install'
[0.907s] Level 1:colcon.colcon_core.package_identification:_identify(venv/lib/python3.10/site-packages/numpy/random/tests/data/__pycache__) by extensions ['colcon_pkg']
[0.907s] Level 1:colcon.colcon_core.package_identification:_identify(venv/lib/python3.10/site-packages/numpy/random/tests/data/__pycache__) by extension 'colcon_pkg'
[0.907s] Level 1:colcon.colcon_core.package_identification:_identify(venv/lib/python3.10/site-packages/numpy/random/tests/data/__pycache__) by extensions ['colcon_meta']
[0.907s] Level 1:colcon.colcon_core.package_identification:_identify(venv/lib/python3.10/site-packages/numpy/random/tests/data/__pycache__) by extension 'colcon_meta'
[0.907s] Level 1:colcon.colcon_core.package_identification:_identify(venv/lib/python3.10/site-packages/numpy/random/tests/data/__pycache__) by extensions ['ros']
[0.907s] Level 1:colcon.colcon_core.package_identification:_identify(venv/lib/python3.10/site-packages/numpy/random/tests/data/__pycache__) by extension 'ros'
[0.907s] Level 1:colcon.colcon_core.package_identification:_identify(venv/lib/python3.10/site-packages/numpy/random/tests/data/__pycache__) by extensions ['cmake', 'python']
[0.907s] Level 1:colcon.colcon_core.package_identification:_identify(venv/lib/python3.10/site-packages/numpy/random/tests/data/__pycache__) by extension 'cmake'
[0.907s] Level 1:colcon.colcon_core.package_identification:_identify(venv/lib/python3.10/site-packages/numpy/random/tests/data/__pycache__) by extension 'python'
[0.907s] Level 1:colcon.colcon_core.package_identification:_identify(venv/lib/python3.10/site-packages/numpy/random/tests/data/__pycache__) by extensions ['python_setup_py']
[0.907s] Level 1:colcon.colcon_core.package_identification:_identify(venv/lib/python3.10/site-packages/numpy/random/tests/data/__pycache__) by extension 'python_setup_py'
[0.907s] Level 1:colcon.colcon_core.package_identification:_identify(venv/lib/python3.10/site-packages/numpy/rec) by extensions ['ignore', 'ignore_ament_install']
[0.907s] Level 1:colcon.colcon_core.package_identification:_identify(venv/lib/python3.10/site-packages/numpy/rec) by extension 'ignore'
[0.907s] Level 1:colcon.colcon_core.package_identification:_identify(venv/lib/python3.10/site-packages/numpy/rec) by extension 'ignore_ament_install'
[0.907s] Level 1:colcon.colcon_core.package_identification:_identify(venv/lib/python3.10/site-packages/numpy/rec) by extensions ['colcon_pkg']
[0.907s] Level 1:colcon.colcon_core.package_identification:_identify(venv/lib/python3.10/site-packages/numpy/rec) by extension 'colcon_pkg'
[0.907s] Level 1:colcon.colcon_core.package_identification:_identify(venv/lib/python3.10/site-packages/numpy/rec) by extensions ['colcon_meta']
[0.907s] Level 1:colcon.colcon_core.package_identification:_identify(venv/lib/python3.10/site-packages/numpy/rec) by extension 'colcon_meta'
[0.907s] Level 1:colcon.colcon_core.package_identification:_identify(venv/lib/python3.10/site-packages/numpy/rec) by extensions ['ros']
[0.907s] Level 1:colcon.colcon_core.package_identification:_identify(venv/lib/python3.10/site-packages/numpy/rec) by extension 'ros'
[0.907s] Level 1:colcon.colcon_core.package_identification:_identify(venv/lib/python3.10/site-packages/numpy/rec) by extensions ['cmake', 'python']
[0.907s] Level 1:colcon.colcon_core.package_identification:_identify(venv/lib/python3.10/site-packages/numpy/rec) by extension 'cmake'
[0.907s] Level 1:colcon.colcon_core.package_identification:_identify(venv/lib/python3.10/site-packages/numpy/rec) by extension 'python'
[0.907s] Level 1:colcon.colcon_core.package_identification:_identify(venv/lib/python3.10/site-packages/numpy/rec) by extensions ['python_setup_py']
[0.907s] Level 1:colcon.colcon_core.package_identification:_identify(venv/lib/python3.10/site-packages/numpy/rec) by extension 'python_setup_py'
[0.907s] Level 1:colcon.colcon_core.package_identification:_identify(venv/lib/python3.10/site-packages/numpy/rec/__pycache__) by extensions ['ignore', 'ignore_ament_install']
[0.907s] Level 1:colcon.colcon_core.package_identification:_identify(venv/lib/python3.10/site-packages/numpy/rec/__pycache__) by extension 'ignore'
[0.907s] Level 1:colcon.colcon_core.package_identification:_identify(venv/lib/python3.10/site-packages/numpy/rec/__pycache__) by extension 'ignore_ament_install'
[0.907s] Level 1:colcon.colcon_core.package_identification:_identify(venv/lib/python3.10/site-packages/numpy/rec/__pycache__) by extensions ['colcon_pkg']
[0.907s] Level 1:colcon.colcon_core.package_identification:_identify(venv/lib/python3.10/site-packages/numpy/rec/__pycache__) by extension 'colcon_pkg'
[0.907s] Level 1:colcon.colcon_core.package_identification:_identify(venv/lib/python3.10/site-packages/numpy/rec/__pycache__) by extensions ['colcon_meta']
[0.907s] Level 1:colcon.colcon_core.package_identification:_identify(venv/lib/python3.10/site-packages/numpy/rec/__pycache__) by extension 'colcon_meta'
[0.907s] Level 1:colcon.colcon_core.package_identification:_identify(venv/lib/python3.10/site-packages/numpy/rec/__pycache__) by extensions ['ros']
[0.907s] Level 1:colcon.colcon_core.package_identification:_identify(venv/lib/python3.10/site-packages/numpy/rec/__pycache__) by extension 'ros'
[0.907s] Level 1:colcon.colcon_core.package_identification:_identify(venv/lib/python3.10/site-packages/numpy/rec/__pycache__) by extensions ['cmake', 'python']
[0.908s] Level 1:colcon.colcon_core.package_identification:_identify(venv/lib/python3.10/site-packages/numpy/rec/__pycache__) by extension 'cmake'
[0.908s] Level 1:colcon.colcon_core.package_identification:_identify(venv/lib/python3.10/site-packages/numpy/rec/__pycache__) by extension 'python'
[0.908s] Level 1:colcon.colcon_core.package_identification:_identify(venv/lib/python3.10/site-packages/numpy/rec/__pycache__) by extensions ['python_setup_py']
[0.908s] Level 1:colcon.colcon_core.package_identification:_identify(venv/lib/python3.10/site-packages/numpy/rec/__pycache__) by extension 'python_setup_py'
[0.908s] Level 1:colcon.colcon_core.package_identification:_identify(venv/lib/python3.10/site-packages/numpy/strings) by extensions ['ignore', 'ignore_ament_install']
[0.908s] Level 1:colcon.colcon_core.package_identification:_identify(venv/lib/python3.10/site-packages/numpy/strings) by extension 'ignore'
[0.908s] Level 1:colcon.colcon_core.package_identification:_identify(venv/lib/python3.10/site-packages/numpy/strings) by extension 'ignore_ament_install'
[0.908s] Level 1:colcon.colcon_core.package_identification:_identify(venv/lib/python3.10/site-packages/numpy/strings) by extensions ['colcon_pkg']
[0.908s] Level 1:colcon.colcon_core.package_identification:_identify(venv/lib/python3.10/site-packages/numpy/strings) by extension 'colcon_pkg'
[0.908s] Level 1:colcon.colcon_core.package_identification:_identify(venv/lib/python3.10/site-packages/numpy/strings) by extensions ['colcon_meta']
[0.908s] Level 1:colcon.colcon_core.package_identification:_identify(venv/lib/python3.10/site-packages/numpy/strings) by extension 'colcon_meta'
[0.908s] Level 1:colcon.colcon_core.package_identification:_identify(venv/lib/python3.10/site-packages/numpy/strings) by extensions ['ros']
[0.908s] Level 1:colcon.colcon_core.package_identification:_identify(venv/lib/python3.10/site-packages/numpy/strings) by extension 'ros'
[0.908s] Level 1:colcon.colcon_core.package_identification:_identify(venv/lib/python3.10/site-packages/numpy/strings) by extensions ['cmake', 'python']
[0.908s] Level 1:colcon.colcon_core.package_identification:_identify(venv/lib/python3.10/site-packages/numpy/strings) by extension 'cmake'
[0.908s] Level 1:colcon.colcon_core.package_identification:_identify(venv/lib/python3.10/site-packages/numpy/strings) by extension 'python'
[0.908s] Level 1:colcon.colcon_core.package_identification:_identify(venv/lib/python3.10/site-packages/numpy/strings) by extensions ['python_setup_py']
[0.908s] Level 1:colcon.colcon_core.package_identification:_identify(venv/lib/python3.10/site-packages/numpy/strings) by extension 'python_setup_py'
[0.908s] Level 1:colcon.colcon_core.package_identification:_identify(venv/lib/python3.10/site-packages/numpy/strings/__pycache__) by extensions ['ignore', 'ignore_ament_install']
[0.908s] Level 1:colcon.colcon_core.package_identification:_identify(venv/lib/python3.10/site-packages/numpy/strings/__pycache__) by extension 'ignore'
[0.908s] Level 1:colcon.colcon_core.package_identification:_identify(venv/lib/python3.10/site-packages/numpy/strings/__pycache__) by extension 'ignore_ament_install'
[0.908s] Level 1:colcon.colcon_core.package_identification:_identify(venv/lib/python3.10/site-packages/numpy/strings/__pycache__) by extensions ['colcon_pkg']
[0.908s] Level 1:colcon.colcon_core.package_identification:_identify(venv/lib/python3.10/site-packages/numpy/strings/__pycache__) by extension 'colcon_pkg'
[0.908s] Level 1:colcon.colcon_core.package_identification:_identify(venv/lib/python3.10/site-packages/numpy/strings/__pycache__) by extensions ['colcon_meta']
[0.908s] Level 1:colcon.colcon_core.package_identification:_identify(venv/lib/python3.10/site-packages/numpy/strings/__pycache__) by extension 'colcon_meta'
[0.908s] Level 1:colcon.colcon_core.package_identification:_identify(venv/lib/python3.10/site-packages/numpy/strings/__pycache__) by extensions ['ros']
[0.908s] Level 1:colcon.colcon_core.package_identification:_identify(venv/lib/python3.10/site-packages/numpy/strings/__pycache__) by extension 'ros'
[0.908s] Level 1:colcon.colcon_core.package_identification:_identify(venv/lib/python3.10/site-packages/numpy/strings/__pycache__) by extensions ['cmake', 'python']
[0.908s] Level 1:colcon.colcon_core.package_identification:_identify(venv/lib/python3.10/site-packages/numpy/strings/__pycache__) by extension 'cmake'
[0.908s] Level 1:colcon.colcon_core.package_identification:_identify(venv/lib/python3.10/site-packages/numpy/strings/__pycache__) by extension 'python'
[0.908s] Level 1:colcon.colcon_core.package_identification:_identify(venv/lib/python3.10/site-packages/numpy/strings/__pycache__) by extensions ['python_setup_py']
[0.908s] Level 1:colcon.colcon_core.package_identification:_identify(venv/lib/python3.10/site-packages/numpy/strings/__pycache__) by extension 'python_setup_py'
[0.908s] Level 1:colcon.colcon_core.package_identification:_identify(venv/lib/python3.10/site-packages/numpy/testing) by extensions ['ignore', 'ignore_ament_install']
[0.908s] Level 1:colcon.colcon_core.package_identification:_identify(venv/lib/python3.10/site-packages/numpy/testing) by extension 'ignore'
[0.909s] Level 1:colcon.colcon_core.package_identification:_identify(venv/lib/python3.10/site-packages/numpy/testing) by extension 'ignore_ament_install'
[0.909s] Level 1:colcon.colcon_core.package_identification:_identify(venv/lib/python3.10/site-packages/numpy/testing) by extensions ['colcon_pkg']
[0.909s] Level 1:colcon.colcon_core.package_identification:_identify(venv/lib/python3.10/site-packages/numpy/testing) by extension 'colcon_pkg'
[0.909s] Level 1:colcon.colcon_core.package_identification:_identify(venv/lib/python3.10/site-packages/numpy/testing) by extensions ['colcon_meta']
[0.909s] Level 1:colcon.colcon_core.package_identification:_identify(venv/lib/python3.10/site-packages/numpy/testing) by extension 'colcon_meta'
[0.909s] Level 1:colcon.colcon_core.package_identification:_identify(venv/lib/python3.10/site-packages/numpy/testing) by extensions ['ros']
[0.909s] Level 1:colcon.colcon_core.package_identification:_identify(venv/lib/python3.10/site-packages/numpy/testing) by extension 'ros'
[0.909s] Level 1:colcon.colcon_core.package_identification:_identify(venv/lib/python3.10/site-packages/numpy/testing) by extensions ['cmake', 'python']
[0.909s] Level 1:colcon.colcon_core.package_identification:_identify(venv/lib/python3.10/site-packages/numpy/testing) by extension 'cmake'
[0.909s] Level 1:colcon.colcon_core.package_identification:_identify(venv/lib/python3.10/site-packages/numpy/testing) by extension 'python'
[0.909s] Level 1:colcon.colcon_core.package_identification:_identify(venv/lib/python3.10/site-packages/numpy/testing) by extensions ['python_setup_py']
[0.909s] Level 1:colcon.colcon_core.package_identification:_identify(venv/lib/python3.10/site-packages/numpy/testing) by extension 'python_setup_py'
[0.909s] Level 1:colcon.colcon_core.package_identification:_identify(venv/lib/python3.10/site-packages/numpy/testing/__pycache__) by extensions ['ignore', 'ignore_ament_install']
[0.909s] Level 1:colcon.colcon_core.package_identification:_identify(venv/lib/python3.10/site-packages/numpy/testing/__pycache__) by extension 'ignore'
[0.909s] Level 1:colcon.colcon_core.package_identification:_identify(venv/lib/python3.10/site-packages/numpy/testing/__pycache__) by extension 'ignore_ament_install'
[0.909s] Level 1:colcon.colcon_core.package_identification:_identify(venv/lib/python3.10/site-packages/numpy/testing/__pycache__) by extensions ['colcon_pkg']
[0.909s] Level 1:colcon.colcon_core.package_identification:_identify(venv/lib/python3.10/site-packages/numpy/testing/__pycache__) by extension 'colcon_pkg'
[0.909s] Level 1:colcon.colcon_core.package_identification:_identify(venv/lib/python3.10/site-packages/numpy/testing/__pycache__) by extensions ['colcon_meta']
[0.909s] Level 1:colcon.colcon_core.package_identification:_identify(venv/lib/python3.10/site-packages/numpy/testing/__pycache__) by extension 'colcon_meta'
[0.909s] Level 1:colcon.colcon_core.package_identification:_identify(venv/lib/python3.10/site-packages/numpy/testing/__pycache__) by extensions ['ros']
[0.909s] Level 1:colcon.colcon_core.package_identification:_identify(venv/lib/python3.10/site-packages/numpy/testing/__pycache__) by extension 'ros'
[0.909s] Level 1:colcon.colcon_core.package_identification:_identify(venv/lib/python3.10/site-packages/numpy/testing/__pycache__) by extensions ['cmake', 'python']
[0.909s] Level 1:colcon.colcon_core.package_identification:_identify(venv/lib/python3.10/site-packages/numpy/testing/__pycache__) by extension 'cmake'
[0.909s] Level 1:colcon.colcon_core.package_identification:_identify(venv/lib/python3.10/site-packages/numpy/testing/__pycache__) by extension 'python'
[0.909s] Level 1:colcon.colcon_core.package_identification:_identify(venv/lib/python3.10/site-packages/numpy/testing/__pycache__) by extensions ['python_setup_py']
[0.909s] Level 1:colcon.colcon_core.package_identification:_identify(venv/lib/python3.10/site-packages/numpy/testing/__pycache__) by extension 'python_setup_py'
[0.909s] Level 1:colcon.colcon_core.package_identification:_identify(venv/lib/python3.10/site-packages/numpy/testing/_private) by extensions ['ignore', 'ignore_ament_install']
[0.909s] Level 1:colcon.colcon_core.package_identification:_identify(venv/lib/python3.10/site-packages/numpy/testing/_private) by extension 'ignore'
[0.909s] Level 1:colcon.colcon_core.package_identification:_identify(venv/lib/python3.10/site-packages/numpy/testing/_private) by extension 'ignore_ament_install'
[0.909s] Level 1:colcon.colcon_core.package_identification:_identify(venv/lib/python3.10/site-packages/numpy/testing/_private) by extensions ['colcon_pkg']
[0.909s] Level 1:colcon.colcon_core.package_identification:_identify(venv/lib/python3.10/site-packages/numpy/testing/_private) by extension 'colcon_pkg'
[0.909s] Level 1:colcon.colcon_core.package_identification:_identify(venv/lib/python3.10/site-packages/numpy/testing/_private) by extensions ['colcon_meta']
[0.909s] Level 1:colcon.colcon_core.package_identification:_identify(venv/lib/python3.10/site-packages/numpy/testing/_private) by extension 'colcon_meta'
[0.909s] Level 1:colcon.colcon_core.package_identification:_identify(venv/lib/python3.10/site-packages/numpy/testing/_private) by extensions ['ros']
[0.909s] Level 1:colcon.colcon_core.package_identification:_identify(venv/lib/python3.10/site-packages/numpy/testing/_private) by extension 'ros'
[0.910s] Level 1:colcon.colcon_core.package_identification:_identify(venv/lib/python3.10/site-packages/numpy/testing/_private) by extensions ['cmake', 'python']
[0.910s] Level 1:colcon.colcon_core.package_identification:_identify(venv/lib/python3.10/site-packages/numpy/testing/_private) by extension 'cmake'
[0.910s] Level 1:colcon.colcon_core.package_identification:_identify(venv/lib/python3.10/site-packages/numpy/testing/_private) by extension 'python'
[0.910s] Level 1:colcon.colcon_core.package_identification:_identify(venv/lib/python3.10/site-packages/numpy/testing/_private) by extensions ['python_setup_py']
[0.910s] Level 1:colcon.colcon_core.package_identification:_identify(venv/lib/python3.10/site-packages/numpy/testing/_private) by extension 'python_setup_py'
[0.910s] Level 1:colcon.colcon_core.package_identification:_identify(venv/lib/python3.10/site-packages/numpy/testing/_private/__pycache__) by extensions ['ignore', 'ignore_ament_install']
[0.910s] Level 1:colcon.colcon_core.package_identification:_identify(venv/lib/python3.10/site-packages/numpy/testing/_private/__pycache__) by extension 'ignore'
[0.910s] Level 1:colcon.colcon_core.package_identification:_identify(venv/lib/python3.10/site-packages/numpy/testing/_private/__pycache__) by extension 'ignore_ament_install'
[0.910s] Level 1:colcon.colcon_core.package_identification:_identify(venv/lib/python3.10/site-packages/numpy/testing/_private/__pycache__) by extensions ['colcon_pkg']
[0.910s] Level 1:colcon.colcon_core.package_identification:_identify(venv/lib/python3.10/site-packages/numpy/testing/_private/__pycache__) by extension 'colcon_pkg'
[0.910s] Level 1:colcon.colcon_core.package_identification:_identify(venv/lib/python3.10/site-packages/numpy/testing/_private/__pycache__) by extensions ['colcon_meta']
[0.910s] Level 1:colcon.colcon_core.package_identification:_identify(venv/lib/python3.10/site-packages/numpy/testing/_private/__pycache__) by extension 'colcon_meta'
[0.910s] Level 1:colcon.colcon_core.package_identification:_identify(venv/lib/python3.10/site-packages/numpy/testing/_private/__pycache__) by extensions ['ros']
[0.910s] Level 1:colcon.colcon_core.package_identification:_identify(venv/lib/python3.10/site-packages/numpy/testing/_private/__pycache__) by extension 'ros'
[0.910s] Level 1:colcon.colcon_core.package_identification:_identify(venv/lib/python3.10/site-packages/numpy/testing/_private/__pycache__) by extensions ['cmake', 'python']
[0.910s] Level 1:colcon.colcon_core.package_identification:_identify(venv/lib/python3.10/site-packages/numpy/testing/_private/__pycache__) by extension 'cmake'
[0.910s] Level 1:colcon.colcon_core.package_identification:_identify(venv/lib/python3.10/site-packages/numpy/testing/_private/__pycache__) by extension 'python'
[0.910s] Level 1:colcon.colcon_core.package_identification:_identify(venv/lib/python3.10/site-packages/numpy/testing/_private/__pycache__) by extensions ['python_setup_py']
[0.910s] Level 1:colcon.colcon_core.package_identification:_identify(venv/lib/python3.10/site-packages/numpy/testing/_private/__pycache__) by extension 'python_setup_py'
[0.910s] Level 1:colcon.colcon_core.package_identification:_identify(venv/lib/python3.10/site-packages/numpy/testing/tests) by extensions ['ignore', 'ignore_ament_install']
[0.910s] Level 1:colcon.colcon_core.package_identification:_identify(venv/lib/python3.10/site-packages/numpy/testing/tests) by extension 'ignore'
[0.910s] Level 1:colcon.colcon_core.package_identification:_identify(venv/lib/python3.10/site-packages/numpy/testing/tests) by extension 'ignore_ament_install'
[0.910s] Level 1:colcon.colcon_core.package_identification:_identify(venv/lib/python3.10/site-packages/numpy/testing/tests) by extensions ['colcon_pkg']
[0.910s] Level 1:colcon.colcon_core.package_identification:_identify(venv/lib/python3.10/site-packages/numpy/testing/tests) by extension 'colcon_pkg'
[0.910s] Level 1:colcon.colcon_core.package_identification:_identify(venv/lib/python3.10/site-packages/numpy/testing/tests) by extensions ['colcon_meta']
[0.910s] Level 1:colcon.colcon_core.package_identification:_identify(venv/lib/python3.10/site-packages/numpy/testing/tests) by extension 'colcon_meta'
[0.910s] Level 1:colcon.colcon_core.package_identification:_identify(venv/lib/python3.10/site-packages/numpy/testing/tests) by extensions ['ros']
[0.910s] Level 1:colcon.colcon_core.package_identification:_identify(venv/lib/python3.10/site-packages/numpy/testing/tests) by extension 'ros'
[0.910s] Level 1:colcon.colcon_core.package_identification:_identify(venv/lib/python3.10/site-packages/numpy/testing/tests) by extensions ['cmake', 'python']
[0.910s] Level 1:colcon.colcon_core.package_identification:_identify(venv/lib/python3.10/site-packages/numpy/testing/tests) by extension 'cmake'
[0.910s] Level 1:colcon.colcon_core.package_identification:_identify(venv/lib/python3.10/site-packages/numpy/testing/tests) by extension 'python'
[0.910s] Level 1:colcon.colcon_core.package_identification:_identify(venv/lib/python3.10/site-packages/numpy/testing/tests) by extensions ['python_setup_py']
[0.910s] Level 1:colcon.colcon_core.package_identification:_identify(venv/lib/python3.10/site-packages/numpy/testing/tests) by extension 'python_setup_py'
[0.910s] Level 1:colcon.colcon_core.package_identification:_identify(venv/lib/python3.10/site-packages/numpy/testing/tests/__pycache__) by extensions ['ignore', 'ignore_ament_install']
[0.911s] Level 1:colcon.colcon_core.package_identification:_identify(venv/lib/python3.10/site-packages/numpy/testing/tests/__pycache__) by extension 'ignore'
[0.911s] Level 1:colcon.colcon_core.package_identification:_identify(venv/lib/python3.10/site-packages/numpy/testing/tests/__pycache__) by extension 'ignore_ament_install'
[0.911s] Level 1:colcon.colcon_core.package_identification:_identify(venv/lib/python3.10/site-packages/numpy/testing/tests/__pycache__) by extensions ['colcon_pkg']
[0.911s] Level 1:colcon.colcon_core.package_identification:_identify(venv/lib/python3.10/site-packages/numpy/testing/tests/__pycache__) by extension 'colcon_pkg'
[0.911s] Level 1:colcon.colcon_core.package_identification:_identify(venv/lib/python3.10/site-packages/numpy/testing/tests/__pycache__) by extensions ['colcon_meta']
[0.911s] Level 1:colcon.colcon_core.package_identification:_identify(venv/lib/python3.10/site-packages/numpy/testing/tests/__pycache__) by extension 'colcon_meta'
[0.911s] Level 1:colcon.colcon_core.package_identification:_identify(venv/lib/python3.10/site-packages/numpy/testing/tests/__pycache__) by extensions ['ros']
[0.911s] Level 1:colcon.colcon_core.package_identification:_identify(venv/lib/python3.10/site-packages/numpy/testing/tests/__pycache__) by extension 'ros'
[0.911s] Level 1:colcon.colcon_core.package_identification:_identify(venv/lib/python3.10/site-packages/numpy/testing/tests/__pycache__) by extensions ['cmake', 'python']
[0.911s] Level 1:colcon.colcon_core.package_identification:_identify(venv/lib/python3.10/site-packages/numpy/testing/tests/__pycache__) by extension 'cmake'
[0.911s] Level 1:colcon.colcon_core.package_identification:_identify(venv/lib/python3.10/site-packages/numpy/testing/tests/__pycache__) by extension 'python'
[0.911s] Level 1:colcon.colcon_core.package_identification:_identify(venv/lib/python3.10/site-packages/numpy/testing/tests/__pycache__) by extensions ['python_setup_py']
[0.911s] Level 1:colcon.colcon_core.package_identification:_identify(venv/lib/python3.10/site-packages/numpy/testing/tests/__pycache__) by extension 'python_setup_py'
[0.911s] Level 1:colcon.colcon_core.package_identification:_identify(venv/lib/python3.10/site-packages/numpy/tests) by extensions ['ignore', 'ignore_ament_install']
[0.911s] Level 1:colcon.colcon_core.package_identification:_identify(venv/lib/python3.10/site-packages/numpy/tests) by extension 'ignore'
[0.911s] Level 1:colcon.colcon_core.package_identification:_identify(venv/lib/python3.10/site-packages/numpy/tests) by extension 'ignore_ament_install'
[0.911s] Level 1:colcon.colcon_core.package_identification:_identify(venv/lib/python3.10/site-packages/numpy/tests) by extensions ['colcon_pkg']
[0.911s] Level 1:colcon.colcon_core.package_identification:_identify(venv/lib/python3.10/site-packages/numpy/tests) by extension 'colcon_pkg'
[0.911s] Level 1:colcon.colcon_core.package_identification:_identify(venv/lib/python3.10/site-packages/numpy/tests) by extensions ['colcon_meta']
[0.911s] Level 1:colcon.colcon_core.package_identification:_identify(venv/lib/python3.10/site-packages/numpy/tests) by extension 'colcon_meta'
[0.911s] Level 1:colcon.colcon_core.package_identification:_identify(venv/lib/python3.10/site-packages/numpy/tests) by extensions ['ros']
[0.911s] Level 1:colcon.colcon_core.package_identification:_identify(venv/lib/python3.10/site-packages/numpy/tests) by extension 'ros'
[0.911s] Level 1:colcon.colcon_core.package_identification:_identify(venv/lib/python3.10/site-packages/numpy/tests) by extensions ['cmake', 'python']
[0.911s] Level 1:colcon.colcon_core.package_identification:_identify(venv/lib/python3.10/site-packages/numpy/tests) by extension 'cmake'
[0.911s] Level 1:colcon.colcon_core.package_identification:_identify(venv/lib/python3.10/site-packages/numpy/tests) by extension 'python'
[0.911s] Level 1:colcon.colcon_core.package_identification:_identify(venv/lib/python3.10/site-packages/numpy/tests) by extensions ['python_setup_py']
[0.911s] Level 1:colcon.colcon_core.package_identification:_identify(venv/lib/python3.10/site-packages/numpy/tests) by extension 'python_setup_py'
[0.911s] Level 1:colcon.colcon_core.package_identification:_identify(venv/lib/python3.10/site-packages/numpy/tests/__pycache__) by extensions ['ignore', 'ignore_ament_install']
[0.911s] Level 1:colcon.colcon_core.package_identification:_identify(venv/lib/python3.10/site-packages/numpy/tests/__pycache__) by extension 'ignore'
[0.911s] Level 1:colcon.colcon_core.package_identification:_identify(venv/lib/python3.10/site-packages/numpy/tests/__pycache__) by extension 'ignore_ament_install'
[0.911s] Level 1:colcon.colcon_core.package_identification:_identify(venv/lib/python3.10/site-packages/numpy/tests/__pycache__) by extensions ['colcon_pkg']
[0.911s] Level 1:colcon.colcon_core.package_identification:_identify(venv/lib/python3.10/site-packages/numpy/tests/__pycache__) by extension 'colcon_pkg'
[0.911s] Level 1:colcon.colcon_core.package_identification:_identify(venv/lib/python3.10/site-packages/numpy/tests/__pycache__) by extensions ['colcon_meta']
[0.911s] Level 1:colcon.colcon_core.package_identification:_identify(venv/lib/python3.10/site-packages/numpy/tests/__pycache__) by extension 'colcon_meta'
[0.911s] Level 1:colcon.colcon_core.package_identification:_identify(venv/lib/python3.10/site-packages/numpy/tests/__pycache__) by extensions ['ros']
[0.911s] Level 1:colcon.colcon_core.package_identification:_identify(venv/lib/python3.10/site-packages/numpy/tests/__pycache__) by extension 'ros'
[0.911s] Level 1:colcon.colcon_core.package_identification:_identify(venv/lib/python3.10/site-packages/numpy/tests/__pycache__) by extensions ['cmake', 'python']
[0.912s] Level 1:colcon.colcon_core.package_identification:_identify(venv/lib/python3.10/site-packages/numpy/tests/__pycache__) by extension 'cmake'
[0.912s] Level 1:colcon.colcon_core.package_identification:_identify(venv/lib/python3.10/site-packages/numpy/tests/__pycache__) by extension 'python'
[0.912s] Level 1:colcon.colcon_core.package_identification:_identify(venv/lib/python3.10/site-packages/numpy/tests/__pycache__) by extensions ['python_setup_py']
[0.912s] Level 1:colcon.colcon_core.package_identification:_identify(venv/lib/python3.10/site-packages/numpy/tests/__pycache__) by extension 'python_setup_py'
[0.912s] Level 1:colcon.colcon_core.package_identification:_identify(venv/lib/python3.10/site-packages/numpy/typing) by extensions ['ignore', 'ignore_ament_install']
[0.912s] Level 1:colcon.colcon_core.package_identification:_identify(venv/lib/python3.10/site-packages/numpy/typing) by extension 'ignore'
[0.912s] Level 1:colcon.colcon_core.package_identification:_identify(venv/lib/python3.10/site-packages/numpy/typing) by extension 'ignore_ament_install'
[0.912s] Level 1:colcon.colcon_core.package_identification:_identify(venv/lib/python3.10/site-packages/numpy/typing) by extensions ['colcon_pkg']
[0.912s] Level 1:colcon.colcon_core.package_identification:_identify(venv/lib/python3.10/site-packages/numpy/typing) by extension 'colcon_pkg'
[0.912s] Level 1:colcon.colcon_core.package_identification:_identify(venv/lib/python3.10/site-packages/numpy/typing) by extensions ['colcon_meta']
[0.912s] Level 1:colcon.colcon_core.package_identification:_identify(venv/lib/python3.10/site-packages/numpy/typing) by extension 'colcon_meta'
[0.912s] Level 1:colcon.colcon_core.package_identification:_identify(venv/lib/python3.10/site-packages/numpy/typing) by extensions ['ros']
[0.912s] Level 1:colcon.colcon_core.package_identification:_identify(venv/lib/python3.10/site-packages/numpy/typing) by extension 'ros'
[0.912s] Level 1:colcon.colcon_core.package_identification:_identify(venv/lib/python3.10/site-packages/numpy/typing) by extensions ['cmake', 'python']
[0.912s] Level 1:colcon.colcon_core.package_identification:_identify(venv/lib/python3.10/site-packages/numpy/typing) by extension 'cmake'
[0.912s] Level 1:colcon.colcon_core.package_identification:_identify(venv/lib/python3.10/site-packages/numpy/typing) by extension 'python'
[0.912s] Level 1:colcon.colcon_core.package_identification:_identify(venv/lib/python3.10/site-packages/numpy/typing) by extensions ['python_setup_py']
[0.912s] Level 1:colcon.colcon_core.package_identification:_identify(venv/lib/python3.10/site-packages/numpy/typing) by extension 'python_setup_py'
[0.912s] Level 1:colcon.colcon_core.package_identification:_identify(venv/lib/python3.10/site-packages/numpy/typing/__pycache__) by extensions ['ignore', 'ignore_ament_install']
[0.912s] Level 1:colcon.colcon_core.package_identification:_identify(venv/lib/python3.10/site-packages/numpy/typing/__pycache__) by extension 'ignore'
[0.912s] Level 1:colcon.colcon_core.package_identification:_identify(venv/lib/python3.10/site-packages/numpy/typing/__pycache__) by extension 'ignore_ament_install'
[0.912s] Level 1:colcon.colcon_core.package_identification:_identify(venv/lib/python3.10/site-packages/numpy/typing/__pycache__) by extensions ['colcon_pkg']
[0.912s] Level 1:colcon.colcon_core.package_identification:_identify(venv/lib/python3.10/site-packages/numpy/typing/__pycache__) by extension 'colcon_pkg'
[0.912s] Level 1:colcon.colcon_core.package_identification:_identify(venv/lib/python3.10/site-packages/numpy/typing/__pycache__) by extensions ['colcon_meta']
[0.912s] Level 1:colcon.colcon_core.package_identification:_identify(venv/lib/python3.10/site-packages/numpy/typing/__pycache__) by extension 'colcon_meta'
[0.912s] Level 1:colcon.colcon_core.package_identification:_identify(venv/lib/python3.10/site-packages/numpy/typing/__pycache__) by extensions ['ros']
[0.912s] Level 1:colcon.colcon_core.package_identification:_identify(venv/lib/python3.10/site-packages/numpy/typing/__pycache__) by extension 'ros'
[0.912s] Level 1:colcon.colcon_core.package_identification:_identify(venv/lib/python3.10/site-packages/numpy/typing/__pycache__) by extensions ['cmake', 'python']
[0.912s] Level 1:colcon.colcon_core.package_identification:_identify(venv/lib/python3.10/site-packages/numpy/typing/__pycache__) by extension 'cmake'
[0.912s] Level 1:colcon.colcon_core.package_identification:_identify(venv/lib/python3.10/site-packages/numpy/typing/__pycache__) by extension 'python'
[0.912s] Level 1:colcon.colcon_core.package_identification:_identify(venv/lib/python3.10/site-packages/numpy/typing/__pycache__) by extensions ['python_setup_py']
[0.912s] Level 1:colcon.colcon_core.package_identification:_identify(venv/lib/python3.10/site-packages/numpy/typing/__pycache__) by extension 'python_setup_py'
[0.912s] Level 1:colcon.colcon_core.package_identification:_identify(venv/lib/python3.10/site-packages/numpy/typing/tests) by extensions ['ignore', 'ignore_ament_install']
[0.912s] Level 1:colcon.colcon_core.package_identification:_identify(venv/lib/python3.10/site-packages/numpy/typing/tests) by extension 'ignore'
[0.913s] Level 1:colcon.colcon_core.package_identification:_identify(venv/lib/python3.10/site-packages/numpy/typing/tests) by extension 'ignore_ament_install'
[0.913s] Level 1:colcon.colcon_core.package_identification:_identify(venv/lib/python3.10/site-packages/numpy/typing/tests) by extensions ['colcon_pkg']
[0.913s] Level 1:colcon.colcon_core.package_identification:_identify(venv/lib/python3.10/site-packages/numpy/typing/tests) by extension 'colcon_pkg'
[0.913s] Level 1:colcon.colcon_core.package_identification:_identify(venv/lib/python3.10/site-packages/numpy/typing/tests) by extensions ['colcon_meta']
[0.913s] Level 1:colcon.colcon_core.package_identification:_identify(venv/lib/python3.10/site-packages/numpy/typing/tests) by extension 'colcon_meta'
[0.913s] Level 1:colcon.colcon_core.package_identification:_identify(venv/lib/python3.10/site-packages/numpy/typing/tests) by extensions ['ros']
[0.913s] Level 1:colcon.colcon_core.package_identification:_identify(venv/lib/python3.10/site-packages/numpy/typing/tests) by extension 'ros'
[0.913s] Level 1:colcon.colcon_core.package_identification:_identify(venv/lib/python3.10/site-packages/numpy/typing/tests) by extensions ['cmake', 'python']
[0.913s] Level 1:colcon.colcon_core.package_identification:_identify(venv/lib/python3.10/site-packages/numpy/typing/tests) by extension 'cmake'
[0.913s] Level 1:colcon.colcon_core.package_identification:_identify(venv/lib/python3.10/site-packages/numpy/typing/tests) by extension 'python'
[0.913s] Level 1:colcon.colcon_core.package_identification:_identify(venv/lib/python3.10/site-packages/numpy/typing/tests) by extensions ['python_setup_py']
[0.913s] Level 1:colcon.colcon_core.package_identification:_identify(venv/lib/python3.10/site-packages/numpy/typing/tests) by extension 'python_setup_py'
[0.913s] Level 1:colcon.colcon_core.package_identification:_identify(venv/lib/python3.10/site-packages/numpy/typing/tests/__pycache__) by extensions ['ignore', 'ignore_ament_install']
[0.913s] Level 1:colcon.colcon_core.package_identification:_identify(venv/lib/python3.10/site-packages/numpy/typing/tests/__pycache__) by extension 'ignore'
[0.913s] Level 1:colcon.colcon_core.package_identification:_identify(venv/lib/python3.10/site-packages/numpy/typing/tests/__pycache__) by extension 'ignore_ament_install'
[0.913s] Level 1:colcon.colcon_core.package_identification:_identify(venv/lib/python3.10/site-packages/numpy/typing/tests/__pycache__) by extensions ['colcon_pkg']
[0.913s] Level 1:colcon.colcon_core.package_identification:_identify(venv/lib/python3.10/site-packages/numpy/typing/tests/__pycache__) by extension 'colcon_pkg'
[0.913s] Level 1:colcon.colcon_core.package_identification:_identify(venv/lib/python3.10/site-packages/numpy/typing/tests/__pycache__) by extensions ['colcon_meta']
[0.913s] Level 1:colcon.colcon_core.package_identification:_identify(venv/lib/python3.10/site-packages/numpy/typing/tests/__pycache__) by extension 'colcon_meta'
[0.913s] Level 1:colcon.colcon_core.package_identification:_identify(venv/lib/python3.10/site-packages/numpy/typing/tests/__pycache__) by extensions ['ros']
[0.913s] Level 1:colcon.colcon_core.package_identification:_identify(venv/lib/python3.10/site-packages/numpy/typing/tests/__pycache__) by extension 'ros'
[0.913s] Level 1:colcon.colcon_core.package_identification:_identify(venv/lib/python3.10/site-packages/numpy/typing/tests/__pycache__) by extensions ['cmake', 'python']
[0.913s] Level 1:colcon.colcon_core.package_identification:_identify(venv/lib/python3.10/site-packages/numpy/typing/tests/__pycache__) by extension 'cmake'
[0.913s] Level 1:colcon.colcon_core.package_identification:_identify(venv/lib/python3.10/site-packages/numpy/typing/tests/__pycache__) by extension 'python'
[0.913s] Level 1:colcon.colcon_core.package_identification:_identify(venv/lib/python3.10/site-packages/numpy/typing/tests/__pycache__) by extensions ['python_setup_py']
[0.913s] Level 1:colcon.colcon_core.package_identification:_identify(venv/lib/python3.10/site-packages/numpy/typing/tests/__pycache__) by extension 'python_setup_py'
[0.913s] Level 1:colcon.colcon_core.package_identification:_identify(venv/lib/python3.10/site-packages/numpy/typing/tests/data) by extensions ['ignore', 'ignore_ament_install']
[0.913s] Level 1:colcon.colcon_core.package_identification:_identify(venv/lib/python3.10/site-packages/numpy/typing/tests/data) by extension 'ignore'
[0.913s] Level 1:colcon.colcon_core.package_identification:_identify(venv/lib/python3.10/site-packages/numpy/typing/tests/data) by extension 'ignore_ament_install'
[0.913s] Level 1:colcon.colcon_core.package_identification:_identify(venv/lib/python3.10/site-packages/numpy/typing/tests/data) by extensions ['colcon_pkg']
[0.913s] Level 1:colcon.colcon_core.package_identification:_identify(venv/lib/python3.10/site-packages/numpy/typing/tests/data) by extension 'colcon_pkg'
[0.913s] Level 1:colcon.colcon_core.package_identification:_identify(venv/lib/python3.10/site-packages/numpy/typing/tests/data) by extensions ['colcon_meta']
[0.913s] Level 1:colcon.colcon_core.package_identification:_identify(venv/lib/python3.10/site-packages/numpy/typing/tests/data) by extension 'colcon_meta'
[0.913s] Level 1:colcon.colcon_core.package_identification:_identify(venv/lib/python3.10/site-packages/numpy/typing/tests/data) by extensions ['ros']
[0.913s] Level 1:colcon.colcon_core.package_identification:_identify(venv/lib/python3.10/site-packages/numpy/typing/tests/data) by extension 'ros'
[0.913s] Level 1:colcon.colcon_core.package_identification:_identify(venv/lib/python3.10/site-packages/numpy/typing/tests/data) by extensions ['cmake', 'python']
[0.913s] Level 1:colcon.colcon_core.package_identification:_identify(venv/lib/python3.10/site-packages/numpy/typing/tests/data) by extension 'cmake'
[0.914s] Level 1:colcon.colcon_core.package_identification:_identify(venv/lib/python3.10/site-packages/numpy/typing/tests/data) by extension 'python'
[0.914s] Level 1:colcon.colcon_core.package_identification:_identify(venv/lib/python3.10/site-packages/numpy/typing/tests/data) by extensions ['python_setup_py']
[0.914s] Level 1:colcon.colcon_core.package_identification:_identify(venv/lib/python3.10/site-packages/numpy/typing/tests/data) by extension 'python_setup_py'
[0.914s] Level 1:colcon.colcon_core.package_identification:_identify(venv/lib/python3.10/site-packages/numpy/typing/tests/data/fail) by extensions ['ignore', 'ignore_ament_install']
[0.914s] Level 1:colcon.colcon_core.package_identification:_identify(venv/lib/python3.10/site-packages/numpy/typing/tests/data/fail) by extension 'ignore'
[0.914s] Level 1:colcon.colcon_core.package_identification:_identify(venv/lib/python3.10/site-packages/numpy/typing/tests/data/fail) by extension 'ignore_ament_install'
[0.914s] Level 1:colcon.colcon_core.package_identification:_identify(venv/lib/python3.10/site-packages/numpy/typing/tests/data/fail) by extensions ['colcon_pkg']
[0.914s] Level 1:colcon.colcon_core.package_identification:_identify(venv/lib/python3.10/site-packages/numpy/typing/tests/data/fail) by extension 'colcon_pkg'
[0.914s] Level 1:colcon.colcon_core.package_identification:_identify(venv/lib/python3.10/site-packages/numpy/typing/tests/data/fail) by extensions ['colcon_meta']
[0.914s] Level 1:colcon.colcon_core.package_identification:_identify(venv/lib/python3.10/site-packages/numpy/typing/tests/data/fail) by extension 'colcon_meta'
[0.914s] Level 1:colcon.colcon_core.package_identification:_identify(venv/lib/python3.10/site-packages/numpy/typing/tests/data/fail) by extensions ['ros']
[0.914s] Level 1:colcon.colcon_core.package_identification:_identify(venv/lib/python3.10/site-packages/numpy/typing/tests/data/fail) by extension 'ros'
[0.914s] Level 1:colcon.colcon_core.package_identification:_identify(venv/lib/python3.10/site-packages/numpy/typing/tests/data/fail) by extensions ['cmake', 'python']
[0.914s] Level 1:colcon.colcon_core.package_identification:_identify(venv/lib/python3.10/site-packages/numpy/typing/tests/data/fail) by extension 'cmake'
[0.914s] Level 1:colcon.colcon_core.package_identification:_identify(venv/lib/python3.10/site-packages/numpy/typing/tests/data/fail) by extension 'python'
[0.914s] Level 1:colcon.colcon_core.package_identification:_identify(venv/lib/python3.10/site-packages/numpy/typing/tests/data/fail) by extensions ['python_setup_py']
[0.914s] Level 1:colcon.colcon_core.package_identification:_identify(venv/lib/python3.10/site-packages/numpy/typing/tests/data/fail) by extension 'python_setup_py'
[0.914s] Level 1:colcon.colcon_core.package_identification:_identify(venv/lib/python3.10/site-packages/numpy/typing/tests/data/misc) by extensions ['ignore', 'ignore_ament_install']
[0.914s] Level 1:colcon.colcon_core.package_identification:_identify(venv/lib/python3.10/site-packages/numpy/typing/tests/data/misc) by extension 'ignore'
[0.914s] Level 1:colcon.colcon_core.package_identification:_identify(venv/lib/python3.10/site-packages/numpy/typing/tests/data/misc) by extension 'ignore_ament_install'
[0.914s] Level 1:colcon.colcon_core.package_identification:_identify(venv/lib/python3.10/site-packages/numpy/typing/tests/data/misc) by extensions ['colcon_pkg']
[0.914s] Level 1:colcon.colcon_core.package_identification:_identify(venv/lib/python3.10/site-packages/numpy/typing/tests/data/misc) by extension 'colcon_pkg'
[0.914s] Level 1:colcon.colcon_core.package_identification:_identify(venv/lib/python3.10/site-packages/numpy/typing/tests/data/misc) by extensions ['colcon_meta']
[0.914s] Level 1:colcon.colcon_core.package_identification:_identify(venv/lib/python3.10/site-packages/numpy/typing/tests/data/misc) by extension 'colcon_meta'
[0.914s] Level 1:colcon.colcon_core.package_identification:_identify(venv/lib/python3.10/site-packages/numpy/typing/tests/data/misc) by extensions ['ros']
[0.914s] Level 1:colcon.colcon_core.package_identification:_identify(venv/lib/python3.10/site-packages/numpy/typing/tests/data/misc) by extension 'ros'
[0.914s] Level 1:colcon.colcon_core.package_identification:_identify(venv/lib/python3.10/site-packages/numpy/typing/tests/data/misc) by extensions ['cmake', 'python']
[0.914s] Level 1:colcon.colcon_core.package_identification:_identify(venv/lib/python3.10/site-packages/numpy/typing/tests/data/misc) by extension 'cmake'
[0.914s] Level 1:colcon.colcon_core.package_identification:_identify(venv/lib/python3.10/site-packages/numpy/typing/tests/data/misc) by extension 'python'
[0.914s] Level 1:colcon.colcon_core.package_identification:_identify(venv/lib/python3.10/site-packages/numpy/typing/tests/data/misc) by extensions ['python_setup_py']
[0.914s] Level 1:colcon.colcon_core.package_identification:_identify(venv/lib/python3.10/site-packages/numpy/typing/tests/data/misc) by extension 'python_setup_py'
[0.914s] Level 1:colcon.colcon_core.package_identification:_identify(venv/lib/python3.10/site-packages/numpy/typing/tests/data/pass) by extensions ['ignore', 'ignore_ament_install']
[0.914s] Level 1:colcon.colcon_core.package_identification:_identify(venv/lib/python3.10/site-packages/numpy/typing/tests/data/pass) by extension 'ignore'
[0.915s] Level 1:colcon.colcon_core.package_identification:_identify(venv/lib/python3.10/site-packages/numpy/typing/tests/data/pass) by extension 'ignore_ament_install'
[0.915s] Level 1:colcon.colcon_core.package_identification:_identify(venv/lib/python3.10/site-packages/numpy/typing/tests/data/pass) by extensions ['colcon_pkg']
[0.915s] Level 1:colcon.colcon_core.package_identification:_identify(venv/lib/python3.10/site-packages/numpy/typing/tests/data/pass) by extension 'colcon_pkg'
[0.915s] Level 1:colcon.colcon_core.package_identification:_identify(venv/lib/python3.10/site-packages/numpy/typing/tests/data/pass) by extensions ['colcon_meta']
[0.915s] Level 1:colcon.colcon_core.package_identification:_identify(venv/lib/python3.10/site-packages/numpy/typing/tests/data/pass) by extension 'colcon_meta'
[0.915s] Level 1:colcon.colcon_core.package_identification:_identify(venv/lib/python3.10/site-packages/numpy/typing/tests/data/pass) by extensions ['ros']
[0.915s] Level 1:colcon.colcon_core.package_identification:_identify(venv/lib/python3.10/site-packages/numpy/typing/tests/data/pass) by extension 'ros'
[0.915s] Level 1:colcon.colcon_core.package_identification:_identify(venv/lib/python3.10/site-packages/numpy/typing/tests/data/pass) by extensions ['cmake', 'python']
[0.915s] Level 1:colcon.colcon_core.package_identification:_identify(venv/lib/python3.10/site-packages/numpy/typing/tests/data/pass) by extension 'cmake'
[0.915s] Level 1:colcon.colcon_core.package_identification:_identify(venv/lib/python3.10/site-packages/numpy/typing/tests/data/pass) by extension 'python'
[0.915s] Level 1:colcon.colcon_core.package_identification:_identify(venv/lib/python3.10/site-packages/numpy/typing/tests/data/pass) by extensions ['python_setup_py']
[0.915s] Level 1:colcon.colcon_core.package_identification:_identify(venv/lib/python3.10/site-packages/numpy/typing/tests/data/pass) by extension 'python_setup_py'
[0.915s] Level 1:colcon.colcon_core.package_identification:_identify(venv/lib/python3.10/site-packages/numpy/typing/tests/data/pass/__pycache__) by extensions ['ignore', 'ignore_ament_install']
[0.915s] Level 1:colcon.colcon_core.package_identification:_identify(venv/lib/python3.10/site-packages/numpy/typing/tests/data/pass/__pycache__) by extension 'ignore'
[0.915s] Level 1:colcon.colcon_core.package_identification:_identify(venv/lib/python3.10/site-packages/numpy/typing/tests/data/pass/__pycache__) by extension 'ignore_ament_install'
[0.915s] Level 1:colcon.colcon_core.package_identification:_identify(venv/lib/python3.10/site-packages/numpy/typing/tests/data/pass/__pycache__) by extensions ['colcon_pkg']
[0.915s] Level 1:colcon.colcon_core.package_identification:_identify(venv/lib/python3.10/site-packages/numpy/typing/tests/data/pass/__pycache__) by extension 'colcon_pkg'
[0.915s] Level 1:colcon.colcon_core.package_identification:_identify(venv/lib/python3.10/site-packages/numpy/typing/tests/data/pass/__pycache__) by extensions ['colcon_meta']
[0.915s] Level 1:colcon.colcon_core.package_identification:_identify(venv/lib/python3.10/site-packages/numpy/typing/tests/data/pass/__pycache__) by extension 'colcon_meta'
[0.915s] Level 1:colcon.colcon_core.package_identification:_identify(venv/lib/python3.10/site-packages/numpy/typing/tests/data/pass/__pycache__) by extensions ['ros']
[0.915s] Level 1:colcon.colcon_core.package_identification:_identify(venv/lib/python3.10/site-packages/numpy/typing/tests/data/pass/__pycache__) by extension 'ros'
[0.915s] Level 1:colcon.colcon_core.package_identification:_identify(venv/lib/python3.10/site-packages/numpy/typing/tests/data/pass/__pycache__) by extensions ['cmake', 'python']
[0.915s] Level 1:colcon.colcon_core.package_identification:_identify(venv/lib/python3.10/site-packages/numpy/typing/tests/data/pass/__pycache__) by extension 'cmake'
[0.915s] Level 1:colcon.colcon_core.package_identification:_identify(venv/lib/python3.10/site-packages/numpy/typing/tests/data/pass/__pycache__) by extension 'python'
[0.915s] Level 1:colcon.colcon_core.package_identification:_identify(venv/lib/python3.10/site-packages/numpy/typing/tests/data/pass/__pycache__) by extensions ['python_setup_py']
[0.915s] Level 1:colcon.colcon_core.package_identification:_identify(venv/lib/python3.10/site-packages/numpy/typing/tests/data/pass/__pycache__) by extension 'python_setup_py'
[0.915s] Level 1:colcon.colcon_core.package_identification:_identify(venv/lib/python3.10/site-packages/numpy/typing/tests/data/reveal) by extensions ['ignore', 'ignore_ament_install']
[0.915s] Level 1:colcon.colcon_core.package_identification:_identify(venv/lib/python3.10/site-packages/numpy/typing/tests/data/reveal) by extension 'ignore'
[0.915s] Level 1:colcon.colcon_core.package_identification:_identify(venv/lib/python3.10/site-packages/numpy/typing/tests/data/reveal) by extension 'ignore_ament_install'
[0.915s] Level 1:colcon.colcon_core.package_identification:_identify(venv/lib/python3.10/site-packages/numpy/typing/tests/data/reveal) by extensions ['colcon_pkg']
[0.915s] Level 1:colcon.colcon_core.package_identification:_identify(venv/lib/python3.10/site-packages/numpy/typing/tests/data/reveal) by extension 'colcon_pkg'
[0.915s] Level 1:colcon.colcon_core.package_identification:_identify(venv/lib/python3.10/site-packages/numpy/typing/tests/data/reveal) by extensions ['colcon_meta']
[0.915s] Level 1:colcon.colcon_core.package_identification:_identify(venv/lib/python3.10/site-packages/numpy/typing/tests/data/reveal) by extension 'colcon_meta'
[0.915s] Level 1:colcon.colcon_core.package_identification:_identify(venv/lib/python3.10/site-packages/numpy/typing/tests/data/reveal) by extensions ['ros']
[0.915s] Level 1:colcon.colcon_core.package_identification:_identify(venv/lib/python3.10/site-packages/numpy/typing/tests/data/reveal) by extension 'ros'
[0.916s] Level 1:colcon.colcon_core.package_identification:_identify(venv/lib/python3.10/site-packages/numpy/typing/tests/data/reveal) by extensions ['cmake', 'python']
[0.916s] Level 1:colcon.colcon_core.package_identification:_identify(venv/lib/python3.10/site-packages/numpy/typing/tests/data/reveal) by extension 'cmake'
[0.916s] Level 1:colcon.colcon_core.package_identification:_identify(venv/lib/python3.10/site-packages/numpy/typing/tests/data/reveal) by extension 'python'
[0.916s] Level 1:colcon.colcon_core.package_identification:_identify(venv/lib/python3.10/site-packages/numpy/typing/tests/data/reveal) by extensions ['python_setup_py']
[0.916s] Level 1:colcon.colcon_core.package_identification:_identify(venv/lib/python3.10/site-packages/numpy/typing/tests/data/reveal) by extension 'python_setup_py'
[0.916s] Level 1:colcon.colcon_core.package_identification:_identify(venv/lib/python3.10/site-packages/numpy-2.2.3.dist-info) by extensions ['ignore', 'ignore_ament_install']
[0.916s] Level 1:colcon.colcon_core.package_identification:_identify(venv/lib/python3.10/site-packages/numpy-2.2.3.dist-info) by extension 'ignore'
[0.916s] Level 1:colcon.colcon_core.package_identification:_identify(venv/lib/python3.10/site-packages/numpy-2.2.3.dist-info) by extension 'ignore_ament_install'
[0.916s] Level 1:colcon.colcon_core.package_identification:_identify(venv/lib/python3.10/site-packages/numpy-2.2.3.dist-info) by extensions ['colcon_pkg']
[0.916s] Level 1:colcon.colcon_core.package_identification:_identify(venv/lib/python3.10/site-packages/numpy-2.2.3.dist-info) by extension 'colcon_pkg'
[0.916s] Level 1:colcon.colcon_core.package_identification:_identify(venv/lib/python3.10/site-packages/numpy-2.2.3.dist-info) by extensions ['colcon_meta']
[0.916s] Level 1:colcon.colcon_core.package_identification:_identify(venv/lib/python3.10/site-packages/numpy-2.2.3.dist-info) by extension 'colcon_meta'
[0.916s] Level 1:colcon.colcon_core.package_identification:_identify(venv/lib/python3.10/site-packages/numpy-2.2.3.dist-info) by extensions ['ros']
[0.916s] Level 1:colcon.colcon_core.package_identification:_identify(venv/lib/python3.10/site-packages/numpy-2.2.3.dist-info) by extension 'ros'
[0.916s] Level 1:colcon.colcon_core.package_identification:_identify(venv/lib/python3.10/site-packages/numpy-2.2.3.dist-info) by extensions ['cmake', 'python']
[0.916s] Level 1:colcon.colcon_core.package_identification:_identify(venv/lib/python3.10/site-packages/numpy-2.2.3.dist-info) by extension 'cmake'
[0.916s] Level 1:colcon.colcon_core.package_identification:_identify(venv/lib/python3.10/site-packages/numpy-2.2.3.dist-info) by extension 'python'
[0.916s] Level 1:colcon.colcon_core.package_identification:_identify(venv/lib/python3.10/site-packages/numpy-2.2.3.dist-info) by extensions ['python_setup_py']
[0.916s] Level 1:colcon.colcon_core.package_identification:_identify(venv/lib/python3.10/site-packages/numpy-2.2.3.dist-info) by extension 'python_setup_py'
[0.916s] Level 1:colcon.colcon_core.package_identification:_identify(venv/lib/python3.10/site-packages/numpy.libs) by extensions ['ignore', 'ignore_ament_install']
[0.916s] Level 1:colcon.colcon_core.package_identification:_identify(venv/lib/python3.10/site-packages/numpy.libs) by extension 'ignore'
[0.916s] Level 1:colcon.colcon_core.package_identification:_identify(venv/lib/python3.10/site-packages/numpy.libs) by extension 'ignore_ament_install'
[0.916s] Level 1:colcon.colcon_core.package_identification:_identify(venv/lib/python3.10/site-packages/numpy.libs) by extensions ['colcon_pkg']
[0.916s] Level 1:colcon.colcon_core.package_identification:_identify(venv/lib/python3.10/site-packages/numpy.libs) by extension 'colcon_pkg'
[0.916s] Level 1:colcon.colcon_core.package_identification:_identify(venv/lib/python3.10/site-packages/numpy.libs) by extensions ['colcon_meta']
[0.916s] Level 1:colcon.colcon_core.package_identification:_identify(venv/lib/python3.10/site-packages/numpy.libs) by extension 'colcon_meta'
[0.916s] Level 1:colcon.colcon_core.package_identification:_identify(venv/lib/python3.10/site-packages/numpy.libs) by extensions ['ros']
[0.916s] Level 1:colcon.colcon_core.package_identification:_identify(venv/lib/python3.10/site-packages/numpy.libs) by extension 'ros'
[0.916s] Level 1:colcon.colcon_core.package_identification:_identify(venv/lib/python3.10/site-packages/numpy.libs) by extensions ['cmake', 'python']
[0.916s] Level 1:colcon.colcon_core.package_identification:_identify(venv/lib/python3.10/site-packages/numpy.libs) by extension 'cmake'
[0.916s] Level 1:colcon.colcon_core.package_identification:_identify(venv/lib/python3.10/site-packages/numpy.libs) by extension 'python'
[0.916s] Level 1:colcon.colcon_core.package_identification:_identify(venv/lib/python3.10/site-packages/numpy.libs) by extensions ['python_setup_py']
[0.916s] Level 1:colcon.colcon_core.package_identification:_identify(venv/lib/python3.10/site-packages/numpy.libs) by extension 'python_setup_py'
[0.916s] Level 1:colcon.colcon_core.package_identification:_identify(venv/lib/python3.10/site-packages/pip) by extensions ['ignore', 'ignore_ament_install']
[0.916s] Level 1:colcon.colcon_core.package_identification:_identify(venv/lib/python3.10/site-packages/pip) by extension 'ignore'
[0.917s] Level 1:colcon.colcon_core.package_identification:_identify(venv/lib/python3.10/site-packages/pip) by extension 'ignore_ament_install'
[0.917s] Level 1:colcon.colcon_core.package_identification:_identify(venv/lib/python3.10/site-packages/pip) by extensions ['colcon_pkg']
[0.917s] Level 1:colcon.colcon_core.package_identification:_identify(venv/lib/python3.10/site-packages/pip) by extension 'colcon_pkg'
[0.917s] Level 1:colcon.colcon_core.package_identification:_identify(venv/lib/python3.10/site-packages/pip) by extensions ['colcon_meta']
[0.917s] Level 1:colcon.colcon_core.package_identification:_identify(venv/lib/python3.10/site-packages/pip) by extension 'colcon_meta'
[0.917s] Level 1:colcon.colcon_core.package_identification:_identify(venv/lib/python3.10/site-packages/pip) by extensions ['ros']
[0.917s] Level 1:colcon.colcon_core.package_identification:_identify(venv/lib/python3.10/site-packages/pip) by extension 'ros'
[0.917s] Level 1:colcon.colcon_core.package_identification:_identify(venv/lib/python3.10/site-packages/pip) by extensions ['cmake', 'python']
[0.917s] Level 1:colcon.colcon_core.package_identification:_identify(venv/lib/python3.10/site-packages/pip) by extension 'cmake'
[0.917s] Level 1:colcon.colcon_core.package_identification:_identify(venv/lib/python3.10/site-packages/pip) by extension 'python'
[0.917s] Level 1:colcon.colcon_core.package_identification:_identify(venv/lib/python3.10/site-packages/pip) by extensions ['python_setup_py']
[0.917s] Level 1:colcon.colcon_core.package_identification:_identify(venv/lib/python3.10/site-packages/pip) by extension 'python_setup_py'
[0.917s] Level 1:colcon.colcon_core.package_identification:_identify(venv/lib/python3.10/site-packages/pip/__pycache__) by extensions ['ignore', 'ignore_ament_install']
[0.917s] Level 1:colcon.colcon_core.package_identification:_identify(venv/lib/python3.10/site-packages/pip/__pycache__) by extension 'ignore'
[0.917s] Level 1:colcon.colcon_core.package_identification:_identify(venv/lib/python3.10/site-packages/pip/__pycache__) by extension 'ignore_ament_install'
[0.917s] Level 1:colcon.colcon_core.package_identification:_identify(venv/lib/python3.10/site-packages/pip/__pycache__) by extensions ['colcon_pkg']
[0.917s] Level 1:colcon.colcon_core.package_identification:_identify(venv/lib/python3.10/site-packages/pip/__pycache__) by extension 'colcon_pkg'
[0.917s] Level 1:colcon.colcon_core.package_identification:_identify(venv/lib/python3.10/site-packages/pip/__pycache__) by extensions ['colcon_meta']
[0.917s] Level 1:colcon.colcon_core.package_identification:_identify(venv/lib/python3.10/site-packages/pip/__pycache__) by extension 'colcon_meta'
[0.917s] Level 1:colcon.colcon_core.package_identification:_identify(venv/lib/python3.10/site-packages/pip/__pycache__) by extensions ['ros']
[0.917s] Level 1:colcon.colcon_core.package_identification:_identify(venv/lib/python3.10/site-packages/pip/__pycache__) by extension 'ros'
[0.917s] Level 1:colcon.colcon_core.package_identification:_identify(venv/lib/python3.10/site-packages/pip/__pycache__) by extensions ['cmake', 'python']
[0.917s] Level 1:colcon.colcon_core.package_identification:_identify(venv/lib/python3.10/site-packages/pip/__pycache__) by extension 'cmake'
[0.917s] Level 1:colcon.colcon_core.package_identification:_identify(venv/lib/python3.10/site-packages/pip/__pycache__) by extension 'python'
[0.917s] Level 1:colcon.colcon_core.package_identification:_identify(venv/lib/python3.10/site-packages/pip/__pycache__) by extensions ['python_setup_py']
[0.917s] Level 1:colcon.colcon_core.package_identification:_identify(venv/lib/python3.10/site-packages/pip/__pycache__) by extension 'python_setup_py'
[0.917s] Level 1:colcon.colcon_core.package_identification:_identify(venv/lib/python3.10/site-packages/pip/_internal) by extensions ['ignore', 'ignore_ament_install']
[0.917s] Level 1:colcon.colcon_core.package_identification:_identify(venv/lib/python3.10/site-packages/pip/_internal) by extension 'ignore'
[0.917s] Level 1:colcon.colcon_core.package_identification:_identify(venv/lib/python3.10/site-packages/pip/_internal) by extension 'ignore_ament_install'
[0.917s] Level 1:colcon.colcon_core.package_identification:_identify(venv/lib/python3.10/site-packages/pip/_internal) by extensions ['colcon_pkg']
[0.917s] Level 1:colcon.colcon_core.package_identification:_identify(venv/lib/python3.10/site-packages/pip/_internal) by extension 'colcon_pkg'
[0.917s] Level 1:colcon.colcon_core.package_identification:_identify(venv/lib/python3.10/site-packages/pip/_internal) by extensions ['colcon_meta']
[0.917s] Level 1:colcon.colcon_core.package_identification:_identify(venv/lib/python3.10/site-packages/pip/_internal) by extension 'colcon_meta'
[0.917s] Level 1:colcon.colcon_core.package_identification:_identify(venv/lib/python3.10/site-packages/pip/_internal) by extensions ['ros']
[0.917s] Level 1:colcon.colcon_core.package_identification:_identify(venv/lib/python3.10/site-packages/pip/_internal) by extension 'ros'
[0.917s] Level 1:colcon.colcon_core.package_identification:_identify(venv/lib/python3.10/site-packages/pip/_internal) by extensions ['cmake', 'python']
[0.917s] Level 1:colcon.colcon_core.package_identification:_identify(venv/lib/python3.10/site-packages/pip/_internal) by extension 'cmake'
[0.918s] Level 1:colcon.colcon_core.package_identification:_identify(venv/lib/python3.10/site-packages/pip/_internal) by extension 'python'
[0.918s] Level 1:colcon.colcon_core.package_identification:_identify(venv/lib/python3.10/site-packages/pip/_internal) by extensions ['python_setup_py']
[0.918s] Level 1:colcon.colcon_core.package_identification:_identify(venv/lib/python3.10/site-packages/pip/_internal) by extension 'python_setup_py'
[0.918s] Level 1:colcon.colcon_core.package_identification:_identify(venv/lib/python3.10/site-packages/pip/_internal/__pycache__) by extensions ['ignore', 'ignore_ament_install']
[0.918s] Level 1:colcon.colcon_core.package_identification:_identify(venv/lib/python3.10/site-packages/pip/_internal/__pycache__) by extension 'ignore'
[0.918s] Level 1:colcon.colcon_core.package_identification:_identify(venv/lib/python3.10/site-packages/pip/_internal/__pycache__) by extension 'ignore_ament_install'
[0.918s] Level 1:colcon.colcon_core.package_identification:_identify(venv/lib/python3.10/site-packages/pip/_internal/__pycache__) by extensions ['colcon_pkg']
[0.918s] Level 1:colcon.colcon_core.package_identification:_identify(venv/lib/python3.10/site-packages/pip/_internal/__pycache__) by extension 'colcon_pkg'
[0.918s] Level 1:colcon.colcon_core.package_identification:_identify(venv/lib/python3.10/site-packages/pip/_internal/__pycache__) by extensions ['colcon_meta']
[0.918s] Level 1:colcon.colcon_core.package_identification:_identify(venv/lib/python3.10/site-packages/pip/_internal/__pycache__) by extension 'colcon_meta'
[0.918s] Level 1:colcon.colcon_core.package_identification:_identify(venv/lib/python3.10/site-packages/pip/_internal/__pycache__) by extensions ['ros']
[0.918s] Level 1:colcon.colcon_core.package_identification:_identify(venv/lib/python3.10/site-packages/pip/_internal/__pycache__) by extension 'ros'
[0.918s] Level 1:colcon.colcon_core.package_identification:_identify(venv/lib/python3.10/site-packages/pip/_internal/__pycache__) by extensions ['cmake', 'python']
[0.918s] Level 1:colcon.colcon_core.package_identification:_identify(venv/lib/python3.10/site-packages/pip/_internal/__pycache__) by extension 'cmake'
[0.918s] Level 1:colcon.colcon_core.package_identification:_identify(venv/lib/python3.10/site-packages/pip/_internal/__pycache__) by extension 'python'
[0.918s] Level 1:colcon.colcon_core.package_identification:_identify(venv/lib/python3.10/site-packages/pip/_internal/__pycache__) by extensions ['python_setup_py']
[0.918s] Level 1:colcon.colcon_core.package_identification:_identify(venv/lib/python3.10/site-packages/pip/_internal/__pycache__) by extension 'python_setup_py'
[0.918s] Level 1:colcon.colcon_core.package_identification:_identify(venv/lib/python3.10/site-packages/pip/_internal/cli) by extensions ['ignore', 'ignore_ament_install']
[0.918s] Level 1:colcon.colcon_core.package_identification:_identify(venv/lib/python3.10/site-packages/pip/_internal/cli) by extension 'ignore'
[0.918s] Level 1:colcon.colcon_core.package_identification:_identify(venv/lib/python3.10/site-packages/pip/_internal/cli) by extension 'ignore_ament_install'
[0.918s] Level 1:colcon.colcon_core.package_identification:_identify(venv/lib/python3.10/site-packages/pip/_internal/cli) by extensions ['colcon_pkg']
[0.918s] Level 1:colcon.colcon_core.package_identification:_identify(venv/lib/python3.10/site-packages/pip/_internal/cli) by extension 'colcon_pkg'
[0.918s] Level 1:colcon.colcon_core.package_identification:_identify(venv/lib/python3.10/site-packages/pip/_internal/cli) by extensions ['colcon_meta']
[0.918s] Level 1:colcon.colcon_core.package_identification:_identify(venv/lib/python3.10/site-packages/pip/_internal/cli) by extension 'colcon_meta'
[0.918s] Level 1:colcon.colcon_core.package_identification:_identify(venv/lib/python3.10/site-packages/pip/_internal/cli) by extensions ['ros']
[0.918s] Level 1:colcon.colcon_core.package_identification:_identify(venv/lib/python3.10/site-packages/pip/_internal/cli) by extension 'ros'
[0.918s] Level 1:colcon.colcon_core.package_identification:_identify(venv/lib/python3.10/site-packages/pip/_internal/cli) by extensions ['cmake', 'python']
[0.918s] Level 1:colcon.colcon_core.package_identification:_identify(venv/lib/python3.10/site-packages/pip/_internal/cli) by extension 'cmake'
[0.918s] Level 1:colcon.colcon_core.package_identification:_identify(venv/lib/python3.10/site-packages/pip/_internal/cli) by extension 'python'
[0.918s] Level 1:colcon.colcon_core.package_identification:_identify(venv/lib/python3.10/site-packages/pip/_internal/cli) by extensions ['python_setup_py']
[0.918s] Level 1:colcon.colcon_core.package_identification:_identify(venv/lib/python3.10/site-packages/pip/_internal/cli) by extension 'python_setup_py'
[0.918s] Level 1:colcon.colcon_core.package_identification:_identify(venv/lib/python3.10/site-packages/pip/_internal/cli/__pycache__) by extensions ['ignore', 'ignore_ament_install']
[0.918s] Level 1:colcon.colcon_core.package_identification:_identify(venv/lib/python3.10/site-packages/pip/_internal/cli/__pycache__) by extension 'ignore'
[0.918s] Level 1:colcon.colcon_core.package_identification:_identify(venv/lib/python3.10/site-packages/pip/_internal/cli/__pycache__) by extension 'ignore_ament_install'
[0.919s] Level 1:colcon.colcon_core.package_identification:_identify(venv/lib/python3.10/site-packages/pip/_internal/cli/__pycache__) by extensions ['colcon_pkg']
[0.919s] Level 1:colcon.colcon_core.package_identification:_identify(venv/lib/python3.10/site-packages/pip/_internal/cli/__pycache__) by extension 'colcon_pkg'
[0.919s] Level 1:colcon.colcon_core.package_identification:_identify(venv/lib/python3.10/site-packages/pip/_internal/cli/__pycache__) by extensions ['colcon_meta']
[0.919s] Level 1:colcon.colcon_core.package_identification:_identify(venv/lib/python3.10/site-packages/pip/_internal/cli/__pycache__) by extension 'colcon_meta'
[0.919s] Level 1:colcon.colcon_core.package_identification:_identify(venv/lib/python3.10/site-packages/pip/_internal/cli/__pycache__) by extensions ['ros']
[0.919s] Level 1:colcon.colcon_core.package_identification:_identify(venv/lib/python3.10/site-packages/pip/_internal/cli/__pycache__) by extension 'ros'
[0.919s] Level 1:colcon.colcon_core.package_identification:_identify(venv/lib/python3.10/site-packages/pip/_internal/cli/__pycache__) by extensions ['cmake', 'python']
[0.919s] Level 1:colcon.colcon_core.package_identification:_identify(venv/lib/python3.10/site-packages/pip/_internal/cli/__pycache__) by extension 'cmake'
[0.919s] Level 1:colcon.colcon_core.package_identification:_identify(venv/lib/python3.10/site-packages/pip/_internal/cli/__pycache__) by extension 'python'
[0.919s] Level 1:colcon.colcon_core.package_identification:_identify(venv/lib/python3.10/site-packages/pip/_internal/cli/__pycache__) by extensions ['python_setup_py']
[0.919s] Level 1:colcon.colcon_core.package_identification:_identify(venv/lib/python3.10/site-packages/pip/_internal/cli/__pycache__) by extension 'python_setup_py'
[0.919s] Level 1:colcon.colcon_core.package_identification:_identify(venv/lib/python3.10/site-packages/pip/_internal/commands) by extensions ['ignore', 'ignore_ament_install']
[0.919s] Level 1:colcon.colcon_core.package_identification:_identify(venv/lib/python3.10/site-packages/pip/_internal/commands) by extension 'ignore'
[0.919s] Level 1:colcon.colcon_core.package_identification:_identify(venv/lib/python3.10/site-packages/pip/_internal/commands) by extension 'ignore_ament_install'
[0.919s] Level 1:colcon.colcon_core.package_identification:_identify(venv/lib/python3.10/site-packages/pip/_internal/commands) by extensions ['colcon_pkg']
[0.919s] Level 1:colcon.colcon_core.package_identification:_identify(venv/lib/python3.10/site-packages/pip/_internal/commands) by extension 'colcon_pkg'
[0.919s] Level 1:colcon.colcon_core.package_identification:_identify(venv/lib/python3.10/site-packages/pip/_internal/commands) by extensions ['colcon_meta']
[0.919s] Level 1:colcon.colcon_core.package_identification:_identify(venv/lib/python3.10/site-packages/pip/_internal/commands) by extension 'colcon_meta'
[0.919s] Level 1:colcon.colcon_core.package_identification:_identify(venv/lib/python3.10/site-packages/pip/_internal/commands) by extensions ['ros']
[0.919s] Level 1:colcon.colcon_core.package_identification:_identify(venv/lib/python3.10/site-packages/pip/_internal/commands) by extension 'ros'
[0.919s] Level 1:colcon.colcon_core.package_identification:_identify(venv/lib/python3.10/site-packages/pip/_internal/commands) by extensions ['cmake', 'python']
[0.919s] Level 1:colcon.colcon_core.package_identification:_identify(venv/lib/python3.10/site-packages/pip/_internal/commands) by extension 'cmake'
[0.919s] Level 1:colcon.colcon_core.package_identification:_identify(venv/lib/python3.10/site-packages/pip/_internal/commands) by extension 'python'
[0.919s] Level 1:colcon.colcon_core.package_identification:_identify(venv/lib/python3.10/site-packages/pip/_internal/commands) by extensions ['python_setup_py']
[0.919s] Level 1:colcon.colcon_core.package_identification:_identify(venv/lib/python3.10/site-packages/pip/_internal/commands) by extension 'python_setup_py'
[0.919s] Level 1:colcon.colcon_core.package_identification:_identify(venv/lib/python3.10/site-packages/pip/_internal/commands/__pycache__) by extensions ['ignore', 'ignore_ament_install']
[0.919s] Level 1:colcon.colcon_core.package_identification:_identify(venv/lib/python3.10/site-packages/pip/_internal/commands/__pycache__) by extension 'ignore'
[0.919s] Level 1:colcon.colcon_core.package_identification:_identify(venv/lib/python3.10/site-packages/pip/_internal/commands/__pycache__) by extension 'ignore_ament_install'
[0.919s] Level 1:colcon.colcon_core.package_identification:_identify(venv/lib/python3.10/site-packages/pip/_internal/commands/__pycache__) by extensions ['colcon_pkg']
[0.919s] Level 1:colcon.colcon_core.package_identification:_identify(venv/lib/python3.10/site-packages/pip/_internal/commands/__pycache__) by extension 'colcon_pkg'
[0.919s] Level 1:colcon.colcon_core.package_identification:_identify(venv/lib/python3.10/site-packages/pip/_internal/commands/__pycache__) by extensions ['colcon_meta']
[0.919s] Level 1:colcon.colcon_core.package_identification:_identify(venv/lib/python3.10/site-packages/pip/_internal/commands/__pycache__) by extension 'colcon_meta'
[0.919s] Level 1:colcon.colcon_core.package_identification:_identify(venv/lib/python3.10/site-packages/pip/_internal/commands/__pycache__) by extensions ['ros']
[0.919s] Level 1:colcon.colcon_core.package_identification:_identify(venv/lib/python3.10/site-packages/pip/_internal/commands/__pycache__) by extension 'ros'
[0.919s] Level 1:colcon.colcon_core.package_identification:_identify(venv/lib/python3.10/site-packages/pip/_internal/commands/__pycache__) by extensions ['cmake', 'python']
[0.920s] Level 1:colcon.colcon_core.package_identification:_identify(venv/lib/python3.10/site-packages/pip/_internal/commands/__pycache__) by extension 'cmake'
[0.920s] Level 1:colcon.colcon_core.package_identification:_identify(venv/lib/python3.10/site-packages/pip/_internal/commands/__pycache__) by extension 'python'
[0.920s] Level 1:colcon.colcon_core.package_identification:_identify(venv/lib/python3.10/site-packages/pip/_internal/commands/__pycache__) by extensions ['python_setup_py']
[0.920s] Level 1:colcon.colcon_core.package_identification:_identify(venv/lib/python3.10/site-packages/pip/_internal/commands/__pycache__) by extension 'python_setup_py'
[0.920s] Level 1:colcon.colcon_core.package_identification:_identify(venv/lib/python3.10/site-packages/pip/_internal/distributions) by extensions ['ignore', 'ignore_ament_install']
[0.920s] Level 1:colcon.colcon_core.package_identification:_identify(venv/lib/python3.10/site-packages/pip/_internal/distributions) by extension 'ignore'
[0.920s] Level 1:colcon.colcon_core.package_identification:_identify(venv/lib/python3.10/site-packages/pip/_internal/distributions) by extension 'ignore_ament_install'
[0.920s] Level 1:colcon.colcon_core.package_identification:_identify(venv/lib/python3.10/site-packages/pip/_internal/distributions) by extensions ['colcon_pkg']
[0.920s] Level 1:colcon.colcon_core.package_identification:_identify(venv/lib/python3.10/site-packages/pip/_internal/distributions) by extension 'colcon_pkg'
[0.920s] Level 1:colcon.colcon_core.package_identification:_identify(venv/lib/python3.10/site-packages/pip/_internal/distributions) by extensions ['colcon_meta']
[0.920s] Level 1:colcon.colcon_core.package_identification:_identify(venv/lib/python3.10/site-packages/pip/_internal/distributions) by extension 'colcon_meta'
[0.920s] Level 1:colcon.colcon_core.package_identification:_identify(venv/lib/python3.10/site-packages/pip/_internal/distributions) by extensions ['ros']
[0.920s] Level 1:colcon.colcon_core.package_identification:_identify(venv/lib/python3.10/site-packages/pip/_internal/distributions) by extension 'ros'
[0.920s] Level 1:colcon.colcon_core.package_identification:_identify(venv/lib/python3.10/site-packages/pip/_internal/distributions) by extensions ['cmake', 'python']
[0.920s] Level 1:colcon.colcon_core.package_identification:_identify(venv/lib/python3.10/site-packages/pip/_internal/distributions) by extension 'cmake'
[0.920s] Level 1:colcon.colcon_core.package_identification:_identify(venv/lib/python3.10/site-packages/pip/_internal/distributions) by extension 'python'
[0.920s] Level 1:colcon.colcon_core.package_identification:_identify(venv/lib/python3.10/site-packages/pip/_internal/distributions) by extensions ['python_setup_py']
[0.920s] Level 1:colcon.colcon_core.package_identification:_identify(venv/lib/python3.10/site-packages/pip/_internal/distributions) by extension 'python_setup_py'
[0.920s] Level 1:colcon.colcon_core.package_identification:_identify(venv/lib/python3.10/site-packages/pip/_internal/distributions/__pycache__) by extensions ['ignore', 'ignore_ament_install']
[0.920s] Level 1:colcon.colcon_core.package_identification:_identify(venv/lib/python3.10/site-packages/pip/_internal/distributions/__pycache__) by extension 'ignore'
[0.920s] Level 1:colcon.colcon_core.package_identification:_identify(venv/lib/python3.10/site-packages/pip/_internal/distributions/__pycache__) by extension 'ignore_ament_install'
[0.920s] Level 1:colcon.colcon_core.package_identification:_identify(venv/lib/python3.10/site-packages/pip/_internal/distributions/__pycache__) by extensions ['colcon_pkg']
[0.920s] Level 1:colcon.colcon_core.package_identification:_identify(venv/lib/python3.10/site-packages/pip/_internal/distributions/__pycache__) by extension 'colcon_pkg'
[0.920s] Level 1:colcon.colcon_core.package_identification:_identify(venv/lib/python3.10/site-packages/pip/_internal/distributions/__pycache__) by extensions ['colcon_meta']
[0.920s] Level 1:colcon.colcon_core.package_identification:_identify(venv/lib/python3.10/site-packages/pip/_internal/distributions/__pycache__) by extension 'colcon_meta'
[0.920s] Level 1:colcon.colcon_core.package_identification:_identify(venv/lib/python3.10/site-packages/pip/_internal/distributions/__pycache__) by extensions ['ros']
[0.920s] Level 1:colcon.colcon_core.package_identification:_identify(venv/lib/python3.10/site-packages/pip/_internal/distributions/__pycache__) by extension 'ros'
[0.920s] Level 1:colcon.colcon_core.package_identification:_identify(venv/lib/python3.10/site-packages/pip/_internal/distributions/__pycache__) by extensions ['cmake', 'python']
[0.920s] Level 1:colcon.colcon_core.package_identification:_identify(venv/lib/python3.10/site-packages/pip/_internal/distributions/__pycache__) by extension 'cmake'
[0.920s] Level 1:colcon.colcon_core.package_identification:_identify(venv/lib/python3.10/site-packages/pip/_internal/distributions/__pycache__) by extension 'python'
[0.920s] Level 1:colcon.colcon_core.package_identification:_identify(venv/lib/python3.10/site-packages/pip/_internal/distributions/__pycache__) by extensions ['python_setup_py']
[0.920s] Level 1:colcon.colcon_core.package_identification:_identify(venv/lib/python3.10/site-packages/pip/_internal/distributions/__pycache__) by extension 'python_setup_py'
[0.920s] Level 1:colcon.colcon_core.package_identification:_identify(venv/lib/python3.10/site-packages/pip/_internal/index) by extensions ['ignore', 'ignore_ament_install']
[0.920s] Level 1:colcon.colcon_core.package_identification:_identify(venv/lib/python3.10/site-packages/pip/_internal/index) by extension 'ignore'
[0.920s] Level 1:colcon.colcon_core.package_identification:_identify(venv/lib/python3.10/site-packages/pip/_internal/index) by extension 'ignore_ament_install'
[0.921s] Level 1:colcon.colcon_core.package_identification:_identify(venv/lib/python3.10/site-packages/pip/_internal/index) by extensions ['colcon_pkg']
[0.921s] Level 1:colcon.colcon_core.package_identification:_identify(venv/lib/python3.10/site-packages/pip/_internal/index) by extension 'colcon_pkg'
[0.921s] Level 1:colcon.colcon_core.package_identification:_identify(venv/lib/python3.10/site-packages/pip/_internal/index) by extensions ['colcon_meta']
[0.921s] Level 1:colcon.colcon_core.package_identification:_identify(venv/lib/python3.10/site-packages/pip/_internal/index) by extension 'colcon_meta'
[0.921s] Level 1:colcon.colcon_core.package_identification:_identify(venv/lib/python3.10/site-packages/pip/_internal/index) by extensions ['ros']
[0.921s] Level 1:colcon.colcon_core.package_identification:_identify(venv/lib/python3.10/site-packages/pip/_internal/index) by extension 'ros'
[0.921s] Level 1:colcon.colcon_core.package_identification:_identify(venv/lib/python3.10/site-packages/pip/_internal/index) by extensions ['cmake', 'python']
[0.921s] Level 1:colcon.colcon_core.package_identification:_identify(venv/lib/python3.10/site-packages/pip/_internal/index) by extension 'cmake'
[0.921s] Level 1:colcon.colcon_core.package_identification:_identify(venv/lib/python3.10/site-packages/pip/_internal/index) by extension 'python'
[0.921s] Level 1:colcon.colcon_core.package_identification:_identify(venv/lib/python3.10/site-packages/pip/_internal/index) by extensions ['python_setup_py']
[0.921s] Level 1:colcon.colcon_core.package_identification:_identify(venv/lib/python3.10/site-packages/pip/_internal/index) by extension 'python_setup_py'
[0.921s] Level 1:colcon.colcon_core.package_identification:_identify(venv/lib/python3.10/site-packages/pip/_internal/index/__pycache__) by extensions ['ignore', 'ignore_ament_install']
[0.921s] Level 1:colcon.colcon_core.package_identification:_identify(venv/lib/python3.10/site-packages/pip/_internal/index/__pycache__) by extension 'ignore'
[0.921s] Level 1:colcon.colcon_core.package_identification:_identify(venv/lib/python3.10/site-packages/pip/_internal/index/__pycache__) by extension 'ignore_ament_install'
[0.921s] Level 1:colcon.colcon_core.package_identification:_identify(venv/lib/python3.10/site-packages/pip/_internal/index/__pycache__) by extensions ['colcon_pkg']
[0.921s] Level 1:colcon.colcon_core.package_identification:_identify(venv/lib/python3.10/site-packages/pip/_internal/index/__pycache__) by extension 'colcon_pkg'
[0.921s] Level 1:colcon.colcon_core.package_identification:_identify(venv/lib/python3.10/site-packages/pip/_internal/index/__pycache__) by extensions ['colcon_meta']
[0.921s] Level 1:colcon.colcon_core.package_identification:_identify(venv/lib/python3.10/site-packages/pip/_internal/index/__pycache__) by extension 'colcon_meta'
[0.921s] Level 1:colcon.colcon_core.package_identification:_identify(venv/lib/python3.10/site-packages/pip/_internal/index/__pycache__) by extensions ['ros']
[0.921s] Level 1:colcon.colcon_core.package_identification:_identify(venv/lib/python3.10/site-packages/pip/_internal/index/__pycache__) by extension 'ros'
[0.921s] Level 1:colcon.colcon_core.package_identification:_identify(venv/lib/python3.10/site-packages/pip/_internal/index/__pycache__) by extensions ['cmake', 'python']
[0.921s] Level 1:colcon.colcon_core.package_identification:_identify(venv/lib/python3.10/site-packages/pip/_internal/index/__pycache__) by extension 'cmake'
[0.921s] Level 1:colcon.colcon_core.package_identification:_identify(venv/lib/python3.10/site-packages/pip/_internal/index/__pycache__) by extension 'python'
[0.921s] Level 1:colcon.colcon_core.package_identification:_identify(venv/lib/python3.10/site-packages/pip/_internal/index/__pycache__) by extensions ['python_setup_py']
[0.921s] Level 1:colcon.colcon_core.package_identification:_identify(venv/lib/python3.10/site-packages/pip/_internal/index/__pycache__) by extension 'python_setup_py'
[0.921s] Level 1:colcon.colcon_core.package_identification:_identify(venv/lib/python3.10/site-packages/pip/_internal/locations) by extensions ['ignore', 'ignore_ament_install']
[0.921s] Level 1:colcon.colcon_core.package_identification:_identify(venv/lib/python3.10/site-packages/pip/_internal/locations) by extension 'ignore'
[0.921s] Level 1:colcon.colcon_core.package_identification:_identify(venv/lib/python3.10/site-packages/pip/_internal/locations) by extension 'ignore_ament_install'
[0.921s] Level 1:colcon.colcon_core.package_identification:_identify(venv/lib/python3.10/site-packages/pip/_internal/locations) by extensions ['colcon_pkg']
[0.921s] Level 1:colcon.colcon_core.package_identification:_identify(venv/lib/python3.10/site-packages/pip/_internal/locations) by extension 'colcon_pkg'
[0.921s] Level 1:colcon.colcon_core.package_identification:_identify(venv/lib/python3.10/site-packages/pip/_internal/locations) by extensions ['colcon_meta']
[0.921s] Level 1:colcon.colcon_core.package_identification:_identify(venv/lib/python3.10/site-packages/pip/_internal/locations) by extension 'colcon_meta'
[0.921s] Level 1:colcon.colcon_core.package_identification:_identify(venv/lib/python3.10/site-packages/pip/_internal/locations) by extensions ['ros']
[0.921s] Level 1:colcon.colcon_core.package_identification:_identify(venv/lib/python3.10/site-packages/pip/_internal/locations) by extension 'ros'
[0.921s] Level 1:colcon.colcon_core.package_identification:_identify(venv/lib/python3.10/site-packages/pip/_internal/locations) by extensions ['cmake', 'python']
[0.921s] Level 1:colcon.colcon_core.package_identification:_identify(venv/lib/python3.10/site-packages/pip/_internal/locations) by extension 'cmake'
[0.921s] Level 1:colcon.colcon_core.package_identification:_identify(venv/lib/python3.10/site-packages/pip/_internal/locations) by extension 'python'
[0.922s] Level 1:colcon.colcon_core.package_identification:_identify(venv/lib/python3.10/site-packages/pip/_internal/locations) by extensions ['python_setup_py']
[0.922s] Level 1:colcon.colcon_core.package_identification:_identify(venv/lib/python3.10/site-packages/pip/_internal/locations) by extension 'python_setup_py'
[0.922s] Level 1:colcon.colcon_core.package_identification:_identify(venv/lib/python3.10/site-packages/pip/_internal/locations/__pycache__) by extensions ['ignore', 'ignore_ament_install']
[0.922s] Level 1:colcon.colcon_core.package_identification:_identify(venv/lib/python3.10/site-packages/pip/_internal/locations/__pycache__) by extension 'ignore'
[0.922s] Level 1:colcon.colcon_core.package_identification:_identify(venv/lib/python3.10/site-packages/pip/_internal/locations/__pycache__) by extension 'ignore_ament_install'
[0.922s] Level 1:colcon.colcon_core.package_identification:_identify(venv/lib/python3.10/site-packages/pip/_internal/locations/__pycache__) by extensions ['colcon_pkg']
[0.922s] Level 1:colcon.colcon_core.package_identification:_identify(venv/lib/python3.10/site-packages/pip/_internal/locations/__pycache__) by extension 'colcon_pkg'
[0.922s] Level 1:colcon.colcon_core.package_identification:_identify(venv/lib/python3.10/site-packages/pip/_internal/locations/__pycache__) by extensions ['colcon_meta']
[0.922s] Level 1:colcon.colcon_core.package_identification:_identify(venv/lib/python3.10/site-packages/pip/_internal/locations/__pycache__) by extension 'colcon_meta'
[0.922s] Level 1:colcon.colcon_core.package_identification:_identify(venv/lib/python3.10/site-packages/pip/_internal/locations/__pycache__) by extensions ['ros']
[0.922s] Level 1:colcon.colcon_core.package_identification:_identify(venv/lib/python3.10/site-packages/pip/_internal/locations/__pycache__) by extension 'ros'
[0.922s] Level 1:colcon.colcon_core.package_identification:_identify(venv/lib/python3.10/site-packages/pip/_internal/locations/__pycache__) by extensions ['cmake', 'python']
[0.922s] Level 1:colcon.colcon_core.package_identification:_identify(venv/lib/python3.10/site-packages/pip/_internal/locations/__pycache__) by extension 'cmake'
[0.922s] Level 1:colcon.colcon_core.package_identification:_identify(venv/lib/python3.10/site-packages/pip/_internal/locations/__pycache__) by extension 'python'
[0.922s] Level 1:colcon.colcon_core.package_identification:_identify(venv/lib/python3.10/site-packages/pip/_internal/locations/__pycache__) by extensions ['python_setup_py']
[0.922s] Level 1:colcon.colcon_core.package_identification:_identify(venv/lib/python3.10/site-packages/pip/_internal/locations/__pycache__) by extension 'python_setup_py'
[0.922s] Level 1:colcon.colcon_core.package_identification:_identify(venv/lib/python3.10/site-packages/pip/_internal/metadata) by extensions ['ignore', 'ignore_ament_install']
[0.922s] Level 1:colcon.colcon_core.package_identification:_identify(venv/lib/python3.10/site-packages/pip/_internal/metadata) by extension 'ignore'
[0.922s] Level 1:colcon.colcon_core.package_identification:_identify(venv/lib/python3.10/site-packages/pip/_internal/metadata) by extension 'ignore_ament_install'
[0.922s] Level 1:colcon.colcon_core.package_identification:_identify(venv/lib/python3.10/site-packages/pip/_internal/metadata) by extensions ['colcon_pkg']
[0.922s] Level 1:colcon.colcon_core.package_identification:_identify(venv/lib/python3.10/site-packages/pip/_internal/metadata) by extension 'colcon_pkg'
[0.922s] Level 1:colcon.colcon_core.package_identification:_identify(venv/lib/python3.10/site-packages/pip/_internal/metadata) by extensions ['colcon_meta']
[0.922s] Level 1:colcon.colcon_core.package_identification:_identify(venv/lib/python3.10/site-packages/pip/_internal/metadata) by extension 'colcon_meta'
[0.922s] Level 1:colcon.colcon_core.package_identification:_identify(venv/lib/python3.10/site-packages/pip/_internal/metadata) by extensions ['ros']
[0.922s] Level 1:colcon.colcon_core.package_identification:_identify(venv/lib/python3.10/site-packages/pip/_internal/metadata) by extension 'ros'
[0.922s] Level 1:colcon.colcon_core.package_identification:_identify(venv/lib/python3.10/site-packages/pip/_internal/metadata) by extensions ['cmake', 'python']
[0.922s] Level 1:colcon.colcon_core.package_identification:_identify(venv/lib/python3.10/site-packages/pip/_internal/metadata) by extension 'cmake'
[0.922s] Level 1:colcon.colcon_core.package_identification:_identify(venv/lib/python3.10/site-packages/pip/_internal/metadata) by extension 'python'
[0.922s] Level 1:colcon.colcon_core.package_identification:_identify(venv/lib/python3.10/site-packages/pip/_internal/metadata) by extensions ['python_setup_py']
[0.922s] Level 1:colcon.colcon_core.package_identification:_identify(venv/lib/python3.10/site-packages/pip/_internal/metadata) by extension 'python_setup_py'
[0.922s] Level 1:colcon.colcon_core.package_identification:_identify(venv/lib/python3.10/site-packages/pip/_internal/metadata/__pycache__) by extensions ['ignore', 'ignore_ament_install']
[0.922s] Level 1:colcon.colcon_core.package_identification:_identify(venv/lib/python3.10/site-packages/pip/_internal/metadata/__pycache__) by extension 'ignore'
[0.922s] Level 1:colcon.colcon_core.package_identification:_identify(venv/lib/python3.10/site-packages/pip/_internal/metadata/__pycache__) by extension 'ignore_ament_install'
[0.922s] Level 1:colcon.colcon_core.package_identification:_identify(venv/lib/python3.10/site-packages/pip/_internal/metadata/__pycache__) by extensions ['colcon_pkg']
[0.922s] Level 1:colcon.colcon_core.package_identification:_identify(venv/lib/python3.10/site-packages/pip/_internal/metadata/__pycache__) by extension 'colcon_pkg'
[0.923s] Level 1:colcon.colcon_core.package_identification:_identify(venv/lib/python3.10/site-packages/pip/_internal/metadata/__pycache__) by extensions ['colcon_meta']
[0.923s] Level 1:colcon.colcon_core.package_identification:_identify(venv/lib/python3.10/site-packages/pip/_internal/metadata/__pycache__) by extension 'colcon_meta'
[0.923s] Level 1:colcon.colcon_core.package_identification:_identify(venv/lib/python3.10/site-packages/pip/_internal/metadata/__pycache__) by extensions ['ros']
[0.923s] Level 1:colcon.colcon_core.package_identification:_identify(venv/lib/python3.10/site-packages/pip/_internal/metadata/__pycache__) by extension 'ros'
[0.923s] Level 1:colcon.colcon_core.package_identification:_identify(venv/lib/python3.10/site-packages/pip/_internal/metadata/__pycache__) by extensions ['cmake', 'python']
[0.923s] Level 1:colcon.colcon_core.package_identification:_identify(venv/lib/python3.10/site-packages/pip/_internal/metadata/__pycache__) by extension 'cmake'
[0.923s] Level 1:colcon.colcon_core.package_identification:_identify(venv/lib/python3.10/site-packages/pip/_internal/metadata/__pycache__) by extension 'python'
[0.923s] Level 1:colcon.colcon_core.package_identification:_identify(venv/lib/python3.10/site-packages/pip/_internal/metadata/__pycache__) by extensions ['python_setup_py']
[0.923s] Level 1:colcon.colcon_core.package_identification:_identify(venv/lib/python3.10/site-packages/pip/_internal/metadata/__pycache__) by extension 'python_setup_py'
[0.923s] Level 1:colcon.colcon_core.package_identification:_identify(venv/lib/python3.10/site-packages/pip/_internal/models) by extensions ['ignore', 'ignore_ament_install']
[0.923s] Level 1:colcon.colcon_core.package_identification:_identify(venv/lib/python3.10/site-packages/pip/_internal/models) by extension 'ignore'
[0.923s] Level 1:colcon.colcon_core.package_identification:_identify(venv/lib/python3.10/site-packages/pip/_internal/models) by extension 'ignore_ament_install'
[0.923s] Level 1:colcon.colcon_core.package_identification:_identify(venv/lib/python3.10/site-packages/pip/_internal/models) by extensions ['colcon_pkg']
[0.923s] Level 1:colcon.colcon_core.package_identification:_identify(venv/lib/python3.10/site-packages/pip/_internal/models) by extension 'colcon_pkg'
[0.923s] Level 1:colcon.colcon_core.package_identification:_identify(venv/lib/python3.10/site-packages/pip/_internal/models) by extensions ['colcon_meta']
[0.923s] Level 1:colcon.colcon_core.package_identification:_identify(venv/lib/python3.10/site-packages/pip/_internal/models) by extension 'colcon_meta'
[0.923s] Level 1:colcon.colcon_core.package_identification:_identify(venv/lib/python3.10/site-packages/pip/_internal/models) by extensions ['ros']
[0.923s] Level 1:colcon.colcon_core.package_identification:_identify(venv/lib/python3.10/site-packages/pip/_internal/models) by extension 'ros'
[0.923s] Level 1:colcon.colcon_core.package_identification:_identify(venv/lib/python3.10/site-packages/pip/_internal/models) by extensions ['cmake', 'python']
[0.923s] Level 1:colcon.colcon_core.package_identification:_identify(venv/lib/python3.10/site-packages/pip/_internal/models) by extension 'cmake'
[0.923s] Level 1:colcon.colcon_core.package_identification:_identify(venv/lib/python3.10/site-packages/pip/_internal/models) by extension 'python'
[0.923s] Level 1:colcon.colcon_core.package_identification:_identify(venv/lib/python3.10/site-packages/pip/_internal/models) by extensions ['python_setup_py']
[0.923s] Level 1:colcon.colcon_core.package_identification:_identify(venv/lib/python3.10/site-packages/pip/_internal/models) by extension 'python_setup_py'
[0.923s] Level 1:colcon.colcon_core.package_identification:_identify(venv/lib/python3.10/site-packages/pip/_internal/models/__pycache__) by extensions ['ignore', 'ignore_ament_install']
[0.923s] Level 1:colcon.colcon_core.package_identification:_identify(venv/lib/python3.10/site-packages/pip/_internal/models/__pycache__) by extension 'ignore'
[0.923s] Level 1:colcon.colcon_core.package_identification:_identify(venv/lib/python3.10/site-packages/pip/_internal/models/__pycache__) by extension 'ignore_ament_install'
[0.923s] Level 1:colcon.colcon_core.package_identification:_identify(venv/lib/python3.10/site-packages/pip/_internal/models/__pycache__) by extensions ['colcon_pkg']
[0.923s] Level 1:colcon.colcon_core.package_identification:_identify(venv/lib/python3.10/site-packages/pip/_internal/models/__pycache__) by extension 'colcon_pkg'
[0.923s] Level 1:colcon.colcon_core.package_identification:_identify(venv/lib/python3.10/site-packages/pip/_internal/models/__pycache__) by extensions ['colcon_meta']
[0.923s] Level 1:colcon.colcon_core.package_identification:_identify(venv/lib/python3.10/site-packages/pip/_internal/models/__pycache__) by extension 'colcon_meta'
[0.923s] Level 1:colcon.colcon_core.package_identification:_identify(venv/lib/python3.10/site-packages/pip/_internal/models/__pycache__) by extensions ['ros']
[0.923s] Level 1:colcon.colcon_core.package_identification:_identify(venv/lib/python3.10/site-packages/pip/_internal/models/__pycache__) by extension 'ros'
[0.923s] Level 1:colcon.colcon_core.package_identification:_identify(venv/lib/python3.10/site-packages/pip/_internal/models/__pycache__) by extensions ['cmake', 'python']
[0.923s] Level 1:colcon.colcon_core.package_identification:_identify(venv/lib/python3.10/site-packages/pip/_internal/models/__pycache__) by extension 'cmake'
[0.923s] Level 1:colcon.colcon_core.package_identification:_identify(venv/lib/python3.10/site-packages/pip/_internal/models/__pycache__) by extension 'python'
[0.923s] Level 1:colcon.colcon_core.package_identification:_identify(venv/lib/python3.10/site-packages/pip/_internal/models/__pycache__) by extensions ['python_setup_py']
[0.923s] Level 1:colcon.colcon_core.package_identification:_identify(venv/lib/python3.10/site-packages/pip/_internal/models/__pycache__) by extension 'python_setup_py'
[0.924s] Level 1:colcon.colcon_core.package_identification:_identify(venv/lib/python3.10/site-packages/pip/_internal/network) by extensions ['ignore', 'ignore_ament_install']
[0.924s] Level 1:colcon.colcon_core.package_identification:_identify(venv/lib/python3.10/site-packages/pip/_internal/network) by extension 'ignore'
[0.924s] Level 1:colcon.colcon_core.package_identification:_identify(venv/lib/python3.10/site-packages/pip/_internal/network) by extension 'ignore_ament_install'
[0.924s] Level 1:colcon.colcon_core.package_identification:_identify(venv/lib/python3.10/site-packages/pip/_internal/network) by extensions ['colcon_pkg']
[0.924s] Level 1:colcon.colcon_core.package_identification:_identify(venv/lib/python3.10/site-packages/pip/_internal/network) by extension 'colcon_pkg'
[0.924s] Level 1:colcon.colcon_core.package_identification:_identify(venv/lib/python3.10/site-packages/pip/_internal/network) by extensions ['colcon_meta']
[0.924s] Level 1:colcon.colcon_core.package_identification:_identify(venv/lib/python3.10/site-packages/pip/_internal/network) by extension 'colcon_meta'
[0.924s] Level 1:colcon.colcon_core.package_identification:_identify(venv/lib/python3.10/site-packages/pip/_internal/network) by extensions ['ros']
[0.924s] Level 1:colcon.colcon_core.package_identification:_identify(venv/lib/python3.10/site-packages/pip/_internal/network) by extension 'ros'
[0.924s] Level 1:colcon.colcon_core.package_identification:_identify(venv/lib/python3.10/site-packages/pip/_internal/network) by extensions ['cmake', 'python']
[0.924s] Level 1:colcon.colcon_core.package_identification:_identify(venv/lib/python3.10/site-packages/pip/_internal/network) by extension 'cmake'
[0.924s] Level 1:colcon.colcon_core.package_identification:_identify(venv/lib/python3.10/site-packages/pip/_internal/network) by extension 'python'
[0.924s] Level 1:colcon.colcon_core.package_identification:_identify(venv/lib/python3.10/site-packages/pip/_internal/network) by extensions ['python_setup_py']
[0.924s] Level 1:colcon.colcon_core.package_identification:_identify(venv/lib/python3.10/site-packages/pip/_internal/network) by extension 'python_setup_py'
[0.924s] Level 1:colcon.colcon_core.package_identification:_identify(venv/lib/python3.10/site-packages/pip/_internal/network/__pycache__) by extensions ['ignore', 'ignore_ament_install']
[0.924s] Level 1:colcon.colcon_core.package_identification:_identify(venv/lib/python3.10/site-packages/pip/_internal/network/__pycache__) by extension 'ignore'
[0.924s] Level 1:colcon.colcon_core.package_identification:_identify(venv/lib/python3.10/site-packages/pip/_internal/network/__pycache__) by extension 'ignore_ament_install'
[0.924s] Level 1:colcon.colcon_core.package_identification:_identify(venv/lib/python3.10/site-packages/pip/_internal/network/__pycache__) by extensions ['colcon_pkg']
[0.924s] Level 1:colcon.colcon_core.package_identification:_identify(venv/lib/python3.10/site-packages/pip/_internal/network/__pycache__) by extension 'colcon_pkg'
[0.924s] Level 1:colcon.colcon_core.package_identification:_identify(venv/lib/python3.10/site-packages/pip/_internal/network/__pycache__) by extensions ['colcon_meta']
[0.924s] Level 1:colcon.colcon_core.package_identification:_identify(venv/lib/python3.10/site-packages/pip/_internal/network/__pycache__) by extension 'colcon_meta'
[0.924s] Level 1:colcon.colcon_core.package_identification:_identify(venv/lib/python3.10/site-packages/pip/_internal/network/__pycache__) by extensions ['ros']
[0.924s] Level 1:colcon.colcon_core.package_identification:_identify(venv/lib/python3.10/site-packages/pip/_internal/network/__pycache__) by extension 'ros'
[0.924s] Level 1:colcon.colcon_core.package_identification:_identify(venv/lib/python3.10/site-packages/pip/_internal/network/__pycache__) by extensions ['cmake', 'python']
[0.924s] Level 1:colcon.colcon_core.package_identification:_identify(venv/lib/python3.10/site-packages/pip/_internal/network/__pycache__) by extension 'cmake'
[0.924s] Level 1:colcon.colcon_core.package_identification:_identify(venv/lib/python3.10/site-packages/pip/_internal/network/__pycache__) by extension 'python'
[0.924s] Level 1:colcon.colcon_core.package_identification:_identify(venv/lib/python3.10/site-packages/pip/_internal/network/__pycache__) by extensions ['python_setup_py']
[0.924s] Level 1:colcon.colcon_core.package_identification:_identify(venv/lib/python3.10/site-packages/pip/_internal/network/__pycache__) by extension 'python_setup_py'
[0.924s] Level 1:colcon.colcon_core.package_identification:_identify(venv/lib/python3.10/site-packages/pip/_internal/operations) by extensions ['ignore', 'ignore_ament_install']
[0.924s] Level 1:colcon.colcon_core.package_identification:_identify(venv/lib/python3.10/site-packages/pip/_internal/operations) by extension 'ignore'
[0.924s] Level 1:colcon.colcon_core.package_identification:_identify(venv/lib/python3.10/site-packages/pip/_internal/operations) by extension 'ignore_ament_install'
[0.924s] Level 1:colcon.colcon_core.package_identification:_identify(venv/lib/python3.10/site-packages/pip/_internal/operations) by extensions ['colcon_pkg']
[0.924s] Level 1:colcon.colcon_core.package_identification:_identify(venv/lib/python3.10/site-packages/pip/_internal/operations) by extension 'colcon_pkg'
[0.924s] Level 1:colcon.colcon_core.package_identification:_identify(venv/lib/python3.10/site-packages/pip/_internal/operations) by extensions ['colcon_meta']
[0.924s] Level 1:colcon.colcon_core.package_identification:_identify(venv/lib/python3.10/site-packages/pip/_internal/operations) by extension 'colcon_meta'
[0.925s] Level 1:colcon.colcon_core.package_identification:_identify(venv/lib/python3.10/site-packages/pip/_internal/operations) by extensions ['ros']
[0.925s] Level 1:colcon.colcon_core.package_identification:_identify(venv/lib/python3.10/site-packages/pip/_internal/operations) by extension 'ros'
[0.925s] Level 1:colcon.colcon_core.package_identification:_identify(venv/lib/python3.10/site-packages/pip/_internal/operations) by extensions ['cmake', 'python']
[0.925s] Level 1:colcon.colcon_core.package_identification:_identify(venv/lib/python3.10/site-packages/pip/_internal/operations) by extension 'cmake'
[0.925s] Level 1:colcon.colcon_core.package_identification:_identify(venv/lib/python3.10/site-packages/pip/_internal/operations) by extension 'python'
[0.925s] Level 1:colcon.colcon_core.package_identification:_identify(venv/lib/python3.10/site-packages/pip/_internal/operations) by extensions ['python_setup_py']
[0.925s] Level 1:colcon.colcon_core.package_identification:_identify(venv/lib/python3.10/site-packages/pip/_internal/operations) by extension 'python_setup_py'
[0.925s] Level 1:colcon.colcon_core.package_identification:_identify(venv/lib/python3.10/site-packages/pip/_internal/operations/__pycache__) by extensions ['ignore', 'ignore_ament_install']
[0.925s] Level 1:colcon.colcon_core.package_identification:_identify(venv/lib/python3.10/site-packages/pip/_internal/operations/__pycache__) by extension 'ignore'
[0.925s] Level 1:colcon.colcon_core.package_identification:_identify(venv/lib/python3.10/site-packages/pip/_internal/operations/__pycache__) by extension 'ignore_ament_install'
[0.925s] Level 1:colcon.colcon_core.package_identification:_identify(venv/lib/python3.10/site-packages/pip/_internal/operations/__pycache__) by extensions ['colcon_pkg']
[0.925s] Level 1:colcon.colcon_core.package_identification:_identify(venv/lib/python3.10/site-packages/pip/_internal/operations/__pycache__) by extension 'colcon_pkg'
[0.925s] Level 1:colcon.colcon_core.package_identification:_identify(venv/lib/python3.10/site-packages/pip/_internal/operations/__pycache__) by extensions ['colcon_meta']
[0.925s] Level 1:colcon.colcon_core.package_identification:_identify(venv/lib/python3.10/site-packages/pip/_internal/operations/__pycache__) by extension 'colcon_meta'
[0.925s] Level 1:colcon.colcon_core.package_identification:_identify(venv/lib/python3.10/site-packages/pip/_internal/operations/__pycache__) by extensions ['ros']
[0.925s] Level 1:colcon.colcon_core.package_identification:_identify(venv/lib/python3.10/site-packages/pip/_internal/operations/__pycache__) by extension 'ros'
[0.925s] Level 1:colcon.colcon_core.package_identification:_identify(venv/lib/python3.10/site-packages/pip/_internal/operations/__pycache__) by extensions ['cmake', 'python']
[0.925s] Level 1:colcon.colcon_core.package_identification:_identify(venv/lib/python3.10/site-packages/pip/_internal/operations/__pycache__) by extension 'cmake'
[0.925s] Level 1:colcon.colcon_core.package_identification:_identify(venv/lib/python3.10/site-packages/pip/_internal/operations/__pycache__) by extension 'python'
[0.925s] Level 1:colcon.colcon_core.package_identification:_identify(venv/lib/python3.10/site-packages/pip/_internal/operations/__pycache__) by extensions ['python_setup_py']
[0.925s] Level 1:colcon.colcon_core.package_identification:_identify(venv/lib/python3.10/site-packages/pip/_internal/operations/__pycache__) by extension 'python_setup_py'
[0.925s] Level 1:colcon.colcon_core.package_identification:_identify(venv/lib/python3.10/site-packages/pip/_internal/operations/build) by extensions ['ignore', 'ignore_ament_install']
[0.925s] Level 1:colcon.colcon_core.package_identification:_identify(venv/lib/python3.10/site-packages/pip/_internal/operations/build) by extension 'ignore'
[0.925s] Level 1:colcon.colcon_core.package_identification:_identify(venv/lib/python3.10/site-packages/pip/_internal/operations/build) by extension 'ignore_ament_install'
[0.925s] Level 1:colcon.colcon_core.package_identification:_identify(venv/lib/python3.10/site-packages/pip/_internal/operations/build) by extensions ['colcon_pkg']
[0.925s] Level 1:colcon.colcon_core.package_identification:_identify(venv/lib/python3.10/site-packages/pip/_internal/operations/build) by extension 'colcon_pkg'
[0.925s] Level 1:colcon.colcon_core.package_identification:_identify(venv/lib/python3.10/site-packages/pip/_internal/operations/build) by extensions ['colcon_meta']
[0.925s] Level 1:colcon.colcon_core.package_identification:_identify(venv/lib/python3.10/site-packages/pip/_internal/operations/build) by extension 'colcon_meta'
[0.925s] Level 1:colcon.colcon_core.package_identification:_identify(venv/lib/python3.10/site-packages/pip/_internal/operations/build) by extensions ['ros']
[0.925s] Level 1:colcon.colcon_core.package_identification:_identify(venv/lib/python3.10/site-packages/pip/_internal/operations/build) by extension 'ros'
[0.925s] Level 1:colcon.colcon_core.package_identification:_identify(venv/lib/python3.10/site-packages/pip/_internal/operations/build) by extensions ['cmake', 'python']
[0.925s] Level 1:colcon.colcon_core.package_identification:_identify(venv/lib/python3.10/site-packages/pip/_internal/operations/build) by extension 'cmake'
[0.925s] Level 1:colcon.colcon_core.package_identification:_identify(venv/lib/python3.10/site-packages/pip/_internal/operations/build) by extension 'python'
[0.925s] Level 1:colcon.colcon_core.package_identification:_identify(venv/lib/python3.10/site-packages/pip/_internal/operations/build) by extensions ['python_setup_py']
[0.925s] Level 1:colcon.colcon_core.package_identification:_identify(venv/lib/python3.10/site-packages/pip/_internal/operations/build) by extension 'python_setup_py'
[0.926s] Level 1:colcon.colcon_core.package_identification:_identify(venv/lib/python3.10/site-packages/pip/_internal/operations/build/__pycache__) by extensions ['ignore', 'ignore_ament_install']
[0.926s] Level 1:colcon.colcon_core.package_identification:_identify(venv/lib/python3.10/site-packages/pip/_internal/operations/build/__pycache__) by extension 'ignore'
[0.926s] Level 1:colcon.colcon_core.package_identification:_identify(venv/lib/python3.10/site-packages/pip/_internal/operations/build/__pycache__) by extension 'ignore_ament_install'
[0.926s] Level 1:colcon.colcon_core.package_identification:_identify(venv/lib/python3.10/site-packages/pip/_internal/operations/build/__pycache__) by extensions ['colcon_pkg']
[0.926s] Level 1:colcon.colcon_core.package_identification:_identify(venv/lib/python3.10/site-packages/pip/_internal/operations/build/__pycache__) by extension 'colcon_pkg'
[0.926s] Level 1:colcon.colcon_core.package_identification:_identify(venv/lib/python3.10/site-packages/pip/_internal/operations/build/__pycache__) by extensions ['colcon_meta']
[0.926s] Level 1:colcon.colcon_core.package_identification:_identify(venv/lib/python3.10/site-packages/pip/_internal/operations/build/__pycache__) by extension 'colcon_meta'
[0.926s] Level 1:colcon.colcon_core.package_identification:_identify(venv/lib/python3.10/site-packages/pip/_internal/operations/build/__pycache__) by extensions ['ros']
[0.926s] Level 1:colcon.colcon_core.package_identification:_identify(venv/lib/python3.10/site-packages/pip/_internal/operations/build/__pycache__) by extension 'ros'
[0.926s] Level 1:colcon.colcon_core.package_identification:_identify(venv/lib/python3.10/site-packages/pip/_internal/operations/build/__pycache__) by extensions ['cmake', 'python']
[0.926s] Level 1:colcon.colcon_core.package_identification:_identify(venv/lib/python3.10/site-packages/pip/_internal/operations/build/__pycache__) by extension 'cmake'
[0.926s] Level 1:colcon.colcon_core.package_identification:_identify(venv/lib/python3.10/site-packages/pip/_internal/operations/build/__pycache__) by extension 'python'
[0.926s] Level 1:colcon.colcon_core.package_identification:_identify(venv/lib/python3.10/site-packages/pip/_internal/operations/build/__pycache__) by extensions ['python_setup_py']
[0.926s] Level 1:colcon.colcon_core.package_identification:_identify(venv/lib/python3.10/site-packages/pip/_internal/operations/build/__pycache__) by extension 'python_setup_py'
[0.926s] Level 1:colcon.colcon_core.package_identification:_identify(venv/lib/python3.10/site-packages/pip/_internal/operations/install) by extensions ['ignore', 'ignore_ament_install']
[0.926s] Level 1:colcon.colcon_core.package_identification:_identify(venv/lib/python3.10/site-packages/pip/_internal/operations/install) by extension 'ignore'
[0.926s] Level 1:colcon.colcon_core.package_identification:_identify(venv/lib/python3.10/site-packages/pip/_internal/operations/install) by extension 'ignore_ament_install'
[0.926s] Level 1:colcon.colcon_core.package_identification:_identify(venv/lib/python3.10/site-packages/pip/_internal/operations/install) by extensions ['colcon_pkg']
[0.926s] Level 1:colcon.colcon_core.package_identification:_identify(venv/lib/python3.10/site-packages/pip/_internal/operations/install) by extension 'colcon_pkg'
[0.926s] Level 1:colcon.colcon_core.package_identification:_identify(venv/lib/python3.10/site-packages/pip/_internal/operations/install) by extensions ['colcon_meta']
[0.926s] Level 1:colcon.colcon_core.package_identification:_identify(venv/lib/python3.10/site-packages/pip/_internal/operations/install) by extension 'colcon_meta'
[0.926s] Level 1:colcon.colcon_core.package_identification:_identify(venv/lib/python3.10/site-packages/pip/_internal/operations/install) by extensions ['ros']
[0.926s] Level 1:colcon.colcon_core.package_identification:_identify(venv/lib/python3.10/site-packages/pip/_internal/operations/install) by extension 'ros'
[0.926s] Level 1:colcon.colcon_core.package_identification:_identify(venv/lib/python3.10/site-packages/pip/_internal/operations/install) by extensions ['cmake', 'python']
[0.926s] Level 1:colcon.colcon_core.package_identification:_identify(venv/lib/python3.10/site-packages/pip/_internal/operations/install) by extension 'cmake'
[0.926s] Level 1:colcon.colcon_core.package_identification:_identify(venv/lib/python3.10/site-packages/pip/_internal/operations/install) by extension 'python'
[0.926s] Level 1:colcon.colcon_core.package_identification:_identify(venv/lib/python3.10/site-packages/pip/_internal/operations/install) by extensions ['python_setup_py']
[0.926s] Level 1:colcon.colcon_core.package_identification:_identify(venv/lib/python3.10/site-packages/pip/_internal/operations/install) by extension 'python_setup_py'
[0.926s] Level 1:colcon.colcon_core.package_identification:_identify(venv/lib/python3.10/site-packages/pip/_internal/operations/install/__pycache__) by extensions ['ignore', 'ignore_ament_install']
[0.926s] Level 1:colcon.colcon_core.package_identification:_identify(venv/lib/python3.10/site-packages/pip/_internal/operations/install/__pycache__) by extension 'ignore'
[0.926s] Level 1:colcon.colcon_core.package_identification:_identify(venv/lib/python3.10/site-packages/pip/_internal/operations/install/__pycache__) by extension 'ignore_ament_install'
[0.926s] Level 1:colcon.colcon_core.package_identification:_identify(venv/lib/python3.10/site-packages/pip/_internal/operations/install/__pycache__) by extensions ['colcon_pkg']
[0.926s] Level 1:colcon.colcon_core.package_identification:_identify(venv/lib/python3.10/site-packages/pip/_internal/operations/install/__pycache__) by extension 'colcon_pkg'
[0.926s] Level 1:colcon.colcon_core.package_identification:_identify(venv/lib/python3.10/site-packages/pip/_internal/operations/install/__pycache__) by extensions ['colcon_meta']
[0.926s] Level 1:colcon.colcon_core.package_identification:_identify(venv/lib/python3.10/site-packages/pip/_internal/operations/install/__pycache__) by extension 'colcon_meta'
[0.926s] Level 1:colcon.colcon_core.package_identification:_identify(venv/lib/python3.10/site-packages/pip/_internal/operations/install/__pycache__) by extensions ['ros']
[0.927s] Level 1:colcon.colcon_core.package_identification:_identify(venv/lib/python3.10/site-packages/pip/_internal/operations/install/__pycache__) by extension 'ros'
[0.927s] Level 1:colcon.colcon_core.package_identification:_identify(venv/lib/python3.10/site-packages/pip/_internal/operations/install/__pycache__) by extensions ['cmake', 'python']
[0.927s] Level 1:colcon.colcon_core.package_identification:_identify(venv/lib/python3.10/site-packages/pip/_internal/operations/install/__pycache__) by extension 'cmake'
[0.927s] Level 1:colcon.colcon_core.package_identification:_identify(venv/lib/python3.10/site-packages/pip/_internal/operations/install/__pycache__) by extension 'python'
[0.927s] Level 1:colcon.colcon_core.package_identification:_identify(venv/lib/python3.10/site-packages/pip/_internal/operations/install/__pycache__) by extensions ['python_setup_py']
[0.927s] Level 1:colcon.colcon_core.package_identification:_identify(venv/lib/python3.10/site-packages/pip/_internal/operations/install/__pycache__) by extension 'python_setup_py'
[0.927s] Level 1:colcon.colcon_core.package_identification:_identify(venv/lib/python3.10/site-packages/pip/_internal/req) by extensions ['ignore', 'ignore_ament_install']
[0.927s] Level 1:colcon.colcon_core.package_identification:_identify(venv/lib/python3.10/site-packages/pip/_internal/req) by extension 'ignore'
[0.927s] Level 1:colcon.colcon_core.package_identification:_identify(venv/lib/python3.10/site-packages/pip/_internal/req) by extension 'ignore_ament_install'
[0.927s] Level 1:colcon.colcon_core.package_identification:_identify(venv/lib/python3.10/site-packages/pip/_internal/req) by extensions ['colcon_pkg']
[0.927s] Level 1:colcon.colcon_core.package_identification:_identify(venv/lib/python3.10/site-packages/pip/_internal/req) by extension 'colcon_pkg'
[0.927s] Level 1:colcon.colcon_core.package_identification:_identify(venv/lib/python3.10/site-packages/pip/_internal/req) by extensions ['colcon_meta']
[0.927s] Level 1:colcon.colcon_core.package_identification:_identify(venv/lib/python3.10/site-packages/pip/_internal/req) by extension 'colcon_meta'
[0.927s] Level 1:colcon.colcon_core.package_identification:_identify(venv/lib/python3.10/site-packages/pip/_internal/req) by extensions ['ros']
[0.927s] Level 1:colcon.colcon_core.package_identification:_identify(venv/lib/python3.10/site-packages/pip/_internal/req) by extension 'ros'
[0.927s] Level 1:colcon.colcon_core.package_identification:_identify(venv/lib/python3.10/site-packages/pip/_internal/req) by extensions ['cmake', 'python']
[0.927s] Level 1:colcon.colcon_core.package_identification:_identify(venv/lib/python3.10/site-packages/pip/_internal/req) by extension 'cmake'
[0.927s] Level 1:colcon.colcon_core.package_identification:_identify(venv/lib/python3.10/site-packages/pip/_internal/req) by extension 'python'
[0.927s] Level 1:colcon.colcon_core.package_identification:_identify(venv/lib/python3.10/site-packages/pip/_internal/req) by extensions ['python_setup_py']
[0.927s] Level 1:colcon.colcon_core.package_identification:_identify(venv/lib/python3.10/site-packages/pip/_internal/req) by extension 'python_setup_py'
[0.927s] Level 1:colcon.colcon_core.package_identification:_identify(venv/lib/python3.10/site-packages/pip/_internal/req/__pycache__) by extensions ['ignore', 'ignore_ament_install']
[0.927s] Level 1:colcon.colcon_core.package_identification:_identify(venv/lib/python3.10/site-packages/pip/_internal/req/__pycache__) by extension 'ignore'
[0.927s] Level 1:colcon.colcon_core.package_identification:_identify(venv/lib/python3.10/site-packages/pip/_internal/req/__pycache__) by extension 'ignore_ament_install'
[0.927s] Level 1:colcon.colcon_core.package_identification:_identify(venv/lib/python3.10/site-packages/pip/_internal/req/__pycache__) by extensions ['colcon_pkg']
[0.927s] Level 1:colcon.colcon_core.package_identification:_identify(venv/lib/python3.10/site-packages/pip/_internal/req/__pycache__) by extension 'colcon_pkg'
[0.927s] Level 1:colcon.colcon_core.package_identification:_identify(venv/lib/python3.10/site-packages/pip/_internal/req/__pycache__) by extensions ['colcon_meta']
[0.927s] Level 1:colcon.colcon_core.package_identification:_identify(venv/lib/python3.10/site-packages/pip/_internal/req/__pycache__) by extension 'colcon_meta'
[0.927s] Level 1:colcon.colcon_core.package_identification:_identify(venv/lib/python3.10/site-packages/pip/_internal/req/__pycache__) by extensions ['ros']
[0.927s] Level 1:colcon.colcon_core.package_identification:_identify(venv/lib/python3.10/site-packages/pip/_internal/req/__pycache__) by extension 'ros'
[0.927s] Level 1:colcon.colcon_core.package_identification:_identify(venv/lib/python3.10/site-packages/pip/_internal/req/__pycache__) by extensions ['cmake', 'python']
[0.927s] Level 1:colcon.colcon_core.package_identification:_identify(venv/lib/python3.10/site-packages/pip/_internal/req/__pycache__) by extension 'cmake'
[0.927s] Level 1:colcon.colcon_core.package_identification:_identify(venv/lib/python3.10/site-packages/pip/_internal/req/__pycache__) by extension 'python'
[0.927s] Level 1:colcon.colcon_core.package_identification:_identify(venv/lib/python3.10/site-packages/pip/_internal/req/__pycache__) by extensions ['python_setup_py']
[0.927s] Level 1:colcon.colcon_core.package_identification:_identify(venv/lib/python3.10/site-packages/pip/_internal/req/__pycache__) by extension 'python_setup_py'
[0.928s] Level 1:colcon.colcon_core.package_identification:_identify(venv/lib/python3.10/site-packages/pip/_internal/resolution) by extensions ['ignore', 'ignore_ament_install']
[0.928s] Level 1:colcon.colcon_core.package_identification:_identify(venv/lib/python3.10/site-packages/pip/_internal/resolution) by extension 'ignore'
[0.928s] Level 1:colcon.colcon_core.package_identification:_identify(venv/lib/python3.10/site-packages/pip/_internal/resolution) by extension 'ignore_ament_install'
[0.928s] Level 1:colcon.colcon_core.package_identification:_identify(venv/lib/python3.10/site-packages/pip/_internal/resolution) by extensions ['colcon_pkg']
[0.928s] Level 1:colcon.colcon_core.package_identification:_identify(venv/lib/python3.10/site-packages/pip/_internal/resolution) by extension 'colcon_pkg'
[0.928s] Level 1:colcon.colcon_core.package_identification:_identify(venv/lib/python3.10/site-packages/pip/_internal/resolution) by extensions ['colcon_meta']
[0.928s] Level 1:colcon.colcon_core.package_identification:_identify(venv/lib/python3.10/site-packages/pip/_internal/resolution) by extension 'colcon_meta'
[0.928s] Level 1:colcon.colcon_core.package_identification:_identify(venv/lib/python3.10/site-packages/pip/_internal/resolution) by extensions ['ros']
[0.928s] Level 1:colcon.colcon_core.package_identification:_identify(venv/lib/python3.10/site-packages/pip/_internal/resolution) by extension 'ros'
[0.928s] Level 1:colcon.colcon_core.package_identification:_identify(venv/lib/python3.10/site-packages/pip/_internal/resolution) by extensions ['cmake', 'python']
[0.928s] Level 1:colcon.colcon_core.package_identification:_identify(venv/lib/python3.10/site-packages/pip/_internal/resolution) by extension 'cmake'
[0.928s] Level 1:colcon.colcon_core.package_identification:_identify(venv/lib/python3.10/site-packages/pip/_internal/resolution) by extension 'python'
[0.928s] Level 1:colcon.colcon_core.package_identification:_identify(venv/lib/python3.10/site-packages/pip/_internal/resolution) by extensions ['python_setup_py']
[0.928s] Level 1:colcon.colcon_core.package_identification:_identify(venv/lib/python3.10/site-packages/pip/_internal/resolution) by extension 'python_setup_py'
[0.928s] Level 1:colcon.colcon_core.package_identification:_identify(venv/lib/python3.10/site-packages/pip/_internal/resolution/__pycache__) by extensions ['ignore', 'ignore_ament_install']
[0.928s] Level 1:colcon.colcon_core.package_identification:_identify(venv/lib/python3.10/site-packages/pip/_internal/resolution/__pycache__) by extension 'ignore'
[0.928s] Level 1:colcon.colcon_core.package_identification:_identify(venv/lib/python3.10/site-packages/pip/_internal/resolution/__pycache__) by extension 'ignore_ament_install'
[0.928s] Level 1:colcon.colcon_core.package_identification:_identify(venv/lib/python3.10/site-packages/pip/_internal/resolution/__pycache__) by extensions ['colcon_pkg']
[0.928s] Level 1:colcon.colcon_core.package_identification:_identify(venv/lib/python3.10/site-packages/pip/_internal/resolution/__pycache__) by extension 'colcon_pkg'
[0.928s] Level 1:colcon.colcon_core.package_identification:_identify(venv/lib/python3.10/site-packages/pip/_internal/resolution/__pycache__) by extensions ['colcon_meta']
[0.928s] Level 1:colcon.colcon_core.package_identification:_identify(venv/lib/python3.10/site-packages/pip/_internal/resolution/__pycache__) by extension 'colcon_meta'
[0.928s] Level 1:colcon.colcon_core.package_identification:_identify(venv/lib/python3.10/site-packages/pip/_internal/resolution/__pycache__) by extensions ['ros']
[0.928s] Level 1:colcon.colcon_core.package_identification:_identify(venv/lib/python3.10/site-packages/pip/_internal/resolution/__pycache__) by extension 'ros'
[0.928s] Level 1:colcon.colcon_core.package_identification:_identify(venv/lib/python3.10/site-packages/pip/_internal/resolution/__pycache__) by extensions ['cmake', 'python']
[0.928s] Level 1:colcon.colcon_core.package_identification:_identify(venv/lib/python3.10/site-packages/pip/_internal/resolution/__pycache__) by extension 'cmake'
[0.928s] Level 1:colcon.colcon_core.package_identification:_identify(venv/lib/python3.10/site-packages/pip/_internal/resolution/__pycache__) by extension 'python'
[0.928s] Level 1:colcon.colcon_core.package_identification:_identify(venv/lib/python3.10/site-packages/pip/_internal/resolution/__pycache__) by extensions ['python_setup_py']
[0.928s] Level 1:colcon.colcon_core.package_identification:_identify(venv/lib/python3.10/site-packages/pip/_internal/resolution/__pycache__) by extension 'python_setup_py'
[0.928s] Level 1:colcon.colcon_core.package_identification:_identify(venv/lib/python3.10/site-packages/pip/_internal/resolution/legacy) by extensions ['ignore', 'ignore_ament_install']
[0.928s] Level 1:colcon.colcon_core.package_identification:_identify(venv/lib/python3.10/site-packages/pip/_internal/resolution/legacy) by extension 'ignore'
[0.928s] Level 1:colcon.colcon_core.package_identification:_identify(venv/lib/python3.10/site-packages/pip/_internal/resolution/legacy) by extension 'ignore_ament_install'
[0.928s] Level 1:colcon.colcon_core.package_identification:_identify(venv/lib/python3.10/site-packages/pip/_internal/resolution/legacy) by extensions ['colcon_pkg']
[0.928s] Level 1:colcon.colcon_core.package_identification:_identify(venv/lib/python3.10/site-packages/pip/_internal/resolution/legacy) by extension 'colcon_pkg'
[0.928s] Level 1:colcon.colcon_core.package_identification:_identify(venv/lib/python3.10/site-packages/pip/_internal/resolution/legacy) by extensions ['colcon_meta']
[0.928s] Level 1:colcon.colcon_core.package_identification:_identify(venv/lib/python3.10/site-packages/pip/_internal/resolution/legacy) by extension 'colcon_meta'
[0.929s] Level 1:colcon.colcon_core.package_identification:_identify(venv/lib/python3.10/site-packages/pip/_internal/resolution/legacy) by extensions ['ros']
[0.929s] Level 1:colcon.colcon_core.package_identification:_identify(venv/lib/python3.10/site-packages/pip/_internal/resolution/legacy) by extension 'ros'
[0.929s] Level 1:colcon.colcon_core.package_identification:_identify(venv/lib/python3.10/site-packages/pip/_internal/resolution/legacy) by extensions ['cmake', 'python']
[0.929s] Level 1:colcon.colcon_core.package_identification:_identify(venv/lib/python3.10/site-packages/pip/_internal/resolution/legacy) by extension 'cmake'
[0.929s] Level 1:colcon.colcon_core.package_identification:_identify(venv/lib/python3.10/site-packages/pip/_internal/resolution/legacy) by extension 'python'
[0.929s] Level 1:colcon.colcon_core.package_identification:_identify(venv/lib/python3.10/site-packages/pip/_internal/resolution/legacy) by extensions ['python_setup_py']
[0.929s] Level 1:colcon.colcon_core.package_identification:_identify(venv/lib/python3.10/site-packages/pip/_internal/resolution/legacy) by extension 'python_setup_py'
[0.929s] Level 1:colcon.colcon_core.package_identification:_identify(venv/lib/python3.10/site-packages/pip/_internal/resolution/legacy/__pycache__) by extensions ['ignore', 'ignore_ament_install']
[0.929s] Level 1:colcon.colcon_core.package_identification:_identify(venv/lib/python3.10/site-packages/pip/_internal/resolution/legacy/__pycache__) by extension 'ignore'
[0.929s] Level 1:colcon.colcon_core.package_identification:_identify(venv/lib/python3.10/site-packages/pip/_internal/resolution/legacy/__pycache__) by extension 'ignore_ament_install'
[0.929s] Level 1:colcon.colcon_core.package_identification:_identify(venv/lib/python3.10/site-packages/pip/_internal/resolution/legacy/__pycache__) by extensions ['colcon_pkg']
[0.929s] Level 1:colcon.colcon_core.package_identification:_identify(venv/lib/python3.10/site-packages/pip/_internal/resolution/legacy/__pycache__) by extension 'colcon_pkg'
[0.929s] Level 1:colcon.colcon_core.package_identification:_identify(venv/lib/python3.10/site-packages/pip/_internal/resolution/legacy/__pycache__) by extensions ['colcon_meta']
[0.929s] Level 1:colcon.colcon_core.package_identification:_identify(venv/lib/python3.10/site-packages/pip/_internal/resolution/legacy/__pycache__) by extension 'colcon_meta'
[0.929s] Level 1:colcon.colcon_core.package_identification:_identify(venv/lib/python3.10/site-packages/pip/_internal/resolution/legacy/__pycache__) by extensions ['ros']
[0.929s] Level 1:colcon.colcon_core.package_identification:_identify(venv/lib/python3.10/site-packages/pip/_internal/resolution/legacy/__pycache__) by extension 'ros'
[0.929s] Level 1:colcon.colcon_core.package_identification:_identify(venv/lib/python3.10/site-packages/pip/_internal/resolution/legacy/__pycache__) by extensions ['cmake', 'python']
[0.929s] Level 1:colcon.colcon_core.package_identification:_identify(venv/lib/python3.10/site-packages/pip/_internal/resolution/legacy/__pycache__) by extension 'cmake'
[0.929s] Level 1:colcon.colcon_core.package_identification:_identify(venv/lib/python3.10/site-packages/pip/_internal/resolution/legacy/__pycache__) by extension 'python'
[0.929s] Level 1:colcon.colcon_core.package_identification:_identify(venv/lib/python3.10/site-packages/pip/_internal/resolution/legacy/__pycache__) by extensions ['python_setup_py']
[0.929s] Level 1:colcon.colcon_core.package_identification:_identify(venv/lib/python3.10/site-packages/pip/_internal/resolution/legacy/__pycache__) by extension 'python_setup_py'
[0.929s] Level 1:colcon.colcon_core.package_identification:_identify(venv/lib/python3.10/site-packages/pip/_internal/resolution/resolvelib) by extensions ['ignore', 'ignore_ament_install']
[0.929s] Level 1:colcon.colcon_core.package_identification:_identify(venv/lib/python3.10/site-packages/pip/_internal/resolution/resolvelib) by extension 'ignore'
[0.929s] Level 1:colcon.colcon_core.package_identification:_identify(venv/lib/python3.10/site-packages/pip/_internal/resolution/resolvelib) by extension 'ignore_ament_install'
[0.929s] Level 1:colcon.colcon_core.package_identification:_identify(venv/lib/python3.10/site-packages/pip/_internal/resolution/resolvelib) by extensions ['colcon_pkg']
[0.929s] Level 1:colcon.colcon_core.package_identification:_identify(venv/lib/python3.10/site-packages/pip/_internal/resolution/resolvelib) by extension 'colcon_pkg'
[0.929s] Level 1:colcon.colcon_core.package_identification:_identify(venv/lib/python3.10/site-packages/pip/_internal/resolution/resolvelib) by extensions ['colcon_meta']
[0.929s] Level 1:colcon.colcon_core.package_identification:_identify(venv/lib/python3.10/site-packages/pip/_internal/resolution/resolvelib) by extension 'colcon_meta'
[0.929s] Level 1:colcon.colcon_core.package_identification:_identify(venv/lib/python3.10/site-packages/pip/_internal/resolution/resolvelib) by extensions ['ros']
[0.929s] Level 1:colcon.colcon_core.package_identification:_identify(venv/lib/python3.10/site-packages/pip/_internal/resolution/resolvelib) by extension 'ros'
[0.929s] Level 1:colcon.colcon_core.package_identification:_identify(venv/lib/python3.10/site-packages/pip/_internal/resolution/resolvelib) by extensions ['cmake', 'python']
[0.929s] Level 1:colcon.colcon_core.package_identification:_identify(venv/lib/python3.10/site-packages/pip/_internal/resolution/resolvelib) by extension 'cmake'
[0.929s] Level 1:colcon.colcon_core.package_identification:_identify(venv/lib/python3.10/site-packages/pip/_internal/resolution/resolvelib) by extension 'python'
[0.929s] Level 1:colcon.colcon_core.package_identification:_identify(venv/lib/python3.10/site-packages/pip/_internal/resolution/resolvelib) by extensions ['python_setup_py']
[0.929s] Level 1:colcon.colcon_core.package_identification:_identify(venv/lib/python3.10/site-packages/pip/_internal/resolution/resolvelib) by extension 'python_setup_py'
[0.930s] Level 1:colcon.colcon_core.package_identification:_identify(venv/lib/python3.10/site-packages/pip/_internal/resolution/resolvelib/__pycache__) by extensions ['ignore', 'ignore_ament_install']
[0.930s] Level 1:colcon.colcon_core.package_identification:_identify(venv/lib/python3.10/site-packages/pip/_internal/resolution/resolvelib/__pycache__) by extension 'ignore'
[0.930s] Level 1:colcon.colcon_core.package_identification:_identify(venv/lib/python3.10/site-packages/pip/_internal/resolution/resolvelib/__pycache__) by extension 'ignore_ament_install'
[0.930s] Level 1:colcon.colcon_core.package_identification:_identify(venv/lib/python3.10/site-packages/pip/_internal/resolution/resolvelib/__pycache__) by extensions ['colcon_pkg']
[0.930s] Level 1:colcon.colcon_core.package_identification:_identify(venv/lib/python3.10/site-packages/pip/_internal/resolution/resolvelib/__pycache__) by extension 'colcon_pkg'
[0.930s] Level 1:colcon.colcon_core.package_identification:_identify(venv/lib/python3.10/site-packages/pip/_internal/resolution/resolvelib/__pycache__) by extensions ['colcon_meta']
[0.930s] Level 1:colcon.colcon_core.package_identification:_identify(venv/lib/python3.10/site-packages/pip/_internal/resolution/resolvelib/__pycache__) by extension 'colcon_meta'
[0.930s] Level 1:colcon.colcon_core.package_identification:_identify(venv/lib/python3.10/site-packages/pip/_internal/resolution/resolvelib/__pycache__) by extensions ['ros']
[0.930s] Level 1:colcon.colcon_core.package_identification:_identify(venv/lib/python3.10/site-packages/pip/_internal/resolution/resolvelib/__pycache__) by extension 'ros'
[0.930s] Level 1:colcon.colcon_core.package_identification:_identify(venv/lib/python3.10/site-packages/pip/_internal/resolution/resolvelib/__pycache__) by extensions ['cmake', 'python']
[0.930s] Level 1:colcon.colcon_core.package_identification:_identify(venv/lib/python3.10/site-packages/pip/_internal/resolution/resolvelib/__pycache__) by extension 'cmake'
[0.930s] Level 1:colcon.colcon_core.package_identification:_identify(venv/lib/python3.10/site-packages/pip/_internal/resolution/resolvelib/__pycache__) by extension 'python'
[0.930s] Level 1:colcon.colcon_core.package_identification:_identify(venv/lib/python3.10/site-packages/pip/_internal/resolution/resolvelib/__pycache__) by extensions ['python_setup_py']
[0.930s] Level 1:colcon.colcon_core.package_identification:_identify(venv/lib/python3.10/site-packages/pip/_internal/resolution/resolvelib/__pycache__) by extension 'python_setup_py'
[0.930s] Level 1:colcon.colcon_core.package_identification:_identify(venv/lib/python3.10/site-packages/pip/_internal/utils) by extensions ['ignore', 'ignore_ament_install']
[0.930s] Level 1:colcon.colcon_core.package_identification:_identify(venv/lib/python3.10/site-packages/pip/_internal/utils) by extension 'ignore'
[0.930s] Level 1:colcon.colcon_core.package_identification:_identify(venv/lib/python3.10/site-packages/pip/_internal/utils) by extension 'ignore_ament_install'
[0.930s] Level 1:colcon.colcon_core.package_identification:_identify(venv/lib/python3.10/site-packages/pip/_internal/utils) by extensions ['colcon_pkg']
[0.930s] Level 1:colcon.colcon_core.package_identification:_identify(venv/lib/python3.10/site-packages/pip/_internal/utils) by extension 'colcon_pkg'
[0.930s] Level 1:colcon.colcon_core.package_identification:_identify(venv/lib/python3.10/site-packages/pip/_internal/utils) by extensions ['colcon_meta']
[0.930s] Level 1:colcon.colcon_core.package_identification:_identify(venv/lib/python3.10/site-packages/pip/_internal/utils) by extension 'colcon_meta'
[0.930s] Level 1:colcon.colcon_core.package_identification:_identify(venv/lib/python3.10/site-packages/pip/_internal/utils) by extensions ['ros']
[0.930s] Level 1:colcon.colcon_core.package_identification:_identify(venv/lib/python3.10/site-packages/pip/_internal/utils) by extension 'ros'
[0.930s] Level 1:colcon.colcon_core.package_identification:_identify(venv/lib/python3.10/site-packages/pip/_internal/utils) by extensions ['cmake', 'python']
[0.930s] Level 1:colcon.colcon_core.package_identification:_identify(venv/lib/python3.10/site-packages/pip/_internal/utils) by extension 'cmake'
[0.930s] Level 1:colcon.colcon_core.package_identification:_identify(venv/lib/python3.10/site-packages/pip/_internal/utils) by extension 'python'
[0.930s] Level 1:colcon.colcon_core.package_identification:_identify(venv/lib/python3.10/site-packages/pip/_internal/utils) by extensions ['python_setup_py']
[0.930s] Level 1:colcon.colcon_core.package_identification:_identify(venv/lib/python3.10/site-packages/pip/_internal/utils) by extension 'python_setup_py'
[0.930s] Level 1:colcon.colcon_core.package_identification:_identify(venv/lib/python3.10/site-packages/pip/_internal/utils/__pycache__) by extensions ['ignore', 'ignore_ament_install']
[0.930s] Level 1:colcon.colcon_core.package_identification:_identify(venv/lib/python3.10/site-packages/pip/_internal/utils/__pycache__) by extension 'ignore'
[0.930s] Level 1:colcon.colcon_core.package_identification:_identify(venv/lib/python3.10/site-packages/pip/_internal/utils/__pycache__) by extension 'ignore_ament_install'
[0.930s] Level 1:colcon.colcon_core.package_identification:_identify(venv/lib/python3.10/site-packages/pip/_internal/utils/__pycache__) by extensions ['colcon_pkg']
[0.930s] Level 1:colcon.colcon_core.package_identification:_identify(venv/lib/python3.10/site-packages/pip/_internal/utils/__pycache__) by extension 'colcon_pkg'
[0.930s] Level 1:colcon.colcon_core.package_identification:_identify(venv/lib/python3.10/site-packages/pip/_internal/utils/__pycache__) by extensions ['colcon_meta']
[0.931s] Level 1:colcon.colcon_core.package_identification:_identify(venv/lib/python3.10/site-packages/pip/_internal/utils/__pycache__) by extension 'colcon_meta'
[0.931s] Level 1:colcon.colcon_core.package_identification:_identify(venv/lib/python3.10/site-packages/pip/_internal/utils/__pycache__) by extensions ['ros']
[0.931s] Level 1:colcon.colcon_core.package_identification:_identify(venv/lib/python3.10/site-packages/pip/_internal/utils/__pycache__) by extension 'ros'
[0.931s] Level 1:colcon.colcon_core.package_identification:_identify(venv/lib/python3.10/site-packages/pip/_internal/utils/__pycache__) by extensions ['cmake', 'python']
[0.931s] Level 1:colcon.colcon_core.package_identification:_identify(venv/lib/python3.10/site-packages/pip/_internal/utils/__pycache__) by extension 'cmake'
[0.931s] Level 1:colcon.colcon_core.package_identification:_identify(venv/lib/python3.10/site-packages/pip/_internal/utils/__pycache__) by extension 'python'
[0.931s] Level 1:colcon.colcon_core.package_identification:_identify(venv/lib/python3.10/site-packages/pip/_internal/utils/__pycache__) by extensions ['python_setup_py']
[0.931s] Level 1:colcon.colcon_core.package_identification:_identify(venv/lib/python3.10/site-packages/pip/_internal/utils/__pycache__) by extension 'python_setup_py'
[0.931s] Level 1:colcon.colcon_core.package_identification:_identify(venv/lib/python3.10/site-packages/pip/_internal/vcs) by extensions ['ignore', 'ignore_ament_install']
[0.931s] Level 1:colcon.colcon_core.package_identification:_identify(venv/lib/python3.10/site-packages/pip/_internal/vcs) by extension 'ignore'
[0.931s] Level 1:colcon.colcon_core.package_identification:_identify(venv/lib/python3.10/site-packages/pip/_internal/vcs) by extension 'ignore_ament_install'
[0.931s] Level 1:colcon.colcon_core.package_identification:_identify(venv/lib/python3.10/site-packages/pip/_internal/vcs) by extensions ['colcon_pkg']
[0.931s] Level 1:colcon.colcon_core.package_identification:_identify(venv/lib/python3.10/site-packages/pip/_internal/vcs) by extension 'colcon_pkg'
[0.931s] Level 1:colcon.colcon_core.package_identification:_identify(venv/lib/python3.10/site-packages/pip/_internal/vcs) by extensions ['colcon_meta']
[0.931s] Level 1:colcon.colcon_core.package_identification:_identify(venv/lib/python3.10/site-packages/pip/_internal/vcs) by extension 'colcon_meta'
[0.931s] Level 1:colcon.colcon_core.package_identification:_identify(venv/lib/python3.10/site-packages/pip/_internal/vcs) by extensions ['ros']
[0.931s] Level 1:colcon.colcon_core.package_identification:_identify(venv/lib/python3.10/site-packages/pip/_internal/vcs) by extension 'ros'
[0.931s] Level 1:colcon.colcon_core.package_identification:_identify(venv/lib/python3.10/site-packages/pip/_internal/vcs) by extensions ['cmake', 'python']
[0.931s] Level 1:colcon.colcon_core.package_identification:_identify(venv/lib/python3.10/site-packages/pip/_internal/vcs) by extension 'cmake'
[0.931s] Level 1:colcon.colcon_core.package_identification:_identify(venv/lib/python3.10/site-packages/pip/_internal/vcs) by extension 'python'
[0.931s] Level 1:colcon.colcon_core.package_identification:_identify(venv/lib/python3.10/site-packages/pip/_internal/vcs) by extensions ['python_setup_py']
[0.931s] Level 1:colcon.colcon_core.package_identification:_identify(venv/lib/python3.10/site-packages/pip/_internal/vcs) by extension 'python_setup_py'
[0.931s] Level 1:colcon.colcon_core.package_identification:_identify(venv/lib/python3.10/site-packages/pip/_internal/vcs/__pycache__) by extensions ['ignore', 'ignore_ament_install']
[0.931s] Level 1:colcon.colcon_core.package_identification:_identify(venv/lib/python3.10/site-packages/pip/_internal/vcs/__pycache__) by extension 'ignore'
[0.931s] Level 1:colcon.colcon_core.package_identification:_identify(venv/lib/python3.10/site-packages/pip/_internal/vcs/__pycache__) by extension 'ignore_ament_install'
[0.931s] Level 1:colcon.colcon_core.package_identification:_identify(venv/lib/python3.10/site-packages/pip/_internal/vcs/__pycache__) by extensions ['colcon_pkg']
[0.931s] Level 1:colcon.colcon_core.package_identification:_identify(venv/lib/python3.10/site-packages/pip/_internal/vcs/__pycache__) by extension 'colcon_pkg'
[0.931s] Level 1:colcon.colcon_core.package_identification:_identify(venv/lib/python3.10/site-packages/pip/_internal/vcs/__pycache__) by extensions ['colcon_meta']
[0.931s] Level 1:colcon.colcon_core.package_identification:_identify(venv/lib/python3.10/site-packages/pip/_internal/vcs/__pycache__) by extension 'colcon_meta'
[0.931s] Level 1:colcon.colcon_core.package_identification:_identify(venv/lib/python3.10/site-packages/pip/_internal/vcs/__pycache__) by extensions ['ros']
[0.931s] Level 1:colcon.colcon_core.package_identification:_identify(venv/lib/python3.10/site-packages/pip/_internal/vcs/__pycache__) by extension 'ros'
[0.931s] Level 1:colcon.colcon_core.package_identification:_identify(venv/lib/python3.10/site-packages/pip/_internal/vcs/__pycache__) by extensions ['cmake', 'python']
[0.931s] Level 1:colcon.colcon_core.package_identification:_identify(venv/lib/python3.10/site-packages/pip/_internal/vcs/__pycache__) by extension 'cmake'
[0.931s] Level 1:colcon.colcon_core.package_identification:_identify(venv/lib/python3.10/site-packages/pip/_internal/vcs/__pycache__) by extension 'python'
[0.931s] Level 1:colcon.colcon_core.package_identification:_identify(venv/lib/python3.10/site-packages/pip/_internal/vcs/__pycache__) by extensions ['python_setup_py']
[0.931s] Level 1:colcon.colcon_core.package_identification:_identify(venv/lib/python3.10/site-packages/pip/_internal/vcs/__pycache__) by extension 'python_setup_py'
[0.932s] Level 1:colcon.colcon_core.package_identification:_identify(venv/lib/python3.10/site-packages/pip/_vendor) by extensions ['ignore', 'ignore_ament_install']
[0.932s] Level 1:colcon.colcon_core.package_identification:_identify(venv/lib/python3.10/site-packages/pip/_vendor) by extension 'ignore'
[0.932s] Level 1:colcon.colcon_core.package_identification:_identify(venv/lib/python3.10/site-packages/pip/_vendor) by extension 'ignore_ament_install'
[0.932s] Level 1:colcon.colcon_core.package_identification:_identify(venv/lib/python3.10/site-packages/pip/_vendor) by extensions ['colcon_pkg']
[0.932s] Level 1:colcon.colcon_core.package_identification:_identify(venv/lib/python3.10/site-packages/pip/_vendor) by extension 'colcon_pkg'
[0.932s] Level 1:colcon.colcon_core.package_identification:_identify(venv/lib/python3.10/site-packages/pip/_vendor) by extensions ['colcon_meta']
[0.932s] Level 1:colcon.colcon_core.package_identification:_identify(venv/lib/python3.10/site-packages/pip/_vendor) by extension 'colcon_meta'
[0.932s] Level 1:colcon.colcon_core.package_identification:_identify(venv/lib/python3.10/site-packages/pip/_vendor) by extensions ['ros']
[0.932s] Level 1:colcon.colcon_core.package_identification:_identify(venv/lib/python3.10/site-packages/pip/_vendor) by extension 'ros'
[0.932s] Level 1:colcon.colcon_core.package_identification:_identify(venv/lib/python3.10/site-packages/pip/_vendor) by extensions ['cmake', 'python']
[0.932s] Level 1:colcon.colcon_core.package_identification:_identify(venv/lib/python3.10/site-packages/pip/_vendor) by extension 'cmake'
[0.932s] Level 1:colcon.colcon_core.package_identification:_identify(venv/lib/python3.10/site-packages/pip/_vendor) by extension 'python'
[0.932s] Level 1:colcon.colcon_core.package_identification:_identify(venv/lib/python3.10/site-packages/pip/_vendor) by extensions ['python_setup_py']
[0.932s] Level 1:colcon.colcon_core.package_identification:_identify(venv/lib/python3.10/site-packages/pip/_vendor) by extension 'python_setup_py'
[0.932s] Level 1:colcon.colcon_core.package_identification:_identify(venv/lib/python3.10/site-packages/pip/_vendor/__pycache__) by extensions ['ignore', 'ignore_ament_install']
[0.932s] Level 1:colcon.colcon_core.package_identification:_identify(venv/lib/python3.10/site-packages/pip/_vendor/__pycache__) by extension 'ignore'
[0.932s] Level 1:colcon.colcon_core.package_identification:_identify(venv/lib/python3.10/site-packages/pip/_vendor/__pycache__) by extension 'ignore_ament_install'
[0.932s] Level 1:colcon.colcon_core.package_identification:_identify(venv/lib/python3.10/site-packages/pip/_vendor/__pycache__) by extensions ['colcon_pkg']
[0.932s] Level 1:colcon.colcon_core.package_identification:_identify(venv/lib/python3.10/site-packages/pip/_vendor/__pycache__) by extension 'colcon_pkg'
[0.932s] Level 1:colcon.colcon_core.package_identification:_identify(venv/lib/python3.10/site-packages/pip/_vendor/__pycache__) by extensions ['colcon_meta']
[0.932s] Level 1:colcon.colcon_core.package_identification:_identify(venv/lib/python3.10/site-packages/pip/_vendor/__pycache__) by extension 'colcon_meta'
[0.932s] Level 1:colcon.colcon_core.package_identification:_identify(venv/lib/python3.10/site-packages/pip/_vendor/__pycache__) by extensions ['ros']
[0.932s] Level 1:colcon.colcon_core.package_identification:_identify(venv/lib/python3.10/site-packages/pip/_vendor/__pycache__) by extension 'ros'
[0.932s] Level 1:colcon.colcon_core.package_identification:_identify(venv/lib/python3.10/site-packages/pip/_vendor/__pycache__) by extensions ['cmake', 'python']
[0.932s] Level 1:colcon.colcon_core.package_identification:_identify(venv/lib/python3.10/site-packages/pip/_vendor/__pycache__) by extension 'cmake'
[0.932s] Level 1:colcon.colcon_core.package_identification:_identify(venv/lib/python3.10/site-packages/pip/_vendor/__pycache__) by extension 'python'
[0.932s] Level 1:colcon.colcon_core.package_identification:_identify(venv/lib/python3.10/site-packages/pip/_vendor/__pycache__) by extensions ['python_setup_py']
[0.932s] Level 1:colcon.colcon_core.package_identification:_identify(venv/lib/python3.10/site-packages/pip/_vendor/__pycache__) by extension 'python_setup_py'
[0.932s] Level 1:colcon.colcon_core.package_identification:_identify(venv/lib/python3.10/site-packages/pip/_vendor/cachecontrol) by extensions ['ignore', 'ignore_ament_install']
[0.932s] Level 1:colcon.colcon_core.package_identification:_identify(venv/lib/python3.10/site-packages/pip/_vendor/cachecontrol) by extension 'ignore'
[0.932s] Level 1:colcon.colcon_core.package_identification:_identify(venv/lib/python3.10/site-packages/pip/_vendor/cachecontrol) by extension 'ignore_ament_install'
[0.932s] Level 1:colcon.colcon_core.package_identification:_identify(venv/lib/python3.10/site-packages/pip/_vendor/cachecontrol) by extensions ['colcon_pkg']
[0.932s] Level 1:colcon.colcon_core.package_identification:_identify(venv/lib/python3.10/site-packages/pip/_vendor/cachecontrol) by extension 'colcon_pkg'
[0.933s] Level 1:colcon.colcon_core.package_identification:_identify(venv/lib/python3.10/site-packages/pip/_vendor/cachecontrol) by extensions ['colcon_meta']
[0.933s] Level 1:colcon.colcon_core.package_identification:_identify(venv/lib/python3.10/site-packages/pip/_vendor/cachecontrol) by extension 'colcon_meta'
[0.933s] Level 1:colcon.colcon_core.package_identification:_identify(venv/lib/python3.10/site-packages/pip/_vendor/cachecontrol) by extensions ['ros']
[0.933s] Level 1:colcon.colcon_core.package_identification:_identify(venv/lib/python3.10/site-packages/pip/_vendor/cachecontrol) by extension 'ros'
[0.933s] Level 1:colcon.colcon_core.package_identification:_identify(venv/lib/python3.10/site-packages/pip/_vendor/cachecontrol) by extensions ['cmake', 'python']
[0.933s] Level 1:colcon.colcon_core.package_identification:_identify(venv/lib/python3.10/site-packages/pip/_vendor/cachecontrol) by extension 'cmake'
[0.933s] Level 1:colcon.colcon_core.package_identification:_identify(venv/lib/python3.10/site-packages/pip/_vendor/cachecontrol) by extension 'python'
[0.933s] Level 1:colcon.colcon_core.package_identification:_identify(venv/lib/python3.10/site-packages/pip/_vendor/cachecontrol) by extensions ['python_setup_py']
[0.933s] Level 1:colcon.colcon_core.package_identification:_identify(venv/lib/python3.10/site-packages/pip/_vendor/cachecontrol) by extension 'python_setup_py'
[0.933s] Level 1:colcon.colcon_core.package_identification:_identify(venv/lib/python3.10/site-packages/pip/_vendor/cachecontrol/__pycache__) by extensions ['ignore', 'ignore_ament_install']
[0.933s] Level 1:colcon.colcon_core.package_identification:_identify(venv/lib/python3.10/site-packages/pip/_vendor/cachecontrol/__pycache__) by extension 'ignore'
[0.933s] Level 1:colcon.colcon_core.package_identification:_identify(venv/lib/python3.10/site-packages/pip/_vendor/cachecontrol/__pycache__) by extension 'ignore_ament_install'
[0.933s] Level 1:colcon.colcon_core.package_identification:_identify(venv/lib/python3.10/site-packages/pip/_vendor/cachecontrol/__pycache__) by extensions ['colcon_pkg']
[0.933s] Level 1:colcon.colcon_core.package_identification:_identify(venv/lib/python3.10/site-packages/pip/_vendor/cachecontrol/__pycache__) by extension 'colcon_pkg'
[0.933s] Level 1:colcon.colcon_core.package_identification:_identify(venv/lib/python3.10/site-packages/pip/_vendor/cachecontrol/__pycache__) by extensions ['colcon_meta']
[0.933s] Level 1:colcon.colcon_core.package_identification:_identify(venv/lib/python3.10/site-packages/pip/_vendor/cachecontrol/__pycache__) by extension 'colcon_meta'
[0.933s] Level 1:colcon.colcon_core.package_identification:_identify(venv/lib/python3.10/site-packages/pip/_vendor/cachecontrol/__pycache__) by extensions ['ros']
[0.933s] Level 1:colcon.colcon_core.package_identification:_identify(venv/lib/python3.10/site-packages/pip/_vendor/cachecontrol/__pycache__) by extension 'ros'
[0.933s] Level 1:colcon.colcon_core.package_identification:_identify(venv/lib/python3.10/site-packages/pip/_vendor/cachecontrol/__pycache__) by extensions ['cmake', 'python']
[0.933s] Level 1:colcon.colcon_core.package_identification:_identify(venv/lib/python3.10/site-packages/pip/_vendor/cachecontrol/__pycache__) by extension 'cmake'
[0.933s] Level 1:colcon.colcon_core.package_identification:_identify(venv/lib/python3.10/site-packages/pip/_vendor/cachecontrol/__pycache__) by extension 'python'
[0.933s] Level 1:colcon.colcon_core.package_identification:_identify(venv/lib/python3.10/site-packages/pip/_vendor/cachecontrol/__pycache__) by extensions ['python_setup_py']
[0.933s] Level 1:colcon.colcon_core.package_identification:_identify(venv/lib/python3.10/site-packages/pip/_vendor/cachecontrol/__pycache__) by extension 'python_setup_py'
[0.933s] Level 1:colcon.colcon_core.package_identification:_identify(venv/lib/python3.10/site-packages/pip/_vendor/cachecontrol/caches) by extensions ['ignore', 'ignore_ament_install']
[0.933s] Level 1:colcon.colcon_core.package_identification:_identify(venv/lib/python3.10/site-packages/pip/_vendor/cachecontrol/caches) by extension 'ignore'
[0.933s] Level 1:colcon.colcon_core.package_identification:_identify(venv/lib/python3.10/site-packages/pip/_vendor/cachecontrol/caches) by extension 'ignore_ament_install'
[0.933s] Level 1:colcon.colcon_core.package_identification:_identify(venv/lib/python3.10/site-packages/pip/_vendor/cachecontrol/caches) by extensions ['colcon_pkg']
[0.933s] Level 1:colcon.colcon_core.package_identification:_identify(venv/lib/python3.10/site-packages/pip/_vendor/cachecontrol/caches) by extension 'colcon_pkg'
[0.933s] Level 1:colcon.colcon_core.package_identification:_identify(venv/lib/python3.10/site-packages/pip/_vendor/cachecontrol/caches) by extensions ['colcon_meta']
[0.933s] Level 1:colcon.colcon_core.package_identification:_identify(venv/lib/python3.10/site-packages/pip/_vendor/cachecontrol/caches) by extension 'colcon_meta'
[0.933s] Level 1:colcon.colcon_core.package_identification:_identify(venv/lib/python3.10/site-packages/pip/_vendor/cachecontrol/caches) by extensions ['ros']
[0.933s] Level 1:colcon.colcon_core.package_identification:_identify(venv/lib/python3.10/site-packages/pip/_vendor/cachecontrol/caches) by extension 'ros'
[0.933s] Level 1:colcon.colcon_core.package_identification:_identify(venv/lib/python3.10/site-packages/pip/_vendor/cachecontrol/caches) by extensions ['cmake', 'python']
[0.933s] Level 1:colcon.colcon_core.package_identification:_identify(venv/lib/python3.10/site-packages/pip/_vendor/cachecontrol/caches) by extension 'cmake'
[0.933s] Level 1:colcon.colcon_core.package_identification:_identify(venv/lib/python3.10/site-packages/pip/_vendor/cachecontrol/caches) by extension 'python'
[0.933s] Level 1:colcon.colcon_core.package_identification:_identify(venv/lib/python3.10/site-packages/pip/_vendor/cachecontrol/caches) by extensions ['python_setup_py']
[0.933s] Level 1:colcon.colcon_core.package_identification:_identify(venv/lib/python3.10/site-packages/pip/_vendor/cachecontrol/caches) by extension 'python_setup_py'
[0.934s] Level 1:colcon.colcon_core.package_identification:_identify(venv/lib/python3.10/site-packages/pip/_vendor/cachecontrol/caches/__pycache__) by extensions ['ignore', 'ignore_ament_install']
[0.934s] Level 1:colcon.colcon_core.package_identification:_identify(venv/lib/python3.10/site-packages/pip/_vendor/cachecontrol/caches/__pycache__) by extension 'ignore'
[0.934s] Level 1:colcon.colcon_core.package_identification:_identify(venv/lib/python3.10/site-packages/pip/_vendor/cachecontrol/caches/__pycache__) by extension 'ignore_ament_install'
[0.934s] Level 1:colcon.colcon_core.package_identification:_identify(venv/lib/python3.10/site-packages/pip/_vendor/cachecontrol/caches/__pycache__) by extensions ['colcon_pkg']
[0.934s] Level 1:colcon.colcon_core.package_identification:_identify(venv/lib/python3.10/site-packages/pip/_vendor/cachecontrol/caches/__pycache__) by extension 'colcon_pkg'
[0.934s] Level 1:colcon.colcon_core.package_identification:_identify(venv/lib/python3.10/site-packages/pip/_vendor/cachecontrol/caches/__pycache__) by extensions ['colcon_meta']
[0.934s] Level 1:colcon.colcon_core.package_identification:_identify(venv/lib/python3.10/site-packages/pip/_vendor/cachecontrol/caches/__pycache__) by extension 'colcon_meta'
[0.934s] Level 1:colcon.colcon_core.package_identification:_identify(venv/lib/python3.10/site-packages/pip/_vendor/cachecontrol/caches/__pycache__) by extensions ['ros']
[0.934s] Level 1:colcon.colcon_core.package_identification:_identify(venv/lib/python3.10/site-packages/pip/_vendor/cachecontrol/caches/__pycache__) by extension 'ros'
[0.934s] Level 1:colcon.colcon_core.package_identification:_identify(venv/lib/python3.10/site-packages/pip/_vendor/cachecontrol/caches/__pycache__) by extensions ['cmake', 'python']
[0.934s] Level 1:colcon.colcon_core.package_identification:_identify(venv/lib/python3.10/site-packages/pip/_vendor/cachecontrol/caches/__pycache__) by extension 'cmake'
[0.934s] Level 1:colcon.colcon_core.package_identification:_identify(venv/lib/python3.10/site-packages/pip/_vendor/cachecontrol/caches/__pycache__) by extension 'python'
[0.934s] Level 1:colcon.colcon_core.package_identification:_identify(venv/lib/python3.10/site-packages/pip/_vendor/cachecontrol/caches/__pycache__) by extensions ['python_setup_py']
[0.934s] Level 1:colcon.colcon_core.package_identification:_identify(venv/lib/python3.10/site-packages/pip/_vendor/cachecontrol/caches/__pycache__) by extension 'python_setup_py'
[0.934s] Level 1:colcon.colcon_core.package_identification:_identify(venv/lib/python3.10/site-packages/pip/_vendor/certifi) by extensions ['ignore', 'ignore_ament_install']
[0.934s] Level 1:colcon.colcon_core.package_identification:_identify(venv/lib/python3.10/site-packages/pip/_vendor/certifi) by extension 'ignore'
[0.934s] Level 1:colcon.colcon_core.package_identification:_identify(venv/lib/python3.10/site-packages/pip/_vendor/certifi) by extension 'ignore_ament_install'
[0.934s] Level 1:colcon.colcon_core.package_identification:_identify(venv/lib/python3.10/site-packages/pip/_vendor/certifi) by extensions ['colcon_pkg']
[0.934s] Level 1:colcon.colcon_core.package_identification:_identify(venv/lib/python3.10/site-packages/pip/_vendor/certifi) by extension 'colcon_pkg'
[0.934s] Level 1:colcon.colcon_core.package_identification:_identify(venv/lib/python3.10/site-packages/pip/_vendor/certifi) by extensions ['colcon_meta']
[0.934s] Level 1:colcon.colcon_core.package_identification:_identify(venv/lib/python3.10/site-packages/pip/_vendor/certifi) by extension 'colcon_meta'
[0.934s] Level 1:colcon.colcon_core.package_identification:_identify(venv/lib/python3.10/site-packages/pip/_vendor/certifi) by extensions ['ros']
[0.934s] Level 1:colcon.colcon_core.package_identification:_identify(venv/lib/python3.10/site-packages/pip/_vendor/certifi) by extension 'ros'
[0.934s] Level 1:colcon.colcon_core.package_identification:_identify(venv/lib/python3.10/site-packages/pip/_vendor/certifi) by extensions ['cmake', 'python']
[0.934s] Level 1:colcon.colcon_core.package_identification:_identify(venv/lib/python3.10/site-packages/pip/_vendor/certifi) by extension 'cmake'
[0.934s] Level 1:colcon.colcon_core.package_identification:_identify(venv/lib/python3.10/site-packages/pip/_vendor/certifi) by extension 'python'
[0.934s] Level 1:colcon.colcon_core.package_identification:_identify(venv/lib/python3.10/site-packages/pip/_vendor/certifi) by extensions ['python_setup_py']
[0.934s] Level 1:colcon.colcon_core.package_identification:_identify(venv/lib/python3.10/site-packages/pip/_vendor/certifi) by extension 'python_setup_py'
[0.934s] Level 1:colcon.colcon_core.package_identification:_identify(venv/lib/python3.10/site-packages/pip/_vendor/certifi/__pycache__) by extensions ['ignore', 'ignore_ament_install']
[0.934s] Level 1:colcon.colcon_core.package_identification:_identify(venv/lib/python3.10/site-packages/pip/_vendor/certifi/__pycache__) by extension 'ignore'
[0.934s] Level 1:colcon.colcon_core.package_identification:_identify(venv/lib/python3.10/site-packages/pip/_vendor/certifi/__pycache__) by extension 'ignore_ament_install'
[0.934s] Level 1:colcon.colcon_core.package_identification:_identify(venv/lib/python3.10/site-packages/pip/_vendor/certifi/__pycache__) by extensions ['colcon_pkg']
[0.934s] Level 1:colcon.colcon_core.package_identification:_identify(venv/lib/python3.10/site-packages/pip/_vendor/certifi/__pycache__) by extension 'colcon_pkg'
[0.934s] Level 1:colcon.colcon_core.package_identification:_identify(venv/lib/python3.10/site-packages/pip/_vendor/certifi/__pycache__) by extensions ['colcon_meta']
[0.935s] Level 1:colcon.colcon_core.package_identification:_identify(venv/lib/python3.10/site-packages/pip/_vendor/certifi/__pycache__) by extension 'colcon_meta'
[0.935s] Level 1:colcon.colcon_core.package_identification:_identify(venv/lib/python3.10/site-packages/pip/_vendor/certifi/__pycache__) by extensions ['ros']
[0.935s] Level 1:colcon.colcon_core.package_identification:_identify(venv/lib/python3.10/site-packages/pip/_vendor/certifi/__pycache__) by extension 'ros'
[0.935s] Level 1:colcon.colcon_core.package_identification:_identify(venv/lib/python3.10/site-packages/pip/_vendor/certifi/__pycache__) by extensions ['cmake', 'python']
[0.935s] Level 1:colcon.colcon_core.package_identification:_identify(venv/lib/python3.10/site-packages/pip/_vendor/certifi/__pycache__) by extension 'cmake'
[0.935s] Level 1:colcon.colcon_core.package_identification:_identify(venv/lib/python3.10/site-packages/pip/_vendor/certifi/__pycache__) by extension 'python'
[0.935s] Level 1:colcon.colcon_core.package_identification:_identify(venv/lib/python3.10/site-packages/pip/_vendor/certifi/__pycache__) by extensions ['python_setup_py']
[0.935s] Level 1:colcon.colcon_core.package_identification:_identify(venv/lib/python3.10/site-packages/pip/_vendor/certifi/__pycache__) by extension 'python_setup_py'
[0.935s] Level 1:colcon.colcon_core.package_identification:_identify(venv/lib/python3.10/site-packages/pip/_vendor/chardet) by extensions ['ignore', 'ignore_ament_install']
[0.935s] Level 1:colcon.colcon_core.package_identification:_identify(venv/lib/python3.10/site-packages/pip/_vendor/chardet) by extension 'ignore'
[0.935s] Level 1:colcon.colcon_core.package_identification:_identify(venv/lib/python3.10/site-packages/pip/_vendor/chardet) by extension 'ignore_ament_install'
[0.935s] Level 1:colcon.colcon_core.package_identification:_identify(venv/lib/python3.10/site-packages/pip/_vendor/chardet) by extensions ['colcon_pkg']
[0.935s] Level 1:colcon.colcon_core.package_identification:_identify(venv/lib/python3.10/site-packages/pip/_vendor/chardet) by extension 'colcon_pkg'
[0.935s] Level 1:colcon.colcon_core.package_identification:_identify(venv/lib/python3.10/site-packages/pip/_vendor/chardet) by extensions ['colcon_meta']
[0.935s] Level 1:colcon.colcon_core.package_identification:_identify(venv/lib/python3.10/site-packages/pip/_vendor/chardet) by extension 'colcon_meta'
[0.935s] Level 1:colcon.colcon_core.package_identification:_identify(venv/lib/python3.10/site-packages/pip/_vendor/chardet) by extensions ['ros']
[0.935s] Level 1:colcon.colcon_core.package_identification:_identify(venv/lib/python3.10/site-packages/pip/_vendor/chardet) by extension 'ros'
[0.935s] Level 1:colcon.colcon_core.package_identification:_identify(venv/lib/python3.10/site-packages/pip/_vendor/chardet) by extensions ['cmake', 'python']
[0.935s] Level 1:colcon.colcon_core.package_identification:_identify(venv/lib/python3.10/site-packages/pip/_vendor/chardet) by extension 'cmake'
[0.935s] Level 1:colcon.colcon_core.package_identification:_identify(venv/lib/python3.10/site-packages/pip/_vendor/chardet) by extension 'python'
[0.935s] Level 1:colcon.colcon_core.package_identification:_identify(venv/lib/python3.10/site-packages/pip/_vendor/chardet) by extensions ['python_setup_py']
[0.935s] Level 1:colcon.colcon_core.package_identification:_identify(venv/lib/python3.10/site-packages/pip/_vendor/chardet) by extension 'python_setup_py'
[0.935s] Level 1:colcon.colcon_core.package_identification:_identify(venv/lib/python3.10/site-packages/pip/_vendor/chardet/__pycache__) by extensions ['ignore', 'ignore_ament_install']
[0.935s] Level 1:colcon.colcon_core.package_identification:_identify(venv/lib/python3.10/site-packages/pip/_vendor/chardet/__pycache__) by extension 'ignore'
[0.935s] Level 1:colcon.colcon_core.package_identification:_identify(venv/lib/python3.10/site-packages/pip/_vendor/chardet/__pycache__) by extension 'ignore_ament_install'
[0.935s] Level 1:colcon.colcon_core.package_identification:_identify(venv/lib/python3.10/site-packages/pip/_vendor/chardet/__pycache__) by extensions ['colcon_pkg']
[0.935s] Level 1:colcon.colcon_core.package_identification:_identify(venv/lib/python3.10/site-packages/pip/_vendor/chardet/__pycache__) by extension 'colcon_pkg'
[0.935s] Level 1:colcon.colcon_core.package_identification:_identify(venv/lib/python3.10/site-packages/pip/_vendor/chardet/__pycache__) by extensions ['colcon_meta']
[0.935s] Level 1:colcon.colcon_core.package_identification:_identify(venv/lib/python3.10/site-packages/pip/_vendor/chardet/__pycache__) by extension 'colcon_meta'
[0.935s] Level 1:colcon.colcon_core.package_identification:_identify(venv/lib/python3.10/site-packages/pip/_vendor/chardet/__pycache__) by extensions ['ros']
[0.935s] Level 1:colcon.colcon_core.package_identification:_identify(venv/lib/python3.10/site-packages/pip/_vendor/chardet/__pycache__) by extension 'ros'
[0.935s] Level 1:colcon.colcon_core.package_identification:_identify(venv/lib/python3.10/site-packages/pip/_vendor/chardet/__pycache__) by extensions ['cmake', 'python']
[0.935s] Level 1:colcon.colcon_core.package_identification:_identify(venv/lib/python3.10/site-packages/pip/_vendor/chardet/__pycache__) by extension 'cmake'
[0.935s] Level 1:colcon.colcon_core.package_identification:_identify(venv/lib/python3.10/site-packages/pip/_vendor/chardet/__pycache__) by extension 'python'
[0.936s] Level 1:colcon.colcon_core.package_identification:_identify(venv/lib/python3.10/site-packages/pip/_vendor/chardet/__pycache__) by extensions ['python_setup_py']
[0.936s] Level 1:colcon.colcon_core.package_identification:_identify(venv/lib/python3.10/site-packages/pip/_vendor/chardet/__pycache__) by extension 'python_setup_py'
[0.936s] Level 1:colcon.colcon_core.package_identification:_identify(venv/lib/python3.10/site-packages/pip/_vendor/chardet/cli) by extensions ['ignore', 'ignore_ament_install']
[0.936s] Level 1:colcon.colcon_core.package_identification:_identify(venv/lib/python3.10/site-packages/pip/_vendor/chardet/cli) by extension 'ignore'
[0.936s] Level 1:colcon.colcon_core.package_identification:_identify(venv/lib/python3.10/site-packages/pip/_vendor/chardet/cli) by extension 'ignore_ament_install'
[0.936s] Level 1:colcon.colcon_core.package_identification:_identify(venv/lib/python3.10/site-packages/pip/_vendor/chardet/cli) by extensions ['colcon_pkg']
[0.936s] Level 1:colcon.colcon_core.package_identification:_identify(venv/lib/python3.10/site-packages/pip/_vendor/chardet/cli) by extension 'colcon_pkg'
[0.936s] Level 1:colcon.colcon_core.package_identification:_identify(venv/lib/python3.10/site-packages/pip/_vendor/chardet/cli) by extensions ['colcon_meta']
[0.936s] Level 1:colcon.colcon_core.package_identification:_identify(venv/lib/python3.10/site-packages/pip/_vendor/chardet/cli) by extension 'colcon_meta'
[0.936s] Level 1:colcon.colcon_core.package_identification:_identify(venv/lib/python3.10/site-packages/pip/_vendor/chardet/cli) by extensions ['ros']
[0.936s] Level 1:colcon.colcon_core.package_identification:_identify(venv/lib/python3.10/site-packages/pip/_vendor/chardet/cli) by extension 'ros'
[0.936s] Level 1:colcon.colcon_core.package_identification:_identify(venv/lib/python3.10/site-packages/pip/_vendor/chardet/cli) by extensions ['cmake', 'python']
[0.936s] Level 1:colcon.colcon_core.package_identification:_identify(venv/lib/python3.10/site-packages/pip/_vendor/chardet/cli) by extension 'cmake'
[0.936s] Level 1:colcon.colcon_core.package_identification:_identify(venv/lib/python3.10/site-packages/pip/_vendor/chardet/cli) by extension 'python'
[0.936s] Level 1:colcon.colcon_core.package_identification:_identify(venv/lib/python3.10/site-packages/pip/_vendor/chardet/cli) by extensions ['python_setup_py']
[0.936s] Level 1:colcon.colcon_core.package_identification:_identify(venv/lib/python3.10/site-packages/pip/_vendor/chardet/cli) by extension 'python_setup_py'
[0.936s] Level 1:colcon.colcon_core.package_identification:_identify(venv/lib/python3.10/site-packages/pip/_vendor/chardet/cli/__pycache__) by extensions ['ignore', 'ignore_ament_install']
[0.936s] Level 1:colcon.colcon_core.package_identification:_identify(venv/lib/python3.10/site-packages/pip/_vendor/chardet/cli/__pycache__) by extension 'ignore'
[0.936s] Level 1:colcon.colcon_core.package_identification:_identify(venv/lib/python3.10/site-packages/pip/_vendor/chardet/cli/__pycache__) by extension 'ignore_ament_install'
[0.936s] Level 1:colcon.colcon_core.package_identification:_identify(venv/lib/python3.10/site-packages/pip/_vendor/chardet/cli/__pycache__) by extensions ['colcon_pkg']
[0.936s] Level 1:colcon.colcon_core.package_identification:_identify(venv/lib/python3.10/site-packages/pip/_vendor/chardet/cli/__pycache__) by extension 'colcon_pkg'
[0.936s] Level 1:colcon.colcon_core.package_identification:_identify(venv/lib/python3.10/site-packages/pip/_vendor/chardet/cli/__pycache__) by extensions ['colcon_meta']
[0.936s] Level 1:colcon.colcon_core.package_identification:_identify(venv/lib/python3.10/site-packages/pip/_vendor/chardet/cli/__pycache__) by extension 'colcon_meta'
[0.936s] Level 1:colcon.colcon_core.package_identification:_identify(venv/lib/python3.10/site-packages/pip/_vendor/chardet/cli/__pycache__) by extensions ['ros']
[0.936s] Level 1:colcon.colcon_core.package_identification:_identify(venv/lib/python3.10/site-packages/pip/_vendor/chardet/cli/__pycache__) by extension 'ros'
[0.936s] Level 1:colcon.colcon_core.package_identification:_identify(venv/lib/python3.10/site-packages/pip/_vendor/chardet/cli/__pycache__) by extensions ['cmake', 'python']
[0.936s] Level 1:colcon.colcon_core.package_identification:_identify(venv/lib/python3.10/site-packages/pip/_vendor/chardet/cli/__pycache__) by extension 'cmake'
[0.936s] Level 1:colcon.colcon_core.package_identification:_identify(venv/lib/python3.10/site-packages/pip/_vendor/chardet/cli/__pycache__) by extension 'python'
[0.936s] Level 1:colcon.colcon_core.package_identification:_identify(venv/lib/python3.10/site-packages/pip/_vendor/chardet/cli/__pycache__) by extensions ['python_setup_py']
[0.936s] Level 1:colcon.colcon_core.package_identification:_identify(venv/lib/python3.10/site-packages/pip/_vendor/chardet/cli/__pycache__) by extension 'python_setup_py'
[0.936s] Level 1:colcon.colcon_core.package_identification:_identify(venv/lib/python3.10/site-packages/pip/_vendor/chardet/metadata) by extensions ['ignore', 'ignore_ament_install']
[0.936s] Level 1:colcon.colcon_core.package_identification:_identify(venv/lib/python3.10/site-packages/pip/_vendor/chardet/metadata) by extension 'ignore'
[0.936s] Level 1:colcon.colcon_core.package_identification:_identify(venv/lib/python3.10/site-packages/pip/_vendor/chardet/metadata) by extension 'ignore_ament_install'
[0.936s] Level 1:colcon.colcon_core.package_identification:_identify(venv/lib/python3.10/site-packages/pip/_vendor/chardet/metadata) by extensions ['colcon_pkg']
[0.936s] Level 1:colcon.colcon_core.package_identification:_identify(venv/lib/python3.10/site-packages/pip/_vendor/chardet/metadata) by extension 'colcon_pkg'
[0.937s] Level 1:colcon.colcon_core.package_identification:_identify(venv/lib/python3.10/site-packages/pip/_vendor/chardet/metadata) by extensions ['colcon_meta']
[0.937s] Level 1:colcon.colcon_core.package_identification:_identify(venv/lib/python3.10/site-packages/pip/_vendor/chardet/metadata) by extension 'colcon_meta'
[0.937s] Level 1:colcon.colcon_core.package_identification:_identify(venv/lib/python3.10/site-packages/pip/_vendor/chardet/metadata) by extensions ['ros']
[0.937s] Level 1:colcon.colcon_core.package_identification:_identify(venv/lib/python3.10/site-packages/pip/_vendor/chardet/metadata) by extension 'ros'
[0.937s] Level 1:colcon.colcon_core.package_identification:_identify(venv/lib/python3.10/site-packages/pip/_vendor/chardet/metadata) by extensions ['cmake', 'python']
[0.937s] Level 1:colcon.colcon_core.package_identification:_identify(venv/lib/python3.10/site-packages/pip/_vendor/chardet/metadata) by extension 'cmake'
[0.937s] Level 1:colcon.colcon_core.package_identification:_identify(venv/lib/python3.10/site-packages/pip/_vendor/chardet/metadata) by extension 'python'
[0.937s] Level 1:colcon.colcon_core.package_identification:_identify(venv/lib/python3.10/site-packages/pip/_vendor/chardet/metadata) by extensions ['python_setup_py']
[0.937s] Level 1:colcon.colcon_core.package_identification:_identify(venv/lib/python3.10/site-packages/pip/_vendor/chardet/metadata) by extension 'python_setup_py'
[0.937s] Level 1:colcon.colcon_core.package_identification:_identify(venv/lib/python3.10/site-packages/pip/_vendor/chardet/metadata/__pycache__) by extensions ['ignore', 'ignore_ament_install']
[0.937s] Level 1:colcon.colcon_core.package_identification:_identify(venv/lib/python3.10/site-packages/pip/_vendor/chardet/metadata/__pycache__) by extension 'ignore'
[0.937s] Level 1:colcon.colcon_core.package_identification:_identify(venv/lib/python3.10/site-packages/pip/_vendor/chardet/metadata/__pycache__) by extension 'ignore_ament_install'
[0.937s] Level 1:colcon.colcon_core.package_identification:_identify(venv/lib/python3.10/site-packages/pip/_vendor/chardet/metadata/__pycache__) by extensions ['colcon_pkg']
[0.937s] Level 1:colcon.colcon_core.package_identification:_identify(venv/lib/python3.10/site-packages/pip/_vendor/chardet/metadata/__pycache__) by extension 'colcon_pkg'
[0.937s] Level 1:colcon.colcon_core.package_identification:_identify(venv/lib/python3.10/site-packages/pip/_vendor/chardet/metadata/__pycache__) by extensions ['colcon_meta']
[0.937s] Level 1:colcon.colcon_core.package_identification:_identify(venv/lib/python3.10/site-packages/pip/_vendor/chardet/metadata/__pycache__) by extension 'colcon_meta'
[0.937s] Level 1:colcon.colcon_core.package_identification:_identify(venv/lib/python3.10/site-packages/pip/_vendor/chardet/metadata/__pycache__) by extensions ['ros']
[0.937s] Level 1:colcon.colcon_core.package_identification:_identify(venv/lib/python3.10/site-packages/pip/_vendor/chardet/metadata/__pycache__) by extension 'ros'
[0.937s] Level 1:colcon.colcon_core.package_identification:_identify(venv/lib/python3.10/site-packages/pip/_vendor/chardet/metadata/__pycache__) by extensions ['cmake', 'python']
[0.937s] Level 1:colcon.colcon_core.package_identification:_identify(venv/lib/python3.10/site-packages/pip/_vendor/chardet/metadata/__pycache__) by extension 'cmake'
[0.937s] Level 1:colcon.colcon_core.package_identification:_identify(venv/lib/python3.10/site-packages/pip/_vendor/chardet/metadata/__pycache__) by extension 'python'
[0.937s] Level 1:colcon.colcon_core.package_identification:_identify(venv/lib/python3.10/site-packages/pip/_vendor/chardet/metadata/__pycache__) by extensions ['python_setup_py']
[0.937s] Level 1:colcon.colcon_core.package_identification:_identify(venv/lib/python3.10/site-packages/pip/_vendor/chardet/metadata/__pycache__) by extension 'python_setup_py'
[0.937s] Level 1:colcon.colcon_core.package_identification:_identify(venv/lib/python3.10/site-packages/pip/_vendor/colorama) by extensions ['ignore', 'ignore_ament_install']
[0.937s] Level 1:colcon.colcon_core.package_identification:_identify(venv/lib/python3.10/site-packages/pip/_vendor/colorama) by extension 'ignore'
[0.937s] Level 1:colcon.colcon_core.package_identification:_identify(venv/lib/python3.10/site-packages/pip/_vendor/colorama) by extension 'ignore_ament_install'
[0.937s] Level 1:colcon.colcon_core.package_identification:_identify(venv/lib/python3.10/site-packages/pip/_vendor/colorama) by extensions ['colcon_pkg']
[0.937s] Level 1:colcon.colcon_core.package_identification:_identify(venv/lib/python3.10/site-packages/pip/_vendor/colorama) by extension 'colcon_pkg'
[0.937s] Level 1:colcon.colcon_core.package_identification:_identify(venv/lib/python3.10/site-packages/pip/_vendor/colorama) by extensions ['colcon_meta']
[0.937s] Level 1:colcon.colcon_core.package_identification:_identify(venv/lib/python3.10/site-packages/pip/_vendor/colorama) by extension 'colcon_meta'
[0.937s] Level 1:colcon.colcon_core.package_identification:_identify(venv/lib/python3.10/site-packages/pip/_vendor/colorama) by extensions ['ros']
[0.937s] Level 1:colcon.colcon_core.package_identification:_identify(venv/lib/python3.10/site-packages/pip/_vendor/colorama) by extension 'ros'
[0.937s] Level 1:colcon.colcon_core.package_identification:_identify(venv/lib/python3.10/site-packages/pip/_vendor/colorama) by extensions ['cmake', 'python']
[0.937s] Level 1:colcon.colcon_core.package_identification:_identify(venv/lib/python3.10/site-packages/pip/_vendor/colorama) by extension 'cmake'
[0.937s] Level 1:colcon.colcon_core.package_identification:_identify(venv/lib/python3.10/site-packages/pip/_vendor/colorama) by extension 'python'
[0.937s] Level 1:colcon.colcon_core.package_identification:_identify(venv/lib/python3.10/site-packages/pip/_vendor/colorama) by extensions ['python_setup_py']
[0.938s] Level 1:colcon.colcon_core.package_identification:_identify(venv/lib/python3.10/site-packages/pip/_vendor/colorama) by extension 'python_setup_py'
[0.938s] Level 1:colcon.colcon_core.package_identification:_identify(venv/lib/python3.10/site-packages/pip/_vendor/colorama/__pycache__) by extensions ['ignore', 'ignore_ament_install']
[0.938s] Level 1:colcon.colcon_core.package_identification:_identify(venv/lib/python3.10/site-packages/pip/_vendor/colorama/__pycache__) by extension 'ignore'
[0.938s] Level 1:colcon.colcon_core.package_identification:_identify(venv/lib/python3.10/site-packages/pip/_vendor/colorama/__pycache__) by extension 'ignore_ament_install'
[0.938s] Level 1:colcon.colcon_core.package_identification:_identify(venv/lib/python3.10/site-packages/pip/_vendor/colorama/__pycache__) by extensions ['colcon_pkg']
[0.938s] Level 1:colcon.colcon_core.package_identification:_identify(venv/lib/python3.10/site-packages/pip/_vendor/colorama/__pycache__) by extension 'colcon_pkg'
[0.938s] Level 1:colcon.colcon_core.package_identification:_identify(venv/lib/python3.10/site-packages/pip/_vendor/colorama/__pycache__) by extensions ['colcon_meta']
[0.938s] Level 1:colcon.colcon_core.package_identification:_identify(venv/lib/python3.10/site-packages/pip/_vendor/colorama/__pycache__) by extension 'colcon_meta'
[0.938s] Level 1:colcon.colcon_core.package_identification:_identify(venv/lib/python3.10/site-packages/pip/_vendor/colorama/__pycache__) by extensions ['ros']
[0.938s] Level 1:colcon.colcon_core.package_identification:_identify(venv/lib/python3.10/site-packages/pip/_vendor/colorama/__pycache__) by extension 'ros'
[0.938s] Level 1:colcon.colcon_core.package_identification:_identify(venv/lib/python3.10/site-packages/pip/_vendor/colorama/__pycache__) by extensions ['cmake', 'python']
[0.938s] Level 1:colcon.colcon_core.package_identification:_identify(venv/lib/python3.10/site-packages/pip/_vendor/colorama/__pycache__) by extension 'cmake'
[0.938s] Level 1:colcon.colcon_core.package_identification:_identify(venv/lib/python3.10/site-packages/pip/_vendor/colorama/__pycache__) by extension 'python'
[0.938s] Level 1:colcon.colcon_core.package_identification:_identify(venv/lib/python3.10/site-packages/pip/_vendor/colorama/__pycache__) by extensions ['python_setup_py']
[0.938s] Level 1:colcon.colcon_core.package_identification:_identify(venv/lib/python3.10/site-packages/pip/_vendor/colorama/__pycache__) by extension 'python_setup_py'
[0.938s] Level 1:colcon.colcon_core.package_identification:_identify(venv/lib/python3.10/site-packages/pip/_vendor/distlib) by extensions ['ignore', 'ignore_ament_install']
[0.938s] Level 1:colcon.colcon_core.package_identification:_identify(venv/lib/python3.10/site-packages/pip/_vendor/distlib) by extension 'ignore'
[0.938s] Level 1:colcon.colcon_core.package_identification:_identify(venv/lib/python3.10/site-packages/pip/_vendor/distlib) by extension 'ignore_ament_install'
[0.938s] Level 1:colcon.colcon_core.package_identification:_identify(venv/lib/python3.10/site-packages/pip/_vendor/distlib) by extensions ['colcon_pkg']
[0.938s] Level 1:colcon.colcon_core.package_identification:_identify(venv/lib/python3.10/site-packages/pip/_vendor/distlib) by extension 'colcon_pkg'
[0.938s] Level 1:colcon.colcon_core.package_identification:_identify(venv/lib/python3.10/site-packages/pip/_vendor/distlib) by extensions ['colcon_meta']
[0.938s] Level 1:colcon.colcon_core.package_identification:_identify(venv/lib/python3.10/site-packages/pip/_vendor/distlib) by extension 'colcon_meta'
[0.938s] Level 1:colcon.colcon_core.package_identification:_identify(venv/lib/python3.10/site-packages/pip/_vendor/distlib) by extensions ['ros']
[0.938s] Level 1:colcon.colcon_core.package_identification:_identify(venv/lib/python3.10/site-packages/pip/_vendor/distlib) by extension 'ros'
[0.938s] Level 1:colcon.colcon_core.package_identification:_identify(venv/lib/python3.10/site-packages/pip/_vendor/distlib) by extensions ['cmake', 'python']
[0.938s] Level 1:colcon.colcon_core.package_identification:_identify(venv/lib/python3.10/site-packages/pip/_vendor/distlib) by extension 'cmake'
[0.938s] Level 1:colcon.colcon_core.package_identification:_identify(venv/lib/python3.10/site-packages/pip/_vendor/distlib) by extension 'python'
[0.938s] Level 1:colcon.colcon_core.package_identification:_identify(venv/lib/python3.10/site-packages/pip/_vendor/distlib) by extensions ['python_setup_py']
[0.938s] Level 1:colcon.colcon_core.package_identification:_identify(venv/lib/python3.10/site-packages/pip/_vendor/distlib) by extension 'python_setup_py'
[0.938s] Level 1:colcon.colcon_core.package_identification:_identify(venv/lib/python3.10/site-packages/pip/_vendor/distlib/__pycache__) by extensions ['ignore', 'ignore_ament_install']
[0.938s] Level 1:colcon.colcon_core.package_identification:_identify(venv/lib/python3.10/site-packages/pip/_vendor/distlib/__pycache__) by extension 'ignore'
[0.938s] Level 1:colcon.colcon_core.package_identification:_identify(venv/lib/python3.10/site-packages/pip/_vendor/distlib/__pycache__) by extension 'ignore_ament_install'
[0.938s] Level 1:colcon.colcon_core.package_identification:_identify(venv/lib/python3.10/site-packages/pip/_vendor/distlib/__pycache__) by extensions ['colcon_pkg']
[0.938s] Level 1:colcon.colcon_core.package_identification:_identify(venv/lib/python3.10/site-packages/pip/_vendor/distlib/__pycache__) by extension 'colcon_pkg'
[0.939s] Level 1:colcon.colcon_core.package_identification:_identify(venv/lib/python3.10/site-packages/pip/_vendor/distlib/__pycache__) by extensions ['colcon_meta']
[0.939s] Level 1:colcon.colcon_core.package_identification:_identify(venv/lib/python3.10/site-packages/pip/_vendor/distlib/__pycache__) by extension 'colcon_meta'
[0.939s] Level 1:colcon.colcon_core.package_identification:_identify(venv/lib/python3.10/site-packages/pip/_vendor/distlib/__pycache__) by extensions ['ros']
[0.939s] Level 1:colcon.colcon_core.package_identification:_identify(venv/lib/python3.10/site-packages/pip/_vendor/distlib/__pycache__) by extension 'ros'
[0.939s] Level 1:colcon.colcon_core.package_identification:_identify(venv/lib/python3.10/site-packages/pip/_vendor/distlib/__pycache__) by extensions ['cmake', 'python']
[0.939s] Level 1:colcon.colcon_core.package_identification:_identify(venv/lib/python3.10/site-packages/pip/_vendor/distlib/__pycache__) by extension 'cmake'
[0.939s] Level 1:colcon.colcon_core.package_identification:_identify(venv/lib/python3.10/site-packages/pip/_vendor/distlib/__pycache__) by extension 'python'
[0.939s] Level 1:colcon.colcon_core.package_identification:_identify(venv/lib/python3.10/site-packages/pip/_vendor/distlib/__pycache__) by extensions ['python_setup_py']
[0.939s] Level 1:colcon.colcon_core.package_identification:_identify(venv/lib/python3.10/site-packages/pip/_vendor/distlib/__pycache__) by extension 'python_setup_py'
[0.939s] Level 1:colcon.colcon_core.package_identification:_identify(venv/lib/python3.10/site-packages/pip/_vendor/html5lib) by extensions ['ignore', 'ignore_ament_install']
[0.939s] Level 1:colcon.colcon_core.package_identification:_identify(venv/lib/python3.10/site-packages/pip/_vendor/html5lib) by extension 'ignore'
[0.939s] Level 1:colcon.colcon_core.package_identification:_identify(venv/lib/python3.10/site-packages/pip/_vendor/html5lib) by extension 'ignore_ament_install'
[0.939s] Level 1:colcon.colcon_core.package_identification:_identify(venv/lib/python3.10/site-packages/pip/_vendor/html5lib) by extensions ['colcon_pkg']
[0.939s] Level 1:colcon.colcon_core.package_identification:_identify(venv/lib/python3.10/site-packages/pip/_vendor/html5lib) by extension 'colcon_pkg'
[0.939s] Level 1:colcon.colcon_core.package_identification:_identify(venv/lib/python3.10/site-packages/pip/_vendor/html5lib) by extensions ['colcon_meta']
[0.939s] Level 1:colcon.colcon_core.package_identification:_identify(venv/lib/python3.10/site-packages/pip/_vendor/html5lib) by extension 'colcon_meta'
[0.939s] Level 1:colcon.colcon_core.package_identification:_identify(venv/lib/python3.10/site-packages/pip/_vendor/html5lib) by extensions ['ros']
[0.939s] Level 1:colcon.colcon_core.package_identification:_identify(venv/lib/python3.10/site-packages/pip/_vendor/html5lib) by extension 'ros'
[0.939s] Level 1:colcon.colcon_core.package_identification:_identify(venv/lib/python3.10/site-packages/pip/_vendor/html5lib) by extensions ['cmake', 'python']
[0.939s] Level 1:colcon.colcon_core.package_identification:_identify(venv/lib/python3.10/site-packages/pip/_vendor/html5lib) by extension 'cmake'
[0.939s] Level 1:colcon.colcon_core.package_identification:_identify(venv/lib/python3.10/site-packages/pip/_vendor/html5lib) by extension 'python'
[0.939s] Level 1:colcon.colcon_core.package_identification:_identify(venv/lib/python3.10/site-packages/pip/_vendor/html5lib) by extensions ['python_setup_py']
[0.939s] Level 1:colcon.colcon_core.package_identification:_identify(venv/lib/python3.10/site-packages/pip/_vendor/html5lib) by extension 'python_setup_py'
[0.939s] Level 1:colcon.colcon_core.package_identification:_identify(venv/lib/python3.10/site-packages/pip/_vendor/html5lib/__pycache__) by extensions ['ignore', 'ignore_ament_install']
[0.939s] Level 1:colcon.colcon_core.package_identification:_identify(venv/lib/python3.10/site-packages/pip/_vendor/html5lib/__pycache__) by extension 'ignore'
[0.939s] Level 1:colcon.colcon_core.package_identification:_identify(venv/lib/python3.10/site-packages/pip/_vendor/html5lib/__pycache__) by extension 'ignore_ament_install'
[0.939s] Level 1:colcon.colcon_core.package_identification:_identify(venv/lib/python3.10/site-packages/pip/_vendor/html5lib/__pycache__) by extensions ['colcon_pkg']
[0.939s] Level 1:colcon.colcon_core.package_identification:_identify(venv/lib/python3.10/site-packages/pip/_vendor/html5lib/__pycache__) by extension 'colcon_pkg'
[0.939s] Level 1:colcon.colcon_core.package_identification:_identify(venv/lib/python3.10/site-packages/pip/_vendor/html5lib/__pycache__) by extensions ['colcon_meta']
[0.939s] Level 1:colcon.colcon_core.package_identification:_identify(venv/lib/python3.10/site-packages/pip/_vendor/html5lib/__pycache__) by extension 'colcon_meta'
[0.939s] Level 1:colcon.colcon_core.package_identification:_identify(venv/lib/python3.10/site-packages/pip/_vendor/html5lib/__pycache__) by extensions ['ros']
[0.939s] Level 1:colcon.colcon_core.package_identification:_identify(venv/lib/python3.10/site-packages/pip/_vendor/html5lib/__pycache__) by extension 'ros'
[0.939s] Level 1:colcon.colcon_core.package_identification:_identify(venv/lib/python3.10/site-packages/pip/_vendor/html5lib/__pycache__) by extensions ['cmake', 'python']
[0.939s] Level 1:colcon.colcon_core.package_identification:_identify(venv/lib/python3.10/site-packages/pip/_vendor/html5lib/__pycache__) by extension 'cmake'
[0.939s] Level 1:colcon.colcon_core.package_identification:_identify(venv/lib/python3.10/site-packages/pip/_vendor/html5lib/__pycache__) by extension 'python'
[0.939s] Level 1:colcon.colcon_core.package_identification:_identify(venv/lib/python3.10/site-packages/pip/_vendor/html5lib/__pycache__) by extensions ['python_setup_py']
[0.939s] Level 1:colcon.colcon_core.package_identification:_identify(venv/lib/python3.10/site-packages/pip/_vendor/html5lib/__pycache__) by extension 'python_setup_py'
[0.940s] Level 1:colcon.colcon_core.package_identification:_identify(venv/lib/python3.10/site-packages/pip/_vendor/html5lib/_trie) by extensions ['ignore', 'ignore_ament_install']
[0.940s] Level 1:colcon.colcon_core.package_identification:_identify(venv/lib/python3.10/site-packages/pip/_vendor/html5lib/_trie) by extension 'ignore'
[0.940s] Level 1:colcon.colcon_core.package_identification:_identify(venv/lib/python3.10/site-packages/pip/_vendor/html5lib/_trie) by extension 'ignore_ament_install'
[0.940s] Level 1:colcon.colcon_core.package_identification:_identify(venv/lib/python3.10/site-packages/pip/_vendor/html5lib/_trie) by extensions ['colcon_pkg']
[0.940s] Level 1:colcon.colcon_core.package_identification:_identify(venv/lib/python3.10/site-packages/pip/_vendor/html5lib/_trie) by extension 'colcon_pkg'
[0.940s] Level 1:colcon.colcon_core.package_identification:_identify(venv/lib/python3.10/site-packages/pip/_vendor/html5lib/_trie) by extensions ['colcon_meta']
[0.940s] Level 1:colcon.colcon_core.package_identification:_identify(venv/lib/python3.10/site-packages/pip/_vendor/html5lib/_trie) by extension 'colcon_meta'
[0.940s] Level 1:colcon.colcon_core.package_identification:_identify(venv/lib/python3.10/site-packages/pip/_vendor/html5lib/_trie) by extensions ['ros']
[0.940s] Level 1:colcon.colcon_core.package_identification:_identify(venv/lib/python3.10/site-packages/pip/_vendor/html5lib/_trie) by extension 'ros'
[0.940s] Level 1:colcon.colcon_core.package_identification:_identify(venv/lib/python3.10/site-packages/pip/_vendor/html5lib/_trie) by extensions ['cmake', 'python']
[0.940s] Level 1:colcon.colcon_core.package_identification:_identify(venv/lib/python3.10/site-packages/pip/_vendor/html5lib/_trie) by extension 'cmake'
[0.940s] Level 1:colcon.colcon_core.package_identification:_identify(venv/lib/python3.10/site-packages/pip/_vendor/html5lib/_trie) by extension 'python'
[0.940s] Level 1:colcon.colcon_core.package_identification:_identify(venv/lib/python3.10/site-packages/pip/_vendor/html5lib/_trie) by extensions ['python_setup_py']
[0.940s] Level 1:colcon.colcon_core.package_identification:_identify(venv/lib/python3.10/site-packages/pip/_vendor/html5lib/_trie) by extension 'python_setup_py'
[0.940s] Level 1:colcon.colcon_core.package_identification:_identify(venv/lib/python3.10/site-packages/pip/_vendor/html5lib/_trie/__pycache__) by extensions ['ignore', 'ignore_ament_install']
[0.940s] Level 1:colcon.colcon_core.package_identification:_identify(venv/lib/python3.10/site-packages/pip/_vendor/html5lib/_trie/__pycache__) by extension 'ignore'
[0.940s] Level 1:colcon.colcon_core.package_identification:_identify(venv/lib/python3.10/site-packages/pip/_vendor/html5lib/_trie/__pycache__) by extension 'ignore_ament_install'
[0.940s] Level 1:colcon.colcon_core.package_identification:_identify(venv/lib/python3.10/site-packages/pip/_vendor/html5lib/_trie/__pycache__) by extensions ['colcon_pkg']
[0.940s] Level 1:colcon.colcon_core.package_identification:_identify(venv/lib/python3.10/site-packages/pip/_vendor/html5lib/_trie/__pycache__) by extension 'colcon_pkg'
[0.940s] Level 1:colcon.colcon_core.package_identification:_identify(venv/lib/python3.10/site-packages/pip/_vendor/html5lib/_trie/__pycache__) by extensions ['colcon_meta']
[0.940s] Level 1:colcon.colcon_core.package_identification:_identify(venv/lib/python3.10/site-packages/pip/_vendor/html5lib/_trie/__pycache__) by extension 'colcon_meta'
[0.940s] Level 1:colcon.colcon_core.package_identification:_identify(venv/lib/python3.10/site-packages/pip/_vendor/html5lib/_trie/__pycache__) by extensions ['ros']
[0.940s] Level 1:colcon.colcon_core.package_identification:_identify(venv/lib/python3.10/site-packages/pip/_vendor/html5lib/_trie/__pycache__) by extension 'ros'
[0.940s] Level 1:colcon.colcon_core.package_identification:_identify(venv/lib/python3.10/site-packages/pip/_vendor/html5lib/_trie/__pycache__) by extensions ['cmake', 'python']
[0.940s] Level 1:colcon.colcon_core.package_identification:_identify(venv/lib/python3.10/site-packages/pip/_vendor/html5lib/_trie/__pycache__) by extension 'cmake'
[0.940s] Level 1:colcon.colcon_core.package_identification:_identify(venv/lib/python3.10/site-packages/pip/_vendor/html5lib/_trie/__pycache__) by extension 'python'
[0.940s] Level 1:colcon.colcon_core.package_identification:_identify(venv/lib/python3.10/site-packages/pip/_vendor/html5lib/_trie/__pycache__) by extensions ['python_setup_py']
[0.940s] Level 1:colcon.colcon_core.package_identification:_identify(venv/lib/python3.10/site-packages/pip/_vendor/html5lib/_trie/__pycache__) by extension 'python_setup_py'
[0.940s] Level 1:colcon.colcon_core.package_identification:_identify(venv/lib/python3.10/site-packages/pip/_vendor/html5lib/filters) by extensions ['ignore', 'ignore_ament_install']
[0.940s] Level 1:colcon.colcon_core.package_identification:_identify(venv/lib/python3.10/site-packages/pip/_vendor/html5lib/filters) by extension 'ignore'
[0.940s] Level 1:colcon.colcon_core.package_identification:_identify(venv/lib/python3.10/site-packages/pip/_vendor/html5lib/filters) by extension 'ignore_ament_install'
[0.940s] Level 1:colcon.colcon_core.package_identification:_identify(venv/lib/python3.10/site-packages/pip/_vendor/html5lib/filters) by extensions ['colcon_pkg']
[0.940s] Level 1:colcon.colcon_core.package_identification:_identify(venv/lib/python3.10/site-packages/pip/_vendor/html5lib/filters) by extension 'colcon_pkg'
[0.940s] Level 1:colcon.colcon_core.package_identification:_identify(venv/lib/python3.10/site-packages/pip/_vendor/html5lib/filters) by extensions ['colcon_meta']
[0.941s] Level 1:colcon.colcon_core.package_identification:_identify(venv/lib/python3.10/site-packages/pip/_vendor/html5lib/filters) by extension 'colcon_meta'
[0.941s] Level 1:colcon.colcon_core.package_identification:_identify(venv/lib/python3.10/site-packages/pip/_vendor/html5lib/filters) by extensions ['ros']
[0.941s] Level 1:colcon.colcon_core.package_identification:_identify(venv/lib/python3.10/site-packages/pip/_vendor/html5lib/filters) by extension 'ros'
[0.941s] Level 1:colcon.colcon_core.package_identification:_identify(venv/lib/python3.10/site-packages/pip/_vendor/html5lib/filters) by extensions ['cmake', 'python']
[0.941s] Level 1:colcon.colcon_core.package_identification:_identify(venv/lib/python3.10/site-packages/pip/_vendor/html5lib/filters) by extension 'cmake'
[0.941s] Level 1:colcon.colcon_core.package_identification:_identify(venv/lib/python3.10/site-packages/pip/_vendor/html5lib/filters) by extension 'python'
[0.941s] Level 1:colcon.colcon_core.package_identification:_identify(venv/lib/python3.10/site-packages/pip/_vendor/html5lib/filters) by extensions ['python_setup_py']
[0.941s] Level 1:colcon.colcon_core.package_identification:_identify(venv/lib/python3.10/site-packages/pip/_vendor/html5lib/filters) by extension 'python_setup_py'
[0.941s] Level 1:colcon.colcon_core.package_identification:_identify(venv/lib/python3.10/site-packages/pip/_vendor/html5lib/filters/__pycache__) by extensions ['ignore', 'ignore_ament_install']
[0.941s] Level 1:colcon.colcon_core.package_identification:_identify(venv/lib/python3.10/site-packages/pip/_vendor/html5lib/filters/__pycache__) by extension 'ignore'
[0.941s] Level 1:colcon.colcon_core.package_identification:_identify(venv/lib/python3.10/site-packages/pip/_vendor/html5lib/filters/__pycache__) by extension 'ignore_ament_install'
[0.941s] Level 1:colcon.colcon_core.package_identification:_identify(venv/lib/python3.10/site-packages/pip/_vendor/html5lib/filters/__pycache__) by extensions ['colcon_pkg']
[0.941s] Level 1:colcon.colcon_core.package_identification:_identify(venv/lib/python3.10/site-packages/pip/_vendor/html5lib/filters/__pycache__) by extension 'colcon_pkg'
[0.941s] Level 1:colcon.colcon_core.package_identification:_identify(venv/lib/python3.10/site-packages/pip/_vendor/html5lib/filters/__pycache__) by extensions ['colcon_meta']
[0.941s] Level 1:colcon.colcon_core.package_identification:_identify(venv/lib/python3.10/site-packages/pip/_vendor/html5lib/filters/__pycache__) by extension 'colcon_meta'
[0.941s] Level 1:colcon.colcon_core.package_identification:_identify(venv/lib/python3.10/site-packages/pip/_vendor/html5lib/filters/__pycache__) by extensions ['ros']
[0.941s] Level 1:colcon.colcon_core.package_identification:_identify(venv/lib/python3.10/site-packages/pip/_vendor/html5lib/filters/__pycache__) by extension 'ros'
[0.941s] Level 1:colcon.colcon_core.package_identification:_identify(venv/lib/python3.10/site-packages/pip/_vendor/html5lib/filters/__pycache__) by extensions ['cmake', 'python']
[0.941s] Level 1:colcon.colcon_core.package_identification:_identify(venv/lib/python3.10/site-packages/pip/_vendor/html5lib/filters/__pycache__) by extension 'cmake'
[0.941s] Level 1:colcon.colcon_core.package_identification:_identify(venv/lib/python3.10/site-packages/pip/_vendor/html5lib/filters/__pycache__) by extension 'python'
[0.941s] Level 1:colcon.colcon_core.package_identification:_identify(venv/lib/python3.10/site-packages/pip/_vendor/html5lib/filters/__pycache__) by extensions ['python_setup_py']
[0.941s] Level 1:colcon.colcon_core.package_identification:_identify(venv/lib/python3.10/site-packages/pip/_vendor/html5lib/filters/__pycache__) by extension 'python_setup_py'
[0.941s] Level 1:colcon.colcon_core.package_identification:_identify(venv/lib/python3.10/site-packages/pip/_vendor/html5lib/treeadapters) by extensions ['ignore', 'ignore_ament_install']
[0.941s] Level 1:colcon.colcon_core.package_identification:_identify(venv/lib/python3.10/site-packages/pip/_vendor/html5lib/treeadapters) by extension 'ignore'
[0.941s] Level 1:colcon.colcon_core.package_identification:_identify(venv/lib/python3.10/site-packages/pip/_vendor/html5lib/treeadapters) by extension 'ignore_ament_install'
[0.941s] Level 1:colcon.colcon_core.package_identification:_identify(venv/lib/python3.10/site-packages/pip/_vendor/html5lib/treeadapters) by extensions ['colcon_pkg']
[0.941s] Level 1:colcon.colcon_core.package_identification:_identify(venv/lib/python3.10/site-packages/pip/_vendor/html5lib/treeadapters) by extension 'colcon_pkg'
[0.941s] Level 1:colcon.colcon_core.package_identification:_identify(venv/lib/python3.10/site-packages/pip/_vendor/html5lib/treeadapters) by extensions ['colcon_meta']
[0.941s] Level 1:colcon.colcon_core.package_identification:_identify(venv/lib/python3.10/site-packages/pip/_vendor/html5lib/treeadapters) by extension 'colcon_meta'
[0.941s] Level 1:colcon.colcon_core.package_identification:_identify(venv/lib/python3.10/site-packages/pip/_vendor/html5lib/treeadapters) by extensions ['ros']
[0.941s] Level 1:colcon.colcon_core.package_identification:_identify(venv/lib/python3.10/site-packages/pip/_vendor/html5lib/treeadapters) by extension 'ros'
[0.941s] Level 1:colcon.colcon_core.package_identification:_identify(venv/lib/python3.10/site-packages/pip/_vendor/html5lib/treeadapters) by extensions ['cmake', 'python']
[0.941s] Level 1:colcon.colcon_core.package_identification:_identify(venv/lib/python3.10/site-packages/pip/_vendor/html5lib/treeadapters) by extension 'cmake'
[0.941s] Level 1:colcon.colcon_core.package_identification:_identify(venv/lib/python3.10/site-packages/pip/_vendor/html5lib/treeadapters) by extension 'python'
[0.941s] Level 1:colcon.colcon_core.package_identification:_identify(venv/lib/python3.10/site-packages/pip/_vendor/html5lib/treeadapters) by extensions ['python_setup_py']
[0.941s] Level 1:colcon.colcon_core.package_identification:_identify(venv/lib/python3.10/site-packages/pip/_vendor/html5lib/treeadapters) by extension 'python_setup_py'
[0.942s] Level 1:colcon.colcon_core.package_identification:_identify(venv/lib/python3.10/site-packages/pip/_vendor/html5lib/treeadapters/__pycache__) by extensions ['ignore', 'ignore_ament_install']
[0.942s] Level 1:colcon.colcon_core.package_identification:_identify(venv/lib/python3.10/site-packages/pip/_vendor/html5lib/treeadapters/__pycache__) by extension 'ignore'
[0.942s] Level 1:colcon.colcon_core.package_identification:_identify(venv/lib/python3.10/site-packages/pip/_vendor/html5lib/treeadapters/__pycache__) by extension 'ignore_ament_install'
[0.942s] Level 1:colcon.colcon_core.package_identification:_identify(venv/lib/python3.10/site-packages/pip/_vendor/html5lib/treeadapters/__pycache__) by extensions ['colcon_pkg']
[0.942s] Level 1:colcon.colcon_core.package_identification:_identify(venv/lib/python3.10/site-packages/pip/_vendor/html5lib/treeadapters/__pycache__) by extension 'colcon_pkg'
[0.942s] Level 1:colcon.colcon_core.package_identification:_identify(venv/lib/python3.10/site-packages/pip/_vendor/html5lib/treeadapters/__pycache__) by extensions ['colcon_meta']
[0.942s] Level 1:colcon.colcon_core.package_identification:_identify(venv/lib/python3.10/site-packages/pip/_vendor/html5lib/treeadapters/__pycache__) by extension 'colcon_meta'
[0.942s] Level 1:colcon.colcon_core.package_identification:_identify(venv/lib/python3.10/site-packages/pip/_vendor/html5lib/treeadapters/__pycache__) by extensions ['ros']
[0.942s] Level 1:colcon.colcon_core.package_identification:_identify(venv/lib/python3.10/site-packages/pip/_vendor/html5lib/treeadapters/__pycache__) by extension 'ros'
[0.942s] Level 1:colcon.colcon_core.package_identification:_identify(venv/lib/python3.10/site-packages/pip/_vendor/html5lib/treeadapters/__pycache__) by extensions ['cmake', 'python']
[0.942s] Level 1:colcon.colcon_core.package_identification:_identify(venv/lib/python3.10/site-packages/pip/_vendor/html5lib/treeadapters/__pycache__) by extension 'cmake'
[0.942s] Level 1:colcon.colcon_core.package_identification:_identify(venv/lib/python3.10/site-packages/pip/_vendor/html5lib/treeadapters/__pycache__) by extension 'python'
[0.942s] Level 1:colcon.colcon_core.package_identification:_identify(venv/lib/python3.10/site-packages/pip/_vendor/html5lib/treeadapters/__pycache__) by extensions ['python_setup_py']
[0.942s] Level 1:colcon.colcon_core.package_identification:_identify(venv/lib/python3.10/site-packages/pip/_vendor/html5lib/treeadapters/__pycache__) by extension 'python_setup_py'
[0.942s] Level 1:colcon.colcon_core.package_identification:_identify(venv/lib/python3.10/site-packages/pip/_vendor/html5lib/treebuilders) by extensions ['ignore', 'ignore_ament_install']
[0.942s] Level 1:colcon.colcon_core.package_identification:_identify(venv/lib/python3.10/site-packages/pip/_vendor/html5lib/treebuilders) by extension 'ignore'
[0.942s] Level 1:colcon.colcon_core.package_identification:_identify(venv/lib/python3.10/site-packages/pip/_vendor/html5lib/treebuilders) by extension 'ignore_ament_install'
[0.942s] Level 1:colcon.colcon_core.package_identification:_identify(venv/lib/python3.10/site-packages/pip/_vendor/html5lib/treebuilders) by extensions ['colcon_pkg']
[0.942s] Level 1:colcon.colcon_core.package_identification:_identify(venv/lib/python3.10/site-packages/pip/_vendor/html5lib/treebuilders) by extension 'colcon_pkg'
[0.942s] Level 1:colcon.colcon_core.package_identification:_identify(venv/lib/python3.10/site-packages/pip/_vendor/html5lib/treebuilders) by extensions ['colcon_meta']
[0.942s] Level 1:colcon.colcon_core.package_identification:_identify(venv/lib/python3.10/site-packages/pip/_vendor/html5lib/treebuilders) by extension 'colcon_meta'
[0.942s] Level 1:colcon.colcon_core.package_identification:_identify(venv/lib/python3.10/site-packages/pip/_vendor/html5lib/treebuilders) by extensions ['ros']
[0.942s] Level 1:colcon.colcon_core.package_identification:_identify(venv/lib/python3.10/site-packages/pip/_vendor/html5lib/treebuilders) by extension 'ros'
[0.942s] Level 1:colcon.colcon_core.package_identification:_identify(venv/lib/python3.10/site-packages/pip/_vendor/html5lib/treebuilders) by extensions ['cmake', 'python']
[0.942s] Level 1:colcon.colcon_core.package_identification:_identify(venv/lib/python3.10/site-packages/pip/_vendor/html5lib/treebuilders) by extension 'cmake'
[0.942s] Level 1:colcon.colcon_core.package_identification:_identify(venv/lib/python3.10/site-packages/pip/_vendor/html5lib/treebuilders) by extension 'python'
[0.942s] Level 1:colcon.colcon_core.package_identification:_identify(venv/lib/python3.10/site-packages/pip/_vendor/html5lib/treebuilders) by extensions ['python_setup_py']
[0.942s] Level 1:colcon.colcon_core.package_identification:_identify(venv/lib/python3.10/site-packages/pip/_vendor/html5lib/treebuilders) by extension 'python_setup_py'
[0.942s] Level 1:colcon.colcon_core.package_identification:_identify(venv/lib/python3.10/site-packages/pip/_vendor/html5lib/treebuilders/__pycache__) by extensions ['ignore', 'ignore_ament_install']
[0.942s] Level 1:colcon.colcon_core.package_identification:_identify(venv/lib/python3.10/site-packages/pip/_vendor/html5lib/treebuilders/__pycache__) by extension 'ignore'
[0.942s] Level 1:colcon.colcon_core.package_identification:_identify(venv/lib/python3.10/site-packages/pip/_vendor/html5lib/treebuilders/__pycache__) by extension 'ignore_ament_install'
[0.942s] Level 1:colcon.colcon_core.package_identification:_identify(venv/lib/python3.10/site-packages/pip/_vendor/html5lib/treebuilders/__pycache__) by extensions ['colcon_pkg']
[0.942s] Level 1:colcon.colcon_core.package_identification:_identify(venv/lib/python3.10/site-packages/pip/_vendor/html5lib/treebuilders/__pycache__) by extension 'colcon_pkg'
[0.942s] Level 1:colcon.colcon_core.package_identification:_identify(venv/lib/python3.10/site-packages/pip/_vendor/html5lib/treebuilders/__pycache__) by extensions ['colcon_meta']
[0.942s] Level 1:colcon.colcon_core.package_identification:_identify(venv/lib/python3.10/site-packages/pip/_vendor/html5lib/treebuilders/__pycache__) by extension 'colcon_meta'
[0.943s] Level 1:colcon.colcon_core.package_identification:_identify(venv/lib/python3.10/site-packages/pip/_vendor/html5lib/treebuilders/__pycache__) by extensions ['ros']
[0.943s] Level 1:colcon.colcon_core.package_identification:_identify(venv/lib/python3.10/site-packages/pip/_vendor/html5lib/treebuilders/__pycache__) by extension 'ros'
[0.943s] Level 1:colcon.colcon_core.package_identification:_identify(venv/lib/python3.10/site-packages/pip/_vendor/html5lib/treebuilders/__pycache__) by extensions ['cmake', 'python']
[0.943s] Level 1:colcon.colcon_core.package_identification:_identify(venv/lib/python3.10/site-packages/pip/_vendor/html5lib/treebuilders/__pycache__) by extension 'cmake'
[0.943s] Level 1:colcon.colcon_core.package_identification:_identify(venv/lib/python3.10/site-packages/pip/_vendor/html5lib/treebuilders/__pycache__) by extension 'python'
[0.943s] Level 1:colcon.colcon_core.package_identification:_identify(venv/lib/python3.10/site-packages/pip/_vendor/html5lib/treebuilders/__pycache__) by extensions ['python_setup_py']
[0.943s] Level 1:colcon.colcon_core.package_identification:_identify(venv/lib/python3.10/site-packages/pip/_vendor/html5lib/treebuilders/__pycache__) by extension 'python_setup_py'
[0.943s] Level 1:colcon.colcon_core.package_identification:_identify(venv/lib/python3.10/site-packages/pip/_vendor/html5lib/treewalkers) by extensions ['ignore', 'ignore_ament_install']
[0.943s] Level 1:colcon.colcon_core.package_identification:_identify(venv/lib/python3.10/site-packages/pip/_vendor/html5lib/treewalkers) by extension 'ignore'
[0.943s] Level 1:colcon.colcon_core.package_identification:_identify(venv/lib/python3.10/site-packages/pip/_vendor/html5lib/treewalkers) by extension 'ignore_ament_install'
[0.943s] Level 1:colcon.colcon_core.package_identification:_identify(venv/lib/python3.10/site-packages/pip/_vendor/html5lib/treewalkers) by extensions ['colcon_pkg']
[0.943s] Level 1:colcon.colcon_core.package_identification:_identify(venv/lib/python3.10/site-packages/pip/_vendor/html5lib/treewalkers) by extension 'colcon_pkg'
[0.943s] Level 1:colcon.colcon_core.package_identification:_identify(venv/lib/python3.10/site-packages/pip/_vendor/html5lib/treewalkers) by extensions ['colcon_meta']
[0.943s] Level 1:colcon.colcon_core.package_identification:_identify(venv/lib/python3.10/site-packages/pip/_vendor/html5lib/treewalkers) by extension 'colcon_meta'
[0.943s] Level 1:colcon.colcon_core.package_identification:_identify(venv/lib/python3.10/site-packages/pip/_vendor/html5lib/treewalkers) by extensions ['ros']
[0.943s] Level 1:colcon.colcon_core.package_identification:_identify(venv/lib/python3.10/site-packages/pip/_vendor/html5lib/treewalkers) by extension 'ros'
[0.943s] Level 1:colcon.colcon_core.package_identification:_identify(venv/lib/python3.10/site-packages/pip/_vendor/html5lib/treewalkers) by extensions ['cmake', 'python']
[0.943s] Level 1:colcon.colcon_core.package_identification:_identify(venv/lib/python3.10/site-packages/pip/_vendor/html5lib/treewalkers) by extension 'cmake'
[0.943s] Level 1:colcon.colcon_core.package_identification:_identify(venv/lib/python3.10/site-packages/pip/_vendor/html5lib/treewalkers) by extension 'python'
[0.943s] Level 1:colcon.colcon_core.package_identification:_identify(venv/lib/python3.10/site-packages/pip/_vendor/html5lib/treewalkers) by extensions ['python_setup_py']
[0.943s] Level 1:colcon.colcon_core.package_identification:_identify(venv/lib/python3.10/site-packages/pip/_vendor/html5lib/treewalkers) by extension 'python_setup_py'
[0.943s] Level 1:colcon.colcon_core.package_identification:_identify(venv/lib/python3.10/site-packages/pip/_vendor/html5lib/treewalkers/__pycache__) by extensions ['ignore', 'ignore_ament_install']
[0.943s] Level 1:colcon.colcon_core.package_identification:_identify(venv/lib/python3.10/site-packages/pip/_vendor/html5lib/treewalkers/__pycache__) by extension 'ignore'
[0.943s] Level 1:colcon.colcon_core.package_identification:_identify(venv/lib/python3.10/site-packages/pip/_vendor/html5lib/treewalkers/__pycache__) by extension 'ignore_ament_install'
[0.943s] Level 1:colcon.colcon_core.package_identification:_identify(venv/lib/python3.10/site-packages/pip/_vendor/html5lib/treewalkers/__pycache__) by extensions ['colcon_pkg']
[0.943s] Level 1:colcon.colcon_core.package_identification:_identify(venv/lib/python3.10/site-packages/pip/_vendor/html5lib/treewalkers/__pycache__) by extension 'colcon_pkg'
[0.943s] Level 1:colcon.colcon_core.package_identification:_identify(venv/lib/python3.10/site-packages/pip/_vendor/html5lib/treewalkers/__pycache__) by extensions ['colcon_meta']
[0.943s] Level 1:colcon.colcon_core.package_identification:_identify(venv/lib/python3.10/site-packages/pip/_vendor/html5lib/treewalkers/__pycache__) by extension 'colcon_meta'
[0.943s] Level 1:colcon.colcon_core.package_identification:_identify(venv/lib/python3.10/site-packages/pip/_vendor/html5lib/treewalkers/__pycache__) by extensions ['ros']
[0.943s] Level 1:colcon.colcon_core.package_identification:_identify(venv/lib/python3.10/site-packages/pip/_vendor/html5lib/treewalkers/__pycache__) by extension 'ros'
[0.943s] Level 1:colcon.colcon_core.package_identification:_identify(venv/lib/python3.10/site-packages/pip/_vendor/html5lib/treewalkers/__pycache__) by extensions ['cmake', 'python']
[0.943s] Level 1:colcon.colcon_core.package_identification:_identify(venv/lib/python3.10/site-packages/pip/_vendor/html5lib/treewalkers/__pycache__) by extension 'cmake'
[0.943s] Level 1:colcon.colcon_core.package_identification:_identify(venv/lib/python3.10/site-packages/pip/_vendor/html5lib/treewalkers/__pycache__) by extension 'python'
[0.943s] Level 1:colcon.colcon_core.package_identification:_identify(venv/lib/python3.10/site-packages/pip/_vendor/html5lib/treewalkers/__pycache__) by extensions ['python_setup_py']
[0.943s] Level 1:colcon.colcon_core.package_identification:_identify(venv/lib/python3.10/site-packages/pip/_vendor/html5lib/treewalkers/__pycache__) by extension 'python_setup_py'
[0.944s] Level 1:colcon.colcon_core.package_identification:_identify(venv/lib/python3.10/site-packages/pip/_vendor/idna) by extensions ['ignore', 'ignore_ament_install']
[0.944s] Level 1:colcon.colcon_core.package_identification:_identify(venv/lib/python3.10/site-packages/pip/_vendor/idna) by extension 'ignore'
[0.944s] Level 1:colcon.colcon_core.package_identification:_identify(venv/lib/python3.10/site-packages/pip/_vendor/idna) by extension 'ignore_ament_install'
[0.944s] Level 1:colcon.colcon_core.package_identification:_identify(venv/lib/python3.10/site-packages/pip/_vendor/idna) by extensions ['colcon_pkg']
[0.944s] Level 1:colcon.colcon_core.package_identification:_identify(venv/lib/python3.10/site-packages/pip/_vendor/idna) by extension 'colcon_pkg'
[0.944s] Level 1:colcon.colcon_core.package_identification:_identify(venv/lib/python3.10/site-packages/pip/_vendor/idna) by extensions ['colcon_meta']
[0.944s] Level 1:colcon.colcon_core.package_identification:_identify(venv/lib/python3.10/site-packages/pip/_vendor/idna) by extension 'colcon_meta'
[0.944s] Level 1:colcon.colcon_core.package_identification:_identify(venv/lib/python3.10/site-packages/pip/_vendor/idna) by extensions ['ros']
[0.944s] Level 1:colcon.colcon_core.package_identification:_identify(venv/lib/python3.10/site-packages/pip/_vendor/idna) by extension 'ros'
[0.944s] Level 1:colcon.colcon_core.package_identification:_identify(venv/lib/python3.10/site-packages/pip/_vendor/idna) by extensions ['cmake', 'python']
[0.944s] Level 1:colcon.colcon_core.package_identification:_identify(venv/lib/python3.10/site-packages/pip/_vendor/idna) by extension 'cmake'
[0.944s] Level 1:colcon.colcon_core.package_identification:_identify(venv/lib/python3.10/site-packages/pip/_vendor/idna) by extension 'python'
[0.944s] Level 1:colcon.colcon_core.package_identification:_identify(venv/lib/python3.10/site-packages/pip/_vendor/idna) by extensions ['python_setup_py']
[0.944s] Level 1:colcon.colcon_core.package_identification:_identify(venv/lib/python3.10/site-packages/pip/_vendor/idna) by extension 'python_setup_py'
[0.944s] Level 1:colcon.colcon_core.package_identification:_identify(venv/lib/python3.10/site-packages/pip/_vendor/idna/__pycache__) by extensions ['ignore', 'ignore_ament_install']
[0.944s] Level 1:colcon.colcon_core.package_identification:_identify(venv/lib/python3.10/site-packages/pip/_vendor/idna/__pycache__) by extension 'ignore'
[0.944s] Level 1:colcon.colcon_core.package_identification:_identify(venv/lib/python3.10/site-packages/pip/_vendor/idna/__pycache__) by extension 'ignore_ament_install'
[0.944s] Level 1:colcon.colcon_core.package_identification:_identify(venv/lib/python3.10/site-packages/pip/_vendor/idna/__pycache__) by extensions ['colcon_pkg']
[0.944s] Level 1:colcon.colcon_core.package_identification:_identify(venv/lib/python3.10/site-packages/pip/_vendor/idna/__pycache__) by extension 'colcon_pkg'
[0.944s] Level 1:colcon.colcon_core.package_identification:_identify(venv/lib/python3.10/site-packages/pip/_vendor/idna/__pycache__) by extensions ['colcon_meta']
[0.944s] Level 1:colcon.colcon_core.package_identification:_identify(venv/lib/python3.10/site-packages/pip/_vendor/idna/__pycache__) by extension 'colcon_meta'
[0.944s] Level 1:colcon.colcon_core.package_identification:_identify(venv/lib/python3.10/site-packages/pip/_vendor/idna/__pycache__) by extensions ['ros']
[0.944s] Level 1:colcon.colcon_core.package_identification:_identify(venv/lib/python3.10/site-packages/pip/_vendor/idna/__pycache__) by extension 'ros'
[0.944s] Level 1:colcon.colcon_core.package_identification:_identify(venv/lib/python3.10/site-packages/pip/_vendor/idna/__pycache__) by extensions ['cmake', 'python']
[0.944s] Level 1:colcon.colcon_core.package_identification:_identify(venv/lib/python3.10/site-packages/pip/_vendor/idna/__pycache__) by extension 'cmake'
[0.944s] Level 1:colcon.colcon_core.package_identification:_identify(venv/lib/python3.10/site-packages/pip/_vendor/idna/__pycache__) by extension 'python'
[0.944s] Level 1:colcon.colcon_core.package_identification:_identify(venv/lib/python3.10/site-packages/pip/_vendor/idna/__pycache__) by extensions ['python_setup_py']
[0.944s] Level 1:colcon.colcon_core.package_identification:_identify(venv/lib/python3.10/site-packages/pip/_vendor/idna/__pycache__) by extension 'python_setup_py'
[0.944s] Level 1:colcon.colcon_core.package_identification:_identify(venv/lib/python3.10/site-packages/pip/_vendor/msgpack) by extensions ['ignore', 'ignore_ament_install']
[0.944s] Level 1:colcon.colcon_core.package_identification:_identify(venv/lib/python3.10/site-packages/pip/_vendor/msgpack) by extension 'ignore'
[0.944s] Level 1:colcon.colcon_core.package_identification:_identify(venv/lib/python3.10/site-packages/pip/_vendor/msgpack) by extension 'ignore_ament_install'
[0.944s] Level 1:colcon.colcon_core.package_identification:_identify(venv/lib/python3.10/site-packages/pip/_vendor/msgpack) by extensions ['colcon_pkg']
[0.944s] Level 1:colcon.colcon_core.package_identification:_identify(venv/lib/python3.10/site-packages/pip/_vendor/msgpack) by extension 'colcon_pkg'
[0.944s] Level 1:colcon.colcon_core.package_identification:_identify(venv/lib/python3.10/site-packages/pip/_vendor/msgpack) by extensions ['colcon_meta']
[0.944s] Level 1:colcon.colcon_core.package_identification:_identify(venv/lib/python3.10/site-packages/pip/_vendor/msgpack) by extension 'colcon_meta'
[0.944s] Level 1:colcon.colcon_core.package_identification:_identify(venv/lib/python3.10/site-packages/pip/_vendor/msgpack) by extensions ['ros']
[0.945s] Level 1:colcon.colcon_core.package_identification:_identify(venv/lib/python3.10/site-packages/pip/_vendor/msgpack) by extension 'ros'
[0.945s] Level 1:colcon.colcon_core.package_identification:_identify(venv/lib/python3.10/site-packages/pip/_vendor/msgpack) by extensions ['cmake', 'python']
[0.945s] Level 1:colcon.colcon_core.package_identification:_identify(venv/lib/python3.10/site-packages/pip/_vendor/msgpack) by extension 'cmake'
[0.945s] Level 1:colcon.colcon_core.package_identification:_identify(venv/lib/python3.10/site-packages/pip/_vendor/msgpack) by extension 'python'
[0.945s] Level 1:colcon.colcon_core.package_identification:_identify(venv/lib/python3.10/site-packages/pip/_vendor/msgpack) by extensions ['python_setup_py']
[0.945s] Level 1:colcon.colcon_core.package_identification:_identify(venv/lib/python3.10/site-packages/pip/_vendor/msgpack) by extension 'python_setup_py'
[0.945s] Level 1:colcon.colcon_core.package_identification:_identify(venv/lib/python3.10/site-packages/pip/_vendor/msgpack/__pycache__) by extensions ['ignore', 'ignore_ament_install']
[0.945s] Level 1:colcon.colcon_core.package_identification:_identify(venv/lib/python3.10/site-packages/pip/_vendor/msgpack/__pycache__) by extension 'ignore'
[0.945s] Level 1:colcon.colcon_core.package_identification:_identify(venv/lib/python3.10/site-packages/pip/_vendor/msgpack/__pycache__) by extension 'ignore_ament_install'
[0.945s] Level 1:colcon.colcon_core.package_identification:_identify(venv/lib/python3.10/site-packages/pip/_vendor/msgpack/__pycache__) by extensions ['colcon_pkg']
[0.945s] Level 1:colcon.colcon_core.package_identification:_identify(venv/lib/python3.10/site-packages/pip/_vendor/msgpack/__pycache__) by extension 'colcon_pkg'
[0.945s] Level 1:colcon.colcon_core.package_identification:_identify(venv/lib/python3.10/site-packages/pip/_vendor/msgpack/__pycache__) by extensions ['colcon_meta']
[0.945s] Level 1:colcon.colcon_core.package_identification:_identify(venv/lib/python3.10/site-packages/pip/_vendor/msgpack/__pycache__) by extension 'colcon_meta'
[0.945s] Level 1:colcon.colcon_core.package_identification:_identify(venv/lib/python3.10/site-packages/pip/_vendor/msgpack/__pycache__) by extensions ['ros']
[0.945s] Level 1:colcon.colcon_core.package_identification:_identify(venv/lib/python3.10/site-packages/pip/_vendor/msgpack/__pycache__) by extension 'ros'
[0.945s] Level 1:colcon.colcon_core.package_identification:_identify(venv/lib/python3.10/site-packages/pip/_vendor/msgpack/__pycache__) by extensions ['cmake', 'python']
[0.945s] Level 1:colcon.colcon_core.package_identification:_identify(venv/lib/python3.10/site-packages/pip/_vendor/msgpack/__pycache__) by extension 'cmake'
[0.945s] Level 1:colcon.colcon_core.package_identification:_identify(venv/lib/python3.10/site-packages/pip/_vendor/msgpack/__pycache__) by extension 'python'
[0.945s] Level 1:colcon.colcon_core.package_identification:_identify(venv/lib/python3.10/site-packages/pip/_vendor/msgpack/__pycache__) by extensions ['python_setup_py']
[0.945s] Level 1:colcon.colcon_core.package_identification:_identify(venv/lib/python3.10/site-packages/pip/_vendor/msgpack/__pycache__) by extension 'python_setup_py'
[0.945s] Level 1:colcon.colcon_core.package_identification:_identify(venv/lib/python3.10/site-packages/pip/_vendor/packaging) by extensions ['ignore', 'ignore_ament_install']
[0.945s] Level 1:colcon.colcon_core.package_identification:_identify(venv/lib/python3.10/site-packages/pip/_vendor/packaging) by extension 'ignore'
[0.945s] Level 1:colcon.colcon_core.package_identification:_identify(venv/lib/python3.10/site-packages/pip/_vendor/packaging) by extension 'ignore_ament_install'
[0.945s] Level 1:colcon.colcon_core.package_identification:_identify(venv/lib/python3.10/site-packages/pip/_vendor/packaging) by extensions ['colcon_pkg']
[0.945s] Level 1:colcon.colcon_core.package_identification:_identify(venv/lib/python3.10/site-packages/pip/_vendor/packaging) by extension 'colcon_pkg'
[0.945s] Level 1:colcon.colcon_core.package_identification:_identify(venv/lib/python3.10/site-packages/pip/_vendor/packaging) by extensions ['colcon_meta']
[0.945s] Level 1:colcon.colcon_core.package_identification:_identify(venv/lib/python3.10/site-packages/pip/_vendor/packaging) by extension 'colcon_meta'
[0.945s] Level 1:colcon.colcon_core.package_identification:_identify(venv/lib/python3.10/site-packages/pip/_vendor/packaging) by extensions ['ros']
[0.945s] Level 1:colcon.colcon_core.package_identification:_identify(venv/lib/python3.10/site-packages/pip/_vendor/packaging) by extension 'ros'
[0.945s] Level 1:colcon.colcon_core.package_identification:_identify(venv/lib/python3.10/site-packages/pip/_vendor/packaging) by extensions ['cmake', 'python']
[0.945s] Level 1:colcon.colcon_core.package_identification:_identify(venv/lib/python3.10/site-packages/pip/_vendor/packaging) by extension 'cmake'
[0.945s] Level 1:colcon.colcon_core.package_identification:_identify(venv/lib/python3.10/site-packages/pip/_vendor/packaging) by extension 'python'
[0.945s] Level 1:colcon.colcon_core.package_identification:_identify(venv/lib/python3.10/site-packages/pip/_vendor/packaging) by extensions ['python_setup_py']
[0.945s] Level 1:colcon.colcon_core.package_identification:_identify(venv/lib/python3.10/site-packages/pip/_vendor/packaging) by extension 'python_setup_py'
[0.945s] Level 1:colcon.colcon_core.package_identification:_identify(venv/lib/python3.10/site-packages/pip/_vendor/packaging/__pycache__) by extensions ['ignore', 'ignore_ament_install']
[0.946s] Level 1:colcon.colcon_core.package_identification:_identify(venv/lib/python3.10/site-packages/pip/_vendor/packaging/__pycache__) by extension 'ignore'
[0.946s] Level 1:colcon.colcon_core.package_identification:_identify(venv/lib/python3.10/site-packages/pip/_vendor/packaging/__pycache__) by extension 'ignore_ament_install'
[0.946s] Level 1:colcon.colcon_core.package_identification:_identify(venv/lib/python3.10/site-packages/pip/_vendor/packaging/__pycache__) by extensions ['colcon_pkg']
[0.946s] Level 1:colcon.colcon_core.package_identification:_identify(venv/lib/python3.10/site-packages/pip/_vendor/packaging/__pycache__) by extension 'colcon_pkg'
[0.946s] Level 1:colcon.colcon_core.package_identification:_identify(venv/lib/python3.10/site-packages/pip/_vendor/packaging/__pycache__) by extensions ['colcon_meta']
[0.946s] Level 1:colcon.colcon_core.package_identification:_identify(venv/lib/python3.10/site-packages/pip/_vendor/packaging/__pycache__) by extension 'colcon_meta'
[0.946s] Level 1:colcon.colcon_core.package_identification:_identify(venv/lib/python3.10/site-packages/pip/_vendor/packaging/__pycache__) by extensions ['ros']
[0.946s] Level 1:colcon.colcon_core.package_identification:_identify(venv/lib/python3.10/site-packages/pip/_vendor/packaging/__pycache__) by extension 'ros'
[0.946s] Level 1:colcon.colcon_core.package_identification:_identify(venv/lib/python3.10/site-packages/pip/_vendor/packaging/__pycache__) by extensions ['cmake', 'python']
[0.946s] Level 1:colcon.colcon_core.package_identification:_identify(venv/lib/python3.10/site-packages/pip/_vendor/packaging/__pycache__) by extension 'cmake'
[0.946s] Level 1:colcon.colcon_core.package_identification:_identify(venv/lib/python3.10/site-packages/pip/_vendor/packaging/__pycache__) by extension 'python'
[0.946s] Level 1:colcon.colcon_core.package_identification:_identify(venv/lib/python3.10/site-packages/pip/_vendor/packaging/__pycache__) by extensions ['python_setup_py']
[0.946s] Level 1:colcon.colcon_core.package_identification:_identify(venv/lib/python3.10/site-packages/pip/_vendor/packaging/__pycache__) by extension 'python_setup_py'
[0.946s] Level 1:colcon.colcon_core.package_identification:_identify(venv/lib/python3.10/site-packages/pip/_vendor/pep517) by extensions ['ignore', 'ignore_ament_install']
[0.946s] Level 1:colcon.colcon_core.package_identification:_identify(venv/lib/python3.10/site-packages/pip/_vendor/pep517) by extension 'ignore'
[0.946s] Level 1:colcon.colcon_core.package_identification:_identify(venv/lib/python3.10/site-packages/pip/_vendor/pep517) by extension 'ignore_ament_install'
[0.946s] Level 1:colcon.colcon_core.package_identification:_identify(venv/lib/python3.10/site-packages/pip/_vendor/pep517) by extensions ['colcon_pkg']
[0.946s] Level 1:colcon.colcon_core.package_identification:_identify(venv/lib/python3.10/site-packages/pip/_vendor/pep517) by extension 'colcon_pkg'
[0.946s] Level 1:colcon.colcon_core.package_identification:_identify(venv/lib/python3.10/site-packages/pip/_vendor/pep517) by extensions ['colcon_meta']
[0.946s] Level 1:colcon.colcon_core.package_identification:_identify(venv/lib/python3.10/site-packages/pip/_vendor/pep517) by extension 'colcon_meta'
[0.946s] Level 1:colcon.colcon_core.package_identification:_identify(venv/lib/python3.10/site-packages/pip/_vendor/pep517) by extensions ['ros']
[0.946s] Level 1:colcon.colcon_core.package_identification:_identify(venv/lib/python3.10/site-packages/pip/_vendor/pep517) by extension 'ros'
[0.946s] Level 1:colcon.colcon_core.package_identification:_identify(venv/lib/python3.10/site-packages/pip/_vendor/pep517) by extensions ['cmake', 'python']
[0.946s] Level 1:colcon.colcon_core.package_identification:_identify(venv/lib/python3.10/site-packages/pip/_vendor/pep517) by extension 'cmake'
[0.946s] Level 1:colcon.colcon_core.package_identification:_identify(venv/lib/python3.10/site-packages/pip/_vendor/pep517) by extension 'python'
[0.946s] Level 1:colcon.colcon_core.package_identification:_identify(venv/lib/python3.10/site-packages/pip/_vendor/pep517) by extensions ['python_setup_py']
[0.946s] Level 1:colcon.colcon_core.package_identification:_identify(venv/lib/python3.10/site-packages/pip/_vendor/pep517) by extension 'python_setup_py'
[0.946s] Level 1:colcon.colcon_core.package_identification:_identify(venv/lib/python3.10/site-packages/pip/_vendor/pep517/__pycache__) by extensions ['ignore', 'ignore_ament_install']
[0.946s] Level 1:colcon.colcon_core.package_identification:_identify(venv/lib/python3.10/site-packages/pip/_vendor/pep517/__pycache__) by extension 'ignore'
[0.946s] Level 1:colcon.colcon_core.package_identification:_identify(venv/lib/python3.10/site-packages/pip/_vendor/pep517/__pycache__) by extension 'ignore_ament_install'
[0.946s] Level 1:colcon.colcon_core.package_identification:_identify(venv/lib/python3.10/site-packages/pip/_vendor/pep517/__pycache__) by extensions ['colcon_pkg']
[0.946s] Level 1:colcon.colcon_core.package_identification:_identify(venv/lib/python3.10/site-packages/pip/_vendor/pep517/__pycache__) by extension 'colcon_pkg'
[0.946s] Level 1:colcon.colcon_core.package_identification:_identify(venv/lib/python3.10/site-packages/pip/_vendor/pep517/__pycache__) by extensions ['colcon_meta']
[0.946s] Level 1:colcon.colcon_core.package_identification:_identify(venv/lib/python3.10/site-packages/pip/_vendor/pep517/__pycache__) by extension 'colcon_meta'
[0.946s] Level 1:colcon.colcon_core.package_identification:_identify(venv/lib/python3.10/site-packages/pip/_vendor/pep517/__pycache__) by extensions ['ros']
[0.946s] Level 1:colcon.colcon_core.package_identification:_identify(venv/lib/python3.10/site-packages/pip/_vendor/pep517/__pycache__) by extension 'ros'
[0.947s] Level 1:colcon.colcon_core.package_identification:_identify(venv/lib/python3.10/site-packages/pip/_vendor/pep517/__pycache__) by extensions ['cmake', 'python']
[0.947s] Level 1:colcon.colcon_core.package_identification:_identify(venv/lib/python3.10/site-packages/pip/_vendor/pep517/__pycache__) by extension 'cmake'
[0.947s] Level 1:colcon.colcon_core.package_identification:_identify(venv/lib/python3.10/site-packages/pip/_vendor/pep517/__pycache__) by extension 'python'
[0.947s] Level 1:colcon.colcon_core.package_identification:_identify(venv/lib/python3.10/site-packages/pip/_vendor/pep517/__pycache__) by extensions ['python_setup_py']
[0.947s] Level 1:colcon.colcon_core.package_identification:_identify(venv/lib/python3.10/site-packages/pip/_vendor/pep517/__pycache__) by extension 'python_setup_py'
[0.947s] Level 1:colcon.colcon_core.package_identification:_identify(venv/lib/python3.10/site-packages/pip/_vendor/pep517/in_process) by extensions ['ignore', 'ignore_ament_install']
[0.947s] Level 1:colcon.colcon_core.package_identification:_identify(venv/lib/python3.10/site-packages/pip/_vendor/pep517/in_process) by extension 'ignore'
[0.947s] Level 1:colcon.colcon_core.package_identification:_identify(venv/lib/python3.10/site-packages/pip/_vendor/pep517/in_process) by extension 'ignore_ament_install'
[0.947s] Level 1:colcon.colcon_core.package_identification:_identify(venv/lib/python3.10/site-packages/pip/_vendor/pep517/in_process) by extensions ['colcon_pkg']
[0.947s] Level 1:colcon.colcon_core.package_identification:_identify(venv/lib/python3.10/site-packages/pip/_vendor/pep517/in_process) by extension 'colcon_pkg'
[0.947s] Level 1:colcon.colcon_core.package_identification:_identify(venv/lib/python3.10/site-packages/pip/_vendor/pep517/in_process) by extensions ['colcon_meta']
[0.947s] Level 1:colcon.colcon_core.package_identification:_identify(venv/lib/python3.10/site-packages/pip/_vendor/pep517/in_process) by extension 'colcon_meta'
[0.947s] Level 1:colcon.colcon_core.package_identification:_identify(venv/lib/python3.10/site-packages/pip/_vendor/pep517/in_process) by extensions ['ros']
[0.947s] Level 1:colcon.colcon_core.package_identification:_identify(venv/lib/python3.10/site-packages/pip/_vendor/pep517/in_process) by extension 'ros'
[0.947s] Level 1:colcon.colcon_core.package_identification:_identify(venv/lib/python3.10/site-packages/pip/_vendor/pep517/in_process) by extensions ['cmake', 'python']
[0.947s] Level 1:colcon.colcon_core.package_identification:_identify(venv/lib/python3.10/site-packages/pip/_vendor/pep517/in_process) by extension 'cmake'
[0.947s] Level 1:colcon.colcon_core.package_identification:_identify(venv/lib/python3.10/site-packages/pip/_vendor/pep517/in_process) by extension 'python'
[0.947s] Level 1:colcon.colcon_core.package_identification:_identify(venv/lib/python3.10/site-packages/pip/_vendor/pep517/in_process) by extensions ['python_setup_py']
[0.947s] Level 1:colcon.colcon_core.package_identification:_identify(venv/lib/python3.10/site-packages/pip/_vendor/pep517/in_process) by extension 'python_setup_py'
[0.947s] Level 1:colcon.colcon_core.package_identification:_identify(venv/lib/python3.10/site-packages/pip/_vendor/pep517/in_process/__pycache__) by extensions ['ignore', 'ignore_ament_install']
[0.947s] Level 1:colcon.colcon_core.package_identification:_identify(venv/lib/python3.10/site-packages/pip/_vendor/pep517/in_process/__pycache__) by extension 'ignore'
[0.947s] Level 1:colcon.colcon_core.package_identification:_identify(venv/lib/python3.10/site-packages/pip/_vendor/pep517/in_process/__pycache__) by extension 'ignore_ament_install'
[0.947s] Level 1:colcon.colcon_core.package_identification:_identify(venv/lib/python3.10/site-packages/pip/_vendor/pep517/in_process/__pycache__) by extensions ['colcon_pkg']
[0.947s] Level 1:colcon.colcon_core.package_identification:_identify(venv/lib/python3.10/site-packages/pip/_vendor/pep517/in_process/__pycache__) by extension 'colcon_pkg'
[0.947s] Level 1:colcon.colcon_core.package_identification:_identify(venv/lib/python3.10/site-packages/pip/_vendor/pep517/in_process/__pycache__) by extensions ['colcon_meta']
[0.947s] Level 1:colcon.colcon_core.package_identification:_identify(venv/lib/python3.10/site-packages/pip/_vendor/pep517/in_process/__pycache__) by extension 'colcon_meta'
[0.947s] Level 1:colcon.colcon_core.package_identification:_identify(venv/lib/python3.10/site-packages/pip/_vendor/pep517/in_process/__pycache__) by extensions ['ros']
[0.947s] Level 1:colcon.colcon_core.package_identification:_identify(venv/lib/python3.10/site-packages/pip/_vendor/pep517/in_process/__pycache__) by extension 'ros'
[0.947s] Level 1:colcon.colcon_core.package_identification:_identify(venv/lib/python3.10/site-packages/pip/_vendor/pep517/in_process/__pycache__) by extensions ['cmake', 'python']
[0.947s] Level 1:colcon.colcon_core.package_identification:_identify(venv/lib/python3.10/site-packages/pip/_vendor/pep517/in_process/__pycache__) by extension 'cmake'
[0.947s] Level 1:colcon.colcon_core.package_identification:_identify(venv/lib/python3.10/site-packages/pip/_vendor/pep517/in_process/__pycache__) by extension 'python'
[0.947s] Level 1:colcon.colcon_core.package_identification:_identify(venv/lib/python3.10/site-packages/pip/_vendor/pep517/in_process/__pycache__) by extensions ['python_setup_py']
[0.947s] Level 1:colcon.colcon_core.package_identification:_identify(venv/lib/python3.10/site-packages/pip/_vendor/pep517/in_process/__pycache__) by extension 'python_setup_py'
[0.947s] Level 1:colcon.colcon_core.package_identification:_identify(venv/lib/python3.10/site-packages/pip/_vendor/pkg_resources) by extensions ['ignore', 'ignore_ament_install']
[0.947s] Level 1:colcon.colcon_core.package_identification:_identify(venv/lib/python3.10/site-packages/pip/_vendor/pkg_resources) by extension 'ignore'
[0.948s] Level 1:colcon.colcon_core.package_identification:_identify(venv/lib/python3.10/site-packages/pip/_vendor/pkg_resources) by extension 'ignore_ament_install'
[0.948s] Level 1:colcon.colcon_core.package_identification:_identify(venv/lib/python3.10/site-packages/pip/_vendor/pkg_resources) by extensions ['colcon_pkg']
[0.948s] Level 1:colcon.colcon_core.package_identification:_identify(venv/lib/python3.10/site-packages/pip/_vendor/pkg_resources) by extension 'colcon_pkg'
[0.948s] Level 1:colcon.colcon_core.package_identification:_identify(venv/lib/python3.10/site-packages/pip/_vendor/pkg_resources) by extensions ['colcon_meta']
[0.948s] Level 1:colcon.colcon_core.package_identification:_identify(venv/lib/python3.10/site-packages/pip/_vendor/pkg_resources) by extension 'colcon_meta'
[0.948s] Level 1:colcon.colcon_core.package_identification:_identify(venv/lib/python3.10/site-packages/pip/_vendor/pkg_resources) by extensions ['ros']
[0.948s] Level 1:colcon.colcon_core.package_identification:_identify(venv/lib/python3.10/site-packages/pip/_vendor/pkg_resources) by extension 'ros'
[0.948s] Level 1:colcon.colcon_core.package_identification:_identify(venv/lib/python3.10/site-packages/pip/_vendor/pkg_resources) by extensions ['cmake', 'python']
[0.948s] Level 1:colcon.colcon_core.package_identification:_identify(venv/lib/python3.10/site-packages/pip/_vendor/pkg_resources) by extension 'cmake'
[0.948s] Level 1:colcon.colcon_core.package_identification:_identify(venv/lib/python3.10/site-packages/pip/_vendor/pkg_resources) by extension 'python'
[0.948s] Level 1:colcon.colcon_core.package_identification:_identify(venv/lib/python3.10/site-packages/pip/_vendor/pkg_resources) by extensions ['python_setup_py']
[0.948s] Level 1:colcon.colcon_core.package_identification:_identify(venv/lib/python3.10/site-packages/pip/_vendor/pkg_resources) by extension 'python_setup_py'
[0.948s] Level 1:colcon.colcon_core.package_identification:_identify(venv/lib/python3.10/site-packages/pip/_vendor/pkg_resources/__pycache__) by extensions ['ignore', 'ignore_ament_install']
[0.948s] Level 1:colcon.colcon_core.package_identification:_identify(venv/lib/python3.10/site-packages/pip/_vendor/pkg_resources/__pycache__) by extension 'ignore'
[0.948s] Level 1:colcon.colcon_core.package_identification:_identify(venv/lib/python3.10/site-packages/pip/_vendor/pkg_resources/__pycache__) by extension 'ignore_ament_install'
[0.948s] Level 1:colcon.colcon_core.package_identification:_identify(venv/lib/python3.10/site-packages/pip/_vendor/pkg_resources/__pycache__) by extensions ['colcon_pkg']
[0.948s] Level 1:colcon.colcon_core.package_identification:_identify(venv/lib/python3.10/site-packages/pip/_vendor/pkg_resources/__pycache__) by extension 'colcon_pkg'
[0.948s] Level 1:colcon.colcon_core.package_identification:_identify(venv/lib/python3.10/site-packages/pip/_vendor/pkg_resources/__pycache__) by extensions ['colcon_meta']
[0.948s] Level 1:colcon.colcon_core.package_identification:_identify(venv/lib/python3.10/site-packages/pip/_vendor/pkg_resources/__pycache__) by extension 'colcon_meta'
[0.948s] Level 1:colcon.colcon_core.package_identification:_identify(venv/lib/python3.10/site-packages/pip/_vendor/pkg_resources/__pycache__) by extensions ['ros']
[0.948s] Level 1:colcon.colcon_core.package_identification:_identify(venv/lib/python3.10/site-packages/pip/_vendor/pkg_resources/__pycache__) by extension 'ros'
[0.948s] Level 1:colcon.colcon_core.package_identification:_identify(venv/lib/python3.10/site-packages/pip/_vendor/pkg_resources/__pycache__) by extensions ['cmake', 'python']
[0.948s] Level 1:colcon.colcon_core.package_identification:_identify(venv/lib/python3.10/site-packages/pip/_vendor/pkg_resources/__pycache__) by extension 'cmake'
[0.948s] Level 1:colcon.colcon_core.package_identification:_identify(venv/lib/python3.10/site-packages/pip/_vendor/pkg_resources/__pycache__) by extension 'python'
[0.948s] Level 1:colcon.colcon_core.package_identification:_identify(venv/lib/python3.10/site-packages/pip/_vendor/pkg_resources/__pycache__) by extensions ['python_setup_py']
[0.948s] Level 1:colcon.colcon_core.package_identification:_identify(venv/lib/python3.10/site-packages/pip/_vendor/pkg_resources/__pycache__) by extension 'python_setup_py'
[0.948s] Level 1:colcon.colcon_core.package_identification:_identify(venv/lib/python3.10/site-packages/pip/_vendor/platformdirs) by extensions ['ignore', 'ignore_ament_install']
[0.948s] Level 1:colcon.colcon_core.package_identification:_identify(venv/lib/python3.10/site-packages/pip/_vendor/platformdirs) by extension 'ignore'
[0.948s] Level 1:colcon.colcon_core.package_identification:_identify(venv/lib/python3.10/site-packages/pip/_vendor/platformdirs) by extension 'ignore_ament_install'
[0.948s] Level 1:colcon.colcon_core.package_identification:_identify(venv/lib/python3.10/site-packages/pip/_vendor/platformdirs) by extensions ['colcon_pkg']
[0.948s] Level 1:colcon.colcon_core.package_identification:_identify(venv/lib/python3.10/site-packages/pip/_vendor/platformdirs) by extension 'colcon_pkg'
[0.948s] Level 1:colcon.colcon_core.package_identification:_identify(venv/lib/python3.10/site-packages/pip/_vendor/platformdirs) by extensions ['colcon_meta']
[0.948s] Level 1:colcon.colcon_core.package_identification:_identify(venv/lib/python3.10/site-packages/pip/_vendor/platformdirs) by extension 'colcon_meta'
[0.948s] Level 1:colcon.colcon_core.package_identification:_identify(venv/lib/python3.10/site-packages/pip/_vendor/platformdirs) by extensions ['ros']
[0.948s] Level 1:colcon.colcon_core.package_identification:_identify(venv/lib/python3.10/site-packages/pip/_vendor/platformdirs) by extension 'ros'
[0.948s] Level 1:colcon.colcon_core.package_identification:_identify(venv/lib/python3.10/site-packages/pip/_vendor/platformdirs) by extensions ['cmake', 'python']
[0.949s] Level 1:colcon.colcon_core.package_identification:_identify(venv/lib/python3.10/site-packages/pip/_vendor/platformdirs) by extension 'cmake'
[0.949s] Level 1:colcon.colcon_core.package_identification:_identify(venv/lib/python3.10/site-packages/pip/_vendor/platformdirs) by extension 'python'
[0.949s] Level 1:colcon.colcon_core.package_identification:_identify(venv/lib/python3.10/site-packages/pip/_vendor/platformdirs) by extensions ['python_setup_py']
[0.949s] Level 1:colcon.colcon_core.package_identification:_identify(venv/lib/python3.10/site-packages/pip/_vendor/platformdirs) by extension 'python_setup_py'
[0.949s] Level 1:colcon.colcon_core.package_identification:_identify(venv/lib/python3.10/site-packages/pip/_vendor/platformdirs/__pycache__) by extensions ['ignore', 'ignore_ament_install']
[0.949s] Level 1:colcon.colcon_core.package_identification:_identify(venv/lib/python3.10/site-packages/pip/_vendor/platformdirs/__pycache__) by extension 'ignore'
[0.949s] Level 1:colcon.colcon_core.package_identification:_identify(venv/lib/python3.10/site-packages/pip/_vendor/platformdirs/__pycache__) by extension 'ignore_ament_install'
[0.949s] Level 1:colcon.colcon_core.package_identification:_identify(venv/lib/python3.10/site-packages/pip/_vendor/platformdirs/__pycache__) by extensions ['colcon_pkg']
[0.949s] Level 1:colcon.colcon_core.package_identification:_identify(venv/lib/python3.10/site-packages/pip/_vendor/platformdirs/__pycache__) by extension 'colcon_pkg'
[0.949s] Level 1:colcon.colcon_core.package_identification:_identify(venv/lib/python3.10/site-packages/pip/_vendor/platformdirs/__pycache__) by extensions ['colcon_meta']
[0.949s] Level 1:colcon.colcon_core.package_identification:_identify(venv/lib/python3.10/site-packages/pip/_vendor/platformdirs/__pycache__) by extension 'colcon_meta'
[0.949s] Level 1:colcon.colcon_core.package_identification:_identify(venv/lib/python3.10/site-packages/pip/_vendor/platformdirs/__pycache__) by extensions ['ros']
[0.949s] Level 1:colcon.colcon_core.package_identification:_identify(venv/lib/python3.10/site-packages/pip/_vendor/platformdirs/__pycache__) by extension 'ros'
[0.949s] Level 1:colcon.colcon_core.package_identification:_identify(venv/lib/python3.10/site-packages/pip/_vendor/platformdirs/__pycache__) by extensions ['cmake', 'python']
[0.949s] Level 1:colcon.colcon_core.package_identification:_identify(venv/lib/python3.10/site-packages/pip/_vendor/platformdirs/__pycache__) by extension 'cmake'
[0.949s] Level 1:colcon.colcon_core.package_identification:_identify(venv/lib/python3.10/site-packages/pip/_vendor/platformdirs/__pycache__) by extension 'python'
[0.949s] Level 1:colcon.colcon_core.package_identification:_identify(venv/lib/python3.10/site-packages/pip/_vendor/platformdirs/__pycache__) by extensions ['python_setup_py']
[0.949s] Level 1:colcon.colcon_core.package_identification:_identify(venv/lib/python3.10/site-packages/pip/_vendor/platformdirs/__pycache__) by extension 'python_setup_py'
[0.949s] Level 1:colcon.colcon_core.package_identification:_identify(venv/lib/python3.10/site-packages/pip/_vendor/progress) by extensions ['ignore', 'ignore_ament_install']
[0.949s] Level 1:colcon.colcon_core.package_identification:_identify(venv/lib/python3.10/site-packages/pip/_vendor/progress) by extension 'ignore'
[0.949s] Level 1:colcon.colcon_core.package_identification:_identify(venv/lib/python3.10/site-packages/pip/_vendor/progress) by extension 'ignore_ament_install'
[0.949s] Level 1:colcon.colcon_core.package_identification:_identify(venv/lib/python3.10/site-packages/pip/_vendor/progress) by extensions ['colcon_pkg']
[0.949s] Level 1:colcon.colcon_core.package_identification:_identify(venv/lib/python3.10/site-packages/pip/_vendor/progress) by extension 'colcon_pkg'
[0.949s] Level 1:colcon.colcon_core.package_identification:_identify(venv/lib/python3.10/site-packages/pip/_vendor/progress) by extensions ['colcon_meta']
[0.949s] Level 1:colcon.colcon_core.package_identification:_identify(venv/lib/python3.10/site-packages/pip/_vendor/progress) by extension 'colcon_meta'
[0.949s] Level 1:colcon.colcon_core.package_identification:_identify(venv/lib/python3.10/site-packages/pip/_vendor/progress) by extensions ['ros']
[0.949s] Level 1:colcon.colcon_core.package_identification:_identify(venv/lib/python3.10/site-packages/pip/_vendor/progress) by extension 'ros'
[0.949s] Level 1:colcon.colcon_core.package_identification:_identify(venv/lib/python3.10/site-packages/pip/_vendor/progress) by extensions ['cmake', 'python']
[0.949s] Level 1:colcon.colcon_core.package_identification:_identify(venv/lib/python3.10/site-packages/pip/_vendor/progress) by extension 'cmake'
[0.949s] Level 1:colcon.colcon_core.package_identification:_identify(venv/lib/python3.10/site-packages/pip/_vendor/progress) by extension 'python'
[0.949s] Level 1:colcon.colcon_core.package_identification:_identify(venv/lib/python3.10/site-packages/pip/_vendor/progress) by extensions ['python_setup_py']
[0.949s] Level 1:colcon.colcon_core.package_identification:_identify(venv/lib/python3.10/site-packages/pip/_vendor/progress) by extension 'python_setup_py'
[0.949s] Level 1:colcon.colcon_core.package_identification:_identify(venv/lib/python3.10/site-packages/pip/_vendor/progress/__pycache__) by extensions ['ignore', 'ignore_ament_install']
[0.949s] Level 1:colcon.colcon_core.package_identification:_identify(venv/lib/python3.10/site-packages/pip/_vendor/progress/__pycache__) by extension 'ignore'
[0.950s] Level 1:colcon.colcon_core.package_identification:_identify(venv/lib/python3.10/site-packages/pip/_vendor/progress/__pycache__) by extension 'ignore_ament_install'
[0.950s] Level 1:colcon.colcon_core.package_identification:_identify(venv/lib/python3.10/site-packages/pip/_vendor/progress/__pycache__) by extensions ['colcon_pkg']
[0.950s] Level 1:colcon.colcon_core.package_identification:_identify(venv/lib/python3.10/site-packages/pip/_vendor/progress/__pycache__) by extension 'colcon_pkg'
[0.950s] Level 1:colcon.colcon_core.package_identification:_identify(venv/lib/python3.10/site-packages/pip/_vendor/progress/__pycache__) by extensions ['colcon_meta']
[0.950s] Level 1:colcon.colcon_core.package_identification:_identify(venv/lib/python3.10/site-packages/pip/_vendor/progress/__pycache__) by extension 'colcon_meta'
[0.950s] Level 1:colcon.colcon_core.package_identification:_identify(venv/lib/python3.10/site-packages/pip/_vendor/progress/__pycache__) by extensions ['ros']
[0.950s] Level 1:colcon.colcon_core.package_identification:_identify(venv/lib/python3.10/site-packages/pip/_vendor/progress/__pycache__) by extension 'ros'
[0.950s] Level 1:colcon.colcon_core.package_identification:_identify(venv/lib/python3.10/site-packages/pip/_vendor/progress/__pycache__) by extensions ['cmake', 'python']
[0.950s] Level 1:colcon.colcon_core.package_identification:_identify(venv/lib/python3.10/site-packages/pip/_vendor/progress/__pycache__) by extension 'cmake'
[0.950s] Level 1:colcon.colcon_core.package_identification:_identify(venv/lib/python3.10/site-packages/pip/_vendor/progress/__pycache__) by extension 'python'
[0.950s] Level 1:colcon.colcon_core.package_identification:_identify(venv/lib/python3.10/site-packages/pip/_vendor/progress/__pycache__) by extensions ['python_setup_py']
[0.950s] Level 1:colcon.colcon_core.package_identification:_identify(venv/lib/python3.10/site-packages/pip/_vendor/progress/__pycache__) by extension 'python_setup_py'
[0.950s] Level 1:colcon.colcon_core.package_identification:_identify(venv/lib/python3.10/site-packages/pip/_vendor/pygments) by extensions ['ignore', 'ignore_ament_install']
[0.950s] Level 1:colcon.colcon_core.package_identification:_identify(venv/lib/python3.10/site-packages/pip/_vendor/pygments) by extension 'ignore'
[0.950s] Level 1:colcon.colcon_core.package_identification:_identify(venv/lib/python3.10/site-packages/pip/_vendor/pygments) by extension 'ignore_ament_install'
[0.950s] Level 1:colcon.colcon_core.package_identification:_identify(venv/lib/python3.10/site-packages/pip/_vendor/pygments) by extensions ['colcon_pkg']
[0.950s] Level 1:colcon.colcon_core.package_identification:_identify(venv/lib/python3.10/site-packages/pip/_vendor/pygments) by extension 'colcon_pkg'
[0.950s] Level 1:colcon.colcon_core.package_identification:_identify(venv/lib/python3.10/site-packages/pip/_vendor/pygments) by extensions ['colcon_meta']
[0.950s] Level 1:colcon.colcon_core.package_identification:_identify(venv/lib/python3.10/site-packages/pip/_vendor/pygments) by extension 'colcon_meta'
[0.950s] Level 1:colcon.colcon_core.package_identification:_identify(venv/lib/python3.10/site-packages/pip/_vendor/pygments) by extensions ['ros']
[0.950s] Level 1:colcon.colcon_core.package_identification:_identify(venv/lib/python3.10/site-packages/pip/_vendor/pygments) by extension 'ros'
[0.950s] Level 1:colcon.colcon_core.package_identification:_identify(venv/lib/python3.10/site-packages/pip/_vendor/pygments) by extensions ['cmake', 'python']
[0.950s] Level 1:colcon.colcon_core.package_identification:_identify(venv/lib/python3.10/site-packages/pip/_vendor/pygments) by extension 'cmake'
[0.950s] Level 1:colcon.colcon_core.package_identification:_identify(venv/lib/python3.10/site-packages/pip/_vendor/pygments) by extension 'python'
[0.950s] Level 1:colcon.colcon_core.package_identification:_identify(venv/lib/python3.10/site-packages/pip/_vendor/pygments) by extensions ['python_setup_py']
[0.950s] Level 1:colcon.colcon_core.package_identification:_identify(venv/lib/python3.10/site-packages/pip/_vendor/pygments) by extension 'python_setup_py'
[0.950s] Level 1:colcon.colcon_core.package_identification:_identify(venv/lib/python3.10/site-packages/pip/_vendor/pygments/__pycache__) by extensions ['ignore', 'ignore_ament_install']
[0.950s] Level 1:colcon.colcon_core.package_identification:_identify(venv/lib/python3.10/site-packages/pip/_vendor/pygments/__pycache__) by extension 'ignore'
[0.950s] Level 1:colcon.colcon_core.package_identification:_identify(venv/lib/python3.10/site-packages/pip/_vendor/pygments/__pycache__) by extension 'ignore_ament_install'
[0.950s] Level 1:colcon.colcon_core.package_identification:_identify(venv/lib/python3.10/site-packages/pip/_vendor/pygments/__pycache__) by extensions ['colcon_pkg']
[0.950s] Level 1:colcon.colcon_core.package_identification:_identify(venv/lib/python3.10/site-packages/pip/_vendor/pygments/__pycache__) by extension 'colcon_pkg'
[0.950s] Level 1:colcon.colcon_core.package_identification:_identify(venv/lib/python3.10/site-packages/pip/_vendor/pygments/__pycache__) by extensions ['colcon_meta']
[0.950s] Level 1:colcon.colcon_core.package_identification:_identify(venv/lib/python3.10/site-packages/pip/_vendor/pygments/__pycache__) by extension 'colcon_meta'
[0.950s] Level 1:colcon.colcon_core.package_identification:_identify(venv/lib/python3.10/site-packages/pip/_vendor/pygments/__pycache__) by extensions ['ros']
[0.950s] Level 1:colcon.colcon_core.package_identification:_identify(venv/lib/python3.10/site-packages/pip/_vendor/pygments/__pycache__) by extension 'ros'
[0.950s] Level 1:colcon.colcon_core.package_identification:_identify(venv/lib/python3.10/site-packages/pip/_vendor/pygments/__pycache__) by extensions ['cmake', 'python']
[0.951s] Level 1:colcon.colcon_core.package_identification:_identify(venv/lib/python3.10/site-packages/pip/_vendor/pygments/__pycache__) by extension 'cmake'
[0.951s] Level 1:colcon.colcon_core.package_identification:_identify(venv/lib/python3.10/site-packages/pip/_vendor/pygments/__pycache__) by extension 'python'
[0.951s] Level 1:colcon.colcon_core.package_identification:_identify(venv/lib/python3.10/site-packages/pip/_vendor/pygments/__pycache__) by extensions ['python_setup_py']
[0.951s] Level 1:colcon.colcon_core.package_identification:_identify(venv/lib/python3.10/site-packages/pip/_vendor/pygments/__pycache__) by extension 'python_setup_py'
[0.951s] Level 1:colcon.colcon_core.package_identification:_identify(venv/lib/python3.10/site-packages/pip/_vendor/pygments/filters) by extensions ['ignore', 'ignore_ament_install']
[0.951s] Level 1:colcon.colcon_core.package_identification:_identify(venv/lib/python3.10/site-packages/pip/_vendor/pygments/filters) by extension 'ignore'
[0.951s] Level 1:colcon.colcon_core.package_identification:_identify(venv/lib/python3.10/site-packages/pip/_vendor/pygments/filters) by extension 'ignore_ament_install'
[0.951s] Level 1:colcon.colcon_core.package_identification:_identify(venv/lib/python3.10/site-packages/pip/_vendor/pygments/filters) by extensions ['colcon_pkg']
[0.951s] Level 1:colcon.colcon_core.package_identification:_identify(venv/lib/python3.10/site-packages/pip/_vendor/pygments/filters) by extension 'colcon_pkg'
[0.951s] Level 1:colcon.colcon_core.package_identification:_identify(venv/lib/python3.10/site-packages/pip/_vendor/pygments/filters) by extensions ['colcon_meta']
[0.951s] Level 1:colcon.colcon_core.package_identification:_identify(venv/lib/python3.10/site-packages/pip/_vendor/pygments/filters) by extension 'colcon_meta'
[0.951s] Level 1:colcon.colcon_core.package_identification:_identify(venv/lib/python3.10/site-packages/pip/_vendor/pygments/filters) by extensions ['ros']
[0.951s] Level 1:colcon.colcon_core.package_identification:_identify(venv/lib/python3.10/site-packages/pip/_vendor/pygments/filters) by extension 'ros'
[0.951s] Level 1:colcon.colcon_core.package_identification:_identify(venv/lib/python3.10/site-packages/pip/_vendor/pygments/filters) by extensions ['cmake', 'python']
[0.951s] Level 1:colcon.colcon_core.package_identification:_identify(venv/lib/python3.10/site-packages/pip/_vendor/pygments/filters) by extension 'cmake'
[0.951s] Level 1:colcon.colcon_core.package_identification:_identify(venv/lib/python3.10/site-packages/pip/_vendor/pygments/filters) by extension 'python'
[0.951s] Level 1:colcon.colcon_core.package_identification:_identify(venv/lib/python3.10/site-packages/pip/_vendor/pygments/filters) by extensions ['python_setup_py']
[0.951s] Level 1:colcon.colcon_core.package_identification:_identify(venv/lib/python3.10/site-packages/pip/_vendor/pygments/filters) by extension 'python_setup_py'
[0.951s] Level 1:colcon.colcon_core.package_identification:_identify(venv/lib/python3.10/site-packages/pip/_vendor/pygments/filters/__pycache__) by extensions ['ignore', 'ignore_ament_install']
[0.951s] Level 1:colcon.colcon_core.package_identification:_identify(venv/lib/python3.10/site-packages/pip/_vendor/pygments/filters/__pycache__) by extension 'ignore'
[0.951s] Level 1:colcon.colcon_core.package_identification:_identify(venv/lib/python3.10/site-packages/pip/_vendor/pygments/filters/__pycache__) by extension 'ignore_ament_install'
[0.951s] Level 1:colcon.colcon_core.package_identification:_identify(venv/lib/python3.10/site-packages/pip/_vendor/pygments/filters/__pycache__) by extensions ['colcon_pkg']
[0.951s] Level 1:colcon.colcon_core.package_identification:_identify(venv/lib/python3.10/site-packages/pip/_vendor/pygments/filters/__pycache__) by extension 'colcon_pkg'
[0.951s] Level 1:colcon.colcon_core.package_identification:_identify(venv/lib/python3.10/site-packages/pip/_vendor/pygments/filters/__pycache__) by extensions ['colcon_meta']
[0.951s] Level 1:colcon.colcon_core.package_identification:_identify(venv/lib/python3.10/site-packages/pip/_vendor/pygments/filters/__pycache__) by extension 'colcon_meta'
[0.951s] Level 1:colcon.colcon_core.package_identification:_identify(venv/lib/python3.10/site-packages/pip/_vendor/pygments/filters/__pycache__) by extensions ['ros']
[0.951s] Level 1:colcon.colcon_core.package_identification:_identify(venv/lib/python3.10/site-packages/pip/_vendor/pygments/filters/__pycache__) by extension 'ros'
[0.951s] Level 1:colcon.colcon_core.package_identification:_identify(venv/lib/python3.10/site-packages/pip/_vendor/pygments/filters/__pycache__) by extensions ['cmake', 'python']
[0.951s] Level 1:colcon.colcon_core.package_identification:_identify(venv/lib/python3.10/site-packages/pip/_vendor/pygments/filters/__pycache__) by extension 'cmake'
[0.951s] Level 1:colcon.colcon_core.package_identification:_identify(venv/lib/python3.10/site-packages/pip/_vendor/pygments/filters/__pycache__) by extension 'python'
[0.951s] Level 1:colcon.colcon_core.package_identification:_identify(venv/lib/python3.10/site-packages/pip/_vendor/pygments/filters/__pycache__) by extensions ['python_setup_py']
[0.951s] Level 1:colcon.colcon_core.package_identification:_identify(venv/lib/python3.10/site-packages/pip/_vendor/pygments/filters/__pycache__) by extension 'python_setup_py'
[0.951s] Level 1:colcon.colcon_core.package_identification:_identify(venv/lib/python3.10/site-packages/pip/_vendor/pygments/formatters) by extensions ['ignore', 'ignore_ament_install']
[0.951s] Level 1:colcon.colcon_core.package_identification:_identify(venv/lib/python3.10/site-packages/pip/_vendor/pygments/formatters) by extension 'ignore'
[0.951s] Level 1:colcon.colcon_core.package_identification:_identify(venv/lib/python3.10/site-packages/pip/_vendor/pygments/formatters) by extension 'ignore_ament_install'
[0.952s] Level 1:colcon.colcon_core.package_identification:_identify(venv/lib/python3.10/site-packages/pip/_vendor/pygments/formatters) by extensions ['colcon_pkg']
[0.952s] Level 1:colcon.colcon_core.package_identification:_identify(venv/lib/python3.10/site-packages/pip/_vendor/pygments/formatters) by extension 'colcon_pkg'
[0.952s] Level 1:colcon.colcon_core.package_identification:_identify(venv/lib/python3.10/site-packages/pip/_vendor/pygments/formatters) by extensions ['colcon_meta']
[0.952s] Level 1:colcon.colcon_core.package_identification:_identify(venv/lib/python3.10/site-packages/pip/_vendor/pygments/formatters) by extension 'colcon_meta'
[0.952s] Level 1:colcon.colcon_core.package_identification:_identify(venv/lib/python3.10/site-packages/pip/_vendor/pygments/formatters) by extensions ['ros']
[0.952s] Level 1:colcon.colcon_core.package_identification:_identify(venv/lib/python3.10/site-packages/pip/_vendor/pygments/formatters) by extension 'ros'
[0.952s] Level 1:colcon.colcon_core.package_identification:_identify(venv/lib/python3.10/site-packages/pip/_vendor/pygments/formatters) by extensions ['cmake', 'python']
[0.952s] Level 1:colcon.colcon_core.package_identification:_identify(venv/lib/python3.10/site-packages/pip/_vendor/pygments/formatters) by extension 'cmake'
[0.952s] Level 1:colcon.colcon_core.package_identification:_identify(venv/lib/python3.10/site-packages/pip/_vendor/pygments/formatters) by extension 'python'
[0.952s] Level 1:colcon.colcon_core.package_identification:_identify(venv/lib/python3.10/site-packages/pip/_vendor/pygments/formatters) by extensions ['python_setup_py']
[0.952s] Level 1:colcon.colcon_core.package_identification:_identify(venv/lib/python3.10/site-packages/pip/_vendor/pygments/formatters) by extension 'python_setup_py'
[0.952s] Level 1:colcon.colcon_core.package_identification:_identify(venv/lib/python3.10/site-packages/pip/_vendor/pygments/formatters/__pycache__) by extensions ['ignore', 'ignore_ament_install']
[0.952s] Level 1:colcon.colcon_core.package_identification:_identify(venv/lib/python3.10/site-packages/pip/_vendor/pygments/formatters/__pycache__) by extension 'ignore'
[0.952s] Level 1:colcon.colcon_core.package_identification:_identify(venv/lib/python3.10/site-packages/pip/_vendor/pygments/formatters/__pycache__) by extension 'ignore_ament_install'
[0.952s] Level 1:colcon.colcon_core.package_identification:_identify(venv/lib/python3.10/site-packages/pip/_vendor/pygments/formatters/__pycache__) by extensions ['colcon_pkg']
[0.952s] Level 1:colcon.colcon_core.package_identification:_identify(venv/lib/python3.10/site-packages/pip/_vendor/pygments/formatters/__pycache__) by extension 'colcon_pkg'
[0.952s] Level 1:colcon.colcon_core.package_identification:_identify(venv/lib/python3.10/site-packages/pip/_vendor/pygments/formatters/__pycache__) by extensions ['colcon_meta']
[0.952s] Level 1:colcon.colcon_core.package_identification:_identify(venv/lib/python3.10/site-packages/pip/_vendor/pygments/formatters/__pycache__) by extension 'colcon_meta'
[0.952s] Level 1:colcon.colcon_core.package_identification:_identify(venv/lib/python3.10/site-packages/pip/_vendor/pygments/formatters/__pycache__) by extensions ['ros']
[0.952s] Level 1:colcon.colcon_core.package_identification:_identify(venv/lib/python3.10/site-packages/pip/_vendor/pygments/formatters/__pycache__) by extension 'ros'
[0.952s] Level 1:colcon.colcon_core.package_identification:_identify(venv/lib/python3.10/site-packages/pip/_vendor/pygments/formatters/__pycache__) by extensions ['cmake', 'python']
[0.952s] Level 1:colcon.colcon_core.package_identification:_identify(venv/lib/python3.10/site-packages/pip/_vendor/pygments/formatters/__pycache__) by extension 'cmake'
[0.952s] Level 1:colcon.colcon_core.package_identification:_identify(venv/lib/python3.10/site-packages/pip/_vendor/pygments/formatters/__pycache__) by extension 'python'
[0.952s] Level 1:colcon.colcon_core.package_identification:_identify(venv/lib/python3.10/site-packages/pip/_vendor/pygments/formatters/__pycache__) by extensions ['python_setup_py']
[0.952s] Level 1:colcon.colcon_core.package_identification:_identify(venv/lib/python3.10/site-packages/pip/_vendor/pygments/formatters/__pycache__) by extension 'python_setup_py'
[0.952s] Level 1:colcon.colcon_core.package_identification:_identify(venv/lib/python3.10/site-packages/pip/_vendor/pygments/lexers) by extensions ['ignore', 'ignore_ament_install']
[0.952s] Level 1:colcon.colcon_core.package_identification:_identify(venv/lib/python3.10/site-packages/pip/_vendor/pygments/lexers) by extension 'ignore'
[0.952s] Level 1:colcon.colcon_core.package_identification:_identify(venv/lib/python3.10/site-packages/pip/_vendor/pygments/lexers) by extension 'ignore_ament_install'
[0.952s] Level 1:colcon.colcon_core.package_identification:_identify(venv/lib/python3.10/site-packages/pip/_vendor/pygments/lexers) by extensions ['colcon_pkg']
[0.952s] Level 1:colcon.colcon_core.package_identification:_identify(venv/lib/python3.10/site-packages/pip/_vendor/pygments/lexers) by extension 'colcon_pkg'
[0.952s] Level 1:colcon.colcon_core.package_identification:_identify(venv/lib/python3.10/site-packages/pip/_vendor/pygments/lexers) by extensions ['colcon_meta']
[0.952s] Level 1:colcon.colcon_core.package_identification:_identify(venv/lib/python3.10/site-packages/pip/_vendor/pygments/lexers) by extension 'colcon_meta'
[0.952s] Level 1:colcon.colcon_core.package_identification:_identify(venv/lib/python3.10/site-packages/pip/_vendor/pygments/lexers) by extensions ['ros']
[0.952s] Level 1:colcon.colcon_core.package_identification:_identify(venv/lib/python3.10/site-packages/pip/_vendor/pygments/lexers) by extension 'ros'
[0.952s] Level 1:colcon.colcon_core.package_identification:_identify(venv/lib/python3.10/site-packages/pip/_vendor/pygments/lexers) by extensions ['cmake', 'python']
[0.952s] Level 1:colcon.colcon_core.package_identification:_identify(venv/lib/python3.10/site-packages/pip/_vendor/pygments/lexers) by extension 'cmake'
[0.952s] Level 1:colcon.colcon_core.package_identification:_identify(venv/lib/python3.10/site-packages/pip/_vendor/pygments/lexers) by extension 'python'
[0.953s] Level 1:colcon.colcon_core.package_identification:_identify(venv/lib/python3.10/site-packages/pip/_vendor/pygments/lexers) by extensions ['python_setup_py']
[0.953s] Level 1:colcon.colcon_core.package_identification:_identify(venv/lib/python3.10/site-packages/pip/_vendor/pygments/lexers) by extension 'python_setup_py'
[0.953s] Level 1:colcon.colcon_core.package_identification:_identify(venv/lib/python3.10/site-packages/pip/_vendor/pygments/lexers/__pycache__) by extensions ['ignore', 'ignore_ament_install']
[0.953s] Level 1:colcon.colcon_core.package_identification:_identify(venv/lib/python3.10/site-packages/pip/_vendor/pygments/lexers/__pycache__) by extension 'ignore'
[0.953s] Level 1:colcon.colcon_core.package_identification:_identify(venv/lib/python3.10/site-packages/pip/_vendor/pygments/lexers/__pycache__) by extension 'ignore_ament_install'
[0.953s] Level 1:colcon.colcon_core.package_identification:_identify(venv/lib/python3.10/site-packages/pip/_vendor/pygments/lexers/__pycache__) by extensions ['colcon_pkg']
[0.953s] Level 1:colcon.colcon_core.package_identification:_identify(venv/lib/python3.10/site-packages/pip/_vendor/pygments/lexers/__pycache__) by extension 'colcon_pkg'
[0.953s] Level 1:colcon.colcon_core.package_identification:_identify(venv/lib/python3.10/site-packages/pip/_vendor/pygments/lexers/__pycache__) by extensions ['colcon_meta']
[0.953s] Level 1:colcon.colcon_core.package_identification:_identify(venv/lib/python3.10/site-packages/pip/_vendor/pygments/lexers/__pycache__) by extension 'colcon_meta'
[0.953s] Level 1:colcon.colcon_core.package_identification:_identify(venv/lib/python3.10/site-packages/pip/_vendor/pygments/lexers/__pycache__) by extensions ['ros']
[0.953s] Level 1:colcon.colcon_core.package_identification:_identify(venv/lib/python3.10/site-packages/pip/_vendor/pygments/lexers/__pycache__) by extension 'ros'
[0.953s] Level 1:colcon.colcon_core.package_identification:_identify(venv/lib/python3.10/site-packages/pip/_vendor/pygments/lexers/__pycache__) by extensions ['cmake', 'python']
[0.953s] Level 1:colcon.colcon_core.package_identification:_identify(venv/lib/python3.10/site-packages/pip/_vendor/pygments/lexers/__pycache__) by extension 'cmake'
[0.953s] Level 1:colcon.colcon_core.package_identification:_identify(venv/lib/python3.10/site-packages/pip/_vendor/pygments/lexers/__pycache__) by extension 'python'
[0.953s] Level 1:colcon.colcon_core.package_identification:_identify(venv/lib/python3.10/site-packages/pip/_vendor/pygments/lexers/__pycache__) by extensions ['python_setup_py']
[0.953s] Level 1:colcon.colcon_core.package_identification:_identify(venv/lib/python3.10/site-packages/pip/_vendor/pygments/lexers/__pycache__) by extension 'python_setup_py'
[0.953s] Level 1:colcon.colcon_core.package_identification:_identify(venv/lib/python3.10/site-packages/pip/_vendor/pygments/styles) by extensions ['ignore', 'ignore_ament_install']
[0.953s] Level 1:colcon.colcon_core.package_identification:_identify(venv/lib/python3.10/site-packages/pip/_vendor/pygments/styles) by extension 'ignore'
[0.953s] Level 1:colcon.colcon_core.package_identification:_identify(venv/lib/python3.10/site-packages/pip/_vendor/pygments/styles) by extension 'ignore_ament_install'
[0.953s] Level 1:colcon.colcon_core.package_identification:_identify(venv/lib/python3.10/site-packages/pip/_vendor/pygments/styles) by extensions ['colcon_pkg']
[0.953s] Level 1:colcon.colcon_core.package_identification:_identify(venv/lib/python3.10/site-packages/pip/_vendor/pygments/styles) by extension 'colcon_pkg'
[0.953s] Level 1:colcon.colcon_core.package_identification:_identify(venv/lib/python3.10/site-packages/pip/_vendor/pygments/styles) by extensions ['colcon_meta']
[0.953s] Level 1:colcon.colcon_core.package_identification:_identify(venv/lib/python3.10/site-packages/pip/_vendor/pygments/styles) by extension 'colcon_meta'
[0.953s] Level 1:colcon.colcon_core.package_identification:_identify(venv/lib/python3.10/site-packages/pip/_vendor/pygments/styles) by extensions ['ros']
[0.953s] Level 1:colcon.colcon_core.package_identification:_identify(venv/lib/python3.10/site-packages/pip/_vendor/pygments/styles) by extension 'ros'
[0.953s] Level 1:colcon.colcon_core.package_identification:_identify(venv/lib/python3.10/site-packages/pip/_vendor/pygments/styles) by extensions ['cmake', 'python']
[0.953s] Level 1:colcon.colcon_core.package_identification:_identify(venv/lib/python3.10/site-packages/pip/_vendor/pygments/styles) by extension 'cmake'
[0.953s] Level 1:colcon.colcon_core.package_identification:_identify(venv/lib/python3.10/site-packages/pip/_vendor/pygments/styles) by extension 'python'
[0.953s] Level 1:colcon.colcon_core.package_identification:_identify(venv/lib/python3.10/site-packages/pip/_vendor/pygments/styles) by extensions ['python_setup_py']
[0.953s] Level 1:colcon.colcon_core.package_identification:_identify(venv/lib/python3.10/site-packages/pip/_vendor/pygments/styles) by extension 'python_setup_py'
[0.953s] Level 1:colcon.colcon_core.package_identification:_identify(venv/lib/python3.10/site-packages/pip/_vendor/pygments/styles/__pycache__) by extensions ['ignore', 'ignore_ament_install']
[0.953s] Level 1:colcon.colcon_core.package_identification:_identify(venv/lib/python3.10/site-packages/pip/_vendor/pygments/styles/__pycache__) by extension 'ignore'
[0.953s] Level 1:colcon.colcon_core.package_identification:_identify(venv/lib/python3.10/site-packages/pip/_vendor/pygments/styles/__pycache__) by extension 'ignore_ament_install'
[0.953s] Level 1:colcon.colcon_core.package_identification:_identify(venv/lib/python3.10/site-packages/pip/_vendor/pygments/styles/__pycache__) by extensions ['colcon_pkg']
[0.953s] Level 1:colcon.colcon_core.package_identification:_identify(venv/lib/python3.10/site-packages/pip/_vendor/pygments/styles/__pycache__) by extension 'colcon_pkg'
[0.954s] Level 1:colcon.colcon_core.package_identification:_identify(venv/lib/python3.10/site-packages/pip/_vendor/pygments/styles/__pycache__) by extensions ['colcon_meta']
[0.954s] Level 1:colcon.colcon_core.package_identification:_identify(venv/lib/python3.10/site-packages/pip/_vendor/pygments/styles/__pycache__) by extension 'colcon_meta'
[0.954s] Level 1:colcon.colcon_core.package_identification:_identify(venv/lib/python3.10/site-packages/pip/_vendor/pygments/styles/__pycache__) by extensions ['ros']
[0.954s] Level 1:colcon.colcon_core.package_identification:_identify(venv/lib/python3.10/site-packages/pip/_vendor/pygments/styles/__pycache__) by extension 'ros'
[0.954s] Level 1:colcon.colcon_core.package_identification:_identify(venv/lib/python3.10/site-packages/pip/_vendor/pygments/styles/__pycache__) by extensions ['cmake', 'python']
[0.954s] Level 1:colcon.colcon_core.package_identification:_identify(venv/lib/python3.10/site-packages/pip/_vendor/pygments/styles/__pycache__) by extension 'cmake'
[0.954s] Level 1:colcon.colcon_core.package_identification:_identify(venv/lib/python3.10/site-packages/pip/_vendor/pygments/styles/__pycache__) by extension 'python'
[0.954s] Level 1:colcon.colcon_core.package_identification:_identify(venv/lib/python3.10/site-packages/pip/_vendor/pygments/styles/__pycache__) by extensions ['python_setup_py']
[0.954s] Level 1:colcon.colcon_core.package_identification:_identify(venv/lib/python3.10/site-packages/pip/_vendor/pygments/styles/__pycache__) by extension 'python_setup_py'
[0.954s] Level 1:colcon.colcon_core.package_identification:_identify(venv/lib/python3.10/site-packages/pip/_vendor/pyparsing) by extensions ['ignore', 'ignore_ament_install']
[0.954s] Level 1:colcon.colcon_core.package_identification:_identify(venv/lib/python3.10/site-packages/pip/_vendor/pyparsing) by extension 'ignore'
[0.954s] Level 1:colcon.colcon_core.package_identification:_identify(venv/lib/python3.10/site-packages/pip/_vendor/pyparsing) by extension 'ignore_ament_install'
[0.954s] Level 1:colcon.colcon_core.package_identification:_identify(venv/lib/python3.10/site-packages/pip/_vendor/pyparsing) by extensions ['colcon_pkg']
[0.954s] Level 1:colcon.colcon_core.package_identification:_identify(venv/lib/python3.10/site-packages/pip/_vendor/pyparsing) by extension 'colcon_pkg'
[0.954s] Level 1:colcon.colcon_core.package_identification:_identify(venv/lib/python3.10/site-packages/pip/_vendor/pyparsing) by extensions ['colcon_meta']
[0.954s] Level 1:colcon.colcon_core.package_identification:_identify(venv/lib/python3.10/site-packages/pip/_vendor/pyparsing) by extension 'colcon_meta'
[0.954s] Level 1:colcon.colcon_core.package_identification:_identify(venv/lib/python3.10/site-packages/pip/_vendor/pyparsing) by extensions ['ros']
[0.954s] Level 1:colcon.colcon_core.package_identification:_identify(venv/lib/python3.10/site-packages/pip/_vendor/pyparsing) by extension 'ros'
[0.954s] Level 1:colcon.colcon_core.package_identification:_identify(venv/lib/python3.10/site-packages/pip/_vendor/pyparsing) by extensions ['cmake', 'python']
[0.954s] Level 1:colcon.colcon_core.package_identification:_identify(venv/lib/python3.10/site-packages/pip/_vendor/pyparsing) by extension 'cmake'
[0.954s] Level 1:colcon.colcon_core.package_identification:_identify(venv/lib/python3.10/site-packages/pip/_vendor/pyparsing) by extension 'python'
[0.954s] Level 1:colcon.colcon_core.package_identification:_identify(venv/lib/python3.10/site-packages/pip/_vendor/pyparsing) by extensions ['python_setup_py']
[0.954s] Level 1:colcon.colcon_core.package_identification:_identify(venv/lib/python3.10/site-packages/pip/_vendor/pyparsing) by extension 'python_setup_py'
[0.954s] Level 1:colcon.colcon_core.package_identification:_identify(venv/lib/python3.10/site-packages/pip/_vendor/pyparsing/__pycache__) by extensions ['ignore', 'ignore_ament_install']
[0.954s] Level 1:colcon.colcon_core.package_identification:_identify(venv/lib/python3.10/site-packages/pip/_vendor/pyparsing/__pycache__) by extension 'ignore'
[0.954s] Level 1:colcon.colcon_core.package_identification:_identify(venv/lib/python3.10/site-packages/pip/_vendor/pyparsing/__pycache__) by extension 'ignore_ament_install'
[0.954s] Level 1:colcon.colcon_core.package_identification:_identify(venv/lib/python3.10/site-packages/pip/_vendor/pyparsing/__pycache__) by extensions ['colcon_pkg']
[0.954s] Level 1:colcon.colcon_core.package_identification:_identify(venv/lib/python3.10/site-packages/pip/_vendor/pyparsing/__pycache__) by extension 'colcon_pkg'
[0.954s] Level 1:colcon.colcon_core.package_identification:_identify(venv/lib/python3.10/site-packages/pip/_vendor/pyparsing/__pycache__) by extensions ['colcon_meta']
[0.954s] Level 1:colcon.colcon_core.package_identification:_identify(venv/lib/python3.10/site-packages/pip/_vendor/pyparsing/__pycache__) by extension 'colcon_meta'
[0.954s] Level 1:colcon.colcon_core.package_identification:_identify(venv/lib/python3.10/site-packages/pip/_vendor/pyparsing/__pycache__) by extensions ['ros']
[0.954s] Level 1:colcon.colcon_core.package_identification:_identify(venv/lib/python3.10/site-packages/pip/_vendor/pyparsing/__pycache__) by extension 'ros'
[0.954s] Level 1:colcon.colcon_core.package_identification:_identify(venv/lib/python3.10/site-packages/pip/_vendor/pyparsing/__pycache__) by extensions ['cmake', 'python']
[0.954s] Level 1:colcon.colcon_core.package_identification:_identify(venv/lib/python3.10/site-packages/pip/_vendor/pyparsing/__pycache__) by extension 'cmake'
[0.954s] Level 1:colcon.colcon_core.package_identification:_identify(venv/lib/python3.10/site-packages/pip/_vendor/pyparsing/__pycache__) by extension 'python'
[0.955s] Level 1:colcon.colcon_core.package_identification:_identify(venv/lib/python3.10/site-packages/pip/_vendor/pyparsing/__pycache__) by extensions ['python_setup_py']
[0.955s] Level 1:colcon.colcon_core.package_identification:_identify(venv/lib/python3.10/site-packages/pip/_vendor/pyparsing/__pycache__) by extension 'python_setup_py'
[0.955s] Level 1:colcon.colcon_core.package_identification:_identify(venv/lib/python3.10/site-packages/pip/_vendor/pyparsing/diagram) by extensions ['ignore', 'ignore_ament_install']
[0.955s] Level 1:colcon.colcon_core.package_identification:_identify(venv/lib/python3.10/site-packages/pip/_vendor/pyparsing/diagram) by extension 'ignore'
[0.955s] Level 1:colcon.colcon_core.package_identification:_identify(venv/lib/python3.10/site-packages/pip/_vendor/pyparsing/diagram) by extension 'ignore_ament_install'
[0.955s] Level 1:colcon.colcon_core.package_identification:_identify(venv/lib/python3.10/site-packages/pip/_vendor/pyparsing/diagram) by extensions ['colcon_pkg']
[0.955s] Level 1:colcon.colcon_core.package_identification:_identify(venv/lib/python3.10/site-packages/pip/_vendor/pyparsing/diagram) by extension 'colcon_pkg'
[0.955s] Level 1:colcon.colcon_core.package_identification:_identify(venv/lib/python3.10/site-packages/pip/_vendor/pyparsing/diagram) by extensions ['colcon_meta']
[0.955s] Level 1:colcon.colcon_core.package_identification:_identify(venv/lib/python3.10/site-packages/pip/_vendor/pyparsing/diagram) by extension 'colcon_meta'
[0.955s] Level 1:colcon.colcon_core.package_identification:_identify(venv/lib/python3.10/site-packages/pip/_vendor/pyparsing/diagram) by extensions ['ros']
[0.955s] Level 1:colcon.colcon_core.package_identification:_identify(venv/lib/python3.10/site-packages/pip/_vendor/pyparsing/diagram) by extension 'ros'
[0.955s] Level 1:colcon.colcon_core.package_identification:_identify(venv/lib/python3.10/site-packages/pip/_vendor/pyparsing/diagram) by extensions ['cmake', 'python']
[0.955s] Level 1:colcon.colcon_core.package_identification:_identify(venv/lib/python3.10/site-packages/pip/_vendor/pyparsing/diagram) by extension 'cmake'
[0.955s] Level 1:colcon.colcon_core.package_identification:_identify(venv/lib/python3.10/site-packages/pip/_vendor/pyparsing/diagram) by extension 'python'
[0.955s] Level 1:colcon.colcon_core.package_identification:_identify(venv/lib/python3.10/site-packages/pip/_vendor/pyparsing/diagram) by extensions ['python_setup_py']
[0.955s] Level 1:colcon.colcon_core.package_identification:_identify(venv/lib/python3.10/site-packages/pip/_vendor/pyparsing/diagram) by extension 'python_setup_py'
[0.955s] Level 1:colcon.colcon_core.package_identification:_identify(venv/lib/python3.10/site-packages/pip/_vendor/pyparsing/diagram/__pycache__) by extensions ['ignore', 'ignore_ament_install']
[0.955s] Level 1:colcon.colcon_core.package_identification:_identify(venv/lib/python3.10/site-packages/pip/_vendor/pyparsing/diagram/__pycache__) by extension 'ignore'
[0.955s] Level 1:colcon.colcon_core.package_identification:_identify(venv/lib/python3.10/site-packages/pip/_vendor/pyparsing/diagram/__pycache__) by extension 'ignore_ament_install'
[0.955s] Level 1:colcon.colcon_core.package_identification:_identify(venv/lib/python3.10/site-packages/pip/_vendor/pyparsing/diagram/__pycache__) by extensions ['colcon_pkg']
[0.955s] Level 1:colcon.colcon_core.package_identification:_identify(venv/lib/python3.10/site-packages/pip/_vendor/pyparsing/diagram/__pycache__) by extension 'colcon_pkg'
[0.955s] Level 1:colcon.colcon_core.package_identification:_identify(venv/lib/python3.10/site-packages/pip/_vendor/pyparsing/diagram/__pycache__) by extensions ['colcon_meta']
[0.955s] Level 1:colcon.colcon_core.package_identification:_identify(venv/lib/python3.10/site-packages/pip/_vendor/pyparsing/diagram/__pycache__) by extension 'colcon_meta'
[0.955s] Level 1:colcon.colcon_core.package_identification:_identify(venv/lib/python3.10/site-packages/pip/_vendor/pyparsing/diagram/__pycache__) by extensions ['ros']
[0.955s] Level 1:colcon.colcon_core.package_identification:_identify(venv/lib/python3.10/site-packages/pip/_vendor/pyparsing/diagram/__pycache__) by extension 'ros'
[0.955s] Level 1:colcon.colcon_core.package_identification:_identify(venv/lib/python3.10/site-packages/pip/_vendor/pyparsing/diagram/__pycache__) by extensions ['cmake', 'python']
[0.955s] Level 1:colcon.colcon_core.package_identification:_identify(venv/lib/python3.10/site-packages/pip/_vendor/pyparsing/diagram/__pycache__) by extension 'cmake'
[0.955s] Level 1:colcon.colcon_core.package_identification:_identify(venv/lib/python3.10/site-packages/pip/_vendor/pyparsing/diagram/__pycache__) by extension 'python'
[0.955s] Level 1:colcon.colcon_core.package_identification:_identify(venv/lib/python3.10/site-packages/pip/_vendor/pyparsing/diagram/__pycache__) by extensions ['python_setup_py']
[0.955s] Level 1:colcon.colcon_core.package_identification:_identify(venv/lib/python3.10/site-packages/pip/_vendor/pyparsing/diagram/__pycache__) by extension 'python_setup_py'
[0.955s] Level 1:colcon.colcon_core.package_identification:_identify(venv/lib/python3.10/site-packages/pip/_vendor/requests) by extensions ['ignore', 'ignore_ament_install']
[0.955s] Level 1:colcon.colcon_core.package_identification:_identify(venv/lib/python3.10/site-packages/pip/_vendor/requests) by extension 'ignore'
[0.955s] Level 1:colcon.colcon_core.package_identification:_identify(venv/lib/python3.10/site-packages/pip/_vendor/requests) by extension 'ignore_ament_install'
[0.956s] Level 1:colcon.colcon_core.package_identification:_identify(venv/lib/python3.10/site-packages/pip/_vendor/requests) by extensions ['colcon_pkg']
[0.956s] Level 1:colcon.colcon_core.package_identification:_identify(venv/lib/python3.10/site-packages/pip/_vendor/requests) by extension 'colcon_pkg'
[0.956s] Level 1:colcon.colcon_core.package_identification:_identify(venv/lib/python3.10/site-packages/pip/_vendor/requests) by extensions ['colcon_meta']
[0.956s] Level 1:colcon.colcon_core.package_identification:_identify(venv/lib/python3.10/site-packages/pip/_vendor/requests) by extension 'colcon_meta'
[0.956s] Level 1:colcon.colcon_core.package_identification:_identify(venv/lib/python3.10/site-packages/pip/_vendor/requests) by extensions ['ros']
[0.956s] Level 1:colcon.colcon_core.package_identification:_identify(venv/lib/python3.10/site-packages/pip/_vendor/requests) by extension 'ros'
[0.956s] Level 1:colcon.colcon_core.package_identification:_identify(venv/lib/python3.10/site-packages/pip/_vendor/requests) by extensions ['cmake', 'python']
[0.956s] Level 1:colcon.colcon_core.package_identification:_identify(venv/lib/python3.10/site-packages/pip/_vendor/requests) by extension 'cmake'
[0.956s] Level 1:colcon.colcon_core.package_identification:_identify(venv/lib/python3.10/site-packages/pip/_vendor/requests) by extension 'python'
[0.956s] Level 1:colcon.colcon_core.package_identification:_identify(venv/lib/python3.10/site-packages/pip/_vendor/requests) by extensions ['python_setup_py']
[0.956s] Level 1:colcon.colcon_core.package_identification:_identify(venv/lib/python3.10/site-packages/pip/_vendor/requests) by extension 'python_setup_py'
[0.956s] Level 1:colcon.colcon_core.package_identification:_identify(venv/lib/python3.10/site-packages/pip/_vendor/requests/__pycache__) by extensions ['ignore', 'ignore_ament_install']
[0.956s] Level 1:colcon.colcon_core.package_identification:_identify(venv/lib/python3.10/site-packages/pip/_vendor/requests/__pycache__) by extension 'ignore'
[0.956s] Level 1:colcon.colcon_core.package_identification:_identify(venv/lib/python3.10/site-packages/pip/_vendor/requests/__pycache__) by extension 'ignore_ament_install'
[0.956s] Level 1:colcon.colcon_core.package_identification:_identify(venv/lib/python3.10/site-packages/pip/_vendor/requests/__pycache__) by extensions ['colcon_pkg']
[0.956s] Level 1:colcon.colcon_core.package_identification:_identify(venv/lib/python3.10/site-packages/pip/_vendor/requests/__pycache__) by extension 'colcon_pkg'
[0.956s] Level 1:colcon.colcon_core.package_identification:_identify(venv/lib/python3.10/site-packages/pip/_vendor/requests/__pycache__) by extensions ['colcon_meta']
[0.956s] Level 1:colcon.colcon_core.package_identification:_identify(venv/lib/python3.10/site-packages/pip/_vendor/requests/__pycache__) by extension 'colcon_meta'
[0.956s] Level 1:colcon.colcon_core.package_identification:_identify(venv/lib/python3.10/site-packages/pip/_vendor/requests/__pycache__) by extensions ['ros']
[0.956s] Level 1:colcon.colcon_core.package_identification:_identify(venv/lib/python3.10/site-packages/pip/_vendor/requests/__pycache__) by extension 'ros'
[0.956s] Level 1:colcon.colcon_core.package_identification:_identify(venv/lib/python3.10/site-packages/pip/_vendor/requests/__pycache__) by extensions ['cmake', 'python']
[0.956s] Level 1:colcon.colcon_core.package_identification:_identify(venv/lib/python3.10/site-packages/pip/_vendor/requests/__pycache__) by extension 'cmake'
[0.956s] Level 1:colcon.colcon_core.package_identification:_identify(venv/lib/python3.10/site-packages/pip/_vendor/requests/__pycache__) by extension 'python'
[0.956s] Level 1:colcon.colcon_core.package_identification:_identify(venv/lib/python3.10/site-packages/pip/_vendor/requests/__pycache__) by extensions ['python_setup_py']
[0.956s] Level 1:colcon.colcon_core.package_identification:_identify(venv/lib/python3.10/site-packages/pip/_vendor/requests/__pycache__) by extension 'python_setup_py'
[0.956s] Level 1:colcon.colcon_core.package_identification:_identify(venv/lib/python3.10/site-packages/pip/_vendor/resolvelib) by extensions ['ignore', 'ignore_ament_install']
[0.956s] Level 1:colcon.colcon_core.package_identification:_identify(venv/lib/python3.10/site-packages/pip/_vendor/resolvelib) by extension 'ignore'
[0.956s] Level 1:colcon.colcon_core.package_identification:_identify(venv/lib/python3.10/site-packages/pip/_vendor/resolvelib) by extension 'ignore_ament_install'
[0.956s] Level 1:colcon.colcon_core.package_identification:_identify(venv/lib/python3.10/site-packages/pip/_vendor/resolvelib) by extensions ['colcon_pkg']
[0.956s] Level 1:colcon.colcon_core.package_identification:_identify(venv/lib/python3.10/site-packages/pip/_vendor/resolvelib) by extension 'colcon_pkg'
[0.956s] Level 1:colcon.colcon_core.package_identification:_identify(venv/lib/python3.10/site-packages/pip/_vendor/resolvelib) by extensions ['colcon_meta']
[0.956s] Level 1:colcon.colcon_core.package_identification:_identify(venv/lib/python3.10/site-packages/pip/_vendor/resolvelib) by extension 'colcon_meta'
[0.956s] Level 1:colcon.colcon_core.package_identification:_identify(venv/lib/python3.10/site-packages/pip/_vendor/resolvelib) by extensions ['ros']
[0.956s] Level 1:colcon.colcon_core.package_identification:_identify(venv/lib/python3.10/site-packages/pip/_vendor/resolvelib) by extension 'ros'
[0.956s] Level 1:colcon.colcon_core.package_identification:_identify(venv/lib/python3.10/site-packages/pip/_vendor/resolvelib) by extensions ['cmake', 'python']
[0.956s] Level 1:colcon.colcon_core.package_identification:_identify(venv/lib/python3.10/site-packages/pip/_vendor/resolvelib) by extension 'cmake'
[0.956s] Level 1:colcon.colcon_core.package_identification:_identify(venv/lib/python3.10/site-packages/pip/_vendor/resolvelib) by extension 'python'
[0.957s] Level 1:colcon.colcon_core.package_identification:_identify(venv/lib/python3.10/site-packages/pip/_vendor/resolvelib) by extensions ['python_setup_py']
[0.957s] Level 1:colcon.colcon_core.package_identification:_identify(venv/lib/python3.10/site-packages/pip/_vendor/resolvelib) by extension 'python_setup_py'
[0.957s] Level 1:colcon.colcon_core.package_identification:_identify(venv/lib/python3.10/site-packages/pip/_vendor/resolvelib/__pycache__) by extensions ['ignore', 'ignore_ament_install']
[0.957s] Level 1:colcon.colcon_core.package_identification:_identify(venv/lib/python3.10/site-packages/pip/_vendor/resolvelib/__pycache__) by extension 'ignore'
[0.957s] Level 1:colcon.colcon_core.package_identification:_identify(venv/lib/python3.10/site-packages/pip/_vendor/resolvelib/__pycache__) by extension 'ignore_ament_install'
[0.957s] Level 1:colcon.colcon_core.package_identification:_identify(venv/lib/python3.10/site-packages/pip/_vendor/resolvelib/__pycache__) by extensions ['colcon_pkg']
[0.957s] Level 1:colcon.colcon_core.package_identification:_identify(venv/lib/python3.10/site-packages/pip/_vendor/resolvelib/__pycache__) by extension 'colcon_pkg'
[0.957s] Level 1:colcon.colcon_core.package_identification:_identify(venv/lib/python3.10/site-packages/pip/_vendor/resolvelib/__pycache__) by extensions ['colcon_meta']
[0.957s] Level 1:colcon.colcon_core.package_identification:_identify(venv/lib/python3.10/site-packages/pip/_vendor/resolvelib/__pycache__) by extension 'colcon_meta'
[0.957s] Level 1:colcon.colcon_core.package_identification:_identify(venv/lib/python3.10/site-packages/pip/_vendor/resolvelib/__pycache__) by extensions ['ros']
[0.957s] Level 1:colcon.colcon_core.package_identification:_identify(venv/lib/python3.10/site-packages/pip/_vendor/resolvelib/__pycache__) by extension 'ros'
[0.957s] Level 1:colcon.colcon_core.package_identification:_identify(venv/lib/python3.10/site-packages/pip/_vendor/resolvelib/__pycache__) by extensions ['cmake', 'python']
[0.957s] Level 1:colcon.colcon_core.package_identification:_identify(venv/lib/python3.10/site-packages/pip/_vendor/resolvelib/__pycache__) by extension 'cmake'
[0.957s] Level 1:colcon.colcon_core.package_identification:_identify(venv/lib/python3.10/site-packages/pip/_vendor/resolvelib/__pycache__) by extension 'python'
[0.957s] Level 1:colcon.colcon_core.package_identification:_identify(venv/lib/python3.10/site-packages/pip/_vendor/resolvelib/__pycache__) by extensions ['python_setup_py']
[0.957s] Level 1:colcon.colcon_core.package_identification:_identify(venv/lib/python3.10/site-packages/pip/_vendor/resolvelib/__pycache__) by extension 'python_setup_py'
[0.957s] Level 1:colcon.colcon_core.package_identification:_identify(venv/lib/python3.10/site-packages/pip/_vendor/resolvelib/compat) by extensions ['ignore', 'ignore_ament_install']
[0.957s] Level 1:colcon.colcon_core.package_identification:_identify(venv/lib/python3.10/site-packages/pip/_vendor/resolvelib/compat) by extension 'ignore'
[0.957s] Level 1:colcon.colcon_core.package_identification:_identify(venv/lib/python3.10/site-packages/pip/_vendor/resolvelib/compat) by extension 'ignore_ament_install'
[0.957s] Level 1:colcon.colcon_core.package_identification:_identify(venv/lib/python3.10/site-packages/pip/_vendor/resolvelib/compat) by extensions ['colcon_pkg']
[0.957s] Level 1:colcon.colcon_core.package_identification:_identify(venv/lib/python3.10/site-packages/pip/_vendor/resolvelib/compat) by extension 'colcon_pkg'
[0.957s] Level 1:colcon.colcon_core.package_identification:_identify(venv/lib/python3.10/site-packages/pip/_vendor/resolvelib/compat) by extensions ['colcon_meta']
[0.957s] Level 1:colcon.colcon_core.package_identification:_identify(venv/lib/python3.10/site-packages/pip/_vendor/resolvelib/compat) by extension 'colcon_meta'
[0.957s] Level 1:colcon.colcon_core.package_identification:_identify(venv/lib/python3.10/site-packages/pip/_vendor/resolvelib/compat) by extensions ['ros']
[0.957s] Level 1:colcon.colcon_core.package_identification:_identify(venv/lib/python3.10/site-packages/pip/_vendor/resolvelib/compat) by extension 'ros'
[0.957s] Level 1:colcon.colcon_core.package_identification:_identify(venv/lib/python3.10/site-packages/pip/_vendor/resolvelib/compat) by extensions ['cmake', 'python']
[0.957s] Level 1:colcon.colcon_core.package_identification:_identify(venv/lib/python3.10/site-packages/pip/_vendor/resolvelib/compat) by extension 'cmake'
[0.957s] Level 1:colcon.colcon_core.package_identification:_identify(venv/lib/python3.10/site-packages/pip/_vendor/resolvelib/compat) by extension 'python'
[0.957s] Level 1:colcon.colcon_core.package_identification:_identify(venv/lib/python3.10/site-packages/pip/_vendor/resolvelib/compat) by extensions ['python_setup_py']
[0.957s] Level 1:colcon.colcon_core.package_identification:_identify(venv/lib/python3.10/site-packages/pip/_vendor/resolvelib/compat) by extension 'python_setup_py'
[0.957s] Level 1:colcon.colcon_core.package_identification:_identify(venv/lib/python3.10/site-packages/pip/_vendor/resolvelib/compat/__pycache__) by extensions ['ignore', 'ignore_ament_install']
[0.957s] Level 1:colcon.colcon_core.package_identification:_identify(venv/lib/python3.10/site-packages/pip/_vendor/resolvelib/compat/__pycache__) by extension 'ignore'
[0.957s] Level 1:colcon.colcon_core.package_identification:_identify(venv/lib/python3.10/site-packages/pip/_vendor/resolvelib/compat/__pycache__) by extension 'ignore_ament_install'
[0.958s] Level 1:colcon.colcon_core.package_identification:_identify(venv/lib/python3.10/site-packages/pip/_vendor/resolvelib/compat/__pycache__) by extensions ['colcon_pkg']
[0.958s] Level 1:colcon.colcon_core.package_identification:_identify(venv/lib/python3.10/site-packages/pip/_vendor/resolvelib/compat/__pycache__) by extension 'colcon_pkg'
[0.958s] Level 1:colcon.colcon_core.package_identification:_identify(venv/lib/python3.10/site-packages/pip/_vendor/resolvelib/compat/__pycache__) by extensions ['colcon_meta']
[0.958s] Level 1:colcon.colcon_core.package_identification:_identify(venv/lib/python3.10/site-packages/pip/_vendor/resolvelib/compat/__pycache__) by extension 'colcon_meta'
[0.958s] Level 1:colcon.colcon_core.package_identification:_identify(venv/lib/python3.10/site-packages/pip/_vendor/resolvelib/compat/__pycache__) by extensions ['ros']
[0.958s] Level 1:colcon.colcon_core.package_identification:_identify(venv/lib/python3.10/site-packages/pip/_vendor/resolvelib/compat/__pycache__) by extension 'ros'
[0.958s] Level 1:colcon.colcon_core.package_identification:_identify(venv/lib/python3.10/site-packages/pip/_vendor/resolvelib/compat/__pycache__) by extensions ['cmake', 'python']
[0.958s] Level 1:colcon.colcon_core.package_identification:_identify(venv/lib/python3.10/site-packages/pip/_vendor/resolvelib/compat/__pycache__) by extension 'cmake'
[0.958s] Level 1:colcon.colcon_core.package_identification:_identify(venv/lib/python3.10/site-packages/pip/_vendor/resolvelib/compat/__pycache__) by extension 'python'
[0.958s] Level 1:colcon.colcon_core.package_identification:_identify(venv/lib/python3.10/site-packages/pip/_vendor/resolvelib/compat/__pycache__) by extensions ['python_setup_py']
[0.958s] Level 1:colcon.colcon_core.package_identification:_identify(venv/lib/python3.10/site-packages/pip/_vendor/resolvelib/compat/__pycache__) by extension 'python_setup_py'
[0.958s] Level 1:colcon.colcon_core.package_identification:_identify(venv/lib/python3.10/site-packages/pip/_vendor/rich) by extensions ['ignore', 'ignore_ament_install']
[0.958s] Level 1:colcon.colcon_core.package_identification:_identify(venv/lib/python3.10/site-packages/pip/_vendor/rich) by extension 'ignore'
[0.958s] Level 1:colcon.colcon_core.package_identification:_identify(venv/lib/python3.10/site-packages/pip/_vendor/rich) by extension 'ignore_ament_install'
[0.958s] Level 1:colcon.colcon_core.package_identification:_identify(venv/lib/python3.10/site-packages/pip/_vendor/rich) by extensions ['colcon_pkg']
[0.958s] Level 1:colcon.colcon_core.package_identification:_identify(venv/lib/python3.10/site-packages/pip/_vendor/rich) by extension 'colcon_pkg'
[0.958s] Level 1:colcon.colcon_core.package_identification:_identify(venv/lib/python3.10/site-packages/pip/_vendor/rich) by extensions ['colcon_meta']
[0.958s] Level 1:colcon.colcon_core.package_identification:_identify(venv/lib/python3.10/site-packages/pip/_vendor/rich) by extension 'colcon_meta'
[0.958s] Level 1:colcon.colcon_core.package_identification:_identify(venv/lib/python3.10/site-packages/pip/_vendor/rich) by extensions ['ros']
[0.958s] Level 1:colcon.colcon_core.package_identification:_identify(venv/lib/python3.10/site-packages/pip/_vendor/rich) by extension 'ros'
[0.958s] Level 1:colcon.colcon_core.package_identification:_identify(venv/lib/python3.10/site-packages/pip/_vendor/rich) by extensions ['cmake', 'python']
[0.958s] Level 1:colcon.colcon_core.package_identification:_identify(venv/lib/python3.10/site-packages/pip/_vendor/rich) by extension 'cmake'
[0.958s] Level 1:colcon.colcon_core.package_identification:_identify(venv/lib/python3.10/site-packages/pip/_vendor/rich) by extension 'python'
[0.958s] Level 1:colcon.colcon_core.package_identification:_identify(venv/lib/python3.10/site-packages/pip/_vendor/rich) by extensions ['python_setup_py']
[0.958s] Level 1:colcon.colcon_core.package_identification:_identify(venv/lib/python3.10/site-packages/pip/_vendor/rich) by extension 'python_setup_py'
[0.958s] Level 1:colcon.colcon_core.package_identification:_identify(venv/lib/python3.10/site-packages/pip/_vendor/rich/__pycache__) by extensions ['ignore', 'ignore_ament_install']
[0.958s] Level 1:colcon.colcon_core.package_identification:_identify(venv/lib/python3.10/site-packages/pip/_vendor/rich/__pycache__) by extension 'ignore'
[0.958s] Level 1:colcon.colcon_core.package_identification:_identify(venv/lib/python3.10/site-packages/pip/_vendor/rich/__pycache__) by extension 'ignore_ament_install'
[0.958s] Level 1:colcon.colcon_core.package_identification:_identify(venv/lib/python3.10/site-packages/pip/_vendor/rich/__pycache__) by extensions ['colcon_pkg']
[0.958s] Level 1:colcon.colcon_core.package_identification:_identify(venv/lib/python3.10/site-packages/pip/_vendor/rich/__pycache__) by extension 'colcon_pkg'
[0.958s] Level 1:colcon.colcon_core.package_identification:_identify(venv/lib/python3.10/site-packages/pip/_vendor/rich/__pycache__) by extensions ['colcon_meta']
[0.958s] Level 1:colcon.colcon_core.package_identification:_identify(venv/lib/python3.10/site-packages/pip/_vendor/rich/__pycache__) by extension 'colcon_meta'
[0.958s] Level 1:colcon.colcon_core.package_identification:_identify(venv/lib/python3.10/site-packages/pip/_vendor/rich/__pycache__) by extensions ['ros']
[0.959s] Level 1:colcon.colcon_core.package_identification:_identify(venv/lib/python3.10/site-packages/pip/_vendor/rich/__pycache__) by extension 'ros'
[0.959s] Level 1:colcon.colcon_core.package_identification:_identify(venv/lib/python3.10/site-packages/pip/_vendor/rich/__pycache__) by extensions ['cmake', 'python']
[0.959s] Level 1:colcon.colcon_core.package_identification:_identify(venv/lib/python3.10/site-packages/pip/_vendor/rich/__pycache__) by extension 'cmake'
[0.959s] Level 1:colcon.colcon_core.package_identification:_identify(venv/lib/python3.10/site-packages/pip/_vendor/rich/__pycache__) by extension 'python'
[0.959s] Level 1:colcon.colcon_core.package_identification:_identify(venv/lib/python3.10/site-packages/pip/_vendor/rich/__pycache__) by extensions ['python_setup_py']
[0.959s] Level 1:colcon.colcon_core.package_identification:_identify(venv/lib/python3.10/site-packages/pip/_vendor/rich/__pycache__) by extension 'python_setup_py'
[0.959s] Level 1:colcon.colcon_core.package_identification:_identify(venv/lib/python3.10/site-packages/pip/_vendor/tenacity) by extensions ['ignore', 'ignore_ament_install']
[0.959s] Level 1:colcon.colcon_core.package_identification:_identify(venv/lib/python3.10/site-packages/pip/_vendor/tenacity) by extension 'ignore'
[0.959s] Level 1:colcon.colcon_core.package_identification:_identify(venv/lib/python3.10/site-packages/pip/_vendor/tenacity) by extension 'ignore_ament_install'
[0.959s] Level 1:colcon.colcon_core.package_identification:_identify(venv/lib/python3.10/site-packages/pip/_vendor/tenacity) by extensions ['colcon_pkg']
[0.959s] Level 1:colcon.colcon_core.package_identification:_identify(venv/lib/python3.10/site-packages/pip/_vendor/tenacity) by extension 'colcon_pkg'
[0.959s] Level 1:colcon.colcon_core.package_identification:_identify(venv/lib/python3.10/site-packages/pip/_vendor/tenacity) by extensions ['colcon_meta']
[0.959s] Level 1:colcon.colcon_core.package_identification:_identify(venv/lib/python3.10/site-packages/pip/_vendor/tenacity) by extension 'colcon_meta'
[0.959s] Level 1:colcon.colcon_core.package_identification:_identify(venv/lib/python3.10/site-packages/pip/_vendor/tenacity) by extensions ['ros']
[0.959s] Level 1:colcon.colcon_core.package_identification:_identify(venv/lib/python3.10/site-packages/pip/_vendor/tenacity) by extension 'ros'
[0.959s] Level 1:colcon.colcon_core.package_identification:_identify(venv/lib/python3.10/site-packages/pip/_vendor/tenacity) by extensions ['cmake', 'python']
[0.959s] Level 1:colcon.colcon_core.package_identification:_identify(venv/lib/python3.10/site-packages/pip/_vendor/tenacity) by extension 'cmake'
[0.959s] Level 1:colcon.colcon_core.package_identification:_identify(venv/lib/python3.10/site-packages/pip/_vendor/tenacity) by extension 'python'
[0.959s] Level 1:colcon.colcon_core.package_identification:_identify(venv/lib/python3.10/site-packages/pip/_vendor/tenacity) by extensions ['python_setup_py']
[0.959s] Level 1:colcon.colcon_core.package_identification:_identify(venv/lib/python3.10/site-packages/pip/_vendor/tenacity) by extension 'python_setup_py'
[0.959s] Level 1:colcon.colcon_core.package_identification:_identify(venv/lib/python3.10/site-packages/pip/_vendor/tenacity/__pycache__) by extensions ['ignore', 'ignore_ament_install']
[0.959s] Level 1:colcon.colcon_core.package_identification:_identify(venv/lib/python3.10/site-packages/pip/_vendor/tenacity/__pycache__) by extension 'ignore'
[0.959s] Level 1:colcon.colcon_core.package_identification:_identify(venv/lib/python3.10/site-packages/pip/_vendor/tenacity/__pycache__) by extension 'ignore_ament_install'
[0.959s] Level 1:colcon.colcon_core.package_identification:_identify(venv/lib/python3.10/site-packages/pip/_vendor/tenacity/__pycache__) by extensions ['colcon_pkg']
[0.959s] Level 1:colcon.colcon_core.package_identification:_identify(venv/lib/python3.10/site-packages/pip/_vendor/tenacity/__pycache__) by extension 'colcon_pkg'
[0.959s] Level 1:colcon.colcon_core.package_identification:_identify(venv/lib/python3.10/site-packages/pip/_vendor/tenacity/__pycache__) by extensions ['colcon_meta']
[0.959s] Level 1:colcon.colcon_core.package_identification:_identify(venv/lib/python3.10/site-packages/pip/_vendor/tenacity/__pycache__) by extension 'colcon_meta'
[0.959s] Level 1:colcon.colcon_core.package_identification:_identify(venv/lib/python3.10/site-packages/pip/_vendor/tenacity/__pycache__) by extensions ['ros']
[0.959s] Level 1:colcon.colcon_core.package_identification:_identify(venv/lib/python3.10/site-packages/pip/_vendor/tenacity/__pycache__) by extension 'ros'
[0.959s] Level 1:colcon.colcon_core.package_identification:_identify(venv/lib/python3.10/site-packages/pip/_vendor/tenacity/__pycache__) by extensions ['cmake', 'python']
[0.959s] Level 1:colcon.colcon_core.package_identification:_identify(venv/lib/python3.10/site-packages/pip/_vendor/tenacity/__pycache__) by extension 'cmake'
[0.959s] Level 1:colcon.colcon_core.package_identification:_identify(venv/lib/python3.10/site-packages/pip/_vendor/tenacity/__pycache__) by extension 'python'
[0.959s] Level 1:colcon.colcon_core.package_identification:_identify(venv/lib/python3.10/site-packages/pip/_vendor/tenacity/__pycache__) by extensions ['python_setup_py']
[0.959s] Level 1:colcon.colcon_core.package_identification:_identify(venv/lib/python3.10/site-packages/pip/_vendor/tenacity/__pycache__) by extension 'python_setup_py'
[0.959s] Level 1:colcon.colcon_core.package_identification:_identify(venv/lib/python3.10/site-packages/pip/_vendor/tomli) by extensions ['ignore', 'ignore_ament_install']
[0.960s] Level 1:colcon.colcon_core.package_identification:_identify(venv/lib/python3.10/site-packages/pip/_vendor/tomli) by extension 'ignore'
[0.960s] Level 1:colcon.colcon_core.package_identification:_identify(venv/lib/python3.10/site-packages/pip/_vendor/tomli) by extension 'ignore_ament_install'
[0.960s] Level 1:colcon.colcon_core.package_identification:_identify(venv/lib/python3.10/site-packages/pip/_vendor/tomli) by extensions ['colcon_pkg']
[0.960s] Level 1:colcon.colcon_core.package_identification:_identify(venv/lib/python3.10/site-packages/pip/_vendor/tomli) by extension 'colcon_pkg'
[0.960s] Level 1:colcon.colcon_core.package_identification:_identify(venv/lib/python3.10/site-packages/pip/_vendor/tomli) by extensions ['colcon_meta']
[0.960s] Level 1:colcon.colcon_core.package_identification:_identify(venv/lib/python3.10/site-packages/pip/_vendor/tomli) by extension 'colcon_meta'
[0.960s] Level 1:colcon.colcon_core.package_identification:_identify(venv/lib/python3.10/site-packages/pip/_vendor/tomli) by extensions ['ros']
[0.960s] Level 1:colcon.colcon_core.package_identification:_identify(venv/lib/python3.10/site-packages/pip/_vendor/tomli) by extension 'ros'
[0.960s] Level 1:colcon.colcon_core.package_identification:_identify(venv/lib/python3.10/site-packages/pip/_vendor/tomli) by extensions ['cmake', 'python']
[0.960s] Level 1:colcon.colcon_core.package_identification:_identify(venv/lib/python3.10/site-packages/pip/_vendor/tomli) by extension 'cmake'
[0.960s] Level 1:colcon.colcon_core.package_identification:_identify(venv/lib/python3.10/site-packages/pip/_vendor/tomli) by extension 'python'
[0.960s] Level 1:colcon.colcon_core.package_identification:_identify(venv/lib/python3.10/site-packages/pip/_vendor/tomli) by extensions ['python_setup_py']
[0.960s] Level 1:colcon.colcon_core.package_identification:_identify(venv/lib/python3.10/site-packages/pip/_vendor/tomli) by extension 'python_setup_py'
[0.960s] Level 1:colcon.colcon_core.package_identification:_identify(venv/lib/python3.10/site-packages/pip/_vendor/tomli/__pycache__) by extensions ['ignore', 'ignore_ament_install']
[0.960s] Level 1:colcon.colcon_core.package_identification:_identify(venv/lib/python3.10/site-packages/pip/_vendor/tomli/__pycache__) by extension 'ignore'
[0.960s] Level 1:colcon.colcon_core.package_identification:_identify(venv/lib/python3.10/site-packages/pip/_vendor/tomli/__pycache__) by extension 'ignore_ament_install'
[0.960s] Level 1:colcon.colcon_core.package_identification:_identify(venv/lib/python3.10/site-packages/pip/_vendor/tomli/__pycache__) by extensions ['colcon_pkg']
[0.960s] Level 1:colcon.colcon_core.package_identification:_identify(venv/lib/python3.10/site-packages/pip/_vendor/tomli/__pycache__) by extension 'colcon_pkg'
[0.960s] Level 1:colcon.colcon_core.package_identification:_identify(venv/lib/python3.10/site-packages/pip/_vendor/tomli/__pycache__) by extensions ['colcon_meta']
[0.960s] Level 1:colcon.colcon_core.package_identification:_identify(venv/lib/python3.10/site-packages/pip/_vendor/tomli/__pycache__) by extension 'colcon_meta'
[0.960s] Level 1:colcon.colcon_core.package_identification:_identify(venv/lib/python3.10/site-packages/pip/_vendor/tomli/__pycache__) by extensions ['ros']
[0.960s] Level 1:colcon.colcon_core.package_identification:_identify(venv/lib/python3.10/site-packages/pip/_vendor/tomli/__pycache__) by extension 'ros'
[0.960s] Level 1:colcon.colcon_core.package_identification:_identify(venv/lib/python3.10/site-packages/pip/_vendor/tomli/__pycache__) by extensions ['cmake', 'python']
[0.960s] Level 1:colcon.colcon_core.package_identification:_identify(venv/lib/python3.10/site-packages/pip/_vendor/tomli/__pycache__) by extension 'cmake'
[0.960s] Level 1:colcon.colcon_core.package_identification:_identify(venv/lib/python3.10/site-packages/pip/_vendor/tomli/__pycache__) by extension 'python'
[0.960s] Level 1:colcon.colcon_core.package_identification:_identify(venv/lib/python3.10/site-packages/pip/_vendor/tomli/__pycache__) by extensions ['python_setup_py']
[0.960s] Level 1:colcon.colcon_core.package_identification:_identify(venv/lib/python3.10/site-packages/pip/_vendor/tomli/__pycache__) by extension 'python_setup_py'
[0.960s] Level 1:colcon.colcon_core.package_identification:_identify(venv/lib/python3.10/site-packages/pip/_vendor/urllib3) by extensions ['ignore', 'ignore_ament_install']
[0.960s] Level 1:colcon.colcon_core.package_identification:_identify(venv/lib/python3.10/site-packages/pip/_vendor/urllib3) by extension 'ignore'
[0.960s] Level 1:colcon.colcon_core.package_identification:_identify(venv/lib/python3.10/site-packages/pip/_vendor/urllib3) by extension 'ignore_ament_install'
[0.960s] Level 1:colcon.colcon_core.package_identification:_identify(venv/lib/python3.10/site-packages/pip/_vendor/urllib3) by extensions ['colcon_pkg']
[0.960s] Level 1:colcon.colcon_core.package_identification:_identify(venv/lib/python3.10/site-packages/pip/_vendor/urllib3) by extension 'colcon_pkg'
[0.960s] Level 1:colcon.colcon_core.package_identification:_identify(venv/lib/python3.10/site-packages/pip/_vendor/urllib3) by extensions ['colcon_meta']
[0.960s] Level 1:colcon.colcon_core.package_identification:_identify(venv/lib/python3.10/site-packages/pip/_vendor/urllib3) by extension 'colcon_meta'
[0.960s] Level 1:colcon.colcon_core.package_identification:_identify(venv/lib/python3.10/site-packages/pip/_vendor/urllib3) by extensions ['ros']
[0.960s] Level 1:colcon.colcon_core.package_identification:_identify(venv/lib/python3.10/site-packages/pip/_vendor/urllib3) by extension 'ros'
[0.960s] Level 1:colcon.colcon_core.package_identification:_identify(venv/lib/python3.10/site-packages/pip/_vendor/urllib3) by extensions ['cmake', 'python']
[0.961s] Level 1:colcon.colcon_core.package_identification:_identify(venv/lib/python3.10/site-packages/pip/_vendor/urllib3) by extension 'cmake'
[0.961s] Level 1:colcon.colcon_core.package_identification:_identify(venv/lib/python3.10/site-packages/pip/_vendor/urllib3) by extension 'python'
[0.961s] Level 1:colcon.colcon_core.package_identification:_identify(venv/lib/python3.10/site-packages/pip/_vendor/urllib3) by extensions ['python_setup_py']
[0.961s] Level 1:colcon.colcon_core.package_identification:_identify(venv/lib/python3.10/site-packages/pip/_vendor/urllib3) by extension 'python_setup_py'
[0.961s] Level 1:colcon.colcon_core.package_identification:_identify(venv/lib/python3.10/site-packages/pip/_vendor/urllib3/__pycache__) by extensions ['ignore', 'ignore_ament_install']
[0.961s] Level 1:colcon.colcon_core.package_identification:_identify(venv/lib/python3.10/site-packages/pip/_vendor/urllib3/__pycache__) by extension 'ignore'
[0.961s] Level 1:colcon.colcon_core.package_identification:_identify(venv/lib/python3.10/site-packages/pip/_vendor/urllib3/__pycache__) by extension 'ignore_ament_install'
[0.961s] Level 1:colcon.colcon_core.package_identification:_identify(venv/lib/python3.10/site-packages/pip/_vendor/urllib3/__pycache__) by extensions ['colcon_pkg']
[0.961s] Level 1:colcon.colcon_core.package_identification:_identify(venv/lib/python3.10/site-packages/pip/_vendor/urllib3/__pycache__) by extension 'colcon_pkg'
[0.961s] Level 1:colcon.colcon_core.package_identification:_identify(venv/lib/python3.10/site-packages/pip/_vendor/urllib3/__pycache__) by extensions ['colcon_meta']
[0.961s] Level 1:colcon.colcon_core.package_identification:_identify(venv/lib/python3.10/site-packages/pip/_vendor/urllib3/__pycache__) by extension 'colcon_meta'
[0.961s] Level 1:colcon.colcon_core.package_identification:_identify(venv/lib/python3.10/site-packages/pip/_vendor/urllib3/__pycache__) by extensions ['ros']
[0.961s] Level 1:colcon.colcon_core.package_identification:_identify(venv/lib/python3.10/site-packages/pip/_vendor/urllib3/__pycache__) by extension 'ros'
[0.961s] Level 1:colcon.colcon_core.package_identification:_identify(venv/lib/python3.10/site-packages/pip/_vendor/urllib3/__pycache__) by extensions ['cmake', 'python']
[0.961s] Level 1:colcon.colcon_core.package_identification:_identify(venv/lib/python3.10/site-packages/pip/_vendor/urllib3/__pycache__) by extension 'cmake'
[0.961s] Level 1:colcon.colcon_core.package_identification:_identify(venv/lib/python3.10/site-packages/pip/_vendor/urllib3/__pycache__) by extension 'python'
[0.961s] Level 1:colcon.colcon_core.package_identification:_identify(venv/lib/python3.10/site-packages/pip/_vendor/urllib3/__pycache__) by extensions ['python_setup_py']
[0.961s] Level 1:colcon.colcon_core.package_identification:_identify(venv/lib/python3.10/site-packages/pip/_vendor/urllib3/__pycache__) by extension 'python_setup_py'
[0.961s] Level 1:colcon.colcon_core.package_identification:_identify(venv/lib/python3.10/site-packages/pip/_vendor/urllib3/contrib) by extensions ['ignore', 'ignore_ament_install']
[0.961s] Level 1:colcon.colcon_core.package_identification:_identify(venv/lib/python3.10/site-packages/pip/_vendor/urllib3/contrib) by extension 'ignore'
[0.961s] Level 1:colcon.colcon_core.package_identification:_identify(venv/lib/python3.10/site-packages/pip/_vendor/urllib3/contrib) by extension 'ignore_ament_install'
[0.961s] Level 1:colcon.colcon_core.package_identification:_identify(venv/lib/python3.10/site-packages/pip/_vendor/urllib3/contrib) by extensions ['colcon_pkg']
[0.961s] Level 1:colcon.colcon_core.package_identification:_identify(venv/lib/python3.10/site-packages/pip/_vendor/urllib3/contrib) by extension 'colcon_pkg'
[0.961s] Level 1:colcon.colcon_core.package_identification:_identify(venv/lib/python3.10/site-packages/pip/_vendor/urllib3/contrib) by extensions ['colcon_meta']
[0.961s] Level 1:colcon.colcon_core.package_identification:_identify(venv/lib/python3.10/site-packages/pip/_vendor/urllib3/contrib) by extension 'colcon_meta'
[0.961s] Level 1:colcon.colcon_core.package_identification:_identify(venv/lib/python3.10/site-packages/pip/_vendor/urllib3/contrib) by extensions ['ros']
[0.961s] Level 1:colcon.colcon_core.package_identification:_identify(venv/lib/python3.10/site-packages/pip/_vendor/urllib3/contrib) by extension 'ros'
[0.961s] Level 1:colcon.colcon_core.package_identification:_identify(venv/lib/python3.10/site-packages/pip/_vendor/urllib3/contrib) by extensions ['cmake', 'python']
[0.961s] Level 1:colcon.colcon_core.package_identification:_identify(venv/lib/python3.10/site-packages/pip/_vendor/urllib3/contrib) by extension 'cmake'
[0.961s] Level 1:colcon.colcon_core.package_identification:_identify(venv/lib/python3.10/site-packages/pip/_vendor/urllib3/contrib) by extension 'python'
[0.961s] Level 1:colcon.colcon_core.package_identification:_identify(venv/lib/python3.10/site-packages/pip/_vendor/urllib3/contrib) by extensions ['python_setup_py']
[0.961s] Level 1:colcon.colcon_core.package_identification:_identify(venv/lib/python3.10/site-packages/pip/_vendor/urllib3/contrib) by extension 'python_setup_py'
[0.961s] Level 1:colcon.colcon_core.package_identification:_identify(venv/lib/python3.10/site-packages/pip/_vendor/urllib3/contrib/__pycache__) by extensions ['ignore', 'ignore_ament_install']
[0.961s] Level 1:colcon.colcon_core.package_identification:_identify(venv/lib/python3.10/site-packages/pip/_vendor/urllib3/contrib/__pycache__) by extension 'ignore'
[0.962s] Level 1:colcon.colcon_core.package_identification:_identify(venv/lib/python3.10/site-packages/pip/_vendor/urllib3/contrib/__pycache__) by extension 'ignore_ament_install'
[0.962s] Level 1:colcon.colcon_core.package_identification:_identify(venv/lib/python3.10/site-packages/pip/_vendor/urllib3/contrib/__pycache__) by extensions ['colcon_pkg']
[0.962s] Level 1:colcon.colcon_core.package_identification:_identify(venv/lib/python3.10/site-packages/pip/_vendor/urllib3/contrib/__pycache__) by extension 'colcon_pkg'
[0.962s] Level 1:colcon.colcon_core.package_identification:_identify(venv/lib/python3.10/site-packages/pip/_vendor/urllib3/contrib/__pycache__) by extensions ['colcon_meta']
[0.962s] Level 1:colcon.colcon_core.package_identification:_identify(venv/lib/python3.10/site-packages/pip/_vendor/urllib3/contrib/__pycache__) by extension 'colcon_meta'
[0.962s] Level 1:colcon.colcon_core.package_identification:_identify(venv/lib/python3.10/site-packages/pip/_vendor/urllib3/contrib/__pycache__) by extensions ['ros']
[0.962s] Level 1:colcon.colcon_core.package_identification:_identify(venv/lib/python3.10/site-packages/pip/_vendor/urllib3/contrib/__pycache__) by extension 'ros'
[0.962s] Level 1:colcon.colcon_core.package_identification:_identify(venv/lib/python3.10/site-packages/pip/_vendor/urllib3/contrib/__pycache__) by extensions ['cmake', 'python']
[0.962s] Level 1:colcon.colcon_core.package_identification:_identify(venv/lib/python3.10/site-packages/pip/_vendor/urllib3/contrib/__pycache__) by extension 'cmake'
[0.962s] Level 1:colcon.colcon_core.package_identification:_identify(venv/lib/python3.10/site-packages/pip/_vendor/urllib3/contrib/__pycache__) by extension 'python'
[0.962s] Level 1:colcon.colcon_core.package_identification:_identify(venv/lib/python3.10/site-packages/pip/_vendor/urllib3/contrib/__pycache__) by extensions ['python_setup_py']
[0.962s] Level 1:colcon.colcon_core.package_identification:_identify(venv/lib/python3.10/site-packages/pip/_vendor/urllib3/contrib/__pycache__) by extension 'python_setup_py'
[0.962s] Level 1:colcon.colcon_core.package_identification:_identify(venv/lib/python3.10/site-packages/pip/_vendor/urllib3/contrib/_securetransport) by extensions ['ignore', 'ignore_ament_install']
[0.962s] Level 1:colcon.colcon_core.package_identification:_identify(venv/lib/python3.10/site-packages/pip/_vendor/urllib3/contrib/_securetransport) by extension 'ignore'
[0.962s] Level 1:colcon.colcon_core.package_identification:_identify(venv/lib/python3.10/site-packages/pip/_vendor/urllib3/contrib/_securetransport) by extension 'ignore_ament_install'
[0.962s] Level 1:colcon.colcon_core.package_identification:_identify(venv/lib/python3.10/site-packages/pip/_vendor/urllib3/contrib/_securetransport) by extensions ['colcon_pkg']
[0.962s] Level 1:colcon.colcon_core.package_identification:_identify(venv/lib/python3.10/site-packages/pip/_vendor/urllib3/contrib/_securetransport) by extension 'colcon_pkg'
[0.962s] Level 1:colcon.colcon_core.package_identification:_identify(venv/lib/python3.10/site-packages/pip/_vendor/urllib3/contrib/_securetransport) by extensions ['colcon_meta']
[0.962s] Level 1:colcon.colcon_core.package_identification:_identify(venv/lib/python3.10/site-packages/pip/_vendor/urllib3/contrib/_securetransport) by extension 'colcon_meta'
[0.962s] Level 1:colcon.colcon_core.package_identification:_identify(venv/lib/python3.10/site-packages/pip/_vendor/urllib3/contrib/_securetransport) by extensions ['ros']
[0.962s] Level 1:colcon.colcon_core.package_identification:_identify(venv/lib/python3.10/site-packages/pip/_vendor/urllib3/contrib/_securetransport) by extension 'ros'
[0.962s] Level 1:colcon.colcon_core.package_identification:_identify(venv/lib/python3.10/site-packages/pip/_vendor/urllib3/contrib/_securetransport) by extensions ['cmake', 'python']
[0.962s] Level 1:colcon.colcon_core.package_identification:_identify(venv/lib/python3.10/site-packages/pip/_vendor/urllib3/contrib/_securetransport) by extension 'cmake'
[0.962s] Level 1:colcon.colcon_core.package_identification:_identify(venv/lib/python3.10/site-packages/pip/_vendor/urllib3/contrib/_securetransport) by extension 'python'
[0.962s] Level 1:colcon.colcon_core.package_identification:_identify(venv/lib/python3.10/site-packages/pip/_vendor/urllib3/contrib/_securetransport) by extensions ['python_setup_py']
[0.962s] Level 1:colcon.colcon_core.package_identification:_identify(venv/lib/python3.10/site-packages/pip/_vendor/urllib3/contrib/_securetransport) by extension 'python_setup_py'
[0.962s] Level 1:colcon.colcon_core.package_identification:_identify(venv/lib/python3.10/site-packages/pip/_vendor/urllib3/contrib/_securetransport/__pycache__) by extensions ['ignore', 'ignore_ament_install']
[0.962s] Level 1:colcon.colcon_core.package_identification:_identify(venv/lib/python3.10/site-packages/pip/_vendor/urllib3/contrib/_securetransport/__pycache__) by extension 'ignore'
[0.962s] Level 1:colcon.colcon_core.package_identification:_identify(venv/lib/python3.10/site-packages/pip/_vendor/urllib3/contrib/_securetransport/__pycache__) by extension 'ignore_ament_install'
[0.962s] Level 1:colcon.colcon_core.package_identification:_identify(venv/lib/python3.10/site-packages/pip/_vendor/urllib3/contrib/_securetransport/__pycache__) by extensions ['colcon_pkg']
[0.962s] Level 1:colcon.colcon_core.package_identification:_identify(venv/lib/python3.10/site-packages/pip/_vendor/urllib3/contrib/_securetransport/__pycache__) by extension 'colcon_pkg'
[0.962s] Level 1:colcon.colcon_core.package_identification:_identify(venv/lib/python3.10/site-packages/pip/_vendor/urllib3/contrib/_securetransport/__pycache__) by extensions ['colcon_meta']
[0.962s] Level 1:colcon.colcon_core.package_identification:_identify(venv/lib/python3.10/site-packages/pip/_vendor/urllib3/contrib/_securetransport/__pycache__) by extension 'colcon_meta'
[0.962s] Level 1:colcon.colcon_core.package_identification:_identify(venv/lib/python3.10/site-packages/pip/_vendor/urllib3/contrib/_securetransport/__pycache__) by extensions ['ros']
[0.962s] Level 1:colcon.colcon_core.package_identification:_identify(venv/lib/python3.10/site-packages/pip/_vendor/urllib3/contrib/_securetransport/__pycache__) by extension 'ros'
[0.963s] Level 1:colcon.colcon_core.package_identification:_identify(venv/lib/python3.10/site-packages/pip/_vendor/urllib3/contrib/_securetransport/__pycache__) by extensions ['cmake', 'python']
[0.963s] Level 1:colcon.colcon_core.package_identification:_identify(venv/lib/python3.10/site-packages/pip/_vendor/urllib3/contrib/_securetransport/__pycache__) by extension 'cmake'
[0.963s] Level 1:colcon.colcon_core.package_identification:_identify(venv/lib/python3.10/site-packages/pip/_vendor/urllib3/contrib/_securetransport/__pycache__) by extension 'python'
[0.963s] Level 1:colcon.colcon_core.package_identification:_identify(venv/lib/python3.10/site-packages/pip/_vendor/urllib3/contrib/_securetransport/__pycache__) by extensions ['python_setup_py']
[0.963s] Level 1:colcon.colcon_core.package_identification:_identify(venv/lib/python3.10/site-packages/pip/_vendor/urllib3/contrib/_securetransport/__pycache__) by extension 'python_setup_py'
[0.963s] Level 1:colcon.colcon_core.package_identification:_identify(venv/lib/python3.10/site-packages/pip/_vendor/urllib3/packages) by extensions ['ignore', 'ignore_ament_install']
[0.963s] Level 1:colcon.colcon_core.package_identification:_identify(venv/lib/python3.10/site-packages/pip/_vendor/urllib3/packages) by extension 'ignore'
[0.963s] Level 1:colcon.colcon_core.package_identification:_identify(venv/lib/python3.10/site-packages/pip/_vendor/urllib3/packages) by extension 'ignore_ament_install'
[0.963s] Level 1:colcon.colcon_core.package_identification:_identify(venv/lib/python3.10/site-packages/pip/_vendor/urllib3/packages) by extensions ['colcon_pkg']
[0.963s] Level 1:colcon.colcon_core.package_identification:_identify(venv/lib/python3.10/site-packages/pip/_vendor/urllib3/packages) by extension 'colcon_pkg'
[0.963s] Level 1:colcon.colcon_core.package_identification:_identify(venv/lib/python3.10/site-packages/pip/_vendor/urllib3/packages) by extensions ['colcon_meta']
[0.963s] Level 1:colcon.colcon_core.package_identification:_identify(venv/lib/python3.10/site-packages/pip/_vendor/urllib3/packages) by extension 'colcon_meta'
[0.963s] Level 1:colcon.colcon_core.package_identification:_identify(venv/lib/python3.10/site-packages/pip/_vendor/urllib3/packages) by extensions ['ros']
[0.963s] Level 1:colcon.colcon_core.package_identification:_identify(venv/lib/python3.10/site-packages/pip/_vendor/urllib3/packages) by extension 'ros'
[0.963s] Level 1:colcon.colcon_core.package_identification:_identify(venv/lib/python3.10/site-packages/pip/_vendor/urllib3/packages) by extensions ['cmake', 'python']
[0.963s] Level 1:colcon.colcon_core.package_identification:_identify(venv/lib/python3.10/site-packages/pip/_vendor/urllib3/packages) by extension 'cmake'
[0.963s] Level 1:colcon.colcon_core.package_identification:_identify(venv/lib/python3.10/site-packages/pip/_vendor/urllib3/packages) by extension 'python'
[0.963s] Level 1:colcon.colcon_core.package_identification:_identify(venv/lib/python3.10/site-packages/pip/_vendor/urllib3/packages) by extensions ['python_setup_py']
[0.963s] Level 1:colcon.colcon_core.package_identification:_identify(venv/lib/python3.10/site-packages/pip/_vendor/urllib3/packages) by extension 'python_setup_py'
[0.963s] Level 1:colcon.colcon_core.package_identification:_identify(venv/lib/python3.10/site-packages/pip/_vendor/urllib3/packages/__pycache__) by extensions ['ignore', 'ignore_ament_install']
[0.963s] Level 1:colcon.colcon_core.package_identification:_identify(venv/lib/python3.10/site-packages/pip/_vendor/urllib3/packages/__pycache__) by extension 'ignore'
[0.963s] Level 1:colcon.colcon_core.package_identification:_identify(venv/lib/python3.10/site-packages/pip/_vendor/urllib3/packages/__pycache__) by extension 'ignore_ament_install'
[0.963s] Level 1:colcon.colcon_core.package_identification:_identify(venv/lib/python3.10/site-packages/pip/_vendor/urllib3/packages/__pycache__) by extensions ['colcon_pkg']
[0.963s] Level 1:colcon.colcon_core.package_identification:_identify(venv/lib/python3.10/site-packages/pip/_vendor/urllib3/packages/__pycache__) by extension 'colcon_pkg'
[0.963s] Level 1:colcon.colcon_core.package_identification:_identify(venv/lib/python3.10/site-packages/pip/_vendor/urllib3/packages/__pycache__) by extensions ['colcon_meta']
[0.963s] Level 1:colcon.colcon_core.package_identification:_identify(venv/lib/python3.10/site-packages/pip/_vendor/urllib3/packages/__pycache__) by extension 'colcon_meta'
[0.963s] Level 1:colcon.colcon_core.package_identification:_identify(venv/lib/python3.10/site-packages/pip/_vendor/urllib3/packages/__pycache__) by extensions ['ros']
[0.963s] Level 1:colcon.colcon_core.package_identification:_identify(venv/lib/python3.10/site-packages/pip/_vendor/urllib3/packages/__pycache__) by extension 'ros'
[0.963s] Level 1:colcon.colcon_core.package_identification:_identify(venv/lib/python3.10/site-packages/pip/_vendor/urllib3/packages/__pycache__) by extensions ['cmake', 'python']
[0.963s] Level 1:colcon.colcon_core.package_identification:_identify(venv/lib/python3.10/site-packages/pip/_vendor/urllib3/packages/__pycache__) by extension 'cmake'
[0.963s] Level 1:colcon.colcon_core.package_identification:_identify(venv/lib/python3.10/site-packages/pip/_vendor/urllib3/packages/__pycache__) by extension 'python'
[0.963s] Level 1:colcon.colcon_core.package_identification:_identify(venv/lib/python3.10/site-packages/pip/_vendor/urllib3/packages/__pycache__) by extensions ['python_setup_py']
[0.963s] Level 1:colcon.colcon_core.package_identification:_identify(venv/lib/python3.10/site-packages/pip/_vendor/urllib3/packages/__pycache__) by extension 'python_setup_py'
[0.963s] Level 1:colcon.colcon_core.package_identification:_identify(venv/lib/python3.10/site-packages/pip/_vendor/urllib3/packages/backports) by extensions ['ignore', 'ignore_ament_install']
[0.964s] Level 1:colcon.colcon_core.package_identification:_identify(venv/lib/python3.10/site-packages/pip/_vendor/urllib3/packages/backports) by extension 'ignore'
[0.964s] Level 1:colcon.colcon_core.package_identification:_identify(venv/lib/python3.10/site-packages/pip/_vendor/urllib3/packages/backports) by extension 'ignore_ament_install'
[0.964s] Level 1:colcon.colcon_core.package_identification:_identify(venv/lib/python3.10/site-packages/pip/_vendor/urllib3/packages/backports) by extensions ['colcon_pkg']
[0.964s] Level 1:colcon.colcon_core.package_identification:_identify(venv/lib/python3.10/site-packages/pip/_vendor/urllib3/packages/backports) by extension 'colcon_pkg'
[0.964s] Level 1:colcon.colcon_core.package_identification:_identify(venv/lib/python3.10/site-packages/pip/_vendor/urllib3/packages/backports) by extensions ['colcon_meta']
[0.964s] Level 1:colcon.colcon_core.package_identification:_identify(venv/lib/python3.10/site-packages/pip/_vendor/urllib3/packages/backports) by extension 'colcon_meta'
[0.964s] Level 1:colcon.colcon_core.package_identification:_identify(venv/lib/python3.10/site-packages/pip/_vendor/urllib3/packages/backports) by extensions ['ros']
[0.964s] Level 1:colcon.colcon_core.package_identification:_identify(venv/lib/python3.10/site-packages/pip/_vendor/urllib3/packages/backports) by extension 'ros'
[0.964s] Level 1:colcon.colcon_core.package_identification:_identify(venv/lib/python3.10/site-packages/pip/_vendor/urllib3/packages/backports) by extensions ['cmake', 'python']
[0.964s] Level 1:colcon.colcon_core.package_identification:_identify(venv/lib/python3.10/site-packages/pip/_vendor/urllib3/packages/backports) by extension 'cmake'
[0.964s] Level 1:colcon.colcon_core.package_identification:_identify(venv/lib/python3.10/site-packages/pip/_vendor/urllib3/packages/backports) by extension 'python'
[0.964s] Level 1:colcon.colcon_core.package_identification:_identify(venv/lib/python3.10/site-packages/pip/_vendor/urllib3/packages/backports) by extensions ['python_setup_py']
[0.964s] Level 1:colcon.colcon_core.package_identification:_identify(venv/lib/python3.10/site-packages/pip/_vendor/urllib3/packages/backports) by extension 'python_setup_py'
[0.964s] Level 1:colcon.colcon_core.package_identification:_identify(venv/lib/python3.10/site-packages/pip/_vendor/urllib3/packages/backports/__pycache__) by extensions ['ignore', 'ignore_ament_install']
[0.964s] Level 1:colcon.colcon_core.package_identification:_identify(venv/lib/python3.10/site-packages/pip/_vendor/urllib3/packages/backports/__pycache__) by extension 'ignore'
[0.964s] Level 1:colcon.colcon_core.package_identification:_identify(venv/lib/python3.10/site-packages/pip/_vendor/urllib3/packages/backports/__pycache__) by extension 'ignore_ament_install'
[0.964s] Level 1:colcon.colcon_core.package_identification:_identify(venv/lib/python3.10/site-packages/pip/_vendor/urllib3/packages/backports/__pycache__) by extensions ['colcon_pkg']
[0.964s] Level 1:colcon.colcon_core.package_identification:_identify(venv/lib/python3.10/site-packages/pip/_vendor/urllib3/packages/backports/__pycache__) by extension 'colcon_pkg'
[0.964s] Level 1:colcon.colcon_core.package_identification:_identify(venv/lib/python3.10/site-packages/pip/_vendor/urllib3/packages/backports/__pycache__) by extensions ['colcon_meta']
[0.964s] Level 1:colcon.colcon_core.package_identification:_identify(venv/lib/python3.10/site-packages/pip/_vendor/urllib3/packages/backports/__pycache__) by extension 'colcon_meta'
[0.964s] Level 1:colcon.colcon_core.package_identification:_identify(venv/lib/python3.10/site-packages/pip/_vendor/urllib3/packages/backports/__pycache__) by extensions ['ros']
[0.964s] Level 1:colcon.colcon_core.package_identification:_identify(venv/lib/python3.10/site-packages/pip/_vendor/urllib3/packages/backports/__pycache__) by extension 'ros'
[0.964s] Level 1:colcon.colcon_core.package_identification:_identify(venv/lib/python3.10/site-packages/pip/_vendor/urllib3/packages/backports/__pycache__) by extensions ['cmake', 'python']
[0.964s] Level 1:colcon.colcon_core.package_identification:_identify(venv/lib/python3.10/site-packages/pip/_vendor/urllib3/packages/backports/__pycache__) by extension 'cmake'
[0.964s] Level 1:colcon.colcon_core.package_identification:_identify(venv/lib/python3.10/site-packages/pip/_vendor/urllib3/packages/backports/__pycache__) by extension 'python'
[0.964s] Level 1:colcon.colcon_core.package_identification:_identify(venv/lib/python3.10/site-packages/pip/_vendor/urllib3/packages/backports/__pycache__) by extensions ['python_setup_py']
[0.964s] Level 1:colcon.colcon_core.package_identification:_identify(venv/lib/python3.10/site-packages/pip/_vendor/urllib3/packages/backports/__pycache__) by extension 'python_setup_py'
[0.964s] Level 1:colcon.colcon_core.package_identification:_identify(venv/lib/python3.10/site-packages/pip/_vendor/urllib3/util) by extensions ['ignore', 'ignore_ament_install']
[0.964s] Level 1:colcon.colcon_core.package_identification:_identify(venv/lib/python3.10/site-packages/pip/_vendor/urllib3/util) by extension 'ignore'
[0.964s] Level 1:colcon.colcon_core.package_identification:_identify(venv/lib/python3.10/site-packages/pip/_vendor/urllib3/util) by extension 'ignore_ament_install'
[0.964s] Level 1:colcon.colcon_core.package_identification:_identify(venv/lib/python3.10/site-packages/pip/_vendor/urllib3/util) by extensions ['colcon_pkg']
[0.964s] Level 1:colcon.colcon_core.package_identification:_identify(venv/lib/python3.10/site-packages/pip/_vendor/urllib3/util) by extension 'colcon_pkg'
[0.964s] Level 1:colcon.colcon_core.package_identification:_identify(venv/lib/python3.10/site-packages/pip/_vendor/urllib3/util) by extensions ['colcon_meta']
[0.964s] Level 1:colcon.colcon_core.package_identification:_identify(venv/lib/python3.10/site-packages/pip/_vendor/urllib3/util) by extension 'colcon_meta'
[0.964s] Level 1:colcon.colcon_core.package_identification:_identify(venv/lib/python3.10/site-packages/pip/_vendor/urllib3/util) by extensions ['ros']
[0.964s] Level 1:colcon.colcon_core.package_identification:_identify(venv/lib/python3.10/site-packages/pip/_vendor/urllib3/util) by extension 'ros'
[0.965s] Level 1:colcon.colcon_core.package_identification:_identify(venv/lib/python3.10/site-packages/pip/_vendor/urllib3/util) by extensions ['cmake', 'python']
[0.965s] Level 1:colcon.colcon_core.package_identification:_identify(venv/lib/python3.10/site-packages/pip/_vendor/urllib3/util) by extension 'cmake'
[0.965s] Level 1:colcon.colcon_core.package_identification:_identify(venv/lib/python3.10/site-packages/pip/_vendor/urllib3/util) by extension 'python'
[0.965s] Level 1:colcon.colcon_core.package_identification:_identify(venv/lib/python3.10/site-packages/pip/_vendor/urllib3/util) by extensions ['python_setup_py']
[0.965s] Level 1:colcon.colcon_core.package_identification:_identify(venv/lib/python3.10/site-packages/pip/_vendor/urllib3/util) by extension 'python_setup_py'
[0.965s] Level 1:colcon.colcon_core.package_identification:_identify(venv/lib/python3.10/site-packages/pip/_vendor/urllib3/util/__pycache__) by extensions ['ignore', 'ignore_ament_install']
[0.965s] Level 1:colcon.colcon_core.package_identification:_identify(venv/lib/python3.10/site-packages/pip/_vendor/urllib3/util/__pycache__) by extension 'ignore'
[0.965s] Level 1:colcon.colcon_core.package_identification:_identify(venv/lib/python3.10/site-packages/pip/_vendor/urllib3/util/__pycache__) by extension 'ignore_ament_install'
[0.965s] Level 1:colcon.colcon_core.package_identification:_identify(venv/lib/python3.10/site-packages/pip/_vendor/urllib3/util/__pycache__) by extensions ['colcon_pkg']
[0.965s] Level 1:colcon.colcon_core.package_identification:_identify(venv/lib/python3.10/site-packages/pip/_vendor/urllib3/util/__pycache__) by extension 'colcon_pkg'
[0.965s] Level 1:colcon.colcon_core.package_identification:_identify(venv/lib/python3.10/site-packages/pip/_vendor/urllib3/util/__pycache__) by extensions ['colcon_meta']
[0.965s] Level 1:colcon.colcon_core.package_identification:_identify(venv/lib/python3.10/site-packages/pip/_vendor/urllib3/util/__pycache__) by extension 'colcon_meta'
[0.965s] Level 1:colcon.colcon_core.package_identification:_identify(venv/lib/python3.10/site-packages/pip/_vendor/urllib3/util/__pycache__) by extensions ['ros']
[0.965s] Level 1:colcon.colcon_core.package_identification:_identify(venv/lib/python3.10/site-packages/pip/_vendor/urllib3/util/__pycache__) by extension 'ros'
[0.965s] Level 1:colcon.colcon_core.package_identification:_identify(venv/lib/python3.10/site-packages/pip/_vendor/urllib3/util/__pycache__) by extensions ['cmake', 'python']
[0.965s] Level 1:colcon.colcon_core.package_identification:_identify(venv/lib/python3.10/site-packages/pip/_vendor/urllib3/util/__pycache__) by extension 'cmake'
[0.965s] Level 1:colcon.colcon_core.package_identification:_identify(venv/lib/python3.10/site-packages/pip/_vendor/urllib3/util/__pycache__) by extension 'python'
[0.965s] Level 1:colcon.colcon_core.package_identification:_identify(venv/lib/python3.10/site-packages/pip/_vendor/urllib3/util/__pycache__) by extensions ['python_setup_py']
[0.965s] Level 1:colcon.colcon_core.package_identification:_identify(venv/lib/python3.10/site-packages/pip/_vendor/urllib3/util/__pycache__) by extension 'python_setup_py'
[0.965s] Level 1:colcon.colcon_core.package_identification:_identify(venv/lib/python3.10/site-packages/pip/_vendor/webencodings) by extensions ['ignore', 'ignore_ament_install']
[0.965s] Level 1:colcon.colcon_core.package_identification:_identify(venv/lib/python3.10/site-packages/pip/_vendor/webencodings) by extension 'ignore'
[0.965s] Level 1:colcon.colcon_core.package_identification:_identify(venv/lib/python3.10/site-packages/pip/_vendor/webencodings) by extension 'ignore_ament_install'
[0.965s] Level 1:colcon.colcon_core.package_identification:_identify(venv/lib/python3.10/site-packages/pip/_vendor/webencodings) by extensions ['colcon_pkg']
[0.965s] Level 1:colcon.colcon_core.package_identification:_identify(venv/lib/python3.10/site-packages/pip/_vendor/webencodings) by extension 'colcon_pkg'
[0.965s] Level 1:colcon.colcon_core.package_identification:_identify(venv/lib/python3.10/site-packages/pip/_vendor/webencodings) by extensions ['colcon_meta']
[0.965s] Level 1:colcon.colcon_core.package_identification:_identify(venv/lib/python3.10/site-packages/pip/_vendor/webencodings) by extension 'colcon_meta'
[0.965s] Level 1:colcon.colcon_core.package_identification:_identify(venv/lib/python3.10/site-packages/pip/_vendor/webencodings) by extensions ['ros']
[0.965s] Level 1:colcon.colcon_core.package_identification:_identify(venv/lib/python3.10/site-packages/pip/_vendor/webencodings) by extension 'ros'
[0.965s] Level 1:colcon.colcon_core.package_identification:_identify(venv/lib/python3.10/site-packages/pip/_vendor/webencodings) by extensions ['cmake', 'python']
[0.965s] Level 1:colcon.colcon_core.package_identification:_identify(venv/lib/python3.10/site-packages/pip/_vendor/webencodings) by extension 'cmake'
[0.965s] Level 1:colcon.colcon_core.package_identification:_identify(venv/lib/python3.10/site-packages/pip/_vendor/webencodings) by extension 'python'
[0.965s] Level 1:colcon.colcon_core.package_identification:_identify(venv/lib/python3.10/site-packages/pip/_vendor/webencodings) by extensions ['python_setup_py']
[0.965s] Level 1:colcon.colcon_core.package_identification:_identify(venv/lib/python3.10/site-packages/pip/_vendor/webencodings) by extension 'python_setup_py'
[0.965s] Level 1:colcon.colcon_core.package_identification:_identify(venv/lib/python3.10/site-packages/pip/_vendor/webencodings/__pycache__) by extensions ['ignore', 'ignore_ament_install']
[0.966s] Level 1:colcon.colcon_core.package_identification:_identify(venv/lib/python3.10/site-packages/pip/_vendor/webencodings/__pycache__) by extension 'ignore'
[0.966s] Level 1:colcon.colcon_core.package_identification:_identify(venv/lib/python3.10/site-packages/pip/_vendor/webencodings/__pycache__) by extension 'ignore_ament_install'
[0.966s] Level 1:colcon.colcon_core.package_identification:_identify(venv/lib/python3.10/site-packages/pip/_vendor/webencodings/__pycache__) by extensions ['colcon_pkg']
[0.966s] Level 1:colcon.colcon_core.package_identification:_identify(venv/lib/python3.10/site-packages/pip/_vendor/webencodings/__pycache__) by extension 'colcon_pkg'
[0.966s] Level 1:colcon.colcon_core.package_identification:_identify(venv/lib/python3.10/site-packages/pip/_vendor/webencodings/__pycache__) by extensions ['colcon_meta']
[0.966s] Level 1:colcon.colcon_core.package_identification:_identify(venv/lib/python3.10/site-packages/pip/_vendor/webencodings/__pycache__) by extension 'colcon_meta'
[0.966s] Level 1:colcon.colcon_core.package_identification:_identify(venv/lib/python3.10/site-packages/pip/_vendor/webencodings/__pycache__) by extensions ['ros']
[0.966s] Level 1:colcon.colcon_core.package_identification:_identify(venv/lib/python3.10/site-packages/pip/_vendor/webencodings/__pycache__) by extension 'ros'
[0.966s] Level 1:colcon.colcon_core.package_identification:_identify(venv/lib/python3.10/site-packages/pip/_vendor/webencodings/__pycache__) by extensions ['cmake', 'python']
[0.966s] Level 1:colcon.colcon_core.package_identification:_identify(venv/lib/python3.10/site-packages/pip/_vendor/webencodings/__pycache__) by extension 'cmake'
[0.966s] Level 1:colcon.colcon_core.package_identification:_identify(venv/lib/python3.10/site-packages/pip/_vendor/webencodings/__pycache__) by extension 'python'
[0.966s] Level 1:colcon.colcon_core.package_identification:_identify(venv/lib/python3.10/site-packages/pip/_vendor/webencodings/__pycache__) by extensions ['python_setup_py']
[0.966s] Level 1:colcon.colcon_core.package_identification:_identify(venv/lib/python3.10/site-packages/pip/_vendor/webencodings/__pycache__) by extension 'python_setup_py'
[0.966s] Level 1:colcon.colcon_core.package_identification:_identify(venv/lib/python3.10/site-packages/pip-22.0.2.dist-info) by extensions ['ignore', 'ignore_ament_install']
[0.966s] Level 1:colcon.colcon_core.package_identification:_identify(venv/lib/python3.10/site-packages/pip-22.0.2.dist-info) by extension 'ignore'
[0.966s] Level 1:colcon.colcon_core.package_identification:_identify(venv/lib/python3.10/site-packages/pip-22.0.2.dist-info) by extension 'ignore_ament_install'
[0.966s] Level 1:colcon.colcon_core.package_identification:_identify(venv/lib/python3.10/site-packages/pip-22.0.2.dist-info) by extensions ['colcon_pkg']
[0.966s] Level 1:colcon.colcon_core.package_identification:_identify(venv/lib/python3.10/site-packages/pip-22.0.2.dist-info) by extension 'colcon_pkg'
[0.966s] Level 1:colcon.colcon_core.package_identification:_identify(venv/lib/python3.10/site-packages/pip-22.0.2.dist-info) by extensions ['colcon_meta']
[0.966s] Level 1:colcon.colcon_core.package_identification:_identify(venv/lib/python3.10/site-packages/pip-22.0.2.dist-info) by extension 'colcon_meta'
[0.966s] Level 1:colcon.colcon_core.package_identification:_identify(venv/lib/python3.10/site-packages/pip-22.0.2.dist-info) by extensions ['ros']
[0.966s] Level 1:colcon.colcon_core.package_identification:_identify(venv/lib/python3.10/site-packages/pip-22.0.2.dist-info) by extension 'ros'
[0.966s] Level 1:colcon.colcon_core.package_identification:_identify(venv/lib/python3.10/site-packages/pip-22.0.2.dist-info) by extensions ['cmake', 'python']
[0.966s] Level 1:colcon.colcon_core.package_identification:_identify(venv/lib/python3.10/site-packages/pip-22.0.2.dist-info) by extension 'cmake'
[0.966s] Level 1:colcon.colcon_core.package_identification:_identify(venv/lib/python3.10/site-packages/pip-22.0.2.dist-info) by extension 'python'
[0.966s] Level 1:colcon.colcon_core.package_identification:_identify(venv/lib/python3.10/site-packages/pip-22.0.2.dist-info) by extensions ['python_setup_py']
[0.966s] Level 1:colcon.colcon_core.package_identification:_identify(venv/lib/python3.10/site-packages/pip-22.0.2.dist-info) by extension 'python_setup_py'
[0.966s] Level 1:colcon.colcon_core.package_identification:_identify(venv/lib/python3.10/site-packages/pkg_resources) by extensions ['ignore', 'ignore_ament_install']
[0.966s] Level 1:colcon.colcon_core.package_identification:_identify(venv/lib/python3.10/site-packages/pkg_resources) by extension 'ignore'
[0.966s] Level 1:colcon.colcon_core.package_identification:_identify(venv/lib/python3.10/site-packages/pkg_resources) by extension 'ignore_ament_install'
[0.966s] Level 1:colcon.colcon_core.package_identification:_identify(venv/lib/python3.10/site-packages/pkg_resources) by extensions ['colcon_pkg']
[0.966s] Level 1:colcon.colcon_core.package_identification:_identify(venv/lib/python3.10/site-packages/pkg_resources) by extension 'colcon_pkg'
[0.966s] Level 1:colcon.colcon_core.package_identification:_identify(venv/lib/python3.10/site-packages/pkg_resources) by extensions ['colcon_meta']
[0.966s] Level 1:colcon.colcon_core.package_identification:_identify(venv/lib/python3.10/site-packages/pkg_resources) by extension 'colcon_meta'
[0.966s] Level 1:colcon.colcon_core.package_identification:_identify(venv/lib/python3.10/site-packages/pkg_resources) by extensions ['ros']
[0.966s] Level 1:colcon.colcon_core.package_identification:_identify(venv/lib/python3.10/site-packages/pkg_resources) by extension 'ros'
[0.967s] Level 1:colcon.colcon_core.package_identification:_identify(venv/lib/python3.10/site-packages/pkg_resources) by extensions ['cmake', 'python']
[0.967s] Level 1:colcon.colcon_core.package_identification:_identify(venv/lib/python3.10/site-packages/pkg_resources) by extension 'cmake'
[0.967s] Level 1:colcon.colcon_core.package_identification:_identify(venv/lib/python3.10/site-packages/pkg_resources) by extension 'python'
[0.967s] Level 1:colcon.colcon_core.package_identification:_identify(venv/lib/python3.10/site-packages/pkg_resources) by extensions ['python_setup_py']
[0.967s] Level 1:colcon.colcon_core.package_identification:_identify(venv/lib/python3.10/site-packages/pkg_resources) by extension 'python_setup_py'
[0.967s] Level 1:colcon.colcon_core.package_identification:_identify(venv/lib/python3.10/site-packages/pkg_resources/__pycache__) by extensions ['ignore', 'ignore_ament_install']
[0.967s] Level 1:colcon.colcon_core.package_identification:_identify(venv/lib/python3.10/site-packages/pkg_resources/__pycache__) by extension 'ignore'
[0.967s] Level 1:colcon.colcon_core.package_identification:_identify(venv/lib/python3.10/site-packages/pkg_resources/__pycache__) by extension 'ignore_ament_install'
[0.967s] Level 1:colcon.colcon_core.package_identification:_identify(venv/lib/python3.10/site-packages/pkg_resources/__pycache__) by extensions ['colcon_pkg']
[0.967s] Level 1:colcon.colcon_core.package_identification:_identify(venv/lib/python3.10/site-packages/pkg_resources/__pycache__) by extension 'colcon_pkg'
[0.967s] Level 1:colcon.colcon_core.package_identification:_identify(venv/lib/python3.10/site-packages/pkg_resources/__pycache__) by extensions ['colcon_meta']
[0.967s] Level 1:colcon.colcon_core.package_identification:_identify(venv/lib/python3.10/site-packages/pkg_resources/__pycache__) by extension 'colcon_meta'
[0.967s] Level 1:colcon.colcon_core.package_identification:_identify(venv/lib/python3.10/site-packages/pkg_resources/__pycache__) by extensions ['ros']
[0.967s] Level 1:colcon.colcon_core.package_identification:_identify(venv/lib/python3.10/site-packages/pkg_resources/__pycache__) by extension 'ros'
[0.967s] Level 1:colcon.colcon_core.package_identification:_identify(venv/lib/python3.10/site-packages/pkg_resources/__pycache__) by extensions ['cmake', 'python']
[0.967s] Level 1:colcon.colcon_core.package_identification:_identify(venv/lib/python3.10/site-packages/pkg_resources/__pycache__) by extension 'cmake'
[0.967s] Level 1:colcon.colcon_core.package_identification:_identify(venv/lib/python3.10/site-packages/pkg_resources/__pycache__) by extension 'python'
[0.967s] Level 1:colcon.colcon_core.package_identification:_identify(venv/lib/python3.10/site-packages/pkg_resources/__pycache__) by extensions ['python_setup_py']
[0.967s] Level 1:colcon.colcon_core.package_identification:_identify(venv/lib/python3.10/site-packages/pkg_resources/__pycache__) by extension 'python_setup_py'
[0.967s] Level 1:colcon.colcon_core.package_identification:_identify(venv/lib/python3.10/site-packages/pkg_resources/_vendor) by extensions ['ignore', 'ignore_ament_install']
[0.967s] Level 1:colcon.colcon_core.package_identification:_identify(venv/lib/python3.10/site-packages/pkg_resources/_vendor) by extension 'ignore'
[0.967s] Level 1:colcon.colcon_core.package_identification:_identify(venv/lib/python3.10/site-packages/pkg_resources/_vendor) by extension 'ignore_ament_install'
[0.967s] Level 1:colcon.colcon_core.package_identification:_identify(venv/lib/python3.10/site-packages/pkg_resources/_vendor) by extensions ['colcon_pkg']
[0.967s] Level 1:colcon.colcon_core.package_identification:_identify(venv/lib/python3.10/site-packages/pkg_resources/_vendor) by extension 'colcon_pkg'
[0.967s] Level 1:colcon.colcon_core.package_identification:_identify(venv/lib/python3.10/site-packages/pkg_resources/_vendor) by extensions ['colcon_meta']
[0.967s] Level 1:colcon.colcon_core.package_identification:_identify(venv/lib/python3.10/site-packages/pkg_resources/_vendor) by extension 'colcon_meta'
[0.967s] Level 1:colcon.colcon_core.package_identification:_identify(venv/lib/python3.10/site-packages/pkg_resources/_vendor) by extensions ['ros']
[0.967s] Level 1:colcon.colcon_core.package_identification:_identify(venv/lib/python3.10/site-packages/pkg_resources/_vendor) by extension 'ros'
[0.967s] Level 1:colcon.colcon_core.package_identification:_identify(venv/lib/python3.10/site-packages/pkg_resources/_vendor) by extensions ['cmake', 'python']
[0.967s] Level 1:colcon.colcon_core.package_identification:_identify(venv/lib/python3.10/site-packages/pkg_resources/_vendor) by extension 'cmake'
[0.967s] Level 1:colcon.colcon_core.package_identification:_identify(venv/lib/python3.10/site-packages/pkg_resources/_vendor) by extension 'python'
[0.967s] Level 1:colcon.colcon_core.package_identification:_identify(venv/lib/python3.10/site-packages/pkg_resources/_vendor) by extensions ['python_setup_py']
[0.967s] Level 1:colcon.colcon_core.package_identification:_identify(venv/lib/python3.10/site-packages/pkg_resources/_vendor) by extension 'python_setup_py'
[0.967s] Level 1:colcon.colcon_core.package_identification:_identify(venv/lib/python3.10/site-packages/pkg_resources/_vendor/__pycache__) by extensions ['ignore', 'ignore_ament_install']
[0.967s] Level 1:colcon.colcon_core.package_identification:_identify(venv/lib/python3.10/site-packages/pkg_resources/_vendor/__pycache__) by extension 'ignore'
[0.968s] Level 1:colcon.colcon_core.package_identification:_identify(venv/lib/python3.10/site-packages/pkg_resources/_vendor/__pycache__) by extension 'ignore_ament_install'
[0.968s] Level 1:colcon.colcon_core.package_identification:_identify(venv/lib/python3.10/site-packages/pkg_resources/_vendor/__pycache__) by extensions ['colcon_pkg']
[0.968s] Level 1:colcon.colcon_core.package_identification:_identify(venv/lib/python3.10/site-packages/pkg_resources/_vendor/__pycache__) by extension 'colcon_pkg'
[0.968s] Level 1:colcon.colcon_core.package_identification:_identify(venv/lib/python3.10/site-packages/pkg_resources/_vendor/__pycache__) by extensions ['colcon_meta']
[0.968s] Level 1:colcon.colcon_core.package_identification:_identify(venv/lib/python3.10/site-packages/pkg_resources/_vendor/__pycache__) by extension 'colcon_meta'
[0.968s] Level 1:colcon.colcon_core.package_identification:_identify(venv/lib/python3.10/site-packages/pkg_resources/_vendor/__pycache__) by extensions ['ros']
[0.968s] Level 1:colcon.colcon_core.package_identification:_identify(venv/lib/python3.10/site-packages/pkg_resources/_vendor/__pycache__) by extension 'ros'
[0.968s] Level 1:colcon.colcon_core.package_identification:_identify(venv/lib/python3.10/site-packages/pkg_resources/_vendor/__pycache__) by extensions ['cmake', 'python']
[0.968s] Level 1:colcon.colcon_core.package_identification:_identify(venv/lib/python3.10/site-packages/pkg_resources/_vendor/__pycache__) by extension 'cmake'
[0.968s] Level 1:colcon.colcon_core.package_identification:_identify(venv/lib/python3.10/site-packages/pkg_resources/_vendor/__pycache__) by extension 'python'
[0.968s] Level 1:colcon.colcon_core.package_identification:_identify(venv/lib/python3.10/site-packages/pkg_resources/_vendor/__pycache__) by extensions ['python_setup_py']
[0.968s] Level 1:colcon.colcon_core.package_identification:_identify(venv/lib/python3.10/site-packages/pkg_resources/_vendor/__pycache__) by extension 'python_setup_py'
[0.968s] Level 1:colcon.colcon_core.package_identification:_identify(venv/lib/python3.10/site-packages/pkg_resources/_vendor/packaging) by extensions ['ignore', 'ignore_ament_install']
[0.968s] Level 1:colcon.colcon_core.package_identification:_identify(venv/lib/python3.10/site-packages/pkg_resources/_vendor/packaging) by extension 'ignore'
[0.968s] Level 1:colcon.colcon_core.package_identification:_identify(venv/lib/python3.10/site-packages/pkg_resources/_vendor/packaging) by extension 'ignore_ament_install'
[0.968s] Level 1:colcon.colcon_core.package_identification:_identify(venv/lib/python3.10/site-packages/pkg_resources/_vendor/packaging) by extensions ['colcon_pkg']
[0.968s] Level 1:colcon.colcon_core.package_identification:_identify(venv/lib/python3.10/site-packages/pkg_resources/_vendor/packaging) by extension 'colcon_pkg'
[0.968s] Level 1:colcon.colcon_core.package_identification:_identify(venv/lib/python3.10/site-packages/pkg_resources/_vendor/packaging) by extensions ['colcon_meta']
[0.968s] Level 1:colcon.colcon_core.package_identification:_identify(venv/lib/python3.10/site-packages/pkg_resources/_vendor/packaging) by extension 'colcon_meta'
[0.968s] Level 1:colcon.colcon_core.package_identification:_identify(venv/lib/python3.10/site-packages/pkg_resources/_vendor/packaging) by extensions ['ros']
[0.968s] Level 1:colcon.colcon_core.package_identification:_identify(venv/lib/python3.10/site-packages/pkg_resources/_vendor/packaging) by extension 'ros'
[0.968s] Level 1:colcon.colcon_core.package_identification:_identify(venv/lib/python3.10/site-packages/pkg_resources/_vendor/packaging) by extensions ['cmake', 'python']
[0.968s] Level 1:colcon.colcon_core.package_identification:_identify(venv/lib/python3.10/site-packages/pkg_resources/_vendor/packaging) by extension 'cmake'
[0.968s] Level 1:colcon.colcon_core.package_identification:_identify(venv/lib/python3.10/site-packages/pkg_resources/_vendor/packaging) by extension 'python'
[0.968s] Level 1:colcon.colcon_core.package_identification:_identify(venv/lib/python3.10/site-packages/pkg_resources/_vendor/packaging) by extensions ['python_setup_py']
[0.968s] Level 1:colcon.colcon_core.package_identification:_identify(venv/lib/python3.10/site-packages/pkg_resources/_vendor/packaging) by extension 'python_setup_py'
[0.968s] Level 1:colcon.colcon_core.package_identification:_identify(venv/lib/python3.10/site-packages/pkg_resources/_vendor/packaging/__pycache__) by extensions ['ignore', 'ignore_ament_install']
[0.968s] Level 1:colcon.colcon_core.package_identification:_identify(venv/lib/python3.10/site-packages/pkg_resources/_vendor/packaging/__pycache__) by extension 'ignore'
[0.968s] Level 1:colcon.colcon_core.package_identification:_identify(venv/lib/python3.10/site-packages/pkg_resources/_vendor/packaging/__pycache__) by extension 'ignore_ament_install'
[0.968s] Level 1:colcon.colcon_core.package_identification:_identify(venv/lib/python3.10/site-packages/pkg_resources/_vendor/packaging/__pycache__) by extensions ['colcon_pkg']
[0.968s] Level 1:colcon.colcon_core.package_identification:_identify(venv/lib/python3.10/site-packages/pkg_resources/_vendor/packaging/__pycache__) by extension 'colcon_pkg'
[0.968s] Level 1:colcon.colcon_core.package_identification:_identify(venv/lib/python3.10/site-packages/pkg_resources/_vendor/packaging/__pycache__) by extensions ['colcon_meta']
[0.968s] Level 1:colcon.colcon_core.package_identification:_identify(venv/lib/python3.10/site-packages/pkg_resources/_vendor/packaging/__pycache__) by extension 'colcon_meta'
[0.968s] Level 1:colcon.colcon_core.package_identification:_identify(venv/lib/python3.10/site-packages/pkg_resources/_vendor/packaging/__pycache__) by extensions ['ros']
[0.968s] Level 1:colcon.colcon_core.package_identification:_identify(venv/lib/python3.10/site-packages/pkg_resources/_vendor/packaging/__pycache__) by extension 'ros'
[0.968s] Level 1:colcon.colcon_core.package_identification:_identify(venv/lib/python3.10/site-packages/pkg_resources/_vendor/packaging/__pycache__) by extensions ['cmake', 'python']
[0.969s] Level 1:colcon.colcon_core.package_identification:_identify(venv/lib/python3.10/site-packages/pkg_resources/_vendor/packaging/__pycache__) by extension 'cmake'
[0.969s] Level 1:colcon.colcon_core.package_identification:_identify(venv/lib/python3.10/site-packages/pkg_resources/_vendor/packaging/__pycache__) by extension 'python'
[0.969s] Level 1:colcon.colcon_core.package_identification:_identify(venv/lib/python3.10/site-packages/pkg_resources/_vendor/packaging/__pycache__) by extensions ['python_setup_py']
[0.969s] Level 1:colcon.colcon_core.package_identification:_identify(venv/lib/python3.10/site-packages/pkg_resources/_vendor/packaging/__pycache__) by extension 'python_setup_py'
[0.969s] Level 1:colcon.colcon_core.package_identification:_identify(venv/lib/python3.10/site-packages/pkg_resources/extern) by extensions ['ignore', 'ignore_ament_install']
[0.969s] Level 1:colcon.colcon_core.package_identification:_identify(venv/lib/python3.10/site-packages/pkg_resources/extern) by extension 'ignore'
[0.969s] Level 1:colcon.colcon_core.package_identification:_identify(venv/lib/python3.10/site-packages/pkg_resources/extern) by extension 'ignore_ament_install'
[0.969s] Level 1:colcon.colcon_core.package_identification:_identify(venv/lib/python3.10/site-packages/pkg_resources/extern) by extensions ['colcon_pkg']
[0.969s] Level 1:colcon.colcon_core.package_identification:_identify(venv/lib/python3.10/site-packages/pkg_resources/extern) by extension 'colcon_pkg'
[0.969s] Level 1:colcon.colcon_core.package_identification:_identify(venv/lib/python3.10/site-packages/pkg_resources/extern) by extensions ['colcon_meta']
[0.969s] Level 1:colcon.colcon_core.package_identification:_identify(venv/lib/python3.10/site-packages/pkg_resources/extern) by extension 'colcon_meta'
[0.969s] Level 1:colcon.colcon_core.package_identification:_identify(venv/lib/python3.10/site-packages/pkg_resources/extern) by extensions ['ros']
[0.969s] Level 1:colcon.colcon_core.package_identification:_identify(venv/lib/python3.10/site-packages/pkg_resources/extern) by extension 'ros'
[0.969s] Level 1:colcon.colcon_core.package_identification:_identify(venv/lib/python3.10/site-packages/pkg_resources/extern) by extensions ['cmake', 'python']
[0.969s] Level 1:colcon.colcon_core.package_identification:_identify(venv/lib/python3.10/site-packages/pkg_resources/extern) by extension 'cmake'
[0.969s] Level 1:colcon.colcon_core.package_identification:_identify(venv/lib/python3.10/site-packages/pkg_resources/extern) by extension 'python'
[0.969s] Level 1:colcon.colcon_core.package_identification:_identify(venv/lib/python3.10/site-packages/pkg_resources/extern) by extensions ['python_setup_py']
[0.969s] Level 1:colcon.colcon_core.package_identification:_identify(venv/lib/python3.10/site-packages/pkg_resources/extern) by extension 'python_setup_py'
[0.969s] Level 1:colcon.colcon_core.package_identification:_identify(venv/lib/python3.10/site-packages/pkg_resources/extern/__pycache__) by extensions ['ignore', 'ignore_ament_install']
[0.969s] Level 1:colcon.colcon_core.package_identification:_identify(venv/lib/python3.10/site-packages/pkg_resources/extern/__pycache__) by extension 'ignore'
[0.969s] Level 1:colcon.colcon_core.package_identification:_identify(venv/lib/python3.10/site-packages/pkg_resources/extern/__pycache__) by extension 'ignore_ament_install'
[0.969s] Level 1:colcon.colcon_core.package_identification:_identify(venv/lib/python3.10/site-packages/pkg_resources/extern/__pycache__) by extensions ['colcon_pkg']
[0.969s] Level 1:colcon.colcon_core.package_identification:_identify(venv/lib/python3.10/site-packages/pkg_resources/extern/__pycache__) by extension 'colcon_pkg'
[0.969s] Level 1:colcon.colcon_core.package_identification:_identify(venv/lib/python3.10/site-packages/pkg_resources/extern/__pycache__) by extensions ['colcon_meta']
[0.969s] Level 1:colcon.colcon_core.package_identification:_identify(venv/lib/python3.10/site-packages/pkg_resources/extern/__pycache__) by extension 'colcon_meta'
[0.969s] Level 1:colcon.colcon_core.package_identification:_identify(venv/lib/python3.10/site-packages/pkg_resources/extern/__pycache__) by extensions ['ros']
[0.969s] Level 1:colcon.colcon_core.package_identification:_identify(venv/lib/python3.10/site-packages/pkg_resources/extern/__pycache__) by extension 'ros'
[0.969s] Level 1:colcon.colcon_core.package_identification:_identify(venv/lib/python3.10/site-packages/pkg_resources/extern/__pycache__) by extensions ['cmake', 'python']
[0.969s] Level 1:colcon.colcon_core.package_identification:_identify(venv/lib/python3.10/site-packages/pkg_resources/extern/__pycache__) by extension 'cmake'
[0.969s] Level 1:colcon.colcon_core.package_identification:_identify(venv/lib/python3.10/site-packages/pkg_resources/extern/__pycache__) by extension 'python'
[0.969s] Level 1:colcon.colcon_core.package_identification:_identify(venv/lib/python3.10/site-packages/pkg_resources/extern/__pycache__) by extensions ['python_setup_py']
[0.969s] Level 1:colcon.colcon_core.package_identification:_identify(venv/lib/python3.10/site-packages/pkg_resources/extern/__pycache__) by extension 'python_setup_py'
[0.969s] Level 1:colcon.colcon_core.package_identification:_identify(venv/lib/python3.10/site-packages/pkg_resources/tests) by extensions ['ignore', 'ignore_ament_install']
[0.969s] Level 1:colcon.colcon_core.package_identification:_identify(venv/lib/python3.10/site-packages/pkg_resources/tests) by extension 'ignore'
[0.969s] Level 1:colcon.colcon_core.package_identification:_identify(venv/lib/python3.10/site-packages/pkg_resources/tests) by extension 'ignore_ament_install'
[0.970s] Level 1:colcon.colcon_core.package_identification:_identify(venv/lib/python3.10/site-packages/pkg_resources/tests) by extensions ['colcon_pkg']
[0.970s] Level 1:colcon.colcon_core.package_identification:_identify(venv/lib/python3.10/site-packages/pkg_resources/tests) by extension 'colcon_pkg'
[0.970s] Level 1:colcon.colcon_core.package_identification:_identify(venv/lib/python3.10/site-packages/pkg_resources/tests) by extensions ['colcon_meta']
[0.970s] Level 1:colcon.colcon_core.package_identification:_identify(venv/lib/python3.10/site-packages/pkg_resources/tests) by extension 'colcon_meta'
[0.970s] Level 1:colcon.colcon_core.package_identification:_identify(venv/lib/python3.10/site-packages/pkg_resources/tests) by extensions ['ros']
[0.970s] Level 1:colcon.colcon_core.package_identification:_identify(venv/lib/python3.10/site-packages/pkg_resources/tests) by extension 'ros'
[0.970s] Level 1:colcon.colcon_core.package_identification:_identify(venv/lib/python3.10/site-packages/pkg_resources/tests) by extensions ['cmake', 'python']
[0.970s] Level 1:colcon.colcon_core.package_identification:_identify(venv/lib/python3.10/site-packages/pkg_resources/tests) by extension 'cmake'
[0.970s] Level 1:colcon.colcon_core.package_identification:_identify(venv/lib/python3.10/site-packages/pkg_resources/tests) by extension 'python'
[0.970s] Level 1:colcon.colcon_core.package_identification:_identify(venv/lib/python3.10/site-packages/pkg_resources/tests) by extensions ['python_setup_py']
[0.970s] Level 1:colcon.colcon_core.package_identification:_identify(venv/lib/python3.10/site-packages/pkg_resources/tests) by extension 'python_setup_py'
[0.970s] Level 1:colcon.colcon_core.package_identification:_identify(venv/lib/python3.10/site-packages/pkg_resources/tests/data) by extensions ['ignore', 'ignore_ament_install']
[0.970s] Level 1:colcon.colcon_core.package_identification:_identify(venv/lib/python3.10/site-packages/pkg_resources/tests/data) by extension 'ignore'
[0.970s] Level 1:colcon.colcon_core.package_identification:_identify(venv/lib/python3.10/site-packages/pkg_resources/tests/data) by extension 'ignore_ament_install'
[0.970s] Level 1:colcon.colcon_core.package_identification:_identify(venv/lib/python3.10/site-packages/pkg_resources/tests/data) by extensions ['colcon_pkg']
[0.970s] Level 1:colcon.colcon_core.package_identification:_identify(venv/lib/python3.10/site-packages/pkg_resources/tests/data) by extension 'colcon_pkg'
[0.970s] Level 1:colcon.colcon_core.package_identification:_identify(venv/lib/python3.10/site-packages/pkg_resources/tests/data) by extensions ['colcon_meta']
[0.970s] Level 1:colcon.colcon_core.package_identification:_identify(venv/lib/python3.10/site-packages/pkg_resources/tests/data) by extension 'colcon_meta'
[0.970s] Level 1:colcon.colcon_core.package_identification:_identify(venv/lib/python3.10/site-packages/pkg_resources/tests/data) by extensions ['ros']
[0.970s] Level 1:colcon.colcon_core.package_identification:_identify(venv/lib/python3.10/site-packages/pkg_resources/tests/data) by extension 'ros'
[0.970s] Level 1:colcon.colcon_core.package_identification:_identify(venv/lib/python3.10/site-packages/pkg_resources/tests/data) by extensions ['cmake', 'python']
[0.970s] Level 1:colcon.colcon_core.package_identification:_identify(venv/lib/python3.10/site-packages/pkg_resources/tests/data) by extension 'cmake'
[0.970s] Level 1:colcon.colcon_core.package_identification:_identify(venv/lib/python3.10/site-packages/pkg_resources/tests/data) by extension 'python'
[0.970s] Level 1:colcon.colcon_core.package_identification:_identify(venv/lib/python3.10/site-packages/pkg_resources/tests/data) by extensions ['python_setup_py']
[0.970s] Level 1:colcon.colcon_core.package_identification:_identify(venv/lib/python3.10/site-packages/pkg_resources/tests/data) by extension 'python_setup_py'
[0.970s] Level 1:colcon.colcon_core.package_identification:_identify(venv/lib/python3.10/site-packages/pkg_resources/tests/data/my-test-package-source) by extensions ['ignore', 'ignore_ament_install']
[0.970s] Level 1:colcon.colcon_core.package_identification:_identify(venv/lib/python3.10/site-packages/pkg_resources/tests/data/my-test-package-source) by extension 'ignore'
[0.970s] Level 1:colcon.colcon_core.package_identification:_identify(venv/lib/python3.10/site-packages/pkg_resources/tests/data/my-test-package-source) by extension 'ignore_ament_install'
[0.970s] Level 1:colcon.colcon_core.package_identification:_identify(venv/lib/python3.10/site-packages/pkg_resources/tests/data/my-test-package-source) by extensions ['colcon_pkg']
[0.970s] Level 1:colcon.colcon_core.package_identification:_identify(venv/lib/python3.10/site-packages/pkg_resources/tests/data/my-test-package-source) by extension 'colcon_pkg'
[0.970s] Level 1:colcon.colcon_core.package_identification:_identify(venv/lib/python3.10/site-packages/pkg_resources/tests/data/my-test-package-source) by extensions ['colcon_meta']
[0.970s] Level 1:colcon.colcon_core.package_identification:_identify(venv/lib/python3.10/site-packages/pkg_resources/tests/data/my-test-package-source) by extension 'colcon_meta'
[0.970s] Level 1:colcon.colcon_core.package_identification:_identify(venv/lib/python3.10/site-packages/pkg_resources/tests/data/my-test-package-source) by extensions ['ros']
[0.970s] Level 1:colcon.colcon_core.package_identification:_identify(venv/lib/python3.10/site-packages/pkg_resources/tests/data/my-test-package-source) by extension 'ros'
[0.970s] Level 1:colcon.colcon_core.package_identification:_identify(venv/lib/python3.10/site-packages/pkg_resources/tests/data/my-test-package-source) by extensions ['cmake', 'python']
[0.970s] Level 1:colcon.colcon_core.package_identification:_identify(venv/lib/python3.10/site-packages/pkg_resources/tests/data/my-test-package-source) by extension 'cmake'
[0.970s] Level 1:colcon.colcon_core.package_identification:_identify(venv/lib/python3.10/site-packages/pkg_resources/tests/data/my-test-package-source) by extension 'python'
[0.971s] Level 1:colcon.colcon_core.package_identification:_identify(venv/lib/python3.10/site-packages/pkg_resources/tests/data/my-test-package-source) by extensions ['python_setup_py']
[0.971s] Level 1:colcon.colcon_core.package_identification:_identify(venv/lib/python3.10/site-packages/pkg_resources/tests/data/my-test-package-source) by extension 'python_setup_py'
[1.198s] DEBUG:colcon.colcon_core.package_identification:Package 'venv/lib/python3.10/site-packages/pkg_resources/tests/data/my-test-package-source' with type 'python' and name 'my-test-package'
[1.198s] Level 1:colcon.colcon_core.package_identification:_identify(venv/lib/python3.10/site-packages/setuptools) by extensions ['ignore', 'ignore_ament_install']
[1.198s] Level 1:colcon.colcon_core.package_identification:_identify(venv/lib/python3.10/site-packages/setuptools) by extension 'ignore'
[1.198s] Level 1:colcon.colcon_core.package_identification:_identify(venv/lib/python3.10/site-packages/setuptools) by extension 'ignore_ament_install'
[1.198s] Level 1:colcon.colcon_core.package_identification:_identify(venv/lib/python3.10/site-packages/setuptools) by extensions ['colcon_pkg']
[1.198s] Level 1:colcon.colcon_core.package_identification:_identify(venv/lib/python3.10/site-packages/setuptools) by extension 'colcon_pkg'
[1.198s] Level 1:colcon.colcon_core.package_identification:_identify(venv/lib/python3.10/site-packages/setuptools) by extensions ['colcon_meta']
[1.198s] Level 1:colcon.colcon_core.package_identification:_identify(venv/lib/python3.10/site-packages/setuptools) by extension 'colcon_meta'
[1.198s] Level 1:colcon.colcon_core.package_identification:_identify(venv/lib/python3.10/site-packages/setuptools) by extensions ['ros']
[1.198s] Level 1:colcon.colcon_core.package_identification:_identify(venv/lib/python3.10/site-packages/setuptools) by extension 'ros'
[1.198s] Level 1:colcon.colcon_core.package_identification:_identify(venv/lib/python3.10/site-packages/setuptools) by extensions ['cmake', 'python']
[1.198s] Level 1:colcon.colcon_core.package_identification:_identify(venv/lib/python3.10/site-packages/setuptools) by extension 'cmake'
[1.198s] Level 1:colcon.colcon_core.package_identification:_identify(venv/lib/python3.10/site-packages/setuptools) by extension 'python'
[1.198s] Level 1:colcon.colcon_core.package_identification:_identify(venv/lib/python3.10/site-packages/setuptools) by extensions ['python_setup_py']
[1.198s] Level 1:colcon.colcon_core.package_identification:_identify(venv/lib/python3.10/site-packages/setuptools) by extension 'python_setup_py'
[1.198s] Level 1:colcon.colcon_core.package_identification:_identify(venv/lib/python3.10/site-packages/setuptools/__pycache__) by extensions ['ignore', 'ignore_ament_install']
[1.198s] Level 1:colcon.colcon_core.package_identification:_identify(venv/lib/python3.10/site-packages/setuptools/__pycache__) by extension 'ignore'
[1.198s] Level 1:colcon.colcon_core.package_identification:_identify(venv/lib/python3.10/site-packages/setuptools/__pycache__) by extension 'ignore_ament_install'
[1.198s] Level 1:colcon.colcon_core.package_identification:_identify(venv/lib/python3.10/site-packages/setuptools/__pycache__) by extensions ['colcon_pkg']
[1.198s] Level 1:colcon.colcon_core.package_identification:_identify(venv/lib/python3.10/site-packages/setuptools/__pycache__) by extension 'colcon_pkg'
[1.198s] Level 1:colcon.colcon_core.package_identification:_identify(venv/lib/python3.10/site-packages/setuptools/__pycache__) by extensions ['colcon_meta']
[1.198s] Level 1:colcon.colcon_core.package_identification:_identify(venv/lib/python3.10/site-packages/setuptools/__pycache__) by extension 'colcon_meta'
[1.199s] Level 1:colcon.colcon_core.package_identification:_identify(venv/lib/python3.10/site-packages/setuptools/__pycache__) by extensions ['ros']
[1.199s] Level 1:colcon.colcon_core.package_identification:_identify(venv/lib/python3.10/site-packages/setuptools/__pycache__) by extension 'ros'
[1.199s] Level 1:colcon.colcon_core.package_identification:_identify(venv/lib/python3.10/site-packages/setuptools/__pycache__) by extensions ['cmake', 'python']
[1.199s] Level 1:colcon.colcon_core.package_identification:_identify(venv/lib/python3.10/site-packages/setuptools/__pycache__) by extension 'cmake'
[1.199s] Level 1:colcon.colcon_core.package_identification:_identify(venv/lib/python3.10/site-packages/setuptools/__pycache__) by extension 'python'
[1.199s] Level 1:colcon.colcon_core.package_identification:_identify(venv/lib/python3.10/site-packages/setuptools/__pycache__) by extensions ['python_setup_py']
[1.199s] Level 1:colcon.colcon_core.package_identification:_identify(venv/lib/python3.10/site-packages/setuptools/__pycache__) by extension 'python_setup_py'
[1.199s] Level 1:colcon.colcon_core.package_identification:_identify(venv/lib/python3.10/site-packages/setuptools/_distutils) by extensions ['ignore', 'ignore_ament_install']
[1.199s] Level 1:colcon.colcon_core.package_identification:_identify(venv/lib/python3.10/site-packages/setuptools/_distutils) by extension 'ignore'
[1.199s] Level 1:colcon.colcon_core.package_identification:_identify(venv/lib/python3.10/site-packages/setuptools/_distutils) by extension 'ignore_ament_install'
[1.199s] Level 1:colcon.colcon_core.package_identification:_identify(venv/lib/python3.10/site-packages/setuptools/_distutils) by extensions ['colcon_pkg']
[1.199s] Level 1:colcon.colcon_core.package_identification:_identify(venv/lib/python3.10/site-packages/setuptools/_distutils) by extension 'colcon_pkg'
[1.199s] Level 1:colcon.colcon_core.package_identification:_identify(venv/lib/python3.10/site-packages/setuptools/_distutils) by extensions ['colcon_meta']
[1.199s] Level 1:colcon.colcon_core.package_identification:_identify(venv/lib/python3.10/site-packages/setuptools/_distutils) by extension 'colcon_meta'
[1.199s] Level 1:colcon.colcon_core.package_identification:_identify(venv/lib/python3.10/site-packages/setuptools/_distutils) by extensions ['ros']
[1.199s] Level 1:colcon.colcon_core.package_identification:_identify(venv/lib/python3.10/site-packages/setuptools/_distutils) by extension 'ros'
[1.199s] Level 1:colcon.colcon_core.package_identification:_identify(venv/lib/python3.10/site-packages/setuptools/_distutils) by extensions ['cmake', 'python']
[1.199s] Level 1:colcon.colcon_core.package_identification:_identify(venv/lib/python3.10/site-packages/setuptools/_distutils) by extension 'cmake'
[1.199s] Level 1:colcon.colcon_core.package_identification:_identify(venv/lib/python3.10/site-packages/setuptools/_distutils) by extension 'python'
[1.199s] Level 1:colcon.colcon_core.package_identification:_identify(venv/lib/python3.10/site-packages/setuptools/_distutils) by extensions ['python_setup_py']
[1.199s] Level 1:colcon.colcon_core.package_identification:_identify(venv/lib/python3.10/site-packages/setuptools/_distutils) by extension 'python_setup_py'
[1.199s] Level 1:colcon.colcon_core.package_identification:_identify(venv/lib/python3.10/site-packages/setuptools/_distutils/__pycache__) by extensions ['ignore', 'ignore_ament_install']
[1.199s] Level 1:colcon.colcon_core.package_identification:_identify(venv/lib/python3.10/site-packages/setuptools/_distutils/__pycache__) by extension 'ignore'
[1.199s] Level 1:colcon.colcon_core.package_identification:_identify(venv/lib/python3.10/site-packages/setuptools/_distutils/__pycache__) by extension 'ignore_ament_install'
[1.199s] Level 1:colcon.colcon_core.package_identification:_identify(venv/lib/python3.10/site-packages/setuptools/_distutils/__pycache__) by extensions ['colcon_pkg']
[1.199s] Level 1:colcon.colcon_core.package_identification:_identify(venv/lib/python3.10/site-packages/setuptools/_distutils/__pycache__) by extension 'colcon_pkg'
[1.199s] Level 1:colcon.colcon_core.package_identification:_identify(venv/lib/python3.10/site-packages/setuptools/_distutils/__pycache__) by extensions ['colcon_meta']
[1.199s] Level 1:colcon.colcon_core.package_identification:_identify(venv/lib/python3.10/site-packages/setuptools/_distutils/__pycache__) by extension 'colcon_meta'
[1.199s] Level 1:colcon.colcon_core.package_identification:_identify(venv/lib/python3.10/site-packages/setuptools/_distutils/__pycache__) by extensions ['ros']
[1.199s] Level 1:colcon.colcon_core.package_identification:_identify(venv/lib/python3.10/site-packages/setuptools/_distutils/__pycache__) by extension 'ros'
[1.199s] Level 1:colcon.colcon_core.package_identification:_identify(venv/lib/python3.10/site-packages/setuptools/_distutils/__pycache__) by extensions ['cmake', 'python']
[1.199s] Level 1:colcon.colcon_core.package_identification:_identify(venv/lib/python3.10/site-packages/setuptools/_distutils/__pycache__) by extension 'cmake'
[1.199s] Level 1:colcon.colcon_core.package_identification:_identify(venv/lib/python3.10/site-packages/setuptools/_distutils/__pycache__) by extension 'python'
[1.199s] Level 1:colcon.colcon_core.package_identification:_identify(venv/lib/python3.10/site-packages/setuptools/_distutils/__pycache__) by extensions ['python_setup_py']
[1.199s] Level 1:colcon.colcon_core.package_identification:_identify(venv/lib/python3.10/site-packages/setuptools/_distutils/__pycache__) by extension 'python_setup_py'
[1.200s] Level 1:colcon.colcon_core.package_identification:_identify(venv/lib/python3.10/site-packages/setuptools/_distutils/command) by extensions ['ignore', 'ignore_ament_install']
[1.200s] Level 1:colcon.colcon_core.package_identification:_identify(venv/lib/python3.10/site-packages/setuptools/_distutils/command) by extension 'ignore'
[1.200s] Level 1:colcon.colcon_core.package_identification:_identify(venv/lib/python3.10/site-packages/setuptools/_distutils/command) by extension 'ignore_ament_install'
[1.200s] Level 1:colcon.colcon_core.package_identification:_identify(venv/lib/python3.10/site-packages/setuptools/_distutils/command) by extensions ['colcon_pkg']
[1.200s] Level 1:colcon.colcon_core.package_identification:_identify(venv/lib/python3.10/site-packages/setuptools/_distutils/command) by extension 'colcon_pkg'
[1.200s] Level 1:colcon.colcon_core.package_identification:_identify(venv/lib/python3.10/site-packages/setuptools/_distutils/command) by extensions ['colcon_meta']
[1.200s] Level 1:colcon.colcon_core.package_identification:_identify(venv/lib/python3.10/site-packages/setuptools/_distutils/command) by extension 'colcon_meta'
[1.200s] Level 1:colcon.colcon_core.package_identification:_identify(venv/lib/python3.10/site-packages/setuptools/_distutils/command) by extensions ['ros']
[1.200s] Level 1:colcon.colcon_core.package_identification:_identify(venv/lib/python3.10/site-packages/setuptools/_distutils/command) by extension 'ros'
[1.200s] Level 1:colcon.colcon_core.package_identification:_identify(venv/lib/python3.10/site-packages/setuptools/_distutils/command) by extensions ['cmake', 'python']
[1.200s] Level 1:colcon.colcon_core.package_identification:_identify(venv/lib/python3.10/site-packages/setuptools/_distutils/command) by extension 'cmake'
[1.200s] Level 1:colcon.colcon_core.package_identification:_identify(venv/lib/python3.10/site-packages/setuptools/_distutils/command) by extension 'python'
[1.200s] Level 1:colcon.colcon_core.package_identification:_identify(venv/lib/python3.10/site-packages/setuptools/_distutils/command) by extensions ['python_setup_py']
[1.200s] Level 1:colcon.colcon_core.package_identification:_identify(venv/lib/python3.10/site-packages/setuptools/_distutils/command) by extension 'python_setup_py'
[1.200s] Level 1:colcon.colcon_core.package_identification:_identify(venv/lib/python3.10/site-packages/setuptools/_distutils/command/__pycache__) by extensions ['ignore', 'ignore_ament_install']
[1.200s] Level 1:colcon.colcon_core.package_identification:_identify(venv/lib/python3.10/site-packages/setuptools/_distutils/command/__pycache__) by extension 'ignore'
[1.200s] Level 1:colcon.colcon_core.package_identification:_identify(venv/lib/python3.10/site-packages/setuptools/_distutils/command/__pycache__) by extension 'ignore_ament_install'
[1.200s] Level 1:colcon.colcon_core.package_identification:_identify(venv/lib/python3.10/site-packages/setuptools/_distutils/command/__pycache__) by extensions ['colcon_pkg']
[1.200s] Level 1:colcon.colcon_core.package_identification:_identify(venv/lib/python3.10/site-packages/setuptools/_distutils/command/__pycache__) by extension 'colcon_pkg'
[1.200s] Level 1:colcon.colcon_core.package_identification:_identify(venv/lib/python3.10/site-packages/setuptools/_distutils/command/__pycache__) by extensions ['colcon_meta']
[1.200s] Level 1:colcon.colcon_core.package_identification:_identify(venv/lib/python3.10/site-packages/setuptools/_distutils/command/__pycache__) by extension 'colcon_meta'
[1.200s] Level 1:colcon.colcon_core.package_identification:_identify(venv/lib/python3.10/site-packages/setuptools/_distutils/command/__pycache__) by extensions ['ros']
[1.200s] Level 1:colcon.colcon_core.package_identification:_identify(venv/lib/python3.10/site-packages/setuptools/_distutils/command/__pycache__) by extension 'ros'
[1.200s] Level 1:colcon.colcon_core.package_identification:_identify(venv/lib/python3.10/site-packages/setuptools/_distutils/command/__pycache__) by extensions ['cmake', 'python']
[1.200s] Level 1:colcon.colcon_core.package_identification:_identify(venv/lib/python3.10/site-packages/setuptools/_distutils/command/__pycache__) by extension 'cmake'
[1.200s] Level 1:colcon.colcon_core.package_identification:_identify(venv/lib/python3.10/site-packages/setuptools/_distutils/command/__pycache__) by extension 'python'
[1.200s] Level 1:colcon.colcon_core.package_identification:_identify(venv/lib/python3.10/site-packages/setuptools/_distutils/command/__pycache__) by extensions ['python_setup_py']
[1.200s] Level 1:colcon.colcon_core.package_identification:_identify(venv/lib/python3.10/site-packages/setuptools/_distutils/command/__pycache__) by extension 'python_setup_py'
[1.200s] Level 1:colcon.colcon_core.package_identification:_identify(venv/lib/python3.10/site-packages/setuptools/_vendor) by extensions ['ignore', 'ignore_ament_install']
[1.200s] Level 1:colcon.colcon_core.package_identification:_identify(venv/lib/python3.10/site-packages/setuptools/_vendor) by extension 'ignore'
[1.200s] Level 1:colcon.colcon_core.package_identification:_identify(venv/lib/python3.10/site-packages/setuptools/_vendor) by extension 'ignore_ament_install'
[1.200s] Level 1:colcon.colcon_core.package_identification:_identify(venv/lib/python3.10/site-packages/setuptools/_vendor) by extensions ['colcon_pkg']
[1.200s] Level 1:colcon.colcon_core.package_identification:_identify(venv/lib/python3.10/site-packages/setuptools/_vendor) by extension 'colcon_pkg'
[1.200s] Level 1:colcon.colcon_core.package_identification:_identify(venv/lib/python3.10/site-packages/setuptools/_vendor) by extensions ['colcon_meta']
[1.201s] Level 1:colcon.colcon_core.package_identification:_identify(venv/lib/python3.10/site-packages/setuptools/_vendor) by extension 'colcon_meta'
[1.201s] Level 1:colcon.colcon_core.package_identification:_identify(venv/lib/python3.10/site-packages/setuptools/_vendor) by extensions ['ros']
[1.201s] Level 1:colcon.colcon_core.package_identification:_identify(venv/lib/python3.10/site-packages/setuptools/_vendor) by extension 'ros'
[1.201s] Level 1:colcon.colcon_core.package_identification:_identify(venv/lib/python3.10/site-packages/setuptools/_vendor) by extensions ['cmake', 'python']
[1.201s] Level 1:colcon.colcon_core.package_identification:_identify(venv/lib/python3.10/site-packages/setuptools/_vendor) by extension 'cmake'
[1.201s] Level 1:colcon.colcon_core.package_identification:_identify(venv/lib/python3.10/site-packages/setuptools/_vendor) by extension 'python'
[1.201s] Level 1:colcon.colcon_core.package_identification:_identify(venv/lib/python3.10/site-packages/setuptools/_vendor) by extensions ['python_setup_py']
[1.201s] Level 1:colcon.colcon_core.package_identification:_identify(venv/lib/python3.10/site-packages/setuptools/_vendor) by extension 'python_setup_py'
[1.201s] Level 1:colcon.colcon_core.package_identification:_identify(venv/lib/python3.10/site-packages/setuptools/_vendor/__pycache__) by extensions ['ignore', 'ignore_ament_install']
[1.201s] Level 1:colcon.colcon_core.package_identification:_identify(venv/lib/python3.10/site-packages/setuptools/_vendor/__pycache__) by extension 'ignore'
[1.201s] Level 1:colcon.colcon_core.package_identification:_identify(venv/lib/python3.10/site-packages/setuptools/_vendor/__pycache__) by extension 'ignore_ament_install'
[1.201s] Level 1:colcon.colcon_core.package_identification:_identify(venv/lib/python3.10/site-packages/setuptools/_vendor/__pycache__) by extensions ['colcon_pkg']
[1.201s] Level 1:colcon.colcon_core.package_identification:_identify(venv/lib/python3.10/site-packages/setuptools/_vendor/__pycache__) by extension 'colcon_pkg'
[1.201s] Level 1:colcon.colcon_core.package_identification:_identify(venv/lib/python3.10/site-packages/setuptools/_vendor/__pycache__) by extensions ['colcon_meta']
[1.201s] Level 1:colcon.colcon_core.package_identification:_identify(venv/lib/python3.10/site-packages/setuptools/_vendor/__pycache__) by extension 'colcon_meta'
[1.201s] Level 1:colcon.colcon_core.package_identification:_identify(venv/lib/python3.10/site-packages/setuptools/_vendor/__pycache__) by extensions ['ros']
[1.201s] Level 1:colcon.colcon_core.package_identification:_identify(venv/lib/python3.10/site-packages/setuptools/_vendor/__pycache__) by extension 'ros'
[1.201s] Level 1:colcon.colcon_core.package_identification:_identify(venv/lib/python3.10/site-packages/setuptools/_vendor/__pycache__) by extensions ['cmake', 'python']
[1.201s] Level 1:colcon.colcon_core.package_identification:_identify(venv/lib/python3.10/site-packages/setuptools/_vendor/__pycache__) by extension 'cmake'
[1.201s] Level 1:colcon.colcon_core.package_identification:_identify(venv/lib/python3.10/site-packages/setuptools/_vendor/__pycache__) by extension 'python'
[1.201s] Level 1:colcon.colcon_core.package_identification:_identify(venv/lib/python3.10/site-packages/setuptools/_vendor/__pycache__) by extensions ['python_setup_py']
[1.201s] Level 1:colcon.colcon_core.package_identification:_identify(venv/lib/python3.10/site-packages/setuptools/_vendor/__pycache__) by extension 'python_setup_py'
[1.201s] Level 1:colcon.colcon_core.package_identification:_identify(venv/lib/python3.10/site-packages/setuptools/_vendor/more_itertools) by extensions ['ignore', 'ignore_ament_install']
[1.201s] Level 1:colcon.colcon_core.package_identification:_identify(venv/lib/python3.10/site-packages/setuptools/_vendor/more_itertools) by extension 'ignore'
[1.201s] Level 1:colcon.colcon_core.package_identification:_identify(venv/lib/python3.10/site-packages/setuptools/_vendor/more_itertools) by extension 'ignore_ament_install'
[1.201s] Level 1:colcon.colcon_core.package_identification:_identify(venv/lib/python3.10/site-packages/setuptools/_vendor/more_itertools) by extensions ['colcon_pkg']
[1.201s] Level 1:colcon.colcon_core.package_identification:_identify(venv/lib/python3.10/site-packages/setuptools/_vendor/more_itertools) by extension 'colcon_pkg'
[1.201s] Level 1:colcon.colcon_core.package_identification:_identify(venv/lib/python3.10/site-packages/setuptools/_vendor/more_itertools) by extensions ['colcon_meta']
[1.201s] Level 1:colcon.colcon_core.package_identification:_identify(venv/lib/python3.10/site-packages/setuptools/_vendor/more_itertools) by extension 'colcon_meta'
[1.201s] Level 1:colcon.colcon_core.package_identification:_identify(venv/lib/python3.10/site-packages/setuptools/_vendor/more_itertools) by extensions ['ros']
[1.201s] Level 1:colcon.colcon_core.package_identification:_identify(venv/lib/python3.10/site-packages/setuptools/_vendor/more_itertools) by extension 'ros'
[1.201s] Level 1:colcon.colcon_core.package_identification:_identify(venv/lib/python3.10/site-packages/setuptools/_vendor/more_itertools) by extensions ['cmake', 'python']
[1.201s] Level 1:colcon.colcon_core.package_identification:_identify(venv/lib/python3.10/site-packages/setuptools/_vendor/more_itertools) by extension 'cmake'
[1.201s] Level 1:colcon.colcon_core.package_identification:_identify(venv/lib/python3.10/site-packages/setuptools/_vendor/more_itertools) by extension 'python'
[1.201s] Level 1:colcon.colcon_core.package_identification:_identify(venv/lib/python3.10/site-packages/setuptools/_vendor/more_itertools) by extensions ['python_setup_py']
[1.201s] Level 1:colcon.colcon_core.package_identification:_identify(venv/lib/python3.10/site-packages/setuptools/_vendor/more_itertools) by extension 'python_setup_py'
[1.202s] Level 1:colcon.colcon_core.package_identification:_identify(venv/lib/python3.10/site-packages/setuptools/_vendor/more_itertools/__pycache__) by extensions ['ignore', 'ignore_ament_install']
[1.202s] Level 1:colcon.colcon_core.package_identification:_identify(venv/lib/python3.10/site-packages/setuptools/_vendor/more_itertools/__pycache__) by extension 'ignore'
[1.202s] Level 1:colcon.colcon_core.package_identification:_identify(venv/lib/python3.10/site-packages/setuptools/_vendor/more_itertools/__pycache__) by extension 'ignore_ament_install'
[1.202s] Level 1:colcon.colcon_core.package_identification:_identify(venv/lib/python3.10/site-packages/setuptools/_vendor/more_itertools/__pycache__) by extensions ['colcon_pkg']
[1.202s] Level 1:colcon.colcon_core.package_identification:_identify(venv/lib/python3.10/site-packages/setuptools/_vendor/more_itertools/__pycache__) by extension 'colcon_pkg'
[1.202s] Level 1:colcon.colcon_core.package_identification:_identify(venv/lib/python3.10/site-packages/setuptools/_vendor/more_itertools/__pycache__) by extensions ['colcon_meta']
[1.202s] Level 1:colcon.colcon_core.package_identification:_identify(venv/lib/python3.10/site-packages/setuptools/_vendor/more_itertools/__pycache__) by extension 'colcon_meta'
[1.202s] Level 1:colcon.colcon_core.package_identification:_identify(venv/lib/python3.10/site-packages/setuptools/_vendor/more_itertools/__pycache__) by extensions ['ros']
[1.202s] Level 1:colcon.colcon_core.package_identification:_identify(venv/lib/python3.10/site-packages/setuptools/_vendor/more_itertools/__pycache__) by extension 'ros'
[1.202s] Level 1:colcon.colcon_core.package_identification:_identify(venv/lib/python3.10/site-packages/setuptools/_vendor/more_itertools/__pycache__) by extensions ['cmake', 'python']
[1.202s] Level 1:colcon.colcon_core.package_identification:_identify(venv/lib/python3.10/site-packages/setuptools/_vendor/more_itertools/__pycache__) by extension 'cmake'
[1.202s] Level 1:colcon.colcon_core.package_identification:_identify(venv/lib/python3.10/site-packages/setuptools/_vendor/more_itertools/__pycache__) by extension 'python'
[1.202s] Level 1:colcon.colcon_core.package_identification:_identify(venv/lib/python3.10/site-packages/setuptools/_vendor/more_itertools/__pycache__) by extensions ['python_setup_py']
[1.202s] Level 1:colcon.colcon_core.package_identification:_identify(venv/lib/python3.10/site-packages/setuptools/_vendor/more_itertools/__pycache__) by extension 'python_setup_py'
[1.202s] Level 1:colcon.colcon_core.package_identification:_identify(venv/lib/python3.10/site-packages/setuptools/_vendor/packaging) by extensions ['ignore', 'ignore_ament_install']
[1.202s] Level 1:colcon.colcon_core.package_identification:_identify(venv/lib/python3.10/site-packages/setuptools/_vendor/packaging) by extension 'ignore'
[1.202s] Level 1:colcon.colcon_core.package_identification:_identify(venv/lib/python3.10/site-packages/setuptools/_vendor/packaging) by extension 'ignore_ament_install'
[1.202s] Level 1:colcon.colcon_core.package_identification:_identify(venv/lib/python3.10/site-packages/setuptools/_vendor/packaging) by extensions ['colcon_pkg']
[1.202s] Level 1:colcon.colcon_core.package_identification:_identify(venv/lib/python3.10/site-packages/setuptools/_vendor/packaging) by extension 'colcon_pkg'
[1.202s] Level 1:colcon.colcon_core.package_identification:_identify(venv/lib/python3.10/site-packages/setuptools/_vendor/packaging) by extensions ['colcon_meta']
[1.202s] Level 1:colcon.colcon_core.package_identification:_identify(venv/lib/python3.10/site-packages/setuptools/_vendor/packaging) by extension 'colcon_meta'
[1.202s] Level 1:colcon.colcon_core.package_identification:_identify(venv/lib/python3.10/site-packages/setuptools/_vendor/packaging) by extensions ['ros']
[1.202s] Level 1:colcon.colcon_core.package_identification:_identify(venv/lib/python3.10/site-packages/setuptools/_vendor/packaging) by extension 'ros'
[1.202s] Level 1:colcon.colcon_core.package_identification:_identify(venv/lib/python3.10/site-packages/setuptools/_vendor/packaging) by extensions ['cmake', 'python']
[1.202s] Level 1:colcon.colcon_core.package_identification:_identify(venv/lib/python3.10/site-packages/setuptools/_vendor/packaging) by extension 'cmake'
[1.202s] Level 1:colcon.colcon_core.package_identification:_identify(venv/lib/python3.10/site-packages/setuptools/_vendor/packaging) by extension 'python'
[1.202s] Level 1:colcon.colcon_core.package_identification:_identify(venv/lib/python3.10/site-packages/setuptools/_vendor/packaging) by extensions ['python_setup_py']
[1.202s] Level 1:colcon.colcon_core.package_identification:_identify(venv/lib/python3.10/site-packages/setuptools/_vendor/packaging) by extension 'python_setup_py'
[1.202s] Level 1:colcon.colcon_core.package_identification:_identify(venv/lib/python3.10/site-packages/setuptools/_vendor/packaging/__pycache__) by extensions ['ignore', 'ignore_ament_install']
[1.202s] Level 1:colcon.colcon_core.package_identification:_identify(venv/lib/python3.10/site-packages/setuptools/_vendor/packaging/__pycache__) by extension 'ignore'
[1.202s] Level 1:colcon.colcon_core.package_identification:_identify(venv/lib/python3.10/site-packages/setuptools/_vendor/packaging/__pycache__) by extension 'ignore_ament_install'
[1.202s] Level 1:colcon.colcon_core.package_identification:_identify(venv/lib/python3.10/site-packages/setuptools/_vendor/packaging/__pycache__) by extensions ['colcon_pkg']
[1.202s] Level 1:colcon.colcon_core.package_identification:_identify(venv/lib/python3.10/site-packages/setuptools/_vendor/packaging/__pycache__) by extension 'colcon_pkg'
[1.202s] Level 1:colcon.colcon_core.package_identification:_identify(venv/lib/python3.10/site-packages/setuptools/_vendor/packaging/__pycache__) by extensions ['colcon_meta']
[1.202s] Level 1:colcon.colcon_core.package_identification:_identify(venv/lib/python3.10/site-packages/setuptools/_vendor/packaging/__pycache__) by extension 'colcon_meta'
[1.203s] Level 1:colcon.colcon_core.package_identification:_identify(venv/lib/python3.10/site-packages/setuptools/_vendor/packaging/__pycache__) by extensions ['ros']
[1.203s] Level 1:colcon.colcon_core.package_identification:_identify(venv/lib/python3.10/site-packages/setuptools/_vendor/packaging/__pycache__) by extension 'ros'
[1.203s] Level 1:colcon.colcon_core.package_identification:_identify(venv/lib/python3.10/site-packages/setuptools/_vendor/packaging/__pycache__) by extensions ['cmake', 'python']
[1.203s] Level 1:colcon.colcon_core.package_identification:_identify(venv/lib/python3.10/site-packages/setuptools/_vendor/packaging/__pycache__) by extension 'cmake'
[1.203s] Level 1:colcon.colcon_core.package_identification:_identify(venv/lib/python3.10/site-packages/setuptools/_vendor/packaging/__pycache__) by extension 'python'
[1.203s] Level 1:colcon.colcon_core.package_identification:_identify(venv/lib/python3.10/site-packages/setuptools/_vendor/packaging/__pycache__) by extensions ['python_setup_py']
[1.203s] Level 1:colcon.colcon_core.package_identification:_identify(venv/lib/python3.10/site-packages/setuptools/_vendor/packaging/__pycache__) by extension 'python_setup_py'
[1.203s] Level 1:colcon.colcon_core.package_identification:_identify(venv/lib/python3.10/site-packages/setuptools/command) by extensions ['ignore', 'ignore_ament_install']
[1.203s] Level 1:colcon.colcon_core.package_identification:_identify(venv/lib/python3.10/site-packages/setuptools/command) by extension 'ignore'
[1.203s] Level 1:colcon.colcon_core.package_identification:_identify(venv/lib/python3.10/site-packages/setuptools/command) by extension 'ignore_ament_install'
[1.203s] Level 1:colcon.colcon_core.package_identification:_identify(venv/lib/python3.10/site-packages/setuptools/command) by extensions ['colcon_pkg']
[1.203s] Level 1:colcon.colcon_core.package_identification:_identify(venv/lib/python3.10/site-packages/setuptools/command) by extension 'colcon_pkg'
[1.203s] Level 1:colcon.colcon_core.package_identification:_identify(venv/lib/python3.10/site-packages/setuptools/command) by extensions ['colcon_meta']
[1.203s] Level 1:colcon.colcon_core.package_identification:_identify(venv/lib/python3.10/site-packages/setuptools/command) by extension 'colcon_meta'
[1.203s] Level 1:colcon.colcon_core.package_identification:_identify(venv/lib/python3.10/site-packages/setuptools/command) by extensions ['ros']
[1.203s] Level 1:colcon.colcon_core.package_identification:_identify(venv/lib/python3.10/site-packages/setuptools/command) by extension 'ros'
[1.203s] Level 1:colcon.colcon_core.package_identification:_identify(venv/lib/python3.10/site-packages/setuptools/command) by extensions ['cmake', 'python']
[1.203s] Level 1:colcon.colcon_core.package_identification:_identify(venv/lib/python3.10/site-packages/setuptools/command) by extension 'cmake'
[1.203s] Level 1:colcon.colcon_core.package_identification:_identify(venv/lib/python3.10/site-packages/setuptools/command) by extension 'python'
[1.203s] Level 1:colcon.colcon_core.package_identification:_identify(venv/lib/python3.10/site-packages/setuptools/command) by extensions ['python_setup_py']
[1.203s] Level 1:colcon.colcon_core.package_identification:_identify(venv/lib/python3.10/site-packages/setuptools/command) by extension 'python_setup_py'
[1.203s] Level 1:colcon.colcon_core.package_identification:_identify(venv/lib/python3.10/site-packages/setuptools/command/__pycache__) by extensions ['ignore', 'ignore_ament_install']
[1.203s] Level 1:colcon.colcon_core.package_identification:_identify(venv/lib/python3.10/site-packages/setuptools/command/__pycache__) by extension 'ignore'
[1.203s] Level 1:colcon.colcon_core.package_identification:_identify(venv/lib/python3.10/site-packages/setuptools/command/__pycache__) by extension 'ignore_ament_install'
[1.203s] Level 1:colcon.colcon_core.package_identification:_identify(venv/lib/python3.10/site-packages/setuptools/command/__pycache__) by extensions ['colcon_pkg']
[1.203s] Level 1:colcon.colcon_core.package_identification:_identify(venv/lib/python3.10/site-packages/setuptools/command/__pycache__) by extension 'colcon_pkg'
[1.203s] Level 1:colcon.colcon_core.package_identification:_identify(venv/lib/python3.10/site-packages/setuptools/command/__pycache__) by extensions ['colcon_meta']
[1.203s] Level 1:colcon.colcon_core.package_identification:_identify(venv/lib/python3.10/site-packages/setuptools/command/__pycache__) by extension 'colcon_meta'
[1.203s] Level 1:colcon.colcon_core.package_identification:_identify(venv/lib/python3.10/site-packages/setuptools/command/__pycache__) by extensions ['ros']
[1.203s] Level 1:colcon.colcon_core.package_identification:_identify(venv/lib/python3.10/site-packages/setuptools/command/__pycache__) by extension 'ros'
[1.203s] Level 1:colcon.colcon_core.package_identification:_identify(venv/lib/python3.10/site-packages/setuptools/command/__pycache__) by extensions ['cmake', 'python']
[1.203s] Level 1:colcon.colcon_core.package_identification:_identify(venv/lib/python3.10/site-packages/setuptools/command/__pycache__) by extension 'cmake'
[1.203s] Level 1:colcon.colcon_core.package_identification:_identify(venv/lib/python3.10/site-packages/setuptools/command/__pycache__) by extension 'python'
[1.203s] Level 1:colcon.colcon_core.package_identification:_identify(venv/lib/python3.10/site-packages/setuptools/command/__pycache__) by extensions ['python_setup_py']
[1.203s] Level 1:colcon.colcon_core.package_identification:_identify(venv/lib/python3.10/site-packages/setuptools/command/__pycache__) by extension 'python_setup_py'
[1.204s] Level 1:colcon.colcon_core.package_identification:_identify(venv/lib/python3.10/site-packages/setuptools/extern) by extensions ['ignore', 'ignore_ament_install']
[1.204s] Level 1:colcon.colcon_core.package_identification:_identify(venv/lib/python3.10/site-packages/setuptools/extern) by extension 'ignore'
[1.204s] Level 1:colcon.colcon_core.package_identification:_identify(venv/lib/python3.10/site-packages/setuptools/extern) by extension 'ignore_ament_install'
[1.204s] Level 1:colcon.colcon_core.package_identification:_identify(venv/lib/python3.10/site-packages/setuptools/extern) by extensions ['colcon_pkg']
[1.204s] Level 1:colcon.colcon_core.package_identification:_identify(venv/lib/python3.10/site-packages/setuptools/extern) by extension 'colcon_pkg'
[1.204s] Level 1:colcon.colcon_core.package_identification:_identify(venv/lib/python3.10/site-packages/setuptools/extern) by extensions ['colcon_meta']
[1.204s] Level 1:colcon.colcon_core.package_identification:_identify(venv/lib/python3.10/site-packages/setuptools/extern) by extension 'colcon_meta'
[1.204s] Level 1:colcon.colcon_core.package_identification:_identify(venv/lib/python3.10/site-packages/setuptools/extern) by extensions ['ros']
[1.204s] Level 1:colcon.colcon_core.package_identification:_identify(venv/lib/python3.10/site-packages/setuptools/extern) by extension 'ros'
[1.204s] Level 1:colcon.colcon_core.package_identification:_identify(venv/lib/python3.10/site-packages/setuptools/extern) by extensions ['cmake', 'python']
[1.204s] Level 1:colcon.colcon_core.package_identification:_identify(venv/lib/python3.10/site-packages/setuptools/extern) by extension 'cmake'
[1.204s] Level 1:colcon.colcon_core.package_identification:_identify(venv/lib/python3.10/site-packages/setuptools/extern) by extension 'python'
[1.204s] Level 1:colcon.colcon_core.package_identification:_identify(venv/lib/python3.10/site-packages/setuptools/extern) by extensions ['python_setup_py']
[1.204s] Level 1:colcon.colcon_core.package_identification:_identify(venv/lib/python3.10/site-packages/setuptools/extern) by extension 'python_setup_py'
[1.204s] Level 1:colcon.colcon_core.package_identification:_identify(venv/lib/python3.10/site-packages/setuptools/extern/__pycache__) by extensions ['ignore', 'ignore_ament_install']
[1.204s] Level 1:colcon.colcon_core.package_identification:_identify(venv/lib/python3.10/site-packages/setuptools/extern/__pycache__) by extension 'ignore'
[1.204s] Level 1:colcon.colcon_core.package_identification:_identify(venv/lib/python3.10/site-packages/setuptools/extern/__pycache__) by extension 'ignore_ament_install'
[1.204s] Level 1:colcon.colcon_core.package_identification:_identify(venv/lib/python3.10/site-packages/setuptools/extern/__pycache__) by extensions ['colcon_pkg']
[1.204s] Level 1:colcon.colcon_core.package_identification:_identify(venv/lib/python3.10/site-packages/setuptools/extern/__pycache__) by extension 'colcon_pkg'
[1.204s] Level 1:colcon.colcon_core.package_identification:_identify(venv/lib/python3.10/site-packages/setuptools/extern/__pycache__) by extensions ['colcon_meta']
[1.204s] Level 1:colcon.colcon_core.package_identification:_identify(venv/lib/python3.10/site-packages/setuptools/extern/__pycache__) by extension 'colcon_meta'
[1.204s] Level 1:colcon.colcon_core.package_identification:_identify(venv/lib/python3.10/site-packages/setuptools/extern/__pycache__) by extensions ['ros']
[1.204s] Level 1:colcon.colcon_core.package_identification:_identify(venv/lib/python3.10/site-packages/setuptools/extern/__pycache__) by extension 'ros'
[1.204s] Level 1:colcon.colcon_core.package_identification:_identify(venv/lib/python3.10/site-packages/setuptools/extern/__pycache__) by extensions ['cmake', 'python']
[1.204s] Level 1:colcon.colcon_core.package_identification:_identify(venv/lib/python3.10/site-packages/setuptools/extern/__pycache__) by extension 'cmake'
[1.204s] Level 1:colcon.colcon_core.package_identification:_identify(venv/lib/python3.10/site-packages/setuptools/extern/__pycache__) by extension 'python'
[1.204s] Level 1:colcon.colcon_core.package_identification:_identify(venv/lib/python3.10/site-packages/setuptools/extern/__pycache__) by extensions ['python_setup_py']
[1.204s] Level 1:colcon.colcon_core.package_identification:_identify(venv/lib/python3.10/site-packages/setuptools/extern/__pycache__) by extension 'python_setup_py'
[1.204s] Level 1:colcon.colcon_core.package_identification:_identify(venv/lib/python3.10/site-packages/setuptools-59.6.0.dist-info) by extensions ['ignore', 'ignore_ament_install']
[1.204s] Level 1:colcon.colcon_core.package_identification:_identify(venv/lib/python3.10/site-packages/setuptools-59.6.0.dist-info) by extension 'ignore'
[1.204s] Level 1:colcon.colcon_core.package_identification:_identify(venv/lib/python3.10/site-packages/setuptools-59.6.0.dist-info) by extension 'ignore_ament_install'
[1.204s] Level 1:colcon.colcon_core.package_identification:_identify(venv/lib/python3.10/site-packages/setuptools-59.6.0.dist-info) by extensions ['colcon_pkg']
[1.204s] Level 1:colcon.colcon_core.package_identification:_identify(venv/lib/python3.10/site-packages/setuptools-59.6.0.dist-info) by extension 'colcon_pkg'
[1.204s] Level 1:colcon.colcon_core.package_identification:_identify(venv/lib/python3.10/site-packages/setuptools-59.6.0.dist-info) by extensions ['colcon_meta']
[1.204s] Level 1:colcon.colcon_core.package_identification:_identify(venv/lib/python3.10/site-packages/setuptools-59.6.0.dist-info) by extension 'colcon_meta'
[1.204s] Level 1:colcon.colcon_core.package_identification:_identify(venv/lib/python3.10/site-packages/setuptools-59.6.0.dist-info) by extensions ['ros']
[1.204s] Level 1:colcon.colcon_core.package_identification:_identify(venv/lib/python3.10/site-packages/setuptools-59.6.0.dist-info) by extension 'ros'
[1.205s] Level 1:colcon.colcon_core.package_identification:_identify(venv/lib/python3.10/site-packages/setuptools-59.6.0.dist-info) by extensions ['cmake', 'python']
[1.205s] Level 1:colcon.colcon_core.package_identification:_identify(venv/lib/python3.10/site-packages/setuptools-59.6.0.dist-info) by extension 'cmake'
[1.205s] Level 1:colcon.colcon_core.package_identification:_identify(venv/lib/python3.10/site-packages/setuptools-59.6.0.dist-info) by extension 'python'
[1.205s] Level 1:colcon.colcon_core.package_identification:_identify(venv/lib/python3.10/site-packages/setuptools-59.6.0.dist-info) by extensions ['python_setup_py']
[1.205s] Level 1:colcon.colcon_core.package_identification:_identify(venv/lib/python3.10/site-packages/setuptools-59.6.0.dist-info) by extension 'python_setup_py'
[1.205s] Level 1:colcon.colcon_core.package_discovery:discover_packages(recursive) using defaults
[1.205s] Level 1:colcon.colcon_core.package_discovery:discover_packages(ignore) discover
[1.205s] Level 1:colcon.colcon_core.package_discovery:discover_packages(ignore) using defaults
[1.205s] Level 1:colcon.colcon_core.package_discovery:discover_packages(path) discover
[1.205s] Level 1:colcon.colcon_core.package_discovery:discover_packages(path) using defaults
[1.220s] Level 1:colcon.colcon_core.package_discovery:discover_packages(prefix_path) check parameters
[1.220s] Level 1:colcon.colcon_core.package_discovery:discover_packages(prefix_path) discover
[1.222s] DEBUG:colcon.colcon_installed_package_information.package_discovery:Found 384 installed packages in /opt/ros/humble
[1.224s] Level 1:colcon.colcon_core.package_discovery:discover_packages(prefix_path) using defaults
[1.252s] WARNING:colcon.colcon_core.package_selection:Some selected packages are already built in one or more underlay workspaces:
	'turtlesim' is in: /opt/ros/humble
If a package in a merged underlay workspace is overridden and it installs headers, then all packages in the overlay must sort their include directories by workspace order. Failure to do so may result in build failures or undefined behavior at run time.
If the overridden package is used by another package in any underlay, then the overriding package in the overlay must be API and ABI compatible or undefined behavior at run time may occur.

If you understand the risks and want to override a package anyways, add the following to the command line:
	--allow-overriding turtlesim

This may be promoted to an error in a future release of colcon-override-check.
[1.252s] Level 5:colcon.colcon_core.verb:set package 'bumperbot_localization' build argument 'cmake_args' from command line to 'None'
[1.253s] Level 5:colcon.colcon_core.verb:set package 'bumperbot_localization' build argument 'cmake_target' from command line to 'None'
[1.253s] Level 5:colcon.colcon_core.verb:set package 'bumperbot_localization' build argument 'cmake_target_skip_unavailable' from command line to 'False'
[1.253s] Level 5:colcon.colcon_core.verb:set package 'bumperbot_localization' build argument 'cmake_clean_cache' from command line to 'False'
[1.253s] Level 5:colcon.colcon_core.verb:set package 'bumperbot_localization' build argument 'cmake_clean_first' from command line to 'False'
[1.253s] Level 5:colcon.colcon_core.verb:set package 'bumperbot_localization' build argument 'cmake_force_configure' from command line to 'False'
[1.253s] Level 5:colcon.colcon_core.verb:set package 'bumperbot_localization' build argument 'ament_cmake_args' from command line to 'None'
[1.253s] Level 5:colcon.colcon_core.verb:set package 'bumperbot_localization' build argument 'catkin_cmake_args' from command line to 'None'
[1.253s] Level 5:colcon.colcon_core.verb:set package 'bumperbot_localization' build argument 'catkin_skip_building_tests' from command line to 'False'
[1.253s] DEBUG:colcon.colcon_core.verb:Building package 'bumperbot_localization' with the following arguments: {'ament_cmake_args': None, 'build_base': '/home/aihemel/ros2_ws/build/bumperbot_localization', 'catkin_cmake_args': None, 'catkin_skip_building_tests': False, 'cmake_args': None, 'cmake_clean_cache': False, 'cmake_clean_first': False, 'cmake_force_configure': False, 'cmake_target': None, 'cmake_target_skip_unavailable': False, 'install_base': '/home/aihemel/ros2_ws/install/bumperbot_localization', 'merge_install': False, 'path': '/home/aihemel/ros2_ws/src/bumperbot_localization', 'symlink_install': False, 'test_result_base': None}
[1.253s] Level 5:colcon.colcon_core.verb:set package 'bumperbot_py_examples' build argument 'cmake_args' from command line to 'None'
[1.253s] Level 5:colcon.colcon_core.verb:set package 'bumperbot_py_examples' build argument 'cmake_target' from command line to 'None'
[1.253s] Level 5:colcon.colcon_core.verb:set package 'bumperbot_py_examples' build argument 'cmake_target_skip_unavailable' from command line to 'False'
[1.253s] Level 5:colcon.colcon_core.verb:set package 'bumperbot_py_examples' build argument 'cmake_clean_cache' from command line to 'False'
[1.253s] Level 5:colcon.colcon_core.verb:set package 'bumperbot_py_examples' build argument 'cmake_clean_first' from command line to 'False'
[1.253s] Level 5:colcon.colcon_core.verb:set package 'bumperbot_py_examples' build argument 'cmake_force_configure' from command line to 'False'
[1.253s] Level 5:colcon.colcon_core.verb:set package 'bumperbot_py_examples' build argument 'ament_cmake_args' from command line to 'None'
[1.253s] Level 5:colcon.colcon_core.verb:set package 'bumperbot_py_examples' build argument 'catkin_cmake_args' from command line to 'None'
[1.253s] Level 5:colcon.colcon_core.verb:set package 'bumperbot_py_examples' build argument 'catkin_skip_building_tests' from command line to 'False'
[1.253s] DEBUG:colcon.colcon_core.verb:Building package 'bumperbot_py_examples' with the following arguments: {'ament_cmake_args': None, 'build_base': '/home/aihemel/ros2_ws/build/bumperbot_py_examples', 'catkin_cmake_args': None, 'catkin_skip_building_tests': False, 'cmake_args': None, 'cmake_clean_cache': False, 'cmake_clean_first': False, 'cmake_force_configure': False, 'cmake_target': None, 'cmake_target_skip_unavailable': False, 'install_base': '/home/aihemel/ros2_ws/install/bumperbot_py_examples', 'merge_install': False, 'path': '/home/aihemel/ros2_ws/src/bumperbot_py_examples', 'symlink_install': False, 'test_result_base': None}
[1.253s] Level 5:colcon.colcon_core.verb:set package 'my-test-package' build argument 'cmake_args' from command line to 'None'
[1.253s] Level 5:colcon.colcon_core.verb:set package 'my-test-package' build argument 'cmake_target' from command line to 'None'
[1.253s] Level 5:colcon.colcon_core.verb:set package 'my-test-package' build argument 'cmake_target_skip_unavailable' from command line to 'False'
[1.253s] Level 5:colcon.colcon_core.verb:set package 'my-test-package' build argument 'cmake_clean_cache' from command line to 'False'
[1.253s] Level 5:colcon.colcon_core.verb:set package 'my-test-package' build argument 'cmake_clean_first' from command line to 'False'
[1.253s] Level 5:colcon.colcon_core.verb:set package 'my-test-package' build argument 'cmake_force_configure' from command line to 'False'
[1.253s] Level 5:colcon.colcon_core.verb:set package 'my-test-package' build argument 'ament_cmake_args' from command line to 'None'
[1.253s] Level 5:colcon.colcon_core.verb:set package 'my-test-package' build argument 'catkin_cmake_args' from command line to 'None'
[1.253s] Level 5:colcon.colcon_core.verb:set package 'my-test-package' build argument 'catkin_skip_building_tests' from command line to 'False'
[1.253s] DEBUG:colcon.colcon_core.verb:Building package 'my-test-package' with the following arguments: {'ament_cmake_args': None, 'build_base': '/home/aihemel/ros2_ws/build/my-test-package', 'catkin_cmake_args': None, 'catkin_skip_building_tests': False, 'cmake_args': None, 'cmake_clean_cache': False, 'cmake_clean_first': False, 'cmake_force_configure': False, 'cmake_target': None, 'cmake_target_skip_unavailable': False, 'install_base': '/home/aihemel/ros2_ws/install/my-test-package', 'merge_install': False, 'path': '/home/aihemel/ros2_ws/venv/lib/python3.10/site-packages/pkg_resources/tests/data/my-test-package-source', 'symlink_install': False, 'test_result_base': None}
[1.253s] Level 5:colcon.colcon_core.verb:set package 'robot_controller' build argument 'cmake_args' from command line to 'None'
[1.254s] Level 5:colcon.colcon_core.verb:set package 'robot_controller' build argument 'cmake_target' from command line to 'None'
[1.254s] Level 5:colcon.colcon_core.verb:set package 'robot_controller' build argument 'cmake_target_skip_unavailable' from command line to 'False'
[1.254s] Level 5:colcon.colcon_core.verb:set package 'robot_controller' build argument 'cmake_clean_cache' from command line to 'False'
[1.254s] Level 5:colcon.colcon_core.verb:set package 'robot_controller' build argument 'cmake_clean_first' from command line to 'False'
[1.254s] Level 5:colcon.colcon_core.verb:set package 'robot_controller' build argument 'cmake_force_configure' from command line to 'False'
[1.254s] Level 5:colcon.colcon_core.verb:set package 'robot_controller' build argument 'ament_cmake_args' from command line to 'None'
[1.254s] Level 5:colcon.colcon_core.verb:set package 'robot_controller' build argument 'catkin_cmake_args' from command line to 'None'
[1.254s] Level 5:colcon.colcon_core.verb:set package 'robot_controller' build argument 'catkin_skip_building_tests' from command line to 'False'
[1.254s] DEBUG:colcon.colcon_core.verb:Building package 'robot_controller' with the following arguments: {'ament_cmake_args': None, 'build_base': '/home/aihemel/ros2_ws/build/robot_controller', 'catkin_cmake_args': None, 'catkin_skip_building_tests': False, 'cmake_args': None, 'cmake_clean_cache': False, 'cmake_clean_first': False, 'cmake_force_configure': False, 'cmake_target': None, 'cmake_target_skip_unavailable': False, 'install_base': '/home/aihemel/ros2_ws/install/robot_controller', 'merge_install': False, 'path': '/home/aihemel/ros2_ws/src/robot_controller', 'symlink_install': False, 'test_result_base': None}
[1.254s] Level 5:colcon.colcon_core.verb:set package 'robot_description' build argument 'cmake_args' from command line to 'None'
[1.254s] Level 5:colcon.colcon_core.verb:set package 'robot_description' build argument 'cmake_target' from command line to 'None'
[1.254s] Level 5:colcon.colcon_core.verb:set package 'robot_description' build argument 'cmake_target_skip_unavailable' from command line to 'False'
[1.254s] Level 5:colcon.colcon_core.verb:set package 'robot_description' build argument 'cmake_clean_cache' from command line to 'False'
[1.254s] Level 5:colcon.colcon_core.verb:set package 'robot_description' build argument 'cmake_clean_first' from command line to 'False'
[1.254s] Level 5:colcon.colcon_core.verb:set package 'robot_description' build argument 'cmake_force_configure' from command line to 'False'
[1.254s] Level 5:colcon.colcon_core.verb:set package 'robot_description' build argument 'ament_cmake_args' from command line to 'None'
[1.254s] Level 5:colcon.colcon_core.verb:set package 'robot_description' build argument 'catkin_cmake_args' from command line to 'None'
[1.254s] Level 5:colcon.colcon_core.verb:set package 'robot_description' build argument 'catkin_skip_building_tests' from command line to 'False'
[1.254s] DEBUG:colcon.colcon_core.verb:Building package 'robot_description' with the following arguments: {'ament_cmake_args': None, 'build_base': '/home/aihemel/ros2_ws/build/robot_description', 'catkin_cmake_args': None, 'catkin_skip_building_tests': False, 'cmake_args': None, 'cmake_clean_cache': False, 'cmake_clean_first': False, 'cmake_force_configure': False, 'cmake_target': None, 'cmake_target_skip_unavailable': False, 'install_base': '/home/aihemel/ros2_ws/install/robot_description', 'merge_install': False, 'path': '/home/aihemel/ros2_ws/src/robot_description', 'symlink_install': False, 'test_result_base': None}
[1.254s] Level 5:colcon.colcon_core.verb:set package 'robot_firmware' build argument 'cmake_args' from command line to 'None'
[1.254s] Level 5:colcon.colcon_core.verb:set package 'robot_firmware' build argument 'cmake_target' from command line to 'None'
[1.254s] Level 5:colcon.colcon_core.verb:set package 'robot_firmware' build argument 'cmake_target_skip_unavailable' from command line to 'False'
[1.254s] Level 5:colcon.colcon_core.verb:set package 'robot_firmware' build argument 'cmake_clean_cache' from command line to 'False'
[1.254s] Level 5:colcon.colcon_core.verb:set package 'robot_firmware' build argument 'cmake_clean_first' from command line to 'False'
[1.254s] Level 5:colcon.colcon_core.verb:set package 'robot_firmware' build argument 'cmake_force_configure' from command line to 'False'
[1.254s] Level 5:colcon.colcon_core.verb:set package 'robot_firmware' build argument 'ament_cmake_args' from command line to 'None'
[1.254s] Level 5:colcon.colcon_core.verb:set package 'robot_firmware' build argument 'catkin_cmake_args' from command line to 'None'
[1.254s] Level 5:colcon.colcon_core.verb:set package 'robot_firmware' build argument 'catkin_skip_building_tests' from command line to 'False'
[1.254s] DEBUG:colcon.colcon_core.verb:Building package 'robot_firmware' with the following arguments: {'ament_cmake_args': None, 'build_base': '/home/aihemel/ros2_ws/build/robot_firmware', 'catkin_cmake_args': None, 'catkin_skip_building_tests': False, 'cmake_args': None, 'cmake_clean_cache': False, 'cmake_clean_first': False, 'cmake_force_configure': False, 'cmake_target': None, 'cmake_target_skip_unavailable': False, 'install_base': '/home/aihemel/ros2_ws/install/robot_firmware', 'merge_install': False, 'path': '/home/aihemel/ros2_ws/src/robot_firmware', 'symlink_install': False, 'test_result_base': None}
[1.254s] Level 5:colcon.colcon_core.verb:set package 'robot_gazebo' build argument 'cmake_args' from command line to 'None'
[1.254s] Level 5:colcon.colcon_core.verb:set package 'robot_gazebo' build argument 'cmake_target' from command line to 'None'
[1.254s] Level 5:colcon.colcon_core.verb:set package 'robot_gazebo' build argument 'cmake_target_skip_unavailable' from command line to 'False'
[1.254s] Level 5:colcon.colcon_core.verb:set package 'robot_gazebo' build argument 'cmake_clean_cache' from command line to 'False'
[1.254s] Level 5:colcon.colcon_core.verb:set package 'robot_gazebo' build argument 'cmake_clean_first' from command line to 'False'
[1.254s] Level 5:colcon.colcon_core.verb:set package 'robot_gazebo' build argument 'cmake_force_configure' from command line to 'False'
[1.255s] Level 5:colcon.colcon_core.verb:set package 'robot_gazebo' build argument 'ament_cmake_args' from command line to 'None'
[1.255s] Level 5:colcon.colcon_core.verb:set package 'robot_gazebo' build argument 'catkin_cmake_args' from command line to 'None'
[1.255s] Level 5:colcon.colcon_core.verb:set package 'robot_gazebo' build argument 'catkin_skip_building_tests' from command line to 'False'
[1.255s] DEBUG:colcon.colcon_core.verb:Building package 'robot_gazebo' with the following arguments: {'ament_cmake_args': None, 'build_base': '/home/aihemel/ros2_ws/build/robot_gazebo', 'catkin_cmake_args': None, 'catkin_skip_building_tests': False, 'cmake_args': None, 'cmake_clean_cache': False, 'cmake_clean_first': False, 'cmake_force_configure': False, 'cmake_target': None, 'cmake_target_skip_unavailable': False, 'install_base': '/home/aihemel/ros2_ws/install/robot_gazebo', 'merge_install': False, 'path': '/home/aihemel/ros2_ws/src/robot_gazebo', 'symlink_install': False, 'test_result_base': None}
[1.255s] Level 5:colcon.colcon_core.verb:set package 'turtlesim' build argument 'cmake_args' from command line to 'None'
[1.255s] Level 5:colcon.colcon_core.verb:set package 'turtlesim' build argument 'cmake_target' from command line to 'None'
[1.255s] Level 5:colcon.colcon_core.verb:set package 'turtlesim' build argument 'cmake_target_skip_unavailable' from command line to 'False'
[1.255s] Level 5:colcon.colcon_core.verb:set package 'turtlesim' build argument 'cmake_clean_cache' from command line to 'False'
[1.255s] Level 5:colcon.colcon_core.verb:set package 'turtlesim' build argument 'cmake_clean_first' from command line to 'False'
[1.255s] Level 5:colcon.colcon_core.verb:set package 'turtlesim' build argument 'cmake_force_configure' from command line to 'False'
[1.255s] Level 5:colcon.colcon_core.verb:set package 'turtlesim' build argument 'ament_cmake_args' from command line to 'None'
[1.255s] Level 5:colcon.colcon_core.verb:set package 'turtlesim' build argument 'catkin_cmake_args' from command line to 'None'
[1.255s] Level 5:colcon.colcon_core.verb:set package 'turtlesim' build argument 'catkin_skip_building_tests' from command line to 'False'
[1.255s] DEBUG:colcon.colcon_core.verb:Building package 'turtlesim' with the following arguments: {'ament_cmake_args': None, 'build_base': '/home/aihemel/ros2_ws/build/turtlesim', 'catkin_cmake_args': None, 'catkin_skip_building_tests': False, 'cmake_args': None, 'cmake_clean_cache': False, 'cmake_clean_first': False, 'cmake_force_configure': False, 'cmake_target': None, 'cmake_target_skip_unavailable': False, 'install_base': '/home/aihemel/ros2_ws/install/turtlesim', 'merge_install': False, 'path': '/home/aihemel/ros2_ws/src/ros_tutorials/turtlesim', 'symlink_install': False, 'test_result_base': None}
[1.255s] INFO:colcon.colcon_core.executor:Executing jobs using 'parallel' executor
[1.256s] DEBUG:colcon.colcon_parallel_executor.executor.parallel:run_until_complete
[1.256s] INFO:colcon.colcon_ros.task.ament_cmake.build:Building ROS package in '/home/aihemel/ros2_ws/src/bumperbot_localization' with build type 'ament_cmake'
[1.256s] INFO:colcon.colcon_cmake.task.cmake.build:Building CMake package in '/home/aihemel/ros2_ws/src/bumperbot_localization'
[1.259s] INFO:colcon.colcon_core.plugin_system:Skipping extension 'colcon_core.shell.bat': Not used on non-Windows systems
[1.259s] INFO:colcon.colcon_core.shell:Skip shell extension 'powershell' for command environment: Not usable outside of PowerShell
[1.259s] DEBUG:colcon.colcon_core.shell:Skip shell extension 'dsv' for command environment
[1.261s] INFO:colcon.colcon_ros.task.ament_python.build:Building ROS package in '/home/aihemel/ros2_ws/src/bumperbot_py_examples' with build type 'ament_python'
[1.261s] Level 1:colcon.colcon_core.shell:create_environment_hook('bumperbot_py_examples', 'ament_prefix_path')
[1.261s] INFO:colcon.colcon_core.shell:Creating environment hook '/home/aihemel/ros2_ws/install/bumperbot_py_examples/share/bumperbot_py_examples/hook/ament_prefix_path.ps1'
[1.262s] INFO:colcon.colcon_core.shell:Creating environment descriptor '/home/aihemel/ros2_ws/install/bumperbot_py_examples/share/bumperbot_py_examples/hook/ament_prefix_path.dsv'
[1.262s] INFO:colcon.colcon_core.shell:Creating environment hook '/home/aihemel/ros2_ws/install/bumperbot_py_examples/share/bumperbot_py_examples/hook/ament_prefix_path.sh'
[1.263s] INFO:colcon.colcon_core.shell:Skip shell extension 'powershell' for command environment: Not usable outside of PowerShell
[1.263s] DEBUG:colcon.colcon_core.shell:Skip shell extension 'dsv' for command environment
[1.264s] INFO:colcon.colcon_core.task.python.build:Building Python package in '/home/aihemel/ros2_ws/venv/lib/python3.10/site-packages/pkg_resources/tests/data/my-test-package-source'
[1.264s] INFO:colcon.colcon_core.shell:Skip shell extension 'powershell' for command environment: Not usable outside of PowerShell
[1.265s] DEBUG:colcon.colcon_core.shell:Skip shell extension 'dsv' for command environment
[1.266s] INFO:colcon.colcon_ros.task.ament_cmake.build:Building ROS package in '/home/aihemel/ros2_ws/src/robot_controller' with build type 'ament_cmake'
[1.266s] INFO:colcon.colcon_cmake.task.cmake.build:Building CMake package in '/home/aihemel/ros2_ws/src/robot_controller'
[1.267s] INFO:colcon.colcon_core.shell:Skip shell extension 'powershell' for command environment: Not usable outside of PowerShell
[1.267s] DEBUG:colcon.colcon_core.shell:Skip shell extension 'dsv' for command environment
[1.268s] INFO:colcon.colcon_ros.task.ament_cmake.build:Building ROS package in '/home/aihemel/ros2_ws/src/robot_description' with build type 'ament_cmake'
[1.268s] INFO:colcon.colcon_cmake.task.cmake.build:Building CMake package in '/home/aihemel/ros2_ws/src/robot_description'
[1.269s] INFO:colcon.colcon_core.shell:Skip shell extension 'powershell' for command environment: Not usable outside of PowerShell
[1.269s] DEBUG:colcon.colcon_core.shell:Skip shell extension 'dsv' for command environment
[1.270s] INFO:colcon.colcon_ros.task.ament_cmake.build:Building ROS package in '/home/aihemel/ros2_ws/src/robot_firmware' with build type 'ament_cmake'
[1.270s] INFO:colcon.colcon_cmake.task.cmake.build:Building CMake package in '/home/aihemel/ros2_ws/src/robot_firmware'
[1.271s] INFO:colcon.colcon_core.shell:Skip shell extension 'powershell' for command environment: Not usable outside of PowerShell
[1.271s] DEBUG:colcon.colcon_core.shell:Skip shell extension 'dsv' for command environment
[1.272s] INFO:colcon.colcon_ros.task.ament_cmake.build:Building ROS package in '/home/aihemel/ros2_ws/src/robot_gazebo' with build type 'ament_cmake'
[1.272s] INFO:colcon.colcon_cmake.task.cmake.build:Building CMake package in '/home/aihemel/ros2_ws/src/robot_gazebo'
[1.272s] INFO:colcon.colcon_core.shell:Skip shell extension 'powershell' for command environment: Not usable outside of PowerShell
[1.273s] DEBUG:colcon.colcon_core.shell:Skip shell extension 'dsv' for command environment
[1.274s] INFO:colcon.colcon_ros.task.ament_cmake.build:Building ROS package in '/home/aihemel/ros2_ws/src/ros_tutorials/turtlesim' with build type 'ament_cmake'
[1.274s] INFO:colcon.colcon_cmake.task.cmake.build:Building CMake package in '/home/aihemel/ros2_ws/src/ros_tutorials/turtlesim'
[1.275s] INFO:colcon.colcon_core.shell:Skip shell extension 'powershell' for command environment: Not usable outside of PowerShell
[1.275s] DEBUG:colcon.colcon_core.shell:Skip shell extension 'dsv' for command environment
[1.281s] DEBUG:colcon.colcon_core.event_handler.log_command:Invoking command in '/home/aihemel/ros2_ws/build/bumperbot_localization': CMAKE_PREFIX_PATH=/opt/ros/humble /usr/local/bin/cmake --build /home/aihemel/ros2_ws/build/bumperbot_localization -- -j12 -l12
[1.460s] INFO:colcon.colcon_core.task.python.build:Building Python package in '/home/aihemel/ros2_ws/src/bumperbot_py_examples'
[1.460s] INFO:colcon.colcon_core.shell:Skip shell extension 'powershell' for command environment: Not usable outside of PowerShell
[1.460s] DEBUG:colcon.colcon_core.shell:Skip shell extension 'dsv' for command environment
[1.657s] DEBUG:colcon.colcon_core.event_handler.log_command:Invoking command in '/home/aihemel/ros2_ws/build/robot_controller': CMAKE_PREFIX_PATH=/opt/ros/humble /usr/local/bin/cmake --build /home/aihemel/ros2_ws/build/robot_controller -- -j12 -l12
[1.659s] DEBUG:colcon.colcon_core.event_handler.log_command:Invoking command in '/home/aihemel/ros2_ws/build/robot_description': CMAKE_PREFIX_PATH=/opt/ros/humble /usr/local/bin/cmake --build /home/aihemel/ros2_ws/build/robot_description -- -j12 -l12
[1.662s] DEBUG:colcon.colcon_core.event_handler.log_command:Invoking command in '/home/aihemel/ros2_ws/build/robot_firmware': CMAKE_PREFIX_PATH=/opt/ros/humble /usr/local/bin/cmake --build /home/aihemel/ros2_ws/build/robot_firmware -- -j12 -l12
[1.664s] DEBUG:colcon.colcon_core.event_handler.log_command:Invoking command in '/home/aihemel/ros2_ws/build/robot_gazebo': CMAKE_PREFIX_PATH=/opt/ros/humble /usr/local/bin/cmake --build /home/aihemel/ros2_ws/build/robot_gazebo -- -j12 -l12
[1.670s] DEBUG:colcon.colcon_core.event_handler.log_command:Invoking command in '/home/aihemel/ros2_ws/build/turtlesim': CMAKE_PREFIX_PATH=/opt/ros/humble /usr/local/bin/cmake --build /home/aihemel/ros2_ws/build/turtlesim -- -j12 -l12
[1.671s] DEBUG:colcon.colcon_core.event_handler.log_command:Invoked command in '/home/aihemel/ros2_ws/build/bumperbot_localization' returned '0': CMAKE_PREFIX_PATH=/opt/ros/humble /usr/local/bin/cmake --build /home/aihemel/ros2_ws/build/bumperbot_localization -- -j12 -l12
[1.674s] DEBUG:colcon.colcon_core.event_handler.log_command:Invoking command in '/home/aihemel/ros2_ws/build/bumperbot_localization': CMAKE_PREFIX_PATH=/opt/ros/humble /usr/local/bin/cmake --install /home/aihemel/ros2_ws/build/bumperbot_localization
[1.676s] DEBUG:colcon.colcon_core.event_handler.log_command:Invoked command in '/home/aihemel/ros2_ws/build/robot_firmware' returned '0': CMAKE_PREFIX_PATH=/opt/ros/humble /usr/local/bin/cmake --build /home/aihemel/ros2_ws/build/robot_firmware -- -j12 -l12
[1.678s] DEBUG:colcon.colcon_core.event_handler.log_command:Invoking command in '/home/aihemel/ros2_ws/build/robot_firmware': CMAKE_PREFIX_PATH=/opt/ros/humble /usr/local/bin/cmake --install /home/aihemel/ros2_ws/build/robot_firmware
[1.678s] DEBUG:colcon.colcon_core.event_handler.log_command:Invoked command in '/home/aihemel/ros2_ws/build/robot_description' returned '0': CMAKE_PREFIX_PATH=/opt/ros/humble /usr/local/bin/cmake --build /home/aihemel/ros2_ws/build/robot_description -- -j12 -l12
[1.680s] DEBUG:colcon.colcon_core.event_handler.log_command:Invoking command in '/home/aihemel/ros2_ws/build/robot_description': CMAKE_PREFIX_PATH=/opt/ros/humble /usr/local/bin/cmake --install /home/aihemel/ros2_ws/build/robot_description
[1.685s] Level 1:colcon.colcon_core.environment:create_environment_scripts_only(robot_firmware)
[1.693s] DEBUG:colcon.colcon_core.event_handler.log_command:Invoked command in '/home/aihemel/ros2_ws/build/robot_gazebo' returned '0': CMAKE_PREFIX_PATH=/opt/ros/humble /usr/local/bin/cmake --build /home/aihemel/ros2_ws/build/robot_gazebo -- -j12 -l12
[1.694s] DEBUG:colcon.colcon_core.event_handler.log_command:Invoking command in '/home/aihemel/ros2_ws/build/robot_gazebo': CMAKE_PREFIX_PATH=/opt/ros/humble /usr/local/bin/cmake --install /home/aihemel/ros2_ws/build/robot_gazebo
[1.694s] DEBUG:colcon.colcon_core.event_handler.log_command:Invoked command in '/home/aihemel/ros2_ws/build/robot_firmware' returned '0': CMAKE_PREFIX_PATH=/opt/ros/humble /usr/local/bin/cmake --install /home/aihemel/ros2_ws/build/robot_firmware
[1.700s] Level 1:colcon.colcon_core.environment:checking '/home/aihemel/ros2_ws/install/robot_firmware' for CMake module files
[1.702s] Level 1:colcon.colcon_core.environment:checking '/home/aihemel/ros2_ws/install/robot_firmware' for CMake config files
[1.702s] Level 1:colcon.colcon_core.shell:create_environment_hook('robot_firmware', 'cmake_prefix_path')
[1.702s] INFO:colcon.colcon_core.shell:Creating environment hook '/home/aihemel/ros2_ws/install/robot_firmware/share/robot_firmware/hook/cmake_prefix_path.ps1'
[1.703s] INFO:colcon.colcon_core.shell:Creating environment descriptor '/home/aihemel/ros2_ws/install/robot_firmware/share/robot_firmware/hook/cmake_prefix_path.dsv'
[1.704s] INFO:colcon.colcon_core.shell:Creating environment hook '/home/aihemel/ros2_ws/install/robot_firmware/share/robot_firmware/hook/cmake_prefix_path.sh'
[1.705s] Level 1:colcon.colcon_core.environment:checking '/home/aihemel/ros2_ws/install/robot_firmware/bin'
[1.705s] Level 1:colcon.colcon_core.environment:checking '/home/aihemel/ros2_ws/install/robot_firmware/lib/pkgconfig/robot_firmware.pc'
[1.705s] Level 1:colcon.colcon_core.environment:checking '/home/aihemel/ros2_ws/install/robot_firmware/lib/python3.10/site-packages'
[1.706s] Level 1:colcon.colcon_core.environment:checking '/home/aihemel/ros2_ws/install/robot_firmware/bin'
[1.706s] INFO:colcon.colcon_core.shell:Creating package script '/home/aihemel/ros2_ws/install/robot_firmware/share/robot_firmware/package.ps1'
[1.707s] INFO:colcon.colcon_core.shell:Creating package descriptor '/home/aihemel/ros2_ws/install/robot_firmware/share/robot_firmware/package.dsv'
[1.709s] INFO:colcon.colcon_core.shell:Creating package script '/home/aihemel/ros2_ws/install/robot_firmware/share/robot_firmware/package.sh'
[1.710s] INFO:colcon.colcon_core.shell:Creating package script '/home/aihemel/ros2_ws/install/robot_firmware/share/robot_firmware/package.bash'
[1.712s] INFO:colcon.colcon_core.shell:Creating package script '/home/aihemel/ros2_ws/install/robot_firmware/share/robot_firmware/package.zsh'
[1.713s] Level 1:colcon.colcon_core.environment:create_file_with_runtime_dependencies(/home/aihemel/ros2_ws/install/robot_firmware/share/colcon-core/packages/robot_firmware)
[1.714s] Level 1:colcon.colcon_core.environment:create_environment_scripts_only(robot_firmware)
[1.714s] Level 1:colcon.colcon_core.environment:checking '/home/aihemel/ros2_ws/install/robot_firmware' for CMake module files
[1.715s] Level 1:colcon.colcon_core.environment:checking '/home/aihemel/ros2_ws/install/robot_firmware' for CMake config files
[1.715s] Level 1:colcon.colcon_core.shell:create_environment_hook('robot_firmware', 'cmake_prefix_path')
[1.716s] INFO:colcon.colcon_core.shell:Creating environment hook '/home/aihemel/ros2_ws/install/robot_firmware/share/robot_firmware/hook/cmake_prefix_path.ps1'
[1.716s] INFO:colcon.colcon_core.shell:Creating environment descriptor '/home/aihemel/ros2_ws/install/robot_firmware/share/robot_firmware/hook/cmake_prefix_path.dsv'
[1.717s] INFO:colcon.colcon_core.shell:Creating environment hook '/home/aihemel/ros2_ws/install/robot_firmware/share/robot_firmware/hook/cmake_prefix_path.sh'
[1.718s] Level 1:colcon.colcon_core.environment:checking '/home/aihemel/ros2_ws/install/robot_firmware/bin'
[1.718s] Level 1:colcon.colcon_core.environment:checking '/home/aihemel/ros2_ws/install/robot_firmware/lib/pkgconfig/robot_firmware.pc'
[1.719s] Level 1:colcon.colcon_core.environment:checking '/home/aihemel/ros2_ws/install/robot_firmware/lib/python3.10/site-packages'
[1.719s] Level 1:colcon.colcon_core.environment:checking '/home/aihemel/ros2_ws/install/robot_firmware/bin'
[1.720s] INFO:colcon.colcon_core.shell:Creating package script '/home/aihemel/ros2_ws/install/robot_firmware/share/robot_firmware/package.ps1'
[1.720s] INFO:colcon.colcon_core.shell:Creating package descriptor '/home/aihemel/ros2_ws/install/robot_firmware/share/robot_firmware/package.dsv'
[1.722s] INFO:colcon.colcon_core.shell:Creating package script '/home/aihemel/ros2_ws/install/robot_firmware/share/robot_firmware/package.sh'
[1.722s] INFO:colcon.colcon_core.shell:Creating package script '/home/aihemel/ros2_ws/install/robot_firmware/share/robot_firmware/package.bash'
[1.724s] INFO:colcon.colcon_core.shell:Creating package script '/home/aihemel/ros2_ws/install/robot_firmware/share/robot_firmware/package.zsh'
[1.725s] Level 1:colcon.colcon_core.environment:create_file_with_runtime_dependencies(/home/aihemel/ros2_ws/install/robot_firmware/share/colcon-core/packages/robot_firmware)
[1.726s] Level 1:colcon.colcon_core.environment:create_environment_scripts_only(robot_description)
[1.726s] Level 1:colcon.colcon_core.environment:checking '/home/aihemel/ros2_ws/install/robot_description' for CMake module files
[1.728s] Level 1:colcon.colcon_core.environment:checking '/home/aihemel/ros2_ws/install/robot_description' for CMake config files
[1.729s] DEBUG:colcon.colcon_core.event_handler.log_command:Invoked command in '/home/aihemel/ros2_ws/build/robot_description' returned '0': CMAKE_PREFIX_PATH=/opt/ros/humble /usr/local/bin/cmake --install /home/aihemel/ros2_ws/build/robot_description
[1.730s] Level 1:colcon.colcon_core.shell:create_environment_hook('robot_description', 'cmake_prefix_path')
[1.730s] INFO:colcon.colcon_core.shell:Creating environment hook '/home/aihemel/ros2_ws/install/robot_description/share/robot_description/hook/cmake_prefix_path.ps1'
[1.731s] INFO:colcon.colcon_core.shell:Creating environment descriptor '/home/aihemel/ros2_ws/install/robot_description/share/robot_description/hook/cmake_prefix_path.dsv'
[1.731s] INFO:colcon.colcon_core.shell:Creating environment hook '/home/aihemel/ros2_ws/install/robot_description/share/robot_description/hook/cmake_prefix_path.sh'
[1.731s] Level 1:colcon.colcon_core.environment:checking '/home/aihemel/ros2_ws/install/robot_description/bin'
[1.732s] Level 1:colcon.colcon_core.environment:checking '/home/aihemel/ros2_ws/install/robot_description/lib/pkgconfig/robot_description.pc'
[1.732s] Level 1:colcon.colcon_core.environment:checking '/home/aihemel/ros2_ws/install/robot_description/lib/python3.10/site-packages'
[1.732s] Level 1:colcon.colcon_core.environment:checking '/home/aihemel/ros2_ws/install/robot_description/bin'
[1.732s] INFO:colcon.colcon_core.shell:Creating package script '/home/aihemel/ros2_ws/install/robot_description/share/robot_description/package.ps1'
[1.733s] INFO:colcon.colcon_core.shell:Creating package descriptor '/home/aihemel/ros2_ws/install/robot_description/share/robot_description/package.dsv'
[1.733s] INFO:colcon.colcon_core.shell:Creating package script '/home/aihemel/ros2_ws/install/robot_description/share/robot_description/package.sh'
[1.734s] INFO:colcon.colcon_core.shell:Creating package script '/home/aihemel/ros2_ws/install/robot_description/share/robot_description/package.bash'
[1.734s] INFO:colcon.colcon_core.shell:Creating package script '/home/aihemel/ros2_ws/install/robot_description/share/robot_description/package.zsh'
[1.734s] Level 1:colcon.colcon_core.environment:create_file_with_runtime_dependencies(/home/aihemel/ros2_ws/install/robot_description/share/colcon-core/packages/robot_description)
[1.735s] Level 1:colcon.colcon_core.environment:create_environment_scripts_only(robot_description)
[1.735s] Level 1:colcon.colcon_core.environment:checking '/home/aihemel/ros2_ws/install/robot_description' for CMake module files
[1.736s] Level 1:colcon.colcon_core.environment:checking '/home/aihemel/ros2_ws/install/robot_description' for CMake config files
[1.736s] Level 1:colcon.colcon_core.shell:create_environment_hook('robot_description', 'cmake_prefix_path')
[1.737s] INFO:colcon.colcon_core.shell:Creating environment hook '/home/aihemel/ros2_ws/install/robot_description/share/robot_description/hook/cmake_prefix_path.ps1'
[1.737s] INFO:colcon.colcon_core.shell:Creating environment descriptor '/home/aihemel/ros2_ws/install/robot_description/share/robot_description/hook/cmake_prefix_path.dsv'
[1.737s] INFO:colcon.colcon_core.shell:Creating environment hook '/home/aihemel/ros2_ws/install/robot_description/share/robot_description/hook/cmake_prefix_path.sh'
[1.738s] Level 1:colcon.colcon_core.environment:checking '/home/aihemel/ros2_ws/install/robot_description/bin'
[1.738s] Level 1:colcon.colcon_core.environment:checking '/home/aihemel/ros2_ws/install/robot_description/lib/pkgconfig/robot_description.pc'
[1.738s] Level 1:colcon.colcon_core.environment:checking '/home/aihemel/ros2_ws/install/robot_description/lib/python3.10/site-packages'
[1.738s] Level 1:colcon.colcon_core.environment:checking '/home/aihemel/ros2_ws/install/robot_description/bin'
[1.739s] INFO:colcon.colcon_core.shell:Creating package script '/home/aihemel/ros2_ws/install/robot_description/share/robot_description/package.ps1'
[1.739s] INFO:colcon.colcon_core.shell:Creating package descriptor '/home/aihemel/ros2_ws/install/robot_description/share/robot_description/package.dsv'
[1.739s] INFO:colcon.colcon_core.shell:Creating package script '/home/aihemel/ros2_ws/install/robot_description/share/robot_description/package.sh'
[1.740s] INFO:colcon.colcon_core.shell:Creating package script '/home/aihemel/ros2_ws/install/robot_description/share/robot_description/package.bash'
[1.740s] INFO:colcon.colcon_core.shell:Creating package script '/home/aihemel/ros2_ws/install/robot_description/share/robot_description/package.zsh'
[1.740s] Level 1:colcon.colcon_core.environment:create_file_with_runtime_dependencies(/home/aihemel/ros2_ws/install/robot_description/share/colcon-core/packages/robot_description)
[1.742s] Level 1:colcon.colcon_core.environment:create_environment_scripts_only(robot_gazebo)
[1.742s] Level 1:colcon.colcon_core.environment:checking '/home/aihemel/ros2_ws/install/robot_gazebo' for CMake module files
[1.743s] Level 1:colcon.colcon_core.environment:checking '/home/aihemel/ros2_ws/install/robot_gazebo' for CMake config files
[1.743s] DEBUG:colcon.colcon_core.event_handler.log_command:Invoked command in '/home/aihemel/ros2_ws/build/robot_gazebo' returned '0': CMAKE_PREFIX_PATH=/opt/ros/humble /usr/local/bin/cmake --install /home/aihemel/ros2_ws/build/robot_gazebo
[1.744s] Level 1:colcon.colcon_core.shell:create_environment_hook('robot_gazebo', 'cmake_prefix_path')
[1.744s] INFO:colcon.colcon_core.shell:Creating environment hook '/home/aihemel/ros2_ws/install/robot_gazebo/share/robot_gazebo/hook/cmake_prefix_path.ps1'
[1.745s] INFO:colcon.colcon_core.shell:Creating environment descriptor '/home/aihemel/ros2_ws/install/robot_gazebo/share/robot_gazebo/hook/cmake_prefix_path.dsv'
[1.745s] INFO:colcon.colcon_core.shell:Creating environment hook '/home/aihemel/ros2_ws/install/robot_gazebo/share/robot_gazebo/hook/cmake_prefix_path.sh'
[1.745s] Level 1:colcon.colcon_core.environment:checking '/home/aihemel/ros2_ws/install/robot_gazebo/bin'
[1.745s] Level 1:colcon.colcon_core.environment:checking '/home/aihemel/ros2_ws/install/robot_gazebo/lib/pkgconfig/robot_gazebo.pc'
[1.746s] Level 1:colcon.colcon_core.environment:checking '/home/aihemel/ros2_ws/install/robot_gazebo/lib/python3.10/site-packages'
[1.746s] Level 1:colcon.colcon_core.environment:checking '/home/aihemel/ros2_ws/install/robot_gazebo/bin'
[1.746s] INFO:colcon.colcon_core.shell:Creating package script '/home/aihemel/ros2_ws/install/robot_gazebo/share/robot_gazebo/package.ps1'
[1.747s] INFO:colcon.colcon_core.shell:Creating package descriptor '/home/aihemel/ros2_ws/install/robot_gazebo/share/robot_gazebo/package.dsv'
[1.747s] INFO:colcon.colcon_core.shell:Creating package script '/home/aihemel/ros2_ws/install/robot_gazebo/share/robot_gazebo/package.sh'
[1.747s] INFO:colcon.colcon_core.shell:Creating package script '/home/aihemel/ros2_ws/install/robot_gazebo/share/robot_gazebo/package.bash'
[1.747s] INFO:colcon.colcon_core.shell:Creating package script '/home/aihemel/ros2_ws/install/robot_gazebo/share/robot_gazebo/package.zsh'
[1.748s] Level 1:colcon.colcon_core.environment:create_file_with_runtime_dependencies(/home/aihemel/ros2_ws/install/robot_gazebo/share/colcon-core/packages/robot_gazebo)
[1.749s] Level 1:colcon.colcon_core.environment:create_environment_scripts_only(robot_gazebo)
[1.749s] Level 1:colcon.colcon_core.environment:checking '/home/aihemel/ros2_ws/install/robot_gazebo' for CMake module files
[1.750s] Level 1:colcon.colcon_core.environment:checking '/home/aihemel/ros2_ws/install/robot_gazebo' for CMake config files
[1.750s] Level 1:colcon.colcon_core.shell:create_environment_hook('robot_gazebo', 'cmake_prefix_path')
[1.750s] INFO:colcon.colcon_core.shell:Creating environment hook '/home/aihemel/ros2_ws/install/robot_gazebo/share/robot_gazebo/hook/cmake_prefix_path.ps1'
[1.751s] INFO:colcon.colcon_core.shell:Creating environment descriptor '/home/aihemel/ros2_ws/install/robot_gazebo/share/robot_gazebo/hook/cmake_prefix_path.dsv'
[1.751s] INFO:colcon.colcon_core.shell:Creating environment hook '/home/aihemel/ros2_ws/install/robot_gazebo/share/robot_gazebo/hook/cmake_prefix_path.sh'
[1.752s] Level 1:colcon.colcon_core.environment:checking '/home/aihemel/ros2_ws/install/robot_gazebo/bin'
[1.752s] Level 1:colcon.colcon_core.environment:checking '/home/aihemel/ros2_ws/install/robot_gazebo/lib/pkgconfig/robot_gazebo.pc'
[1.752s] Level 1:colcon.colcon_core.environment:checking '/home/aihemel/ros2_ws/install/robot_gazebo/lib/python3.10/site-packages'
[1.753s] Level 1:colcon.colcon_core.environment:checking '/home/aihemel/ros2_ws/install/robot_gazebo/bin'
[1.753s] INFO:colcon.colcon_core.shell:Creating package script '/home/aihemel/ros2_ws/install/robot_gazebo/share/robot_gazebo/package.ps1'
[1.754s] INFO:colcon.colcon_core.shell:Creating package descriptor '/home/aihemel/ros2_ws/install/robot_gazebo/share/robot_gazebo/package.dsv'
[1.754s] INFO:colcon.colcon_core.shell:Creating package script '/home/aihemel/ros2_ws/install/robot_gazebo/share/robot_gazebo/package.sh'
[1.755s] INFO:colcon.colcon_core.shell:Creating package script '/home/aihemel/ros2_ws/install/robot_gazebo/share/robot_gazebo/package.bash'
[1.755s] INFO:colcon.colcon_core.shell:Creating package script '/home/aihemel/ros2_ws/install/robot_gazebo/share/robot_gazebo/package.zsh'
[1.756s] Level 1:colcon.colcon_core.environment:create_file_with_runtime_dependencies(/home/aihemel/ros2_ws/install/robot_gazebo/share/colcon-core/packages/robot_gazebo)
[1.756s] Level 1:colcon.colcon_core.environment:create_environment_scripts_only(bumperbot_localization)
[1.756s] Level 1:colcon.colcon_core.environment:checking '/home/aihemel/ros2_ws/install/bumperbot_localization' for CMake module files
[1.757s] Level 1:colcon.colcon_core.environment:checking '/home/aihemel/ros2_ws/install/bumperbot_localization' for CMake config files
[1.758s] DEBUG:colcon.colcon_core.event_handler.log_command:Invoked command in '/home/aihemel/ros2_ws/build/bumperbot_localization' returned '0': CMAKE_PREFIX_PATH=/opt/ros/humble /usr/local/bin/cmake --install /home/aihemel/ros2_ws/build/bumperbot_localization
[1.758s] Level 1:colcon.colcon_core.shell:create_environment_hook('bumperbot_localization', 'cmake_prefix_path')
[1.759s] INFO:colcon.colcon_core.shell:Creating environment hook '/home/aihemel/ros2_ws/install/bumperbot_localization/share/bumperbot_localization/hook/cmake_prefix_path.ps1'
[1.759s] INFO:colcon.colcon_core.shell:Creating environment descriptor '/home/aihemel/ros2_ws/install/bumperbot_localization/share/bumperbot_localization/hook/cmake_prefix_path.dsv'
[1.760s] INFO:colcon.colcon_core.shell:Creating environment hook '/home/aihemel/ros2_ws/install/bumperbot_localization/share/bumperbot_localization/hook/cmake_prefix_path.sh'
[1.761s] Level 1:colcon.colcon_core.environment:checking '/home/aihemel/ros2_ws/install/bumperbot_localization/lib'
[1.761s] Level 1:colcon.colcon_core.environment:checking '/home/aihemel/ros2_ws/install/bumperbot_localization/bin'
[1.761s] Level 1:colcon.colcon_core.environment:checking '/home/aihemel/ros2_ws/install/bumperbot_localization/lib/pkgconfig/bumperbot_localization.pc'
[1.762s] Level 1:colcon.colcon_core.environment:checking '/home/aihemel/ros2_ws/install/bumperbot_localization/lib/python3.10/site-packages'
[1.762s] Level 1:colcon.colcon_core.environment:checking '/home/aihemel/ros2_ws/install/bumperbot_localization/bin'
[1.762s] INFO:colcon.colcon_core.shell:Creating package script '/home/aihemel/ros2_ws/install/bumperbot_localization/share/bumperbot_localization/package.ps1'
[1.763s] INFO:colcon.colcon_core.shell:Creating package descriptor '/home/aihemel/ros2_ws/install/bumperbot_localization/share/bumperbot_localization/package.dsv'
[1.764s] INFO:colcon.colcon_core.shell:Creating package script '/home/aihemel/ros2_ws/install/bumperbot_localization/share/bumperbot_localization/package.sh'
[1.764s] INFO:colcon.colcon_core.shell:Creating package script '/home/aihemel/ros2_ws/install/bumperbot_localization/share/bumperbot_localization/package.bash'
[1.764s] INFO:colcon.colcon_core.shell:Creating package script '/home/aihemel/ros2_ws/install/bumperbot_localization/share/bumperbot_localization/package.zsh'
[1.765s] Level 1:colcon.colcon_core.environment:create_file_with_runtime_dependencies(/home/aihemel/ros2_ws/install/bumperbot_localization/share/colcon-core/packages/bumperbot_localization)
[1.765s] Level 1:colcon.colcon_core.environment:create_environment_scripts_only(bumperbot_localization)
[1.766s] Level 1:colcon.colcon_core.environment:checking '/home/aihemel/ros2_ws/install/bumperbot_localization' for CMake module files
[1.766s] Level 1:colcon.colcon_core.environment:checking '/home/aihemel/ros2_ws/install/bumperbot_localization' for CMake config files
[1.767s] Level 1:colcon.colcon_core.shell:create_environment_hook('bumperbot_localization', 'cmake_prefix_path')
[1.767s] INFO:colcon.colcon_core.shell:Creating environment hook '/home/aihemel/ros2_ws/install/bumperbot_localization/share/bumperbot_localization/hook/cmake_prefix_path.ps1'
[1.767s] INFO:colcon.colcon_core.shell:Creating environment descriptor '/home/aihemel/ros2_ws/install/bumperbot_localization/share/bumperbot_localization/hook/cmake_prefix_path.dsv'
[1.768s] INFO:colcon.colcon_core.shell:Creating environment hook '/home/aihemel/ros2_ws/install/bumperbot_localization/share/bumperbot_localization/hook/cmake_prefix_path.sh'
[1.768s] Level 1:colcon.colcon_core.environment:checking '/home/aihemel/ros2_ws/install/bumperbot_localization/lib'
[1.768s] Level 1:colcon.colcon_core.environment:checking '/home/aihemel/ros2_ws/install/bumperbot_localization/bin'
[1.769s] Level 1:colcon.colcon_core.environment:checking '/home/aihemel/ros2_ws/install/bumperbot_localization/lib/pkgconfig/bumperbot_localization.pc'
[1.769s] Level 1:colcon.colcon_core.environment:checking '/home/aihemel/ros2_ws/install/bumperbot_localization/lib/python3.10/site-packages'
[1.769s] Level 1:colcon.colcon_core.environment:checking '/home/aihemel/ros2_ws/install/bumperbot_localization/bin'
[1.769s] INFO:colcon.colcon_core.shell:Creating package script '/home/aihemel/ros2_ws/install/bumperbot_localization/share/bumperbot_localization/package.ps1'
[1.770s] INFO:colcon.colcon_core.shell:Creating package descriptor '/home/aihemel/ros2_ws/install/bumperbot_localization/share/bumperbot_localization/package.dsv'
[1.771s] INFO:colcon.colcon_core.shell:Creating package script '/home/aihemel/ros2_ws/install/bumperbot_localization/share/bumperbot_localization/package.sh'
[1.771s] INFO:colcon.colcon_core.shell:Creating package script '/home/aihemel/ros2_ws/install/bumperbot_localization/share/bumperbot_localization/package.bash'
[1.772s] INFO:colcon.colcon_core.shell:Creating package script '/home/aihemel/ros2_ws/install/bumperbot_localization/share/bumperbot_localization/package.zsh'
[1.772s] Level 1:colcon.colcon_core.environment:create_file_with_runtime_dependencies(/home/aihemel/ros2_ws/install/bumperbot_localization/share/colcon-core/packages/bumperbot_localization)
[1.932s] DEBUG:colcon.colcon_core.event_handler.log_command:Invoked command in '/home/aihemel/ros2_ws/build/robot_controller' returned '0': CMAKE_PREFIX_PATH=/opt/ros/humble /usr/local/bin/cmake --build /home/aihemel/ros2_ws/build/robot_controller -- -j12 -l12
[1.933s] DEBUG:colcon.colcon_core.event_handler.log_command:Invoking command in '/home/aihemel/ros2_ws/build/robot_controller': CMAKE_PREFIX_PATH=/opt/ros/humble /usr/local/bin/cmake --install /home/aihemel/ros2_ws/build/robot_controller
[1.945s] DEBUG:colcon.colcon_core.event_handler.log_command:Invoked command in '/home/aihemel/ros2_ws/build/turtlesim' returned '0': CMAKE_PREFIX_PATH=/opt/ros/humble /usr/local/bin/cmake --build /home/aihemel/ros2_ws/build/turtlesim -- -j12 -l12
[1.946s] DEBUG:colcon.colcon_core.event_handler.log_command:Invoking command in '/home/aihemel/ros2_ws/build/turtlesim': CMAKE_PREFIX_PATH=/opt/ros/humble /usr/local/bin/cmake --install /home/aihemel/ros2_ws/build/turtlesim
[1.979s] Level 1:colcon.colcon_core.environment:create_environment_scripts_only(robot_controller)
[1.979s] Level 1:colcon.colcon_core.environment:checking '/home/aihemel/ros2_ws/install/robot_controller' for CMake module files
[1.980s] DEBUG:colcon.colcon_core.event_handler.log_command:Invoked command in '/home/aihemel/ros2_ws/build/robot_controller' returned '0': CMAKE_PREFIX_PATH=/opt/ros/humble /usr/local/bin/cmake --install /home/aihemel/ros2_ws/build/robot_controller
[1.980s] Level 1:colcon.colcon_core.environment:checking '/home/aihemel/ros2_ws/install/robot_controller' for CMake config files
[1.981s] Level 1:colcon.colcon_core.shell:create_environment_hook('robot_controller', 'cmake_prefix_path')
[1.981s] INFO:colcon.colcon_core.shell:Creating environment hook '/home/aihemel/ros2_ws/install/robot_controller/share/robot_controller/hook/cmake_prefix_path.ps1'
[1.981s] INFO:colcon.colcon_core.shell:Creating environment descriptor '/home/aihemel/ros2_ws/install/robot_controller/share/robot_controller/hook/cmake_prefix_path.dsv'
[1.982s] INFO:colcon.colcon_core.shell:Creating environment hook '/home/aihemel/ros2_ws/install/robot_controller/share/robot_controller/hook/cmake_prefix_path.sh'
[1.982s] Level 1:colcon.colcon_core.environment:checking '/home/aihemel/ros2_ws/install/robot_controller/lib'
[1.982s] Level 1:colcon.colcon_core.environment:checking '/home/aihemel/ros2_ws/install/robot_controller/bin'
[1.982s] Level 1:colcon.colcon_core.environment:checking '/home/aihemel/ros2_ws/install/robot_controller/lib/pkgconfig/robot_controller.pc'
[1.982s] Level 1:colcon.colcon_core.environment:checking '/home/aihemel/ros2_ws/install/robot_controller/lib/python3.10/site-packages'
[1.983s] Level 1:colcon.colcon_core.environment:checking '/home/aihemel/ros2_ws/install/robot_controller/bin'
[1.983s] INFO:colcon.colcon_core.shell:Creating package script '/home/aihemel/ros2_ws/install/robot_controller/share/robot_controller/package.ps1'
[1.984s] INFO:colcon.colcon_core.shell:Creating package descriptor '/home/aihemel/ros2_ws/install/robot_controller/share/robot_controller/package.dsv'
[1.984s] INFO:colcon.colcon_core.shell:Creating package script '/home/aihemel/ros2_ws/install/robot_controller/share/robot_controller/package.sh'
[1.986s] INFO:colcon.colcon_core.shell:Creating package script '/home/aihemel/ros2_ws/install/robot_controller/share/robot_controller/package.bash'
[1.988s] INFO:colcon.colcon_core.shell:Creating package script '/home/aihemel/ros2_ws/install/robot_controller/share/robot_controller/package.zsh'
[1.990s] Level 1:colcon.colcon_core.environment:create_file_with_runtime_dependencies(/home/aihemel/ros2_ws/install/robot_controller/share/colcon-core/packages/robot_controller)
[1.991s] Level 1:colcon.colcon_core.environment:create_environment_scripts_only(robot_controller)
[1.991s] Level 1:colcon.colcon_core.environment:checking '/home/aihemel/ros2_ws/install/robot_controller' for CMake module files
[1.992s] Level 1:colcon.colcon_core.environment:checking '/home/aihemel/ros2_ws/install/robot_controller' for CMake config files
[1.992s] Level 1:colcon.colcon_core.shell:create_environment_hook('robot_controller', 'cmake_prefix_path')
[1.992s] INFO:colcon.colcon_core.shell:Creating environment hook '/home/aihemel/ros2_ws/install/robot_controller/share/robot_controller/hook/cmake_prefix_path.ps1'
[1.992s] INFO:colcon.colcon_core.shell:Creating environment descriptor '/home/aihemel/ros2_ws/install/robot_controller/share/robot_controller/hook/cmake_prefix_path.dsv'
[1.993s] INFO:colcon.colcon_core.shell:Creating environment hook '/home/aihemel/ros2_ws/install/robot_controller/share/robot_controller/hook/cmake_prefix_path.sh'
[1.993s] Level 1:colcon.colcon_core.environment:checking '/home/aihemel/ros2_ws/install/robot_controller/lib'
[1.993s] Level 1:colcon.colcon_core.environment:checking '/home/aihemel/ros2_ws/install/robot_controller/bin'
[1.993s] Level 1:colcon.colcon_core.environment:checking '/home/aihemel/ros2_ws/install/robot_controller/lib/pkgconfig/robot_controller.pc'
[1.993s] Level 1:colcon.colcon_core.environment:checking '/home/aihemel/ros2_ws/install/robot_controller/lib/python3.10/site-packages'
[1.994s] Level 1:colcon.colcon_core.environment:checking '/home/aihemel/ros2_ws/install/robot_controller/bin'
[1.994s] INFO:colcon.colcon_core.shell:Creating package script '/home/aihemel/ros2_ws/install/robot_controller/share/robot_controller/package.ps1'
[1.994s] INFO:colcon.colcon_core.shell:Creating package descriptor '/home/aihemel/ros2_ws/install/robot_controller/share/robot_controller/package.dsv'
[1.995s] INFO:colcon.colcon_core.shell:Creating package script '/home/aihemel/ros2_ws/install/robot_controller/share/robot_controller/package.sh'
[1.995s] INFO:colcon.colcon_core.shell:Creating package script '/home/aihemel/ros2_ws/install/robot_controller/share/robot_controller/package.bash'
[1.995s] INFO:colcon.colcon_core.shell:Creating package script '/home/aihemel/ros2_ws/install/robot_controller/share/robot_controller/package.zsh'
[1.996s] Level 1:colcon.colcon_core.environment:create_file_with_runtime_dependencies(/home/aihemel/ros2_ws/install/robot_controller/share/colcon-core/packages/robot_controller)
[1.996s] Level 1:colcon.colcon_core.environment:create_environment_scripts_only(turtlesim)
[1.997s] Level 1:colcon.colcon_core.environment:checking '/home/aihemel/ros2_ws/install/turtlesim' for CMake module files
[1.997s] DEBUG:colcon.colcon_core.event_handler.log_command:Invoked command in '/home/aihemel/ros2_ws/build/turtlesim' returned '0': CMAKE_PREFIX_PATH=/opt/ros/humble /usr/local/bin/cmake --install /home/aihemel/ros2_ws/build/turtlesim
[1.998s] Level 1:colcon.colcon_core.environment:checking '/home/aihemel/ros2_ws/install/turtlesim' for CMake config files
[1.998s] Level 1:colcon.colcon_core.shell:create_environment_hook('turtlesim', 'cmake_prefix_path')
[1.998s] INFO:colcon.colcon_core.shell:Creating environment hook '/home/aihemel/ros2_ws/install/turtlesim/share/turtlesim/hook/cmake_prefix_path.ps1'
[1.999s] INFO:colcon.colcon_core.shell:Creating environment descriptor '/home/aihemel/ros2_ws/install/turtlesim/share/turtlesim/hook/cmake_prefix_path.dsv'
[1.999s] INFO:colcon.colcon_core.shell:Creating environment hook '/home/aihemel/ros2_ws/install/turtlesim/share/turtlesim/hook/cmake_prefix_path.sh'
[2.000s] Level 1:colcon.colcon_core.environment:checking '/home/aihemel/ros2_ws/install/turtlesim/lib'
[2.000s] Level 1:colcon.colcon_core.shell:create_environment_hook('turtlesim', 'ld_library_path_lib')
[2.000s] INFO:colcon.colcon_core.shell:Creating environment hook '/home/aihemel/ros2_ws/install/turtlesim/share/turtlesim/hook/ld_library_path_lib.ps1'
[2.000s] INFO:colcon.colcon_core.shell:Creating environment descriptor '/home/aihemel/ros2_ws/install/turtlesim/share/turtlesim/hook/ld_library_path_lib.dsv'
[2.000s] INFO:colcon.colcon_core.shell:Creating environment hook '/home/aihemel/ros2_ws/install/turtlesim/share/turtlesim/hook/ld_library_path_lib.sh'
[2.001s] Level 1:colcon.colcon_core.environment:checking '/home/aihemel/ros2_ws/install/turtlesim/bin'
[2.001s] Level 1:colcon.colcon_core.environment:checking '/home/aihemel/ros2_ws/install/turtlesim/lib/pkgconfig/turtlesim.pc'
[2.001s] Level 1:colcon.colcon_core.environment:checking '/home/aihemel/ros2_ws/install/turtlesim/lib/python3.10/site-packages'
[2.001s] Level 1:colcon.colcon_core.environment:checking '/home/aihemel/ros2_ws/install/turtlesim/bin'
[2.001s] INFO:colcon.colcon_core.shell:Creating package script '/home/aihemel/ros2_ws/install/turtlesim/share/turtlesim/package.ps1'
[2.002s] INFO:colcon.colcon_core.shell:Creating package descriptor '/home/aihemel/ros2_ws/install/turtlesim/share/turtlesim/package.dsv'
[2.002s] INFO:colcon.colcon_core.shell:Creating package script '/home/aihemel/ros2_ws/install/turtlesim/share/turtlesim/package.sh'
[2.002s] INFO:colcon.colcon_core.shell:Creating package script '/home/aihemel/ros2_ws/install/turtlesim/share/turtlesim/package.bash'
[2.003s] INFO:colcon.colcon_core.shell:Creating package script '/home/aihemel/ros2_ws/install/turtlesim/share/turtlesim/package.zsh'
[2.003s] Level 1:colcon.colcon_core.environment:create_file_with_runtime_dependencies(/home/aihemel/ros2_ws/install/turtlesim/share/colcon-core/packages/turtlesim)
[2.003s] Level 1:colcon.colcon_core.environment:create_environment_scripts_only(turtlesim)
[2.004s] Level 1:colcon.colcon_core.environment:checking '/home/aihemel/ros2_ws/install/turtlesim' for CMake module files
[2.004s] Level 1:colcon.colcon_core.environment:checking '/home/aihemel/ros2_ws/install/turtlesim' for CMake config files
[2.004s] Level 1:colcon.colcon_core.shell:create_environment_hook('turtlesim', 'cmake_prefix_path')
[2.005s] INFO:colcon.colcon_core.shell:Creating environment hook '/home/aihemel/ros2_ws/install/turtlesim/share/turtlesim/hook/cmake_prefix_path.ps1'
[2.005s] INFO:colcon.colcon_core.shell:Creating environment descriptor '/home/aihemel/ros2_ws/install/turtlesim/share/turtlesim/hook/cmake_prefix_path.dsv'
[2.005s] INFO:colcon.colcon_core.shell:Creating environment hook '/home/aihemel/ros2_ws/install/turtlesim/share/turtlesim/hook/cmake_prefix_path.sh'
[2.006s] Level 1:colcon.colcon_core.environment:checking '/home/aihemel/ros2_ws/install/turtlesim/lib'
[2.006s] Level 1:colcon.colcon_core.shell:create_environment_hook('turtlesim', 'ld_library_path_lib')
[2.006s] INFO:colcon.colcon_core.shell:Creating environment hook '/home/aihemel/ros2_ws/install/turtlesim/share/turtlesim/hook/ld_library_path_lib.ps1'
[2.006s] INFO:colcon.colcon_core.shell:Creating environment descriptor '/home/aihemel/ros2_ws/install/turtlesim/share/turtlesim/hook/ld_library_path_lib.dsv'
[2.007s] INFO:colcon.colcon_core.shell:Creating environment hook '/home/aihemel/ros2_ws/install/turtlesim/share/turtlesim/hook/ld_library_path_lib.sh'
[2.007s] Level 1:colcon.colcon_core.environment:checking '/home/aihemel/ros2_ws/install/turtlesim/bin'
[2.007s] Level 1:colcon.colcon_core.environment:checking '/home/aihemel/ros2_ws/install/turtlesim/lib/pkgconfig/turtlesim.pc'
[2.007s] Level 1:colcon.colcon_core.environment:checking '/home/aihemel/ros2_ws/install/turtlesim/lib/python3.10/site-packages'
[2.007s] Level 1:colcon.colcon_core.environment:checking '/home/aihemel/ros2_ws/install/turtlesim/bin'
[2.007s] INFO:colcon.colcon_core.shell:Creating package script '/home/aihemel/ros2_ws/install/turtlesim/share/turtlesim/package.ps1'
[2.008s] INFO:colcon.colcon_core.shell:Creating package descriptor '/home/aihemel/ros2_ws/install/turtlesim/share/turtlesim/package.dsv'
[2.008s] INFO:colcon.colcon_core.shell:Creating package script '/home/aihemel/ros2_ws/install/turtlesim/share/turtlesim/package.sh'
[2.009s] INFO:colcon.colcon_core.shell:Creating package script '/home/aihemel/ros2_ws/install/turtlesim/share/turtlesim/package.bash'
[2.009s] INFO:colcon.colcon_core.shell:Creating package script '/home/aihemel/ros2_ws/install/turtlesim/share/turtlesim/package.zsh'
[2.009s] Level 1:colcon.colcon_core.environment:create_file_with_runtime_dependencies(/home/aihemel/ros2_ws/install/turtlesim/share/colcon-core/packages/turtlesim)
[2.012s] DEBUG:colcon.colcon_core.event_handler.log_command:Invoking command in '/home/aihemel/ros2_ws/venv/lib/python3.10/site-packages/pkg_resources/tests/data/my-test-package-source': PYTHONPATH=/home/aihemel/ros2_ws/build/my-test-package/prefix_override:/usr/lib/python3/dist-packages/colcon_core/task/python/colcon_distutils_commands:/home/aihemel/ros2_ws/install/my-test-package/lib/python3.10/site-packages:${PYTHONPATH} /usr/bin/python3 -W ignore:setup.py install is deprecated -W ignore:easy_install command is deprecated setup.py egg_info --egg-base ../../../../../../../../build/my-test-package build --build-base /home/aihemel/ros2_ws/build/my-test-package/build install --record /home/aihemel/ros2_ws/build/my-test-package/install.log --single-version-externally-managed
[2.038s] DEBUG:colcon.colcon_core.event_handler.log_command:Invoking command in '/home/aihemel/ros2_ws/src/bumperbot_py_examples': PYTHONPATH=/home/aihemel/ros2_ws/build/bumperbot_py_examples/prefix_override:/usr/lib/python3/dist-packages/colcon_core/task/python/colcon_distutils_commands:/home/aihemel/ros2_ws/install/bumperbot_py_examples/lib/python3.10/site-packages:${PYTHONPATH} /usr/bin/python3 -W ignore:setup.py install is deprecated -W ignore:easy_install command is deprecated setup.py egg_info --egg-base ../../build/bumperbot_py_examples build --build-base /home/aihemel/ros2_ws/build/bumperbot_py_examples/build install --record /home/aihemel/ros2_ws/build/bumperbot_py_examples/install.log --single-version-externally-managed install_data
[2.237s] Level 1:colcon.colcon_core.environment:checking '/home/aihemel/ros2_ws/install/my-test-package' for CMake module files
[2.238s] DEBUG:colcon.colcon_core.event_handler.log_command:Invoked command in '/home/aihemel/ros2_ws/venv/lib/python3.10/site-packages/pkg_resources/tests/data/my-test-package-source' returned '0': PYTHONPATH=/home/aihemel/ros2_ws/build/my-test-package/prefix_override:/usr/lib/python3/dist-packages/colcon_core/task/python/colcon_distutils_commands:/home/aihemel/ros2_ws/install/my-test-package/lib/python3.10/site-packages:${PYTHONPATH} /usr/bin/python3 -W ignore:setup.py install is deprecated -W ignore:easy_install command is deprecated setup.py egg_info --egg-base ../../../../../../../../build/my-test-package build --build-base /home/aihemel/ros2_ws/build/my-test-package/build install --record /home/aihemel/ros2_ws/build/my-test-package/install.log --single-version-externally-managed
[2.238s] Level 1:colcon.colcon_core.environment:checking '/home/aihemel/ros2_ws/install/my-test-package' for CMake config files
[2.238s] Level 1:colcon.colcon_core.environment:checking '/home/aihemel/ros2_ws/install/my-test-package/lib'
[2.238s] Level 1:colcon.colcon_core.environment:checking '/home/aihemel/ros2_ws/install/my-test-package/bin'
[2.238s] Level 1:colcon.colcon_core.environment:checking '/home/aihemel/ros2_ws/install/my-test-package/lib/pkgconfig/my-test-package.pc'
[2.239s] Level 1:colcon.colcon_core.environment:checking '/home/aihemel/ros2_ws/install/my-test-package/lib/python3.10/site-packages'
[2.239s] Level 1:colcon.colcon_core.shell:create_environment_hook('my-test-package', 'pythonpath')
[2.239s] INFO:colcon.colcon_core.shell:Creating environment hook '/home/aihemel/ros2_ws/install/my-test-package/share/my-test-package/hook/pythonpath.ps1'
[2.239s] INFO:colcon.colcon_core.shell:Creating environment descriptor '/home/aihemel/ros2_ws/install/my-test-package/share/my-test-package/hook/pythonpath.dsv'
[2.239s] INFO:colcon.colcon_core.shell:Creating environment hook '/home/aihemel/ros2_ws/install/my-test-package/share/my-test-package/hook/pythonpath.sh'
[2.240s] Level 1:colcon.colcon_core.environment:checking '/home/aihemel/ros2_ws/install/my-test-package/bin'
[2.240s] Level 1:colcon.colcon_core.environment:create_environment_scripts_only(my-test-package)
[2.240s] INFO:colcon.colcon_core.shell:Creating package script '/home/aihemel/ros2_ws/install/my-test-package/share/my-test-package/package.ps1'
[2.241s] INFO:colcon.colcon_core.shell:Creating package descriptor '/home/aihemel/ros2_ws/install/my-test-package/share/my-test-package/package.dsv'
[2.241s] INFO:colcon.colcon_core.shell:Creating package script '/home/aihemel/ros2_ws/install/my-test-package/share/my-test-package/package.sh'
[2.241s] INFO:colcon.colcon_core.shell:Creating package script '/home/aihemel/ros2_ws/install/my-test-package/share/my-test-package/package.bash'
[2.241s] INFO:colcon.colcon_core.shell:Creating package script '/home/aihemel/ros2_ws/install/my-test-package/share/my-test-package/package.zsh'
[2.242s] Level 1:colcon.colcon_core.environment:create_file_with_runtime_dependencies(/home/aihemel/ros2_ws/install/my-test-package/share/colcon-core/packages/my-test-package)
[2.266s] Level 1:colcon.colcon_core.environment:checking '/home/aihemel/ros2_ws/install/bumperbot_py_examples' for CMake module files
[2.267s] DEBUG:colcon.colcon_core.event_handler.log_command:Invoked command in '/home/aihemel/ros2_ws/src/bumperbot_py_examples' returned '0': PYTHONPATH=/home/aihemel/ros2_ws/build/bumperbot_py_examples/prefix_override:/usr/lib/python3/dist-packages/colcon_core/task/python/colcon_distutils_commands:/home/aihemel/ros2_ws/install/bumperbot_py_examples/lib/python3.10/site-packages:${PYTHONPATH} /usr/bin/python3 -W ignore:setup.py install is deprecated -W ignore:easy_install command is deprecated setup.py egg_info --egg-base ../../build/bumperbot_py_examples build --build-base /home/aihemel/ros2_ws/build/bumperbot_py_examples/build install --record /home/aihemel/ros2_ws/build/bumperbot_py_examples/install.log --single-version-externally-managed install_data
[2.267s] Level 1:colcon.colcon_core.environment:checking '/home/aihemel/ros2_ws/install/bumperbot_py_examples' for CMake config files
[2.267s] Level 1:colcon.colcon_core.environment:checking '/home/aihemel/ros2_ws/install/bumperbot_py_examples/lib'
[2.267s] Level 1:colcon.colcon_core.environment:checking '/home/aihemel/ros2_ws/install/bumperbot_py_examples/bin'
[2.268s] Level 1:colcon.colcon_core.environment:checking '/home/aihemel/ros2_ws/install/bumperbot_py_examples/lib/pkgconfig/bumperbot_py_examples.pc'
[2.268s] Level 1:colcon.colcon_core.environment:checking '/home/aihemel/ros2_ws/install/bumperbot_py_examples/lib/python3.10/site-packages'
[2.268s] Level 1:colcon.colcon_core.shell:create_environment_hook('bumperbot_py_examples', 'pythonpath')
[2.268s] INFO:colcon.colcon_core.shell:Creating environment hook '/home/aihemel/ros2_ws/install/bumperbot_py_examples/share/bumperbot_py_examples/hook/pythonpath.ps1'
[2.268s] INFO:colcon.colcon_core.shell:Creating environment descriptor '/home/aihemel/ros2_ws/install/bumperbot_py_examples/share/bumperbot_py_examples/hook/pythonpath.dsv'
[2.269s] INFO:colcon.colcon_core.shell:Creating environment hook '/home/aihemel/ros2_ws/install/bumperbot_py_examples/share/bumperbot_py_examples/hook/pythonpath.sh'
[2.269s] Level 1:colcon.colcon_core.environment:checking '/home/aihemel/ros2_ws/install/bumperbot_py_examples/bin'
[2.269s] Level 1:colcon.colcon_core.environment:create_environment_scripts_only(bumperbot_py_examples)
[2.270s] INFO:colcon.colcon_core.shell:Creating package script '/home/aihemel/ros2_ws/install/bumperbot_py_examples/share/bumperbot_py_examples/package.ps1'
[2.270s] INFO:colcon.colcon_core.shell:Creating package descriptor '/home/aihemel/ros2_ws/install/bumperbot_py_examples/share/bumperbot_py_examples/package.dsv'
[2.271s] INFO:colcon.colcon_core.shell:Creating package script '/home/aihemel/ros2_ws/install/bumperbot_py_examples/share/bumperbot_py_examples/package.sh'
[2.271s] INFO:colcon.colcon_core.shell:Creating package script '/home/aihemel/ros2_ws/install/bumperbot_py_examples/share/bumperbot_py_examples/package.bash'
[2.271s] INFO:colcon.colcon_core.shell:Creating package script '/home/aihemel/ros2_ws/install/bumperbot_py_examples/share/bumperbot_py_examples/package.zsh'
[2.271s] Level 1:colcon.colcon_core.environment:create_file_with_runtime_dependencies(/home/aihemel/ros2_ws/install/bumperbot_py_examples/share/colcon-core/packages/bumperbot_py_examples)
[2.272s] DEBUG:colcon.colcon_parallel_executor.executor.parallel:closing loop
[2.272s] DEBUG:colcon.colcon_parallel_executor.executor.parallel:loop closed
[2.272s] DEBUG:colcon.colcon_parallel_executor.executor.parallel:run_until_complete finished with '0'
[2.272s] DEBUG:colcon.colcon_core.event_reactor:joining thread
[2.278s] INFO:colcon.colcon_core.plugin_system:Skipping extension 'colcon_notification.desktop_notification.terminal_notifier': Not used on non-Darwin systems
[2.278s] INFO:colcon.colcon_core.plugin_system:Skipping extension 'colcon_notification.desktop_notification.win32': Not used on non-Windows systems
[2.278s] INFO:colcon.colcon_notification.desktop_notification:Sending desktop notification using 'notify2'
[2.286s] DEBUG:colcon.colcon_core.event_reactor:joined thread
[2.286s] INFO:colcon.colcon_core.shell:Creating prefix script '/home/aihemel/ros2_ws/install/local_setup.ps1'
[2.287s] INFO:colcon.colcon_core.shell:Creating prefix util module '/home/aihemel/ros2_ws/install/_local_setup_util_ps1.py'
[2.288s] INFO:colcon.colcon_core.shell:Creating prefix chain script '/home/aihemel/ros2_ws/install/setup.ps1'
[2.289s] INFO:colcon.colcon_core.shell:Creating prefix script '/home/aihemel/ros2_ws/install/local_setup.sh'
[2.289s] INFO:colcon.colcon_core.shell:Creating prefix util module '/home/aihemel/ros2_ws/install/_local_setup_util_sh.py'
[2.290s] INFO:colcon.colcon_core.shell:Creating prefix chain script '/home/aihemel/ros2_ws/install/setup.sh'
[2.291s] INFO:colcon.colcon_core.shell:Creating prefix script '/home/aihemel/ros2_ws/install/local_setup.bash'
[2.291s] INFO:colcon.colcon_core.shell:Creating prefix chain script '/home/aihemel/ros2_ws/install/setup.bash'
[2.292s] INFO:colcon.colcon_core.shell:Creating prefix script '/home/aihemel/ros2_ws/install/local_setup.zsh'
[2.292s] INFO:colcon.colcon_core.shell:Creating prefix chain script '/home/aihemel/ros2_ws/install/setup.zsh'
