[0.111s] DEBUG:colcon:Command line arguments: ['/usr/bin/colcon', 'build']
[0.111s] DEBUG:colcon:Parsed command line arguments: Namespace(log_base=None, log_level=None, verb_name='build', build_base='build', install_base='install', merge_install=False, symlink_install=False, test_result_base=None, continue_on_error=False, executor='parallel', parallel_workers=12, event_handlers=None, ignore_user_meta=False, metas=['./colcon.meta'], base_paths=['.'], packages_ignore=None, packages_ignore_regex=None, paths=None, packages_up_to=None, packages_up_to_regex=None, packages_above=None, packages_above_and_dependencies=None, packages_above_depth=None, packages_select_by_dep=None, packages_skip_by_dep=None, packages_skip_up_to=None, packages_select_build_failed=False, packages_skip_build_finished=False, packages_select_test_failures=False, packages_skip_test_passed=False, packages_select=None, packages_skip=None, packages_select_regex=None, packages_skip_regex=None, packages_start=None, packages_end=None, allow_overriding=[], cmake_args=None, cmake_target=None, cmake_target_skip_unavailable=False, cmake_clean_cache=False, cmake_clean_first=False, cmake_force_configure=False, ament_cmake_args=None, catkin_cmake_args=None, catkin_skip_building_tests=False, mixin_files=None, mixin=None, verb_parser=<colcon_mixin.mixin.mixin_argument.MixinArgumentDecorator object at 0x7cb034e55ae0>, verb_extension=<colcon_core.verb.build.BuildVerb object at 0x7cb034e2bb20>, main=<bound method BuildVerb.main of <colcon_core.verb.build.BuildVerb object at 0x7cb034e2bb20>>, mixin_verb=('build',))
[0.236s] Level 1:colcon.colcon_core.package_discovery:discover_packages(colcon_meta) check parameters
[0.236s] Level 1:colcon.colcon_core.package_discovery:discover_packages(recursive) check parameters
[0.236s] Level 1:colcon.colcon_core.package_discovery:discover_packages(ignore) check parameters
[0.236s] Level 1:colcon.colcon_core.package_discovery:discover_packages(path) check parameters
[0.236s] Level 1:colcon.colcon_core.package_discovery:discover_packages(colcon_meta) discover
[0.236s] Level 1:colcon.colcon_core.package_discovery:discover_packages(recursive) discover
[0.236s] INFO:colcon.colcon_core.package_discovery:Crawling recursively for packages in '/home/aihemel/ros2_ws'
[0.236s] Level 1:colcon.colcon_core.package_identification:_identify(.) by extensions ['ignore', 'ignore_ament_install']
[0.236s] Level 1:colcon.colcon_core.package_identification:_identify(.) by extension 'ignore'
[0.236s] Level 1:colcon.colcon_core.package_identification:_identify(.) by extension 'ignore_ament_install'
[0.236s] Level 1:colcon.colcon_core.package_identification:_identify(.) by extensions ['colcon_pkg']
[0.236s] Level 1:colcon.colcon_core.package_identification:_identify(.) by extension 'colcon_pkg'
[0.236s] Level 1:colcon.colcon_core.package_identification:_identify(.) by extensions ['colcon_meta']
[0.236s] Level 1:colcon.colcon_core.package_identification:_identify(.) by extension 'colcon_meta'
[0.236s] Level 1:colcon.colcon_core.package_identification:_identify(.) by extensions ['ros']
[0.236s] Level 1:colcon.colcon_core.package_identification:_identify(.) by extension 'ros'
[0.244s] Level 1:colcon.colcon_core.package_identification:_identify(.) by extensions ['cmake', 'python']
[0.244s] Level 1:colcon.colcon_core.package_identification:_identify(.) by extension 'cmake'
[0.244s] Level 1:colcon.colcon_core.package_identification:_identify(.) by extension 'python'
[0.244s] Level 1:colcon.colcon_core.package_identification:_identify(.) by extensions ['python_setup_py']
[0.244s] Level 1:colcon.colcon_core.package_identification:_identify(.) by extension 'python_setup_py'
[0.244s] Level 1:colcon.colcon_core.package_identification:_identify(build) by extensions ['ignore', 'ignore_ament_install']
[0.244s] Level 1:colcon.colcon_core.package_identification:_identify(build) by extension 'ignore'
[0.244s] Level 1:colcon.colcon_core.package_identification:_identify(build) ignored
[0.244s] Level 1:colcon.colcon_core.package_identification:_identify(install) by extensions ['ignore', 'ignore_ament_install']
[0.244s] Level 1:colcon.colcon_core.package_identification:_identify(install) by extension 'ignore'
[0.244s] Level 1:colcon.colcon_core.package_identification:_identify(install) ignored
[0.244s] Level 1:colcon.colcon_core.package_identification:_identify(log) by extensions ['ignore', 'ignore_ament_install']
[0.245s] Level 1:colcon.colcon_core.package_identification:_identify(log) by extension 'ignore'
[0.245s] Level 1:colcon.colcon_core.package_identification:_identify(log) ignored
[0.245s] Level 1:colcon.colcon_core.package_identification:_identify(src) by extensions ['ignore', 'ignore_ament_install']
[0.245s] Level 1:colcon.colcon_core.package_identification:_identify(src) by extension 'ignore'
[0.245s] Level 1:colcon.colcon_core.package_identification:_identify(src) by extension 'ignore_ament_install'
[0.245s] Level 1:colcon.colcon_core.package_identification:_identify(src) by extensions ['colcon_pkg']
[0.245s] Level 1:colcon.colcon_core.package_identification:_identify(src) by extension 'colcon_pkg'
[0.245s] Level 1:colcon.colcon_core.package_identification:_identify(src) by extensions ['colcon_meta']
[0.245s] Level 1:colcon.colcon_core.package_identification:_identify(src) by extension 'colcon_meta'
[0.245s] Level 1:colcon.colcon_core.package_identification:_identify(src) by extensions ['ros']
[0.245s] Level 1:colcon.colcon_core.package_identification:_identify(src) by extension 'ros'
[0.245s] Level 1:colcon.colcon_core.package_identification:_identify(src) by extensions ['cmake', 'python']
[0.245s] Level 1:colcon.colcon_core.package_identification:_identify(src) by extension 'cmake'
[0.245s] Level 1:colcon.colcon_core.package_identification:_identify(src) by extension 'python'
[0.245s] Level 1:colcon.colcon_core.package_identification:_identify(src) by extensions ['python_setup_py']
[0.245s] Level 1:colcon.colcon_core.package_identification:_identify(src) by extension 'python_setup_py'
[0.245s] Level 1:colcon.colcon_core.package_identification:_identify(src/bumperbot_firmware) by extensions ['ignore', 'ignore_ament_install']
[0.245s] Level 1:colcon.colcon_core.package_identification:_identify(src/bumperbot_firmware) by extension 'ignore'
[0.245s] Level 1:colcon.colcon_core.package_identification:_identify(src/bumperbot_firmware) by extension 'ignore_ament_install'
[0.245s] Level 1:colcon.colcon_core.package_identification:_identify(src/bumperbot_firmware) by extensions ['colcon_pkg']
[0.245s] Level 1:colcon.colcon_core.package_identification:_identify(src/bumperbot_firmware) by extension 'colcon_pkg'
[0.245s] Level 1:colcon.colcon_core.package_identification:_identify(src/bumperbot_firmware) by extensions ['colcon_meta']
[0.245s] Level 1:colcon.colcon_core.package_identification:_identify(src/bumperbot_firmware) by extension 'colcon_meta'
[0.245s] Level 1:colcon.colcon_core.package_identification:_identify(src/bumperbot_firmware) by extensions ['ros']
[0.245s] Level 1:colcon.colcon_core.package_identification:_identify(src/bumperbot_firmware) by extension 'ros'
[0.254s] DEBUG:colcon.colcon_core.package_identification:Package 'src/bumperbot_firmware' with type 'ros.ament_cmake' and name 'bumperbot_firmware'
[0.255s] Level 1:colcon.colcon_core.package_identification:_identify(src/bumperbot_localization) by extensions ['ignore', 'ignore_ament_install']
[0.255s] Level 1:colcon.colcon_core.package_identification:_identify(src/bumperbot_localization) by extension 'ignore'
[0.255s] Level 1:colcon.colcon_core.package_identification:_identify(src/bumperbot_localization) by extension 'ignore_ament_install'
[0.255s] Level 1:colcon.colcon_core.package_identification:_identify(src/bumperbot_localization) by extensions ['colcon_pkg']
[0.255s] Level 1:colcon.colcon_core.package_identification:_identify(src/bumperbot_localization) by extension 'colcon_pkg'
[0.255s] Level 1:colcon.colcon_core.package_identification:_identify(src/bumperbot_localization) by extensions ['colcon_meta']
[0.255s] Level 1:colcon.colcon_core.package_identification:_identify(src/bumperbot_localization) by extension 'colcon_meta'
[0.255s] Level 1:colcon.colcon_core.package_identification:_identify(src/bumperbot_localization) by extensions ['ros']
[0.255s] Level 1:colcon.colcon_core.package_identification:_identify(src/bumperbot_localization) by extension 'ros'
[0.255s] DEBUG:colcon.colcon_core.package_identification:Package 'src/bumperbot_localization' with type 'ros.ament_cmake' and name 'bumperbot_localization'
[0.256s] Level 1:colcon.colcon_core.package_identification:_identify(src/bumperbot_py_examples) by extensions ['ignore', 'ignore_ament_install']
[0.256s] Level 1:colcon.colcon_core.package_identification:_identify(src/bumperbot_py_examples) by extension 'ignore'
[0.256s] Level 1:colcon.colcon_core.package_identification:_identify(src/bumperbot_py_examples) by extension 'ignore_ament_install'
[0.256s] Level 1:colcon.colcon_core.package_identification:_identify(src/bumperbot_py_examples) by extensions ['colcon_pkg']
[0.256s] Level 1:colcon.colcon_core.package_identification:_identify(src/bumperbot_py_examples) by extension 'colcon_pkg'
[0.256s] Level 1:colcon.colcon_core.package_identification:_identify(src/bumperbot_py_examples) by extensions ['colcon_meta']
[0.256s] Level 1:colcon.colcon_core.package_identification:_identify(src/bumperbot_py_examples) by extension 'colcon_meta'
[0.256s] Level 1:colcon.colcon_core.package_identification:_identify(src/bumperbot_py_examples) by extensions ['ros']
[0.256s] Level 1:colcon.colcon_core.package_identification:_identify(src/bumperbot_py_examples) by extension 'ros'
[0.256s] DEBUG:colcon.colcon_core.package_identification:Package 'src/bumperbot_py_examples' with type 'ros.ament_python' and name 'bumperbot_py_examples'
[0.256s] Level 1:colcon.colcon_core.package_identification:_identify(src/robot_controller) by extensions ['ignore', 'ignore_ament_install']
[0.256s] Level 1:colcon.colcon_core.package_identification:_identify(src/robot_controller) by extension 'ignore'
[0.256s] Level 1:colcon.colcon_core.package_identification:_identify(src/robot_controller) by extension 'ignore_ament_install'
[0.256s] Level 1:colcon.colcon_core.package_identification:_identify(src/robot_controller) by extensions ['colcon_pkg']
[0.256s] Level 1:colcon.colcon_core.package_identification:_identify(src/robot_controller) by extension 'colcon_pkg'
[0.256s] Level 1:colcon.colcon_core.package_identification:_identify(src/robot_controller) by extensions ['colcon_meta']
[0.256s] Level 1:colcon.colcon_core.package_identification:_identify(src/robot_controller) by extension 'colcon_meta'
[0.256s] Level 1:colcon.colcon_core.package_identification:_identify(src/robot_controller) by extensions ['ros']
[0.256s] Level 1:colcon.colcon_core.package_identification:_identify(src/robot_controller) by extension 'ros'
[0.257s] DEBUG:colcon.colcon_core.package_identification:Package 'src/robot_controller' with type 'ros.ament_cmake' and name 'robot_controller'
[0.257s] Level 1:colcon.colcon_core.package_identification:_identify(src/robot_description) by extensions ['ignore', 'ignore_ament_install']
[0.257s] Level 1:colcon.colcon_core.package_identification:_identify(src/robot_description) by extension 'ignore'
[0.257s] Level 1:colcon.colcon_core.package_identification:_identify(src/robot_description) by extension 'ignore_ament_install'
[0.257s] Level 1:colcon.colcon_core.package_identification:_identify(src/robot_description) by extensions ['colcon_pkg']
[0.257s] Level 1:colcon.colcon_core.package_identification:_identify(src/robot_description) by extension 'colcon_pkg'
[0.257s] Level 1:colcon.colcon_core.package_identification:_identify(src/robot_description) by extensions ['colcon_meta']
[0.257s] Level 1:colcon.colcon_core.package_identification:_identify(src/robot_description) by extension 'colcon_meta'
[0.257s] Level 1:colcon.colcon_core.package_identification:_identify(src/robot_description) by extensions ['ros']
[0.257s] Level 1:colcon.colcon_core.package_identification:_identify(src/robot_description) by extension 'ros'
[0.259s] DEBUG:colcon.colcon_core.package_identification:Package 'src/robot_description' with type 'ros.ament_cmake' and name 'robot_description'
[0.259s] Level 1:colcon.colcon_core.package_identification:_identify(src/robot_gazebo) by extensions ['ignore', 'ignore_ament_install']
[0.259s] Level 1:colcon.colcon_core.package_identification:_identify(src/robot_gazebo) by extension 'ignore'
[0.259s] Level 1:colcon.colcon_core.package_identification:_identify(src/robot_gazebo) by extension 'ignore_ament_install'
[0.259s] Level 1:colcon.colcon_core.package_identification:_identify(src/robot_gazebo) by extensions ['colcon_pkg']
[0.259s] Level 1:colcon.colcon_core.package_identification:_identify(src/robot_gazebo) by extension 'colcon_pkg'
[0.259s] Level 1:colcon.colcon_core.package_identification:_identify(src/robot_gazebo) by extensions ['colcon_meta']
[0.259s] Level 1:colcon.colcon_core.package_identification:_identify(src/robot_gazebo) by extension 'colcon_meta'
[0.259s] Level 1:colcon.colcon_core.package_identification:_identify(src/robot_gazebo) by extensions ['ros']
[0.259s] Level 1:colcon.colcon_core.package_identification:_identify(src/robot_gazebo) by extension 'ros'
[0.260s] DEBUG:colcon.colcon_core.package_identification:Package 'src/robot_gazebo' with type 'ros.ament_cmake' and name 'robot_gazebo'
[0.260s] Level 1:colcon.colcon_core.package_identification:_identify(src/ros_tutorials) by extensions ['ignore', 'ignore_ament_install']
[0.260s] Level 1:colcon.colcon_core.package_identification:_identify(src/ros_tutorials) by extension 'ignore'
[0.260s] Level 1:colcon.colcon_core.package_identification:_identify(src/ros_tutorials) by extension 'ignore_ament_install'
[0.260s] Level 1:colcon.colcon_core.package_identification:_identify(src/ros_tutorials) by extensions ['colcon_pkg']
[0.260s] Level 1:colcon.colcon_core.package_identification:_identify(src/ros_tutorials) by extension 'colcon_pkg'
[0.260s] Level 1:colcon.colcon_core.package_identification:_identify(src/ros_tutorials) by extensions ['colcon_meta']
[0.260s] Level 1:colcon.colcon_core.package_identification:_identify(src/ros_tutorials) by extension 'colcon_meta'
[0.260s] Level 1:colcon.colcon_core.package_identification:_identify(src/ros_tutorials) by extensions ['ros']
[0.260s] Level 1:colcon.colcon_core.package_identification:_identify(src/ros_tutorials) by extension 'ros'
[0.260s] Level 1:colcon.colcon_core.package_identification:_identify(src/ros_tutorials) by extensions ['cmake', 'python']
[0.260s] Level 1:colcon.colcon_core.package_identification:_identify(src/ros_tutorials) by extension 'cmake'
[0.260s] Level 1:colcon.colcon_core.package_identification:_identify(src/ros_tutorials) by extension 'python'
[0.260s] Level 1:colcon.colcon_core.package_identification:_identify(src/ros_tutorials) by extensions ['python_setup_py']
[0.260s] Level 1:colcon.colcon_core.package_identification:_identify(src/ros_tutorials) by extension 'python_setup_py'
[0.260s] Level 1:colcon.colcon_core.package_identification:_identify(src/ros_tutorials/ros_tutorials) by extensions ['ignore', 'ignore_ament_install']
[0.260s] Level 1:colcon.colcon_core.package_identification:_identify(src/ros_tutorials/ros_tutorials) by extension 'ignore'
[0.260s] Level 1:colcon.colcon_core.package_identification:_identify(src/ros_tutorials/ros_tutorials) ignored
[0.260s] Level 1:colcon.colcon_core.package_identification:_identify(src/ros_tutorials/roscpp_tutorials) by extensions ['ignore', 'ignore_ament_install']
[0.260s] Level 1:colcon.colcon_core.package_identification:_identify(src/ros_tutorials/roscpp_tutorials) by extension 'ignore'
[0.260s] Level 1:colcon.colcon_core.package_identification:_identify(src/ros_tutorials/roscpp_tutorials) ignored
[0.261s] Level 1:colcon.colcon_core.package_identification:_identify(src/ros_tutorials/rospy_tutorials) by extensions ['ignore', 'ignore_ament_install']
[0.261s] Level 1:colcon.colcon_core.package_identification:_identify(src/ros_tutorials/rospy_tutorials) by extension 'ignore'
[0.261s] Level 1:colcon.colcon_core.package_identification:_identify(src/ros_tutorials/rospy_tutorials) ignored
[0.261s] Level 1:colcon.colcon_core.package_identification:_identify(src/ros_tutorials/turtlesim) by extensions ['ignore', 'ignore_ament_install']
[0.261s] Level 1:colcon.colcon_core.package_identification:_identify(src/ros_tutorials/turtlesim) by extension 'ignore'
[0.261s] Level 1:colcon.colcon_core.package_identification:_identify(src/ros_tutorials/turtlesim) by extension 'ignore_ament_install'
[0.261s] Level 1:colcon.colcon_core.package_identification:_identify(src/ros_tutorials/turtlesim) by extensions ['colcon_pkg']
[0.261s] Level 1:colcon.colcon_core.package_identification:_identify(src/ros_tutorials/turtlesim) by extension 'colcon_pkg'
[0.261s] Level 1:colcon.colcon_core.package_identification:_identify(src/ros_tutorials/turtlesim) by extensions ['colcon_meta']
[0.261s] Level 1:colcon.colcon_core.package_identification:_identify(src/ros_tutorials/turtlesim) by extension 'colcon_meta'
[0.261s] Level 1:colcon.colcon_core.package_identification:_identify(src/ros_tutorials/turtlesim) by extensions ['ros']
[0.261s] Level 1:colcon.colcon_core.package_identification:_identify(src/ros_tutorials/turtlesim) by extension 'ros'
[0.262s] DEBUG:colcon.colcon_core.package_identification:Package 'src/ros_tutorials/turtlesim' with type 'ros.ament_cmake' and name 'turtlesim'
[0.262s] Level 1:colcon.colcon_core.package_identification:_identify(venv) by extensions ['ignore', 'ignore_ament_install']
[0.262s] Level 1:colcon.colcon_core.package_identification:_identify(venv) by extension 'ignore'
[0.262s] Level 1:colcon.colcon_core.package_identification:_identify(venv) by extension 'ignore_ament_install'
[0.262s] Level 1:colcon.colcon_core.package_identification:_identify(venv) by extensions ['colcon_pkg']
[0.262s] Level 1:colcon.colcon_core.package_identification:_identify(venv) by extension 'colcon_pkg'
[0.262s] Level 1:colcon.colcon_core.package_identification:_identify(venv) by extensions ['colcon_meta']
[0.262s] Level 1:colcon.colcon_core.package_identification:_identify(venv) by extension 'colcon_meta'
[0.262s] Level 1:colcon.colcon_core.package_identification:_identify(venv) by extensions ['ros']
[0.262s] Level 1:colcon.colcon_core.package_identification:_identify(venv) by extension 'ros'
[0.262s] Level 1:colcon.colcon_core.package_identification:_identify(venv) by extensions ['cmake', 'python']
[0.262s] Level 1:colcon.colcon_core.package_identification:_identify(venv) by extension 'cmake'
[0.262s] Level 1:colcon.colcon_core.package_identification:_identify(venv) by extension 'python'
[0.262s] Level 1:colcon.colcon_core.package_identification:_identify(venv) by extensions ['python_setup_py']
[0.262s] Level 1:colcon.colcon_core.package_identification:_identify(venv) by extension 'python_setup_py'
[0.262s] Level 1:colcon.colcon_core.package_identification:_identify(venv/bin) by extensions ['ignore', 'ignore_ament_install']
[0.262s] Level 1:colcon.colcon_core.package_identification:_identify(venv/bin) by extension 'ignore'
[0.262s] Level 1:colcon.colcon_core.package_identification:_identify(venv/bin) by extension 'ignore_ament_install'
[0.262s] Level 1:colcon.colcon_core.package_identification:_identify(venv/bin) by extensions ['colcon_pkg']
[0.262s] Level 1:colcon.colcon_core.package_identification:_identify(venv/bin) by extension 'colcon_pkg'
[0.262s] Level 1:colcon.colcon_core.package_identification:_identify(venv/bin) by extensions ['colcon_meta']
[0.262s] Level 1:colcon.colcon_core.package_identification:_identify(venv/bin) by extension 'colcon_meta'
[0.262s] Level 1:colcon.colcon_core.package_identification:_identify(venv/bin) by extensions ['ros']
[0.262s] Level 1:colcon.colcon_core.package_identification:_identify(venv/bin) by extension 'ros'
[0.263s] Level 1:colcon.colcon_core.package_identification:_identify(venv/bin) by extensions ['cmake', 'python']
[0.263s] Level 1:colcon.colcon_core.package_identification:_identify(venv/bin) by extension 'cmake'
[0.263s] Level 1:colcon.colcon_core.package_identification:_identify(venv/bin) by extension 'python'
[0.263s] Level 1:colcon.colcon_core.package_identification:_identify(venv/bin) by extensions ['python_setup_py']
[0.263s] Level 1:colcon.colcon_core.package_identification:_identify(venv/bin) by extension 'python_setup_py'
[0.263s] Level 1:colcon.colcon_core.package_identification:_identify(venv/include) by extensions ['ignore', 'ignore_ament_install']
[0.263s] Level 1:colcon.colcon_core.package_identification:_identify(venv/include) by extension 'ignore'
[0.263s] Level 1:colcon.colcon_core.package_identification:_identify(venv/include) by extension 'ignore_ament_install'
[0.263s] Level 1:colcon.colcon_core.package_identification:_identify(venv/include) by extensions ['colcon_pkg']
[0.263s] Level 1:colcon.colcon_core.package_identification:_identify(venv/include) by extension 'colcon_pkg'
[0.263s] Level 1:colcon.colcon_core.package_identification:_identify(venv/include) by extensions ['colcon_meta']
[0.263s] Level 1:colcon.colcon_core.package_identification:_identify(venv/include) by extension 'colcon_meta'
[0.263s] Level 1:colcon.colcon_core.package_identification:_identify(venv/include) by extensions ['ros']
[0.263s] Level 1:colcon.colcon_core.package_identification:_identify(venv/include) by extension 'ros'
[0.263s] Level 1:colcon.colcon_core.package_identification:_identify(venv/include) by extensions ['cmake', 'python']
[0.263s] Level 1:colcon.colcon_core.package_identification:_identify(venv/include) by extension 'cmake'
[0.263s] Level 1:colcon.colcon_core.package_identification:_identify(venv/include) by extension 'python'
[0.263s] Level 1:colcon.colcon_core.package_identification:_identify(venv/include) by extensions ['python_setup_py']
[0.263s] Level 1:colcon.colcon_core.package_identification:_identify(venv/include) by extension 'python_setup_py'
[0.263s] Level 1:colcon.colcon_core.package_identification:_identify(venv/lib) by extensions ['ignore', 'ignore_ament_install']
[0.263s] Level 1:colcon.colcon_core.package_identification:_identify(venv/lib) by extension 'ignore'
[0.263s] Level 1:colcon.colcon_core.package_identification:_identify(venv/lib) by extension 'ignore_ament_install'
[0.263s] Level 1:colcon.colcon_core.package_identification:_identify(venv/lib) by extensions ['colcon_pkg']
[0.263s] Level 1:colcon.colcon_core.package_identification:_identify(venv/lib) by extension 'colcon_pkg'
[0.263s] Level 1:colcon.colcon_core.package_identification:_identify(venv/lib) by extensions ['colcon_meta']
[0.263s] Level 1:colcon.colcon_core.package_identification:_identify(venv/lib) by extension 'colcon_meta'
[0.263s] Level 1:colcon.colcon_core.package_identification:_identify(venv/lib) by extensions ['ros']
[0.263s] Level 1:colcon.colcon_core.package_identification:_identify(venv/lib) by extension 'ros'
[0.263s] Level 1:colcon.colcon_core.package_identification:_identify(venv/lib) by extensions ['cmake', 'python']
[0.263s] Level 1:colcon.colcon_core.package_identification:_identify(venv/lib) by extension 'cmake'
[0.263s] Level 1:colcon.colcon_core.package_identification:_identify(venv/lib) by extension 'python'
[0.263s] Level 1:colcon.colcon_core.package_identification:_identify(venv/lib) by extensions ['python_setup_py']
[0.263s] Level 1:colcon.colcon_core.package_identification:_identify(venv/lib) by extension 'python_setup_py'
[0.263s] Level 1:colcon.colcon_core.package_identification:_identify(venv/lib/python3.10) by extensions ['ignore', 'ignore_ament_install']
[0.264s] Level 1:colcon.colcon_core.package_identification:_identify(venv/lib/python3.10) by extension 'ignore'
[0.264s] Level 1:colcon.colcon_core.package_identification:_identify(venv/lib/python3.10) by extension 'ignore_ament_install'
[0.264s] Level 1:colcon.colcon_core.package_identification:_identify(venv/lib/python3.10) by extensions ['colcon_pkg']
[0.264s] Level 1:colcon.colcon_core.package_identification:_identify(venv/lib/python3.10) by extension 'colcon_pkg'
[0.264s] Level 1:colcon.colcon_core.package_identification:_identify(venv/lib/python3.10) by extensions ['colcon_meta']
[0.264s] Level 1:colcon.colcon_core.package_identification:_identify(venv/lib/python3.10) by extension 'colcon_meta'
[0.264s] Level 1:colcon.colcon_core.package_identification:_identify(venv/lib/python3.10) by extensions ['ros']
[0.264s] Level 1:colcon.colcon_core.package_identification:_identify(venv/lib/python3.10) by extension 'ros'
[0.264s] Level 1:colcon.colcon_core.package_identification:_identify(venv/lib/python3.10) by extensions ['cmake', 'python']
[0.264s] Level 1:colcon.colcon_core.package_identification:_identify(venv/lib/python3.10) by extension 'cmake'
[0.264s] Level 1:colcon.colcon_core.package_identification:_identify(venv/lib/python3.10) by extension 'python'
[0.264s] Level 1:colcon.colcon_core.package_identification:_identify(venv/lib/python3.10) by extensions ['python_setup_py']
[0.264s] Level 1:colcon.colcon_core.package_identification:_identify(venv/lib/python3.10) by extension 'python_setup_py'
[0.264s] Level 1:colcon.colcon_core.package_identification:_identify(venv/lib/python3.10/site-packages) by extensions ['ignore', 'ignore_ament_install']
[0.264s] Level 1:colcon.colcon_core.package_identification:_identify(venv/lib/python3.10/site-packages) by extension 'ignore'
[0.264s] Level 1:colcon.colcon_core.package_identification:_identify(venv/lib/python3.10/site-packages) by extension 'ignore_ament_install'
[0.264s] Level 1:colcon.colcon_core.package_identification:_identify(venv/lib/python3.10/site-packages) by extensions ['colcon_pkg']
[0.264s] Level 1:colcon.colcon_core.package_identification:_identify(venv/lib/python3.10/site-packages) by extension 'colcon_pkg'
[0.264s] Level 1:colcon.colcon_core.package_identification:_identify(venv/lib/python3.10/site-packages) by extensions ['colcon_meta']
[0.264s] Level 1:colcon.colcon_core.package_identification:_identify(venv/lib/python3.10/site-packages) by extension 'colcon_meta'
[0.264s] Level 1:colcon.colcon_core.package_identification:_identify(venv/lib/python3.10/site-packages) by extensions ['ros']
[0.264s] Level 1:colcon.colcon_core.package_identification:_identify(venv/lib/python3.10/site-packages) by extension 'ros'
[0.264s] Level 1:colcon.colcon_core.package_identification:_identify(venv/lib/python3.10/site-packages) by extensions ['cmake', 'python']
[0.264s] Level 1:colcon.colcon_core.package_identification:_identify(venv/lib/python3.10/site-packages) by extension 'cmake'
[0.264s] Level 1:colcon.colcon_core.package_identification:_identify(venv/lib/python3.10/site-packages) by extension 'python'
[0.264s] Level 1:colcon.colcon_core.package_identification:_identify(venv/lib/python3.10/site-packages) by extensions ['python_setup_py']
[0.264s] Level 1:colcon.colcon_core.package_identification:_identify(venv/lib/python3.10/site-packages) by extension 'python_setup_py'
[0.264s] Level 1:colcon.colcon_core.package_identification:_identify(venv/lib/python3.10/site-packages/_distutils_hack) by extensions ['ignore', 'ignore_ament_install']
[0.264s] Level 1:colcon.colcon_core.package_identification:_identify(venv/lib/python3.10/site-packages/_distutils_hack) by extension 'ignore'
[0.264s] Level 1:colcon.colcon_core.package_identification:_identify(venv/lib/python3.10/site-packages/_distutils_hack) by extension 'ignore_ament_install'
[0.264s] Level 1:colcon.colcon_core.package_identification:_identify(venv/lib/python3.10/site-packages/_distutils_hack) by extensions ['colcon_pkg']
[0.264s] Level 1:colcon.colcon_core.package_identification:_identify(venv/lib/python3.10/site-packages/_distutils_hack) by extension 'colcon_pkg'
[0.265s] Level 1:colcon.colcon_core.package_identification:_identify(venv/lib/python3.10/site-packages/_distutils_hack) by extensions ['colcon_meta']
[0.265s] Level 1:colcon.colcon_core.package_identification:_identify(venv/lib/python3.10/site-packages/_distutils_hack) by extension 'colcon_meta'
[0.265s] Level 1:colcon.colcon_core.package_identification:_identify(venv/lib/python3.10/site-packages/_distutils_hack) by extensions ['ros']
[0.265s] Level 1:colcon.colcon_core.package_identification:_identify(venv/lib/python3.10/site-packages/_distutils_hack) by extension 'ros'
[0.265s] Level 1:colcon.colcon_core.package_identification:_identify(venv/lib/python3.10/site-packages/_distutils_hack) by extensions ['cmake', 'python']
[0.265s] Level 1:colcon.colcon_core.package_identification:_identify(venv/lib/python3.10/site-packages/_distutils_hack) by extension 'cmake'
[0.265s] Level 1:colcon.colcon_core.package_identification:_identify(venv/lib/python3.10/site-packages/_distutils_hack) by extension 'python'
[0.265s] Level 1:colcon.colcon_core.package_identification:_identify(venv/lib/python3.10/site-packages/_distutils_hack) by extensions ['python_setup_py']
[0.265s] Level 1:colcon.colcon_core.package_identification:_identify(venv/lib/python3.10/site-packages/_distutils_hack) by extension 'python_setup_py'
[0.265s] Level 1:colcon.colcon_core.package_identification:_identify(venv/lib/python3.10/site-packages/_distutils_hack/__pycache__) by extensions ['ignore', 'ignore_ament_install']
[0.265s] Level 1:colcon.colcon_core.package_identification:_identify(venv/lib/python3.10/site-packages/_distutils_hack/__pycache__) by extension 'ignore'
[0.265s] Level 1:colcon.colcon_core.package_identification:_identify(venv/lib/python3.10/site-packages/_distutils_hack/__pycache__) by extension 'ignore_ament_install'
[0.265s] Level 1:colcon.colcon_core.package_identification:_identify(venv/lib/python3.10/site-packages/_distutils_hack/__pycache__) by extensions ['colcon_pkg']
[0.265s] Level 1:colcon.colcon_core.package_identification:_identify(venv/lib/python3.10/site-packages/_distutils_hack/__pycache__) by extension 'colcon_pkg'
[0.265s] Level 1:colcon.colcon_core.package_identification:_identify(venv/lib/python3.10/site-packages/_distutils_hack/__pycache__) by extensions ['colcon_meta']
[0.265s] Level 1:colcon.colcon_core.package_identification:_identify(venv/lib/python3.10/site-packages/_distutils_hack/__pycache__) by extension 'colcon_meta'
[0.265s] Level 1:colcon.colcon_core.package_identification:_identify(venv/lib/python3.10/site-packages/_distutils_hack/__pycache__) by extensions ['ros']
[0.265s] Level 1:colcon.colcon_core.package_identification:_identify(venv/lib/python3.10/site-packages/_distutils_hack/__pycache__) by extension 'ros'
[0.265s] Level 1:colcon.colcon_core.package_identification:_identify(venv/lib/python3.10/site-packages/_distutils_hack/__pycache__) by extensions ['cmake', 'python']
[0.265s] Level 1:colcon.colcon_core.package_identification:_identify(venv/lib/python3.10/site-packages/_distutils_hack/__pycache__) by extension 'cmake'
[0.265s] Level 1:colcon.colcon_core.package_identification:_identify(venv/lib/python3.10/site-packages/_distutils_hack/__pycache__) by extension 'python'
[0.265s] Level 1:colcon.colcon_core.package_identification:_identify(venv/lib/python3.10/site-packages/_distutils_hack/__pycache__) by extensions ['python_setup_py']
[0.265s] Level 1:colcon.colcon_core.package_identification:_identify(venv/lib/python3.10/site-packages/_distutils_hack/__pycache__) by extension 'python_setup_py'
[0.265s] Level 1:colcon.colcon_core.package_identification:_identify(venv/lib/python3.10/site-packages/numpy) by extensions ['ignore', 'ignore_ament_install']
[0.265s] Level 1:colcon.colcon_core.package_identification:_identify(venv/lib/python3.10/site-packages/numpy) by extension 'ignore'
[0.265s] Level 1:colcon.colcon_core.package_identification:_identify(venv/lib/python3.10/site-packages/numpy) by extension 'ignore_ament_install'
[0.265s] Level 1:colcon.colcon_core.package_identification:_identify(venv/lib/python3.10/site-packages/numpy) by extensions ['colcon_pkg']
[0.265s] Level 1:colcon.colcon_core.package_identification:_identify(venv/lib/python3.10/site-packages/numpy) by extension 'colcon_pkg'
[0.265s] Level 1:colcon.colcon_core.package_identification:_identify(venv/lib/python3.10/site-packages/numpy) by extensions ['colcon_meta']
[0.265s] Level 1:colcon.colcon_core.package_identification:_identify(venv/lib/python3.10/site-packages/numpy) by extension 'colcon_meta'
[0.265s] Level 1:colcon.colcon_core.package_identification:_identify(venv/lib/python3.10/site-packages/numpy) by extensions ['ros']
[0.265s] Level 1:colcon.colcon_core.package_identification:_identify(venv/lib/python3.10/site-packages/numpy) by extension 'ros'
[0.265s] Level 1:colcon.colcon_core.package_identification:_identify(venv/lib/python3.10/site-packages/numpy) by extensions ['cmake', 'python']
[0.266s] Level 1:colcon.colcon_core.package_identification:_identify(venv/lib/python3.10/site-packages/numpy) by extension 'cmake'
[0.266s] Level 1:colcon.colcon_core.package_identification:_identify(venv/lib/python3.10/site-packages/numpy) by extension 'python'
[0.266s] Level 1:colcon.colcon_core.package_identification:_identify(venv/lib/python3.10/site-packages/numpy) by extensions ['python_setup_py']
[0.266s] Level 1:colcon.colcon_core.package_identification:_identify(venv/lib/python3.10/site-packages/numpy) by extension 'python_setup_py'
[0.266s] Level 1:colcon.colcon_core.package_identification:_identify(venv/lib/python3.10/site-packages/numpy/__pycache__) by extensions ['ignore', 'ignore_ament_install']
[0.266s] Level 1:colcon.colcon_core.package_identification:_identify(venv/lib/python3.10/site-packages/numpy/__pycache__) by extension 'ignore'
[0.266s] Level 1:colcon.colcon_core.package_identification:_identify(venv/lib/python3.10/site-packages/numpy/__pycache__) by extension 'ignore_ament_install'
[0.266s] Level 1:colcon.colcon_core.package_identification:_identify(venv/lib/python3.10/site-packages/numpy/__pycache__) by extensions ['colcon_pkg']
[0.266s] Level 1:colcon.colcon_core.package_identification:_identify(venv/lib/python3.10/site-packages/numpy/__pycache__) by extension 'colcon_pkg'
[0.266s] Level 1:colcon.colcon_core.package_identification:_identify(venv/lib/python3.10/site-packages/numpy/__pycache__) by extensions ['colcon_meta']
[0.266s] Level 1:colcon.colcon_core.package_identification:_identify(venv/lib/python3.10/site-packages/numpy/__pycache__) by extension 'colcon_meta'
[0.266s] Level 1:colcon.colcon_core.package_identification:_identify(venv/lib/python3.10/site-packages/numpy/__pycache__) by extensions ['ros']
[0.266s] Level 1:colcon.colcon_core.package_identification:_identify(venv/lib/python3.10/site-packages/numpy/__pycache__) by extension 'ros'
[0.266s] Level 1:colcon.colcon_core.package_identification:_identify(venv/lib/python3.10/site-packages/numpy/__pycache__) by extensions ['cmake', 'python']
[0.266s] Level 1:colcon.colcon_core.package_identification:_identify(venv/lib/python3.10/site-packages/numpy/__pycache__) by extension 'cmake'
[0.266s] Level 1:colcon.colcon_core.package_identification:_identify(venv/lib/python3.10/site-packages/numpy/__pycache__) by extension 'python'
[0.266s] Level 1:colcon.colcon_core.package_identification:_identify(venv/lib/python3.10/site-packages/numpy/__pycache__) by extensions ['python_setup_py']
[0.266s] Level 1:colcon.colcon_core.package_identification:_identify(venv/lib/python3.10/site-packages/numpy/__pycache__) by extension 'python_setup_py'
[0.266s] Level 1:colcon.colcon_core.package_identification:_identify(venv/lib/python3.10/site-packages/numpy/_core) by extensions ['ignore', 'ignore_ament_install']
[0.266s] Level 1:colcon.colcon_core.package_identification:_identify(venv/lib/python3.10/site-packages/numpy/_core) by extension 'ignore'
[0.266s] Level 1:colcon.colcon_core.package_identification:_identify(venv/lib/python3.10/site-packages/numpy/_core) by extension 'ignore_ament_install'
[0.266s] Level 1:colcon.colcon_core.package_identification:_identify(venv/lib/python3.10/site-packages/numpy/_core) by extensions ['colcon_pkg']
[0.266s] Level 1:colcon.colcon_core.package_identification:_identify(venv/lib/python3.10/site-packages/numpy/_core) by extension 'colcon_pkg'
[0.266s] Level 1:colcon.colcon_core.package_identification:_identify(venv/lib/python3.10/site-packages/numpy/_core) by extensions ['colcon_meta']
[0.266s] Level 1:colcon.colcon_core.package_identification:_identify(venv/lib/python3.10/site-packages/numpy/_core) by extension 'colcon_meta'
[0.266s] Level 1:colcon.colcon_core.package_identification:_identify(venv/lib/python3.10/site-packages/numpy/_core) by extensions ['ros']
[0.266s] Level 1:colcon.colcon_core.package_identification:_identify(venv/lib/python3.10/site-packages/numpy/_core) by extension 'ros'
[0.266s] Level 1:colcon.colcon_core.package_identification:_identify(venv/lib/python3.10/site-packages/numpy/_core) by extensions ['cmake', 'python']
[0.266s] Level 1:colcon.colcon_core.package_identification:_identify(venv/lib/python3.10/site-packages/numpy/_core) by extension 'cmake'
[0.266s] Level 1:colcon.colcon_core.package_identification:_identify(venv/lib/python3.10/site-packages/numpy/_core) by extension 'python'
[0.266s] Level 1:colcon.colcon_core.package_identification:_identify(venv/lib/python3.10/site-packages/numpy/_core) by extensions ['python_setup_py']
[0.266s] Level 1:colcon.colcon_core.package_identification:_identify(venv/lib/python3.10/site-packages/numpy/_core) by extension 'python_setup_py'
[0.267s] Level 1:colcon.colcon_core.package_identification:_identify(venv/lib/python3.10/site-packages/numpy/_core/__pycache__) by extensions ['ignore', 'ignore_ament_install']
[0.267s] Level 1:colcon.colcon_core.package_identification:_identify(venv/lib/python3.10/site-packages/numpy/_core/__pycache__) by extension 'ignore'
[0.267s] Level 1:colcon.colcon_core.package_identification:_identify(venv/lib/python3.10/site-packages/numpy/_core/__pycache__) by extension 'ignore_ament_install'
[0.267s] Level 1:colcon.colcon_core.package_identification:_identify(venv/lib/python3.10/site-packages/numpy/_core/__pycache__) by extensions ['colcon_pkg']
[0.267s] Level 1:colcon.colcon_core.package_identification:_identify(venv/lib/python3.10/site-packages/numpy/_core/__pycache__) by extension 'colcon_pkg'
[0.267s] Level 1:colcon.colcon_core.package_identification:_identify(venv/lib/python3.10/site-packages/numpy/_core/__pycache__) by extensions ['colcon_meta']
[0.267s] Level 1:colcon.colcon_core.package_identification:_identify(venv/lib/python3.10/site-packages/numpy/_core/__pycache__) by extension 'colcon_meta'
[0.267s] Level 1:colcon.colcon_core.package_identification:_identify(venv/lib/python3.10/site-packages/numpy/_core/__pycache__) by extensions ['ros']
[0.267s] Level 1:colcon.colcon_core.package_identification:_identify(venv/lib/python3.10/site-packages/numpy/_core/__pycache__) by extension 'ros'
[0.267s] Level 1:colcon.colcon_core.package_identification:_identify(venv/lib/python3.10/site-packages/numpy/_core/__pycache__) by extensions ['cmake', 'python']
[0.267s] Level 1:colcon.colcon_core.package_identification:_identify(venv/lib/python3.10/site-packages/numpy/_core/__pycache__) by extension 'cmake'
[0.267s] Level 1:colcon.colcon_core.package_identification:_identify(venv/lib/python3.10/site-packages/numpy/_core/__pycache__) by extension 'python'
[0.267s] Level 1:colcon.colcon_core.package_identification:_identify(venv/lib/python3.10/site-packages/numpy/_core/__pycache__) by extensions ['python_setup_py']
[0.267s] Level 1:colcon.colcon_core.package_identification:_identify(venv/lib/python3.10/site-packages/numpy/_core/__pycache__) by extension 'python_setup_py'
[0.267s] Level 1:colcon.colcon_core.package_identification:_identify(venv/lib/python3.10/site-packages/numpy/_core/include) by extensions ['ignore', 'ignore_ament_install']
[0.267s] Level 1:colcon.colcon_core.package_identification:_identify(venv/lib/python3.10/site-packages/numpy/_core/include) by extension 'ignore'
[0.267s] Level 1:colcon.colcon_core.package_identification:_identify(venv/lib/python3.10/site-packages/numpy/_core/include) by extension 'ignore_ament_install'
[0.267s] Level 1:colcon.colcon_core.package_identification:_identify(venv/lib/python3.10/site-packages/numpy/_core/include) by extensions ['colcon_pkg']
[0.267s] Level 1:colcon.colcon_core.package_identification:_identify(venv/lib/python3.10/site-packages/numpy/_core/include) by extension 'colcon_pkg'
[0.267s] Level 1:colcon.colcon_core.package_identification:_identify(venv/lib/python3.10/site-packages/numpy/_core/include) by extensions ['colcon_meta']
[0.267s] Level 1:colcon.colcon_core.package_identification:_identify(venv/lib/python3.10/site-packages/numpy/_core/include) by extension 'colcon_meta'
[0.267s] Level 1:colcon.colcon_core.package_identification:_identify(venv/lib/python3.10/site-packages/numpy/_core/include) by extensions ['ros']
[0.267s] Level 1:colcon.colcon_core.package_identification:_identify(venv/lib/python3.10/site-packages/numpy/_core/include) by extension 'ros'
[0.267s] Level 1:colcon.colcon_core.package_identification:_identify(venv/lib/python3.10/site-packages/numpy/_core/include) by extensions ['cmake', 'python']
[0.267s] Level 1:colcon.colcon_core.package_identification:_identify(venv/lib/python3.10/site-packages/numpy/_core/include) by extension 'cmake'
[0.267s] Level 1:colcon.colcon_core.package_identification:_identify(venv/lib/python3.10/site-packages/numpy/_core/include) by extension 'python'
[0.267s] Level 1:colcon.colcon_core.package_identification:_identify(venv/lib/python3.10/site-packages/numpy/_core/include) by extensions ['python_setup_py']
[0.267s] Level 1:colcon.colcon_core.package_identification:_identify(venv/lib/python3.10/site-packages/numpy/_core/include) by extension 'python_setup_py'
[0.267s] Level 1:colcon.colcon_core.package_identification:_identify(venv/lib/python3.10/site-packages/numpy/_core/include/numpy) by extensions ['ignore', 'ignore_ament_install']
[0.267s] Level 1:colcon.colcon_core.package_identification:_identify(venv/lib/python3.10/site-packages/numpy/_core/include/numpy) by extension 'ignore'
[0.268s] Level 1:colcon.colcon_core.package_identification:_identify(venv/lib/python3.10/site-packages/numpy/_core/include/numpy) by extension 'ignore_ament_install'
[0.268s] Level 1:colcon.colcon_core.package_identification:_identify(venv/lib/python3.10/site-packages/numpy/_core/include/numpy) by extensions ['colcon_pkg']
[0.268s] Level 1:colcon.colcon_core.package_identification:_identify(venv/lib/python3.10/site-packages/numpy/_core/include/numpy) by extension 'colcon_pkg'
[0.268s] Level 1:colcon.colcon_core.package_identification:_identify(venv/lib/python3.10/site-packages/numpy/_core/include/numpy) by extensions ['colcon_meta']
[0.268s] Level 1:colcon.colcon_core.package_identification:_identify(venv/lib/python3.10/site-packages/numpy/_core/include/numpy) by extension 'colcon_meta'
[0.268s] Level 1:colcon.colcon_core.package_identification:_identify(venv/lib/python3.10/site-packages/numpy/_core/include/numpy) by extensions ['ros']
[0.268s] Level 1:colcon.colcon_core.package_identification:_identify(venv/lib/python3.10/site-packages/numpy/_core/include/numpy) by extension 'ros'
[0.268s] Level 1:colcon.colcon_core.package_identification:_identify(venv/lib/python3.10/site-packages/numpy/_core/include/numpy) by extensions ['cmake', 'python']
[0.268s] Level 1:colcon.colcon_core.package_identification:_identify(venv/lib/python3.10/site-packages/numpy/_core/include/numpy) by extension 'cmake'
[0.268s] Level 1:colcon.colcon_core.package_identification:_identify(venv/lib/python3.10/site-packages/numpy/_core/include/numpy) by extension 'python'
[0.268s] Level 1:colcon.colcon_core.package_identification:_identify(venv/lib/python3.10/site-packages/numpy/_core/include/numpy) by extensions ['python_setup_py']
[0.268s] Level 1:colcon.colcon_core.package_identification:_identify(venv/lib/python3.10/site-packages/numpy/_core/include/numpy) by extension 'python_setup_py'
[0.268s] Level 1:colcon.colcon_core.package_identification:_identify(venv/lib/python3.10/site-packages/numpy/_core/include/numpy/random) by extensions ['ignore', 'ignore_ament_install']
[0.268s] Level 1:colcon.colcon_core.package_identification:_identify(venv/lib/python3.10/site-packages/numpy/_core/include/numpy/random) by extension 'ignore'
[0.268s] Level 1:colcon.colcon_core.package_identification:_identify(venv/lib/python3.10/site-packages/numpy/_core/include/numpy/random) by extension 'ignore_ament_install'
[0.268s] Level 1:colcon.colcon_core.package_identification:_identify(venv/lib/python3.10/site-packages/numpy/_core/include/numpy/random) by extensions ['colcon_pkg']
[0.268s] Level 1:colcon.colcon_core.package_identification:_identify(venv/lib/python3.10/site-packages/numpy/_core/include/numpy/random) by extension 'colcon_pkg'
[0.268s] Level 1:colcon.colcon_core.package_identification:_identify(venv/lib/python3.10/site-packages/numpy/_core/include/numpy/random) by extensions ['colcon_meta']
[0.268s] Level 1:colcon.colcon_core.package_identification:_identify(venv/lib/python3.10/site-packages/numpy/_core/include/numpy/random) by extension 'colcon_meta'
[0.268s] Level 1:colcon.colcon_core.package_identification:_identify(venv/lib/python3.10/site-packages/numpy/_core/include/numpy/random) by extensions ['ros']
[0.268s] Level 1:colcon.colcon_core.package_identification:_identify(venv/lib/python3.10/site-packages/numpy/_core/include/numpy/random) by extension 'ros'
[0.268s] Level 1:colcon.colcon_core.package_identification:_identify(venv/lib/python3.10/site-packages/numpy/_core/include/numpy/random) by extensions ['cmake', 'python']
[0.268s] Level 1:colcon.colcon_core.package_identification:_identify(venv/lib/python3.10/site-packages/numpy/_core/include/numpy/random) by extension 'cmake'
[0.268s] Level 1:colcon.colcon_core.package_identification:_identify(venv/lib/python3.10/site-packages/numpy/_core/include/numpy/random) by extension 'python'
[0.268s] Level 1:colcon.colcon_core.package_identification:_identify(venv/lib/python3.10/site-packages/numpy/_core/include/numpy/random) by extensions ['python_setup_py']
[0.268s] Level 1:colcon.colcon_core.package_identification:_identify(venv/lib/python3.10/site-packages/numpy/_core/include/numpy/random) by extension 'python_setup_py'
[0.268s] Level 1:colcon.colcon_core.package_identification:_identify(venv/lib/python3.10/site-packages/numpy/_core/lib) by extensions ['ignore', 'ignore_ament_install']
[0.268s] Level 1:colcon.colcon_core.package_identification:_identify(venv/lib/python3.10/site-packages/numpy/_core/lib) by extension 'ignore'
[0.268s] Level 1:colcon.colcon_core.package_identification:_identify(venv/lib/python3.10/site-packages/numpy/_core/lib) by extension 'ignore_ament_install'
[0.268s] Level 1:colcon.colcon_core.package_identification:_identify(venv/lib/python3.10/site-packages/numpy/_core/lib) by extensions ['colcon_pkg']
[0.268s] Level 1:colcon.colcon_core.package_identification:_identify(venv/lib/python3.10/site-packages/numpy/_core/lib) by extension 'colcon_pkg'
[0.268s] Level 1:colcon.colcon_core.package_identification:_identify(venv/lib/python3.10/site-packages/numpy/_core/lib) by extensions ['colcon_meta']
[0.268s] Level 1:colcon.colcon_core.package_identification:_identify(venv/lib/python3.10/site-packages/numpy/_core/lib) by extension 'colcon_meta'
[0.269s] Level 1:colcon.colcon_core.package_identification:_identify(venv/lib/python3.10/site-packages/numpy/_core/lib) by extensions ['ros']
[0.269s] Level 1:colcon.colcon_core.package_identification:_identify(venv/lib/python3.10/site-packages/numpy/_core/lib) by extension 'ros'
[0.269s] Level 1:colcon.colcon_core.package_identification:_identify(venv/lib/python3.10/site-packages/numpy/_core/lib) by extensions ['cmake', 'python']
[0.269s] Level 1:colcon.colcon_core.package_identification:_identify(venv/lib/python3.10/site-packages/numpy/_core/lib) by extension 'cmake'
[0.269s] Level 1:colcon.colcon_core.package_identification:_identify(venv/lib/python3.10/site-packages/numpy/_core/lib) by extension 'python'
[0.269s] Level 1:colcon.colcon_core.package_identification:_identify(venv/lib/python3.10/site-packages/numpy/_core/lib) by extensions ['python_setup_py']
[0.269s] Level 1:colcon.colcon_core.package_identification:_identify(venv/lib/python3.10/site-packages/numpy/_core/lib) by extension 'python_setup_py'
[0.269s] Level 1:colcon.colcon_core.package_identification:_identify(venv/lib/python3.10/site-packages/numpy/_core/lib/npy-pkg-config) by extensions ['ignore', 'ignore_ament_install']
[0.269s] Level 1:colcon.colcon_core.package_identification:_identify(venv/lib/python3.10/site-packages/numpy/_core/lib/npy-pkg-config) by extension 'ignore'
[0.269s] Level 1:colcon.colcon_core.package_identification:_identify(venv/lib/python3.10/site-packages/numpy/_core/lib/npy-pkg-config) by extension 'ignore_ament_install'
[0.269s] Level 1:colcon.colcon_core.package_identification:_identify(venv/lib/python3.10/site-packages/numpy/_core/lib/npy-pkg-config) by extensions ['colcon_pkg']
[0.269s] Level 1:colcon.colcon_core.package_identification:_identify(venv/lib/python3.10/site-packages/numpy/_core/lib/npy-pkg-config) by extension 'colcon_pkg'
[0.269s] Level 1:colcon.colcon_core.package_identification:_identify(venv/lib/python3.10/site-packages/numpy/_core/lib/npy-pkg-config) by extensions ['colcon_meta']
[0.269s] Level 1:colcon.colcon_core.package_identification:_identify(venv/lib/python3.10/site-packages/numpy/_core/lib/npy-pkg-config) by extension 'colcon_meta'
[0.269s] Level 1:colcon.colcon_core.package_identification:_identify(venv/lib/python3.10/site-packages/numpy/_core/lib/npy-pkg-config) by extensions ['ros']
[0.269s] Level 1:colcon.colcon_core.package_identification:_identify(venv/lib/python3.10/site-packages/numpy/_core/lib/npy-pkg-config) by extension 'ros'
[0.269s] Level 1:colcon.colcon_core.package_identification:_identify(venv/lib/python3.10/site-packages/numpy/_core/lib/npy-pkg-config) by extensions ['cmake', 'python']
[0.269s] Level 1:colcon.colcon_core.package_identification:_identify(venv/lib/python3.10/site-packages/numpy/_core/lib/npy-pkg-config) by extension 'cmake'
[0.269s] Level 1:colcon.colcon_core.package_identification:_identify(venv/lib/python3.10/site-packages/numpy/_core/lib/npy-pkg-config) by extension 'python'
[0.269s] Level 1:colcon.colcon_core.package_identification:_identify(venv/lib/python3.10/site-packages/numpy/_core/lib/npy-pkg-config) by extensions ['python_setup_py']
[0.269s] Level 1:colcon.colcon_core.package_identification:_identify(venv/lib/python3.10/site-packages/numpy/_core/lib/npy-pkg-config) by extension 'python_setup_py'
[0.269s] Level 1:colcon.colcon_core.package_identification:_identify(venv/lib/python3.10/site-packages/numpy/_core/lib/pkgconfig) by extensions ['ignore', 'ignore_ament_install']
[0.269s] Level 1:colcon.colcon_core.package_identification:_identify(venv/lib/python3.10/site-packages/numpy/_core/lib/pkgconfig) by extension 'ignore'
[0.269s] Level 1:colcon.colcon_core.package_identification:_identify(venv/lib/python3.10/site-packages/numpy/_core/lib/pkgconfig) by extension 'ignore_ament_install'
[0.269s] Level 1:colcon.colcon_core.package_identification:_identify(venv/lib/python3.10/site-packages/numpy/_core/lib/pkgconfig) by extensions ['colcon_pkg']
[0.269s] Level 1:colcon.colcon_core.package_identification:_identify(venv/lib/python3.10/site-packages/numpy/_core/lib/pkgconfig) by extension 'colcon_pkg'
[0.269s] Level 1:colcon.colcon_core.package_identification:_identify(venv/lib/python3.10/site-packages/numpy/_core/lib/pkgconfig) by extensions ['colcon_meta']
[0.269s] Level 1:colcon.colcon_core.package_identification:_identify(venv/lib/python3.10/site-packages/numpy/_core/lib/pkgconfig) by extension 'colcon_meta'
[0.269s] Level 1:colcon.colcon_core.package_identification:_identify(venv/lib/python3.10/site-packages/numpy/_core/lib/pkgconfig) by extensions ['ros']
[0.269s] Level 1:colcon.colcon_core.package_identification:_identify(venv/lib/python3.10/site-packages/numpy/_core/lib/pkgconfig) by extension 'ros'
[0.269s] Level 1:colcon.colcon_core.package_identification:_identify(venv/lib/python3.10/site-packages/numpy/_core/lib/pkgconfig) by extensions ['cmake', 'python']
[0.269s] Level 1:colcon.colcon_core.package_identification:_identify(venv/lib/python3.10/site-packages/numpy/_core/lib/pkgconfig) by extension 'cmake'
[0.270s] Level 1:colcon.colcon_core.package_identification:_identify(venv/lib/python3.10/site-packages/numpy/_core/lib/pkgconfig) by extension 'python'
[0.270s] Level 1:colcon.colcon_core.package_identification:_identify(venv/lib/python3.10/site-packages/numpy/_core/lib/pkgconfig) by extensions ['python_setup_py']
[0.270s] Level 1:colcon.colcon_core.package_identification:_identify(venv/lib/python3.10/site-packages/numpy/_core/lib/pkgconfig) by extension 'python_setup_py'
[0.270s] Level 1:colcon.colcon_core.package_identification:_identify(venv/lib/python3.10/site-packages/numpy/_core/tests) by extensions ['ignore', 'ignore_ament_install']
[0.270s] Level 1:colcon.colcon_core.package_identification:_identify(venv/lib/python3.10/site-packages/numpy/_core/tests) by extension 'ignore'
[0.270s] Level 1:colcon.colcon_core.package_identification:_identify(venv/lib/python3.10/site-packages/numpy/_core/tests) by extension 'ignore_ament_install'
[0.270s] Level 1:colcon.colcon_core.package_identification:_identify(venv/lib/python3.10/site-packages/numpy/_core/tests) by extensions ['colcon_pkg']
[0.270s] Level 1:colcon.colcon_core.package_identification:_identify(venv/lib/python3.10/site-packages/numpy/_core/tests) by extension 'colcon_pkg'
[0.270s] Level 1:colcon.colcon_core.package_identification:_identify(venv/lib/python3.10/site-packages/numpy/_core/tests) by extensions ['colcon_meta']
[0.270s] Level 1:colcon.colcon_core.package_identification:_identify(venv/lib/python3.10/site-packages/numpy/_core/tests) by extension 'colcon_meta'
[0.270s] Level 1:colcon.colcon_core.package_identification:_identify(venv/lib/python3.10/site-packages/numpy/_core/tests) by extensions ['ros']
[0.270s] Level 1:colcon.colcon_core.package_identification:_identify(venv/lib/python3.10/site-packages/numpy/_core/tests) by extension 'ros'
[0.270s] Level 1:colcon.colcon_core.package_identification:_identify(venv/lib/python3.10/site-packages/numpy/_core/tests) by extensions ['cmake', 'python']
[0.270s] Level 1:colcon.colcon_core.package_identification:_identify(venv/lib/python3.10/site-packages/numpy/_core/tests) by extension 'cmake'
[0.270s] Level 1:colcon.colcon_core.package_identification:_identify(venv/lib/python3.10/site-packages/numpy/_core/tests) by extension 'python'
[0.270s] Level 1:colcon.colcon_core.package_identification:_identify(venv/lib/python3.10/site-packages/numpy/_core/tests) by extensions ['python_setup_py']
[0.270s] Level 1:colcon.colcon_core.package_identification:_identify(venv/lib/python3.10/site-packages/numpy/_core/tests) by extension 'python_setup_py'
[0.270s] Level 1:colcon.colcon_core.package_identification:_identify(venv/lib/python3.10/site-packages/numpy/_core/tests/__pycache__) by extensions ['ignore', 'ignore_ament_install']
[0.270s] Level 1:colcon.colcon_core.package_identification:_identify(venv/lib/python3.10/site-packages/numpy/_core/tests/__pycache__) by extension 'ignore'
[0.270s] Level 1:colcon.colcon_core.package_identification:_identify(venv/lib/python3.10/site-packages/numpy/_core/tests/__pycache__) by extension 'ignore_ament_install'
[0.270s] Level 1:colcon.colcon_core.package_identification:_identify(venv/lib/python3.10/site-packages/numpy/_core/tests/__pycache__) by extensions ['colcon_pkg']
[0.270s] Level 1:colcon.colcon_core.package_identification:_identify(venv/lib/python3.10/site-packages/numpy/_core/tests/__pycache__) by extension 'colcon_pkg'
[0.270s] Level 1:colcon.colcon_core.package_identification:_identify(venv/lib/python3.10/site-packages/numpy/_core/tests/__pycache__) by extensions ['colcon_meta']
[0.270s] Level 1:colcon.colcon_core.package_identification:_identify(venv/lib/python3.10/site-packages/numpy/_core/tests/__pycache__) by extension 'colcon_meta'
[0.270s] Level 1:colcon.colcon_core.package_identification:_identify(venv/lib/python3.10/site-packages/numpy/_core/tests/__pycache__) by extensions ['ros']
[0.270s] Level 1:colcon.colcon_core.package_identification:_identify(venv/lib/python3.10/site-packages/numpy/_core/tests/__pycache__) by extension 'ros'
[0.270s] Level 1:colcon.colcon_core.package_identification:_identify(venv/lib/python3.10/site-packages/numpy/_core/tests/__pycache__) by extensions ['cmake', 'python']
[0.270s] Level 1:colcon.colcon_core.package_identification:_identify(venv/lib/python3.10/site-packages/numpy/_core/tests/__pycache__) by extension 'cmake'
[0.270s] Level 1:colcon.colcon_core.package_identification:_identify(venv/lib/python3.10/site-packages/numpy/_core/tests/__pycache__) by extension 'python'
[0.270s] Level 1:colcon.colcon_core.package_identification:_identify(venv/lib/python3.10/site-packages/numpy/_core/tests/__pycache__) by extensions ['python_setup_py']
[0.271s] Level 1:colcon.colcon_core.package_identification:_identify(venv/lib/python3.10/site-packages/numpy/_core/tests/__pycache__) by extension 'python_setup_py'
[0.271s] Level 1:colcon.colcon_core.package_identification:_identify(venv/lib/python3.10/site-packages/numpy/_core/tests/data) by extensions ['ignore', 'ignore_ament_install']
[0.271s] Level 1:colcon.colcon_core.package_identification:_identify(venv/lib/python3.10/site-packages/numpy/_core/tests/data) by extension 'ignore'
[0.271s] Level 1:colcon.colcon_core.package_identification:_identify(venv/lib/python3.10/site-packages/numpy/_core/tests/data) by extension 'ignore_ament_install'
[0.271s] Level 1:colcon.colcon_core.package_identification:_identify(venv/lib/python3.10/site-packages/numpy/_core/tests/data) by extensions ['colcon_pkg']
[0.271s] Level 1:colcon.colcon_core.package_identification:_identify(venv/lib/python3.10/site-packages/numpy/_core/tests/data) by extension 'colcon_pkg'
[0.271s] Level 1:colcon.colcon_core.package_identification:_identify(venv/lib/python3.10/site-packages/numpy/_core/tests/data) by extensions ['colcon_meta']
[0.271s] Level 1:colcon.colcon_core.package_identification:_identify(venv/lib/python3.10/site-packages/numpy/_core/tests/data) by extension 'colcon_meta'
[0.271s] Level 1:colcon.colcon_core.package_identification:_identify(venv/lib/python3.10/site-packages/numpy/_core/tests/data) by extensions ['ros']
[0.271s] Level 1:colcon.colcon_core.package_identification:_identify(venv/lib/python3.10/site-packages/numpy/_core/tests/data) by extension 'ros'
[0.271s] Level 1:colcon.colcon_core.package_identification:_identify(venv/lib/python3.10/site-packages/numpy/_core/tests/data) by extensions ['cmake', 'python']
[0.271s] Level 1:colcon.colcon_core.package_identification:_identify(venv/lib/python3.10/site-packages/numpy/_core/tests/data) by extension 'cmake'
[0.271s] Level 1:colcon.colcon_core.package_identification:_identify(venv/lib/python3.10/site-packages/numpy/_core/tests/data) by extension 'python'
[0.271s] Level 1:colcon.colcon_core.package_identification:_identify(venv/lib/python3.10/site-packages/numpy/_core/tests/data) by extensions ['python_setup_py']
[0.271s] Level 1:colcon.colcon_core.package_identification:_identify(venv/lib/python3.10/site-packages/numpy/_core/tests/data) by extension 'python_setup_py'
[0.271s] Level 1:colcon.colcon_core.package_identification:_identify(venv/lib/python3.10/site-packages/numpy/_core/tests/examples) by extensions ['ignore', 'ignore_ament_install']
[0.271s] Level 1:colcon.colcon_core.package_identification:_identify(venv/lib/python3.10/site-packages/numpy/_core/tests/examples) by extension 'ignore'
[0.271s] Level 1:colcon.colcon_core.package_identification:_identify(venv/lib/python3.10/site-packages/numpy/_core/tests/examples) by extension 'ignore_ament_install'
[0.271s] Level 1:colcon.colcon_core.package_identification:_identify(venv/lib/python3.10/site-packages/numpy/_core/tests/examples) by extensions ['colcon_pkg']
[0.271s] Level 1:colcon.colcon_core.package_identification:_identify(venv/lib/python3.10/site-packages/numpy/_core/tests/examples) by extension 'colcon_pkg'
[0.271s] Level 1:colcon.colcon_core.package_identification:_identify(venv/lib/python3.10/site-packages/numpy/_core/tests/examples) by extensions ['colcon_meta']
[0.271s] Level 1:colcon.colcon_core.package_identification:_identify(venv/lib/python3.10/site-packages/numpy/_core/tests/examples) by extension 'colcon_meta'
[0.271s] Level 1:colcon.colcon_core.package_identification:_identify(venv/lib/python3.10/site-packages/numpy/_core/tests/examples) by extensions ['ros']
[0.271s] Level 1:colcon.colcon_core.package_identification:_identify(venv/lib/python3.10/site-packages/numpy/_core/tests/examples) by extension 'ros'
[0.271s] Level 1:colcon.colcon_core.package_identification:_identify(venv/lib/python3.10/site-packages/numpy/_core/tests/examples) by extensions ['cmake', 'python']
[0.271s] Level 1:colcon.colcon_core.package_identification:_identify(venv/lib/python3.10/site-packages/numpy/_core/tests/examples) by extension 'cmake'
[0.271s] Level 1:colcon.colcon_core.package_identification:_identify(venv/lib/python3.10/site-packages/numpy/_core/tests/examples) by extension 'python'
[0.271s] Level 1:colcon.colcon_core.package_identification:_identify(venv/lib/python3.10/site-packages/numpy/_core/tests/examples) by extensions ['python_setup_py']
[0.271s] Level 1:colcon.colcon_core.package_identification:_identify(venv/lib/python3.10/site-packages/numpy/_core/tests/examples) by extension 'python_setup_py'
[0.271s] Level 1:colcon.colcon_core.package_identification:_identify(venv/lib/python3.10/site-packages/numpy/_core/tests/examples/cython) by extensions ['ignore', 'ignore_ament_install']
[0.272s] Level 1:colcon.colcon_core.package_identification:_identify(venv/lib/python3.10/site-packages/numpy/_core/tests/examples/cython) by extension 'ignore'
[0.272s] Level 1:colcon.colcon_core.package_identification:_identify(venv/lib/python3.10/site-packages/numpy/_core/tests/examples/cython) by extension 'ignore_ament_install'
[0.272s] Level 1:colcon.colcon_core.package_identification:_identify(venv/lib/python3.10/site-packages/numpy/_core/tests/examples/cython) by extensions ['colcon_pkg']
[0.272s] Level 1:colcon.colcon_core.package_identification:_identify(venv/lib/python3.10/site-packages/numpy/_core/tests/examples/cython) by extension 'colcon_pkg'
[0.272s] Level 1:colcon.colcon_core.package_identification:_identify(venv/lib/python3.10/site-packages/numpy/_core/tests/examples/cython) by extensions ['colcon_meta']
[0.272s] Level 1:colcon.colcon_core.package_identification:_identify(venv/lib/python3.10/site-packages/numpy/_core/tests/examples/cython) by extension 'colcon_meta'
[0.272s] Level 1:colcon.colcon_core.package_identification:_identify(venv/lib/python3.10/site-packages/numpy/_core/tests/examples/cython) by extensions ['ros']
[0.272s] Level 1:colcon.colcon_core.package_identification:_identify(venv/lib/python3.10/site-packages/numpy/_core/tests/examples/cython) by extension 'ros'
[0.272s] Level 1:colcon.colcon_core.package_identification:_identify(venv/lib/python3.10/site-packages/numpy/_core/tests/examples/cython) by extensions ['cmake', 'python']
[0.272s] Level 1:colcon.colcon_core.package_identification:_identify(venv/lib/python3.10/site-packages/numpy/_core/tests/examples/cython) by extension 'cmake'
[0.272s] Level 1:colcon.colcon_core.package_identification:_identify(venv/lib/python3.10/site-packages/numpy/_core/tests/examples/cython) by extension 'python'
[0.272s] Level 1:colcon.colcon_core.package_identification:_identify(venv/lib/python3.10/site-packages/numpy/_core/tests/examples/cython) by extensions ['python_setup_py']
[0.272s] Level 1:colcon.colcon_core.package_identification:_identify(venv/lib/python3.10/site-packages/numpy/_core/tests/examples/cython) by extension 'python_setup_py'
[0.501s] ERROR:colcon.colcon_core.package_identification:Exception in package identification extension 'python_setup_py' in 'venv/lib/python3.10/site-packages/numpy/_core/tests/examples/cython': Command '['/usr/bin/python3', '-c', 'import sys;from contextlib import suppress;exec("with suppress(ImportError):    from setuptools.extern.packaging.specifiers    import SpecifierSet");exec("with suppress(ImportError):    from packaging.specifiers import SpecifierSet");from distutils.core import run_setup;dist = run_setup(    \'setup.py\', script_args=(\'--dry-run\',), stop_after=\'config\');skip_keys = (\'cmdclass\', \'distclass\', \'ext_modules\', \'metadata\');data = {    key: value for key, value in dist.__dict__.items()     if (        not key.startswith(\'_\') and         not callable(value) and         key not in skip_keys and         key not in dist.display_option_names    )};data[\'metadata\'] = {    k: v for k, v in dist.metadata.__dict__.items()     if k not in (\'license_files\', \'provides_extras\')};sys.stdout.buffer.write(repr(data).encode(\'utf-8\'))']' returned non-zero exit status 1.
Traceback (most recent call last):
  File "/usr/lib/python3/dist-packages/colcon_core/package_identification/__init__.py", line 144, in _identify
    retval = extension.identify(_reused_descriptor_instance)
  File "/usr/lib/python3/dist-packages/colcon_python_setup_py/package_identification/python_setup_py.py", line 48, in identify
    config = get_setup_information(setup_py)
  File "/usr/lib/python3/dist-packages/colcon_python_setup_py/package_identification/python_setup_py.py", line 249, in get_setup_information
    _setup_information_cache[hashable_env] = _get_setup_information(
  File "/usr/lib/python3/dist-packages/colcon_python_setup_py/package_identification/python_setup_py.py", line 296, in _get_setup_information
    result = subprocess.run(
  File "/usr/lib/python3.10/subprocess.py", line 526, in run
    raise CalledProcessError(retcode, process.args,
subprocess.CalledProcessError: Command '['/usr/bin/python3', '-c', 'import sys;from contextlib import suppress;exec("with suppress(ImportError):    from setuptools.extern.packaging.specifiers    import SpecifierSet");exec("with suppress(ImportError):    from packaging.specifiers import SpecifierSet");from distutils.core import run_setup;dist = run_setup(    \'setup.py\', script_args=(\'--dry-run\',), stop_after=\'config\');skip_keys = (\'cmdclass\', \'distclass\', \'ext_modules\', \'metadata\');data = {    key: value for key, value in dist.__dict__.items()     if (        not key.startswith(\'_\') and         not callable(value) and         key not in skip_keys and         key not in dist.display_option_names    )};data[\'metadata\'] = {    k: v for k, v in dist.metadata.__dict__.items()     if k not in (\'license_files\', \'provides_extras\')};sys.stdout.buffer.write(repr(data).encode(\'utf-8\'))']' returned non-zero exit status 1.

[0.501s] Level 1:colcon.colcon_core.package_identification:_identify(venv/lib/python3.10/site-packages/numpy/_core/tests/examples/cython/__pycache__) by extensions ['ignore', 'ignore_ament_install']
[0.501s] Level 1:colcon.colcon_core.package_identification:_identify(venv/lib/python3.10/site-packages/numpy/_core/tests/examples/cython/__pycache__) by extension 'ignore'
[0.501s] Level 1:colcon.colcon_core.package_identification:_identify(venv/lib/python3.10/site-packages/numpy/_core/tests/examples/cython/__pycache__) by extension 'ignore_ament_install'
[0.501s] Level 1:colcon.colcon_core.package_identification:_identify(venv/lib/python3.10/site-packages/numpy/_core/tests/examples/cython/__pycache__) by extensions ['colcon_pkg']
[0.501s] Level 1:colcon.colcon_core.package_identification:_identify(venv/lib/python3.10/site-packages/numpy/_core/tests/examples/cython/__pycache__) by extension 'colcon_pkg'
[0.501s] Level 1:colcon.colcon_core.package_identification:_identify(venv/lib/python3.10/site-packages/numpy/_core/tests/examples/cython/__pycache__) by extensions ['colcon_meta']
[0.501s] Level 1:colcon.colcon_core.package_identification:_identify(venv/lib/python3.10/site-packages/numpy/_core/tests/examples/cython/__pycache__) by extension 'colcon_meta'
[0.501s] Level 1:colcon.colcon_core.package_identification:_identify(venv/lib/python3.10/site-packages/numpy/_core/tests/examples/cython/__pycache__) by extensions ['ros']
[0.501s] Level 1:colcon.colcon_core.package_identification:_identify(venv/lib/python3.10/site-packages/numpy/_core/tests/examples/cython/__pycache__) by extension 'ros'
[0.501s] Level 1:colcon.colcon_core.package_identification:_identify(venv/lib/python3.10/site-packages/numpy/_core/tests/examples/cython/__pycache__) by extensions ['cmake', 'python']
[0.501s] Level 1:colcon.colcon_core.package_identification:_identify(venv/lib/python3.10/site-packages/numpy/_core/tests/examples/cython/__pycache__) by extension 'cmake'
[0.501s] Level 1:colcon.colcon_core.package_identification:_identify(venv/lib/python3.10/site-packages/numpy/_core/tests/examples/cython/__pycache__) by extension 'python'
[0.501s] Level 1:colcon.colcon_core.package_identification:_identify(venv/lib/python3.10/site-packages/numpy/_core/tests/examples/cython/__pycache__) by extensions ['python_setup_py']
[0.501s] Level 1:colcon.colcon_core.package_identification:_identify(venv/lib/python3.10/site-packages/numpy/_core/tests/examples/cython/__pycache__) by extension 'python_setup_py'
[0.501s] Level 1:colcon.colcon_core.package_identification:_identify(venv/lib/python3.10/site-packages/numpy/_core/tests/examples/limited_api) by extensions ['ignore', 'ignore_ament_install']
[0.502s] Level 1:colcon.colcon_core.package_identification:_identify(venv/lib/python3.10/site-packages/numpy/_core/tests/examples/limited_api) by extension 'ignore'
[0.502s] Level 1:colcon.colcon_core.package_identification:_identify(venv/lib/python3.10/site-packages/numpy/_core/tests/examples/limited_api) by extension 'ignore_ament_install'
[0.502s] Level 1:colcon.colcon_core.package_identification:_identify(venv/lib/python3.10/site-packages/numpy/_core/tests/examples/limited_api) by extensions ['colcon_pkg']
[0.502s] Level 1:colcon.colcon_core.package_identification:_identify(venv/lib/python3.10/site-packages/numpy/_core/tests/examples/limited_api) by extension 'colcon_pkg'
[0.502s] Level 1:colcon.colcon_core.package_identification:_identify(venv/lib/python3.10/site-packages/numpy/_core/tests/examples/limited_api) by extensions ['colcon_meta']
[0.502s] Level 1:colcon.colcon_core.package_identification:_identify(venv/lib/python3.10/site-packages/numpy/_core/tests/examples/limited_api) by extension 'colcon_meta'
[0.502s] Level 1:colcon.colcon_core.package_identification:_identify(venv/lib/python3.10/site-packages/numpy/_core/tests/examples/limited_api) by extensions ['ros']
[0.502s] Level 1:colcon.colcon_core.package_identification:_identify(venv/lib/python3.10/site-packages/numpy/_core/tests/examples/limited_api) by extension 'ros'
[0.502s] Level 1:colcon.colcon_core.package_identification:_identify(venv/lib/python3.10/site-packages/numpy/_core/tests/examples/limited_api) by extensions ['cmake', 'python']
[0.502s] Level 1:colcon.colcon_core.package_identification:_identify(venv/lib/python3.10/site-packages/numpy/_core/tests/examples/limited_api) by extension 'cmake'
[0.502s] Level 1:colcon.colcon_core.package_identification:_identify(venv/lib/python3.10/site-packages/numpy/_core/tests/examples/limited_api) by extension 'python'
[0.502s] Level 1:colcon.colcon_core.package_identification:_identify(venv/lib/python3.10/site-packages/numpy/_core/tests/examples/limited_api) by extensions ['python_setup_py']
[0.502s] Level 1:colcon.colcon_core.package_identification:_identify(venv/lib/python3.10/site-packages/numpy/_core/tests/examples/limited_api) by extension 'python_setup_py'
[0.721s] ERROR:colcon.colcon_core.package_identification:Failed to determine Python package name in 'venv/lib/python3.10/site-packages/numpy/_core/tests/examples/limited_api'
[0.722s] ERROR:colcon.colcon_core.package_identification:Exception in package identification extension 'python_setup_py' in 'venv/lib/python3.10/site-packages/numpy/_core/tests/examples/limited_api': Failed to determine Python package name in 'venv/lib/python3.10/site-packages/numpy/_core/tests/examples/limited_api'
Traceback (most recent call last):
  File "/usr/lib/python3/dist-packages/colcon_core/package_identification/__init__.py", line 144, in _identify
    retval = extension.identify(_reused_descriptor_instance)
  File "/usr/lib/python3/dist-packages/colcon_python_setup_py/package_identification/python_setup_py.py", line 57, in identify
    raise RuntimeError(
RuntimeError: Failed to determine Python package name in 'venv/lib/python3.10/site-packages/numpy/_core/tests/examples/limited_api'

[0.722s] Level 1:colcon.colcon_core.package_identification:_identify(venv/lib/python3.10/site-packages/numpy/_core/tests/examples/limited_api/__pycache__) by extensions ['ignore', 'ignore_ament_install']
[0.722s] Level 1:colcon.colcon_core.package_identification:_identify(venv/lib/python3.10/site-packages/numpy/_core/tests/examples/limited_api/__pycache__) by extension 'ignore'
[0.722s] Level 1:colcon.colcon_core.package_identification:_identify(venv/lib/python3.10/site-packages/numpy/_core/tests/examples/limited_api/__pycache__) by extension 'ignore_ament_install'
[0.722s] Level 1:colcon.colcon_core.package_identification:_identify(venv/lib/python3.10/site-packages/numpy/_core/tests/examples/limited_api/__pycache__) by extensions ['colcon_pkg']
[0.722s] Level 1:colcon.colcon_core.package_identification:_identify(venv/lib/python3.10/site-packages/numpy/_core/tests/examples/limited_api/__pycache__) by extension 'colcon_pkg'
[0.722s] Level 1:colcon.colcon_core.package_identification:_identify(venv/lib/python3.10/site-packages/numpy/_core/tests/examples/limited_api/__pycache__) by extensions ['colcon_meta']
[0.722s] Level 1:colcon.colcon_core.package_identification:_identify(venv/lib/python3.10/site-packages/numpy/_core/tests/examples/limited_api/__pycache__) by extension 'colcon_meta'
[0.722s] Level 1:colcon.colcon_core.package_identification:_identify(venv/lib/python3.10/site-packages/numpy/_core/tests/examples/limited_api/__pycache__) by extensions ['ros']
[0.722s] Level 1:colcon.colcon_core.package_identification:_identify(venv/lib/python3.10/site-packages/numpy/_core/tests/examples/limited_api/__pycache__) by extension 'ros'
[0.722s] Level 1:colcon.colcon_core.package_identification:_identify(venv/lib/python3.10/site-packages/numpy/_core/tests/examples/limited_api/__pycache__) by extensions ['cmake', 'python']
[0.722s] Level 1:colcon.colcon_core.package_identification:_identify(venv/lib/python3.10/site-packages/numpy/_core/tests/examples/limited_api/__pycache__) by extension 'cmake'
[0.722s] Level 1:colcon.colcon_core.package_identification:_identify(venv/lib/python3.10/site-packages/numpy/_core/tests/examples/limited_api/__pycache__) by extension 'python'
[0.722s] Level 1:colcon.colcon_core.package_identification:_identify(venv/lib/python3.10/site-packages/numpy/_core/tests/examples/limited_api/__pycache__) by extensions ['python_setup_py']
[0.722s] Level 1:colcon.colcon_core.package_identification:_identify(venv/lib/python3.10/site-packages/numpy/_core/tests/examples/limited_api/__pycache__) by extension 'python_setup_py'
[0.722s] Level 1:colcon.colcon_core.package_identification:_identify(venv/lib/python3.10/site-packages/numpy/_pyinstaller) by extensions ['ignore', 'ignore_ament_install']
[0.722s] Level 1:colcon.colcon_core.package_identification:_identify(venv/lib/python3.10/site-packages/numpy/_pyinstaller) by extension 'ignore'
[0.722s] Level 1:colcon.colcon_core.package_identification:_identify(venv/lib/python3.10/site-packages/numpy/_pyinstaller) by extension 'ignore_ament_install'
[0.722s] Level 1:colcon.colcon_core.package_identification:_identify(venv/lib/python3.10/site-packages/numpy/_pyinstaller) by extensions ['colcon_pkg']
[0.722s] Level 1:colcon.colcon_core.package_identification:_identify(venv/lib/python3.10/site-packages/numpy/_pyinstaller) by extension 'colcon_pkg'
[0.722s] Level 1:colcon.colcon_core.package_identification:_identify(venv/lib/python3.10/site-packages/numpy/_pyinstaller) by extensions ['colcon_meta']
[0.722s] Level 1:colcon.colcon_core.package_identification:_identify(venv/lib/python3.10/site-packages/numpy/_pyinstaller) by extension 'colcon_meta'
[0.722s] Level 1:colcon.colcon_core.package_identification:_identify(venv/lib/python3.10/site-packages/numpy/_pyinstaller) by extensions ['ros']
[0.722s] Level 1:colcon.colcon_core.package_identification:_identify(venv/lib/python3.10/site-packages/numpy/_pyinstaller) by extension 'ros'
[0.723s] Level 1:colcon.colcon_core.package_identification:_identify(venv/lib/python3.10/site-packages/numpy/_pyinstaller) by extensions ['cmake', 'python']
[0.723s] Level 1:colcon.colcon_core.package_identification:_identify(venv/lib/python3.10/site-packages/numpy/_pyinstaller) by extension 'cmake'
[0.723s] Level 1:colcon.colcon_core.package_identification:_identify(venv/lib/python3.10/site-packages/numpy/_pyinstaller) by extension 'python'
[0.723s] Level 1:colcon.colcon_core.package_identification:_identify(venv/lib/python3.10/site-packages/numpy/_pyinstaller) by extensions ['python_setup_py']
[0.723s] Level 1:colcon.colcon_core.package_identification:_identify(venv/lib/python3.10/site-packages/numpy/_pyinstaller) by extension 'python_setup_py'
[0.723s] Level 1:colcon.colcon_core.package_identification:_identify(venv/lib/python3.10/site-packages/numpy/_pyinstaller/__pycache__) by extensions ['ignore', 'ignore_ament_install']
[0.723s] Level 1:colcon.colcon_core.package_identification:_identify(venv/lib/python3.10/site-packages/numpy/_pyinstaller/__pycache__) by extension 'ignore'
[0.723s] Level 1:colcon.colcon_core.package_identification:_identify(venv/lib/python3.10/site-packages/numpy/_pyinstaller/__pycache__) by extension 'ignore_ament_install'
[0.723s] Level 1:colcon.colcon_core.package_identification:_identify(venv/lib/python3.10/site-packages/numpy/_pyinstaller/__pycache__) by extensions ['colcon_pkg']
[0.723s] Level 1:colcon.colcon_core.package_identification:_identify(venv/lib/python3.10/site-packages/numpy/_pyinstaller/__pycache__) by extension 'colcon_pkg'
[0.723s] Level 1:colcon.colcon_core.package_identification:_identify(venv/lib/python3.10/site-packages/numpy/_pyinstaller/__pycache__) by extensions ['colcon_meta']
[0.723s] Level 1:colcon.colcon_core.package_identification:_identify(venv/lib/python3.10/site-packages/numpy/_pyinstaller/__pycache__) by extension 'colcon_meta'
[0.723s] Level 1:colcon.colcon_core.package_identification:_identify(venv/lib/python3.10/site-packages/numpy/_pyinstaller/__pycache__) by extensions ['ros']
[0.723s] Level 1:colcon.colcon_core.package_identification:_identify(venv/lib/python3.10/site-packages/numpy/_pyinstaller/__pycache__) by extension 'ros'
[0.723s] Level 1:colcon.colcon_core.package_identification:_identify(venv/lib/python3.10/site-packages/numpy/_pyinstaller/__pycache__) by extensions ['cmake', 'python']
[0.723s] Level 1:colcon.colcon_core.package_identification:_identify(venv/lib/python3.10/site-packages/numpy/_pyinstaller/__pycache__) by extension 'cmake'
[0.723s] Level 1:colcon.colcon_core.package_identification:_identify(venv/lib/python3.10/site-packages/numpy/_pyinstaller/__pycache__) by extension 'python'
[0.723s] Level 1:colcon.colcon_core.package_identification:_identify(venv/lib/python3.10/site-packages/numpy/_pyinstaller/__pycache__) by extensions ['python_setup_py']
[0.723s] Level 1:colcon.colcon_core.package_identification:_identify(venv/lib/python3.10/site-packages/numpy/_pyinstaller/__pycache__) by extension 'python_setup_py'
[0.723s] Level 1:colcon.colcon_core.package_identification:_identify(venv/lib/python3.10/site-packages/numpy/_pyinstaller/tests) by extensions ['ignore', 'ignore_ament_install']
[0.723s] Level 1:colcon.colcon_core.package_identification:_identify(venv/lib/python3.10/site-packages/numpy/_pyinstaller/tests) by extension 'ignore'
[0.723s] Level 1:colcon.colcon_core.package_identification:_identify(venv/lib/python3.10/site-packages/numpy/_pyinstaller/tests) by extension 'ignore_ament_install'
[0.723s] Level 1:colcon.colcon_core.package_identification:_identify(venv/lib/python3.10/site-packages/numpy/_pyinstaller/tests) by extensions ['colcon_pkg']
[0.723s] Level 1:colcon.colcon_core.package_identification:_identify(venv/lib/python3.10/site-packages/numpy/_pyinstaller/tests) by extension 'colcon_pkg'
[0.723s] Level 1:colcon.colcon_core.package_identification:_identify(venv/lib/python3.10/site-packages/numpy/_pyinstaller/tests) by extensions ['colcon_meta']
[0.723s] Level 1:colcon.colcon_core.package_identification:_identify(venv/lib/python3.10/site-packages/numpy/_pyinstaller/tests) by extension 'colcon_meta'
[0.723s] Level 1:colcon.colcon_core.package_identification:_identify(venv/lib/python3.10/site-packages/numpy/_pyinstaller/tests) by extensions ['ros']
[0.723s] Level 1:colcon.colcon_core.package_identification:_identify(venv/lib/python3.10/site-packages/numpy/_pyinstaller/tests) by extension 'ros'
[0.723s] Level 1:colcon.colcon_core.package_identification:_identify(venv/lib/python3.10/site-packages/numpy/_pyinstaller/tests) by extensions ['cmake', 'python']
[0.723s] Level 1:colcon.colcon_core.package_identification:_identify(venv/lib/python3.10/site-packages/numpy/_pyinstaller/tests) by extension 'cmake'
[0.723s] Level 1:colcon.colcon_core.package_identification:_identify(venv/lib/python3.10/site-packages/numpy/_pyinstaller/tests) by extension 'python'
[0.723s] Level 1:colcon.colcon_core.package_identification:_identify(venv/lib/python3.10/site-packages/numpy/_pyinstaller/tests) by extensions ['python_setup_py']
[0.723s] Level 1:colcon.colcon_core.package_identification:_identify(venv/lib/python3.10/site-packages/numpy/_pyinstaller/tests) by extension 'python_setup_py'
[0.724s] Level 1:colcon.colcon_core.package_identification:_identify(venv/lib/python3.10/site-packages/numpy/_pyinstaller/tests/__pycache__) by extensions ['ignore', 'ignore_ament_install']
[0.724s] Level 1:colcon.colcon_core.package_identification:_identify(venv/lib/python3.10/site-packages/numpy/_pyinstaller/tests/__pycache__) by extension 'ignore'
[0.724s] Level 1:colcon.colcon_core.package_identification:_identify(venv/lib/python3.10/site-packages/numpy/_pyinstaller/tests/__pycache__) by extension 'ignore_ament_install'
[0.724s] Level 1:colcon.colcon_core.package_identification:_identify(venv/lib/python3.10/site-packages/numpy/_pyinstaller/tests/__pycache__) by extensions ['colcon_pkg']
[0.724s] Level 1:colcon.colcon_core.package_identification:_identify(venv/lib/python3.10/site-packages/numpy/_pyinstaller/tests/__pycache__) by extension 'colcon_pkg'
[0.724s] Level 1:colcon.colcon_core.package_identification:_identify(venv/lib/python3.10/site-packages/numpy/_pyinstaller/tests/__pycache__) by extensions ['colcon_meta']
[0.724s] Level 1:colcon.colcon_core.package_identification:_identify(venv/lib/python3.10/site-packages/numpy/_pyinstaller/tests/__pycache__) by extension 'colcon_meta'
[0.724s] Level 1:colcon.colcon_core.package_identification:_identify(venv/lib/python3.10/site-packages/numpy/_pyinstaller/tests/__pycache__) by extensions ['ros']
[0.724s] Level 1:colcon.colcon_core.package_identification:_identify(venv/lib/python3.10/site-packages/numpy/_pyinstaller/tests/__pycache__) by extension 'ros'
[0.724s] Level 1:colcon.colcon_core.package_identification:_identify(venv/lib/python3.10/site-packages/numpy/_pyinstaller/tests/__pycache__) by extensions ['cmake', 'python']
[0.724s] Level 1:colcon.colcon_core.package_identification:_identify(venv/lib/python3.10/site-packages/numpy/_pyinstaller/tests/__pycache__) by extension 'cmake'
[0.724s] Level 1:colcon.colcon_core.package_identification:_identify(venv/lib/python3.10/site-packages/numpy/_pyinstaller/tests/__pycache__) by extension 'python'
[0.724s] Level 1:colcon.colcon_core.package_identification:_identify(venv/lib/python3.10/site-packages/numpy/_pyinstaller/tests/__pycache__) by extensions ['python_setup_py']
[0.724s] Level 1:colcon.colcon_core.package_identification:_identify(venv/lib/python3.10/site-packages/numpy/_pyinstaller/tests/__pycache__) by extension 'python_setup_py'
[0.724s] Level 1:colcon.colcon_core.package_identification:_identify(venv/lib/python3.10/site-packages/numpy/_typing) by extensions ['ignore', 'ignore_ament_install']
[0.724s] Level 1:colcon.colcon_core.package_identification:_identify(venv/lib/python3.10/site-packages/numpy/_typing) by extension 'ignore'
[0.724s] Level 1:colcon.colcon_core.package_identification:_identify(venv/lib/python3.10/site-packages/numpy/_typing) by extension 'ignore_ament_install'
[0.724s] Level 1:colcon.colcon_core.package_identification:_identify(venv/lib/python3.10/site-packages/numpy/_typing) by extensions ['colcon_pkg']
[0.724s] Level 1:colcon.colcon_core.package_identification:_identify(venv/lib/python3.10/site-packages/numpy/_typing) by extension 'colcon_pkg'
[0.724s] Level 1:colcon.colcon_core.package_identification:_identify(venv/lib/python3.10/site-packages/numpy/_typing) by extensions ['colcon_meta']
[0.724s] Level 1:colcon.colcon_core.package_identification:_identify(venv/lib/python3.10/site-packages/numpy/_typing) by extension 'colcon_meta'
[0.724s] Level 1:colcon.colcon_core.package_identification:_identify(venv/lib/python3.10/site-packages/numpy/_typing) by extensions ['ros']
[0.724s] Level 1:colcon.colcon_core.package_identification:_identify(venv/lib/python3.10/site-packages/numpy/_typing) by extension 'ros'
[0.724s] Level 1:colcon.colcon_core.package_identification:_identify(venv/lib/python3.10/site-packages/numpy/_typing) by extensions ['cmake', 'python']
[0.724s] Level 1:colcon.colcon_core.package_identification:_identify(venv/lib/python3.10/site-packages/numpy/_typing) by extension 'cmake'
[0.724s] Level 1:colcon.colcon_core.package_identification:_identify(venv/lib/python3.10/site-packages/numpy/_typing) by extension 'python'
[0.724s] Level 1:colcon.colcon_core.package_identification:_identify(venv/lib/python3.10/site-packages/numpy/_typing) by extensions ['python_setup_py']
[0.724s] Level 1:colcon.colcon_core.package_identification:_identify(venv/lib/python3.10/site-packages/numpy/_typing) by extension 'python_setup_py'
[0.724s] Level 1:colcon.colcon_core.package_identification:_identify(venv/lib/python3.10/site-packages/numpy/_typing/__pycache__) by extensions ['ignore', 'ignore_ament_install']
[0.725s] Level 1:colcon.colcon_core.package_identification:_identify(venv/lib/python3.10/site-packages/numpy/_typing/__pycache__) by extension 'ignore'
[0.725s] Level 1:colcon.colcon_core.package_identification:_identify(venv/lib/python3.10/site-packages/numpy/_typing/__pycache__) by extension 'ignore_ament_install'
[0.725s] Level 1:colcon.colcon_core.package_identification:_identify(venv/lib/python3.10/site-packages/numpy/_typing/__pycache__) by extensions ['colcon_pkg']
[0.725s] Level 1:colcon.colcon_core.package_identification:_identify(venv/lib/python3.10/site-packages/numpy/_typing/__pycache__) by extension 'colcon_pkg'
[0.725s] Level 1:colcon.colcon_core.package_identification:_identify(venv/lib/python3.10/site-packages/numpy/_typing/__pycache__) by extensions ['colcon_meta']
[0.725s] Level 1:colcon.colcon_core.package_identification:_identify(venv/lib/python3.10/site-packages/numpy/_typing/__pycache__) by extension 'colcon_meta'
[0.725s] Level 1:colcon.colcon_core.package_identification:_identify(venv/lib/python3.10/site-packages/numpy/_typing/__pycache__) by extensions ['ros']
[0.725s] Level 1:colcon.colcon_core.package_identification:_identify(venv/lib/python3.10/site-packages/numpy/_typing/__pycache__) by extension 'ros'
[0.725s] Level 1:colcon.colcon_core.package_identification:_identify(venv/lib/python3.10/site-packages/numpy/_typing/__pycache__) by extensions ['cmake', 'python']
[0.725s] Level 1:colcon.colcon_core.package_identification:_identify(venv/lib/python3.10/site-packages/numpy/_typing/__pycache__) by extension 'cmake'
[0.725s] Level 1:colcon.colcon_core.package_identification:_identify(venv/lib/python3.10/site-packages/numpy/_typing/__pycache__) by extension 'python'
[0.725s] Level 1:colcon.colcon_core.package_identification:_identify(venv/lib/python3.10/site-packages/numpy/_typing/__pycache__) by extensions ['python_setup_py']
[0.725s] Level 1:colcon.colcon_core.package_identification:_identify(venv/lib/python3.10/site-packages/numpy/_typing/__pycache__) by extension 'python_setup_py'
[0.725s] Level 1:colcon.colcon_core.package_identification:_identify(venv/lib/python3.10/site-packages/numpy/_utils) by extensions ['ignore', 'ignore_ament_install']
[0.725s] Level 1:colcon.colcon_core.package_identification:_identify(venv/lib/python3.10/site-packages/numpy/_utils) by extension 'ignore'
[0.725s] Level 1:colcon.colcon_core.package_identification:_identify(venv/lib/python3.10/site-packages/numpy/_utils) by extension 'ignore_ament_install'
[0.725s] Level 1:colcon.colcon_core.package_identification:_identify(venv/lib/python3.10/site-packages/numpy/_utils) by extensions ['colcon_pkg']
[0.725s] Level 1:colcon.colcon_core.package_identification:_identify(venv/lib/python3.10/site-packages/numpy/_utils) by extension 'colcon_pkg'
[0.725s] Level 1:colcon.colcon_core.package_identification:_identify(venv/lib/python3.10/site-packages/numpy/_utils) by extensions ['colcon_meta']
[0.725s] Level 1:colcon.colcon_core.package_identification:_identify(venv/lib/python3.10/site-packages/numpy/_utils) by extension 'colcon_meta'
[0.725s] Level 1:colcon.colcon_core.package_identification:_identify(venv/lib/python3.10/site-packages/numpy/_utils) by extensions ['ros']
[0.725s] Level 1:colcon.colcon_core.package_identification:_identify(venv/lib/python3.10/site-packages/numpy/_utils) by extension 'ros'
[0.725s] Level 1:colcon.colcon_core.package_identification:_identify(venv/lib/python3.10/site-packages/numpy/_utils) by extensions ['cmake', 'python']
[0.725s] Level 1:colcon.colcon_core.package_identification:_identify(venv/lib/python3.10/site-packages/numpy/_utils) by extension 'cmake'
[0.725s] Level 1:colcon.colcon_core.package_identification:_identify(venv/lib/python3.10/site-packages/numpy/_utils) by extension 'python'
[0.725s] Level 1:colcon.colcon_core.package_identification:_identify(venv/lib/python3.10/site-packages/numpy/_utils) by extensions ['python_setup_py']
[0.725s] Level 1:colcon.colcon_core.package_identification:_identify(venv/lib/python3.10/site-packages/numpy/_utils) by extension 'python_setup_py'
[0.725s] Level 1:colcon.colcon_core.package_identification:_identify(venv/lib/python3.10/site-packages/numpy/_utils/__pycache__) by extensions ['ignore', 'ignore_ament_install']
[0.725s] Level 1:colcon.colcon_core.package_identification:_identify(venv/lib/python3.10/site-packages/numpy/_utils/__pycache__) by extension 'ignore'
[0.725s] Level 1:colcon.colcon_core.package_identification:_identify(venv/lib/python3.10/site-packages/numpy/_utils/__pycache__) by extension 'ignore_ament_install'
[0.725s] Level 1:colcon.colcon_core.package_identification:_identify(venv/lib/python3.10/site-packages/numpy/_utils/__pycache__) by extensions ['colcon_pkg']
[0.725s] Level 1:colcon.colcon_core.package_identification:_identify(venv/lib/python3.10/site-packages/numpy/_utils/__pycache__) by extension 'colcon_pkg'
[0.726s] Level 1:colcon.colcon_core.package_identification:_identify(venv/lib/python3.10/site-packages/numpy/_utils/__pycache__) by extensions ['colcon_meta']
[0.726s] Level 1:colcon.colcon_core.package_identification:_identify(venv/lib/python3.10/site-packages/numpy/_utils/__pycache__) by extension 'colcon_meta'
[0.726s] Level 1:colcon.colcon_core.package_identification:_identify(venv/lib/python3.10/site-packages/numpy/_utils/__pycache__) by extensions ['ros']
[0.726s] Level 1:colcon.colcon_core.package_identification:_identify(venv/lib/python3.10/site-packages/numpy/_utils/__pycache__) by extension 'ros'
[0.726s] Level 1:colcon.colcon_core.package_identification:_identify(venv/lib/python3.10/site-packages/numpy/_utils/__pycache__) by extensions ['cmake', 'python']
[0.726s] Level 1:colcon.colcon_core.package_identification:_identify(venv/lib/python3.10/site-packages/numpy/_utils/__pycache__) by extension 'cmake'
[0.726s] Level 1:colcon.colcon_core.package_identification:_identify(venv/lib/python3.10/site-packages/numpy/_utils/__pycache__) by extension 'python'
[0.726s] Level 1:colcon.colcon_core.package_identification:_identify(venv/lib/python3.10/site-packages/numpy/_utils/__pycache__) by extensions ['python_setup_py']
[0.726s] Level 1:colcon.colcon_core.package_identification:_identify(venv/lib/python3.10/site-packages/numpy/_utils/__pycache__) by extension 'python_setup_py'
[0.726s] Level 1:colcon.colcon_core.package_identification:_identify(venv/lib/python3.10/site-packages/numpy/char) by extensions ['ignore', 'ignore_ament_install']
[0.726s] Level 1:colcon.colcon_core.package_identification:_identify(venv/lib/python3.10/site-packages/numpy/char) by extension 'ignore'
[0.726s] Level 1:colcon.colcon_core.package_identification:_identify(venv/lib/python3.10/site-packages/numpy/char) by extension 'ignore_ament_install'
[0.726s] Level 1:colcon.colcon_core.package_identification:_identify(venv/lib/python3.10/site-packages/numpy/char) by extensions ['colcon_pkg']
[0.726s] Level 1:colcon.colcon_core.package_identification:_identify(venv/lib/python3.10/site-packages/numpy/char) by extension 'colcon_pkg'
[0.726s] Level 1:colcon.colcon_core.package_identification:_identify(venv/lib/python3.10/site-packages/numpy/char) by extensions ['colcon_meta']
[0.726s] Level 1:colcon.colcon_core.package_identification:_identify(venv/lib/python3.10/site-packages/numpy/char) by extension 'colcon_meta'
[0.726s] Level 1:colcon.colcon_core.package_identification:_identify(venv/lib/python3.10/site-packages/numpy/char) by extensions ['ros']
[0.726s] Level 1:colcon.colcon_core.package_identification:_identify(venv/lib/python3.10/site-packages/numpy/char) by extension 'ros'
[0.726s] Level 1:colcon.colcon_core.package_identification:_identify(venv/lib/python3.10/site-packages/numpy/char) by extensions ['cmake', 'python']
[0.726s] Level 1:colcon.colcon_core.package_identification:_identify(venv/lib/python3.10/site-packages/numpy/char) by extension 'cmake'
[0.726s] Level 1:colcon.colcon_core.package_identification:_identify(venv/lib/python3.10/site-packages/numpy/char) by extension 'python'
[0.726s] Level 1:colcon.colcon_core.package_identification:_identify(venv/lib/python3.10/site-packages/numpy/char) by extensions ['python_setup_py']
[0.726s] Level 1:colcon.colcon_core.package_identification:_identify(venv/lib/python3.10/site-packages/numpy/char) by extension 'python_setup_py'
[0.726s] Level 1:colcon.colcon_core.package_identification:_identify(venv/lib/python3.10/site-packages/numpy/char/__pycache__) by extensions ['ignore', 'ignore_ament_install']
[0.726s] Level 1:colcon.colcon_core.package_identification:_identify(venv/lib/python3.10/site-packages/numpy/char/__pycache__) by extension 'ignore'
[0.726s] Level 1:colcon.colcon_core.package_identification:_identify(venv/lib/python3.10/site-packages/numpy/char/__pycache__) by extension 'ignore_ament_install'
[0.726s] Level 1:colcon.colcon_core.package_identification:_identify(venv/lib/python3.10/site-packages/numpy/char/__pycache__) by extensions ['colcon_pkg']
[0.726s] Level 1:colcon.colcon_core.package_identification:_identify(venv/lib/python3.10/site-packages/numpy/char/__pycache__) by extension 'colcon_pkg'
[0.726s] Level 1:colcon.colcon_core.package_identification:_identify(venv/lib/python3.10/site-packages/numpy/char/__pycache__) by extensions ['colcon_meta']
[0.726s] Level 1:colcon.colcon_core.package_identification:_identify(venv/lib/python3.10/site-packages/numpy/char/__pycache__) by extension 'colcon_meta'
[0.726s] Level 1:colcon.colcon_core.package_identification:_identify(venv/lib/python3.10/site-packages/numpy/char/__pycache__) by extensions ['ros']
[0.726s] Level 1:colcon.colcon_core.package_identification:_identify(venv/lib/python3.10/site-packages/numpy/char/__pycache__) by extension 'ros'
[0.726s] Level 1:colcon.colcon_core.package_identification:_identify(venv/lib/python3.10/site-packages/numpy/char/__pycache__) by extensions ['cmake', 'python']
[0.727s] Level 1:colcon.colcon_core.package_identification:_identify(venv/lib/python3.10/site-packages/numpy/char/__pycache__) by extension 'cmake'
[0.727s] Level 1:colcon.colcon_core.package_identification:_identify(venv/lib/python3.10/site-packages/numpy/char/__pycache__) by extension 'python'
[0.727s] Level 1:colcon.colcon_core.package_identification:_identify(venv/lib/python3.10/site-packages/numpy/char/__pycache__) by extensions ['python_setup_py']
[0.727s] Level 1:colcon.colcon_core.package_identification:_identify(venv/lib/python3.10/site-packages/numpy/char/__pycache__) by extension 'python_setup_py'
[0.727s] Level 1:colcon.colcon_core.package_identification:_identify(venv/lib/python3.10/site-packages/numpy/compat) by extensions ['ignore', 'ignore_ament_install']
[0.727s] Level 1:colcon.colcon_core.package_identification:_identify(venv/lib/python3.10/site-packages/numpy/compat) by extension 'ignore'
[0.727s] Level 1:colcon.colcon_core.package_identification:_identify(venv/lib/python3.10/site-packages/numpy/compat) by extension 'ignore_ament_install'
[0.727s] Level 1:colcon.colcon_core.package_identification:_identify(venv/lib/python3.10/site-packages/numpy/compat) by extensions ['colcon_pkg']
[0.727s] Level 1:colcon.colcon_core.package_identification:_identify(venv/lib/python3.10/site-packages/numpy/compat) by extension 'colcon_pkg'
[0.727s] Level 1:colcon.colcon_core.package_identification:_identify(venv/lib/python3.10/site-packages/numpy/compat) by extensions ['colcon_meta']
[0.727s] Level 1:colcon.colcon_core.package_identification:_identify(venv/lib/python3.10/site-packages/numpy/compat) by extension 'colcon_meta'
[0.727s] Level 1:colcon.colcon_core.package_identification:_identify(venv/lib/python3.10/site-packages/numpy/compat) by extensions ['ros']
[0.727s] Level 1:colcon.colcon_core.package_identification:_identify(venv/lib/python3.10/site-packages/numpy/compat) by extension 'ros'
[0.727s] Level 1:colcon.colcon_core.package_identification:_identify(venv/lib/python3.10/site-packages/numpy/compat) by extensions ['cmake', 'python']
[0.727s] Level 1:colcon.colcon_core.package_identification:_identify(venv/lib/python3.10/site-packages/numpy/compat) by extension 'cmake'
[0.727s] Level 1:colcon.colcon_core.package_identification:_identify(venv/lib/python3.10/site-packages/numpy/compat) by extension 'python'
[0.727s] Level 1:colcon.colcon_core.package_identification:_identify(venv/lib/python3.10/site-packages/numpy/compat) by extensions ['python_setup_py']
[0.727s] Level 1:colcon.colcon_core.package_identification:_identify(venv/lib/python3.10/site-packages/numpy/compat) by extension 'python_setup_py'
[0.727s] Level 1:colcon.colcon_core.package_identification:_identify(venv/lib/python3.10/site-packages/numpy/compat/__pycache__) by extensions ['ignore', 'ignore_ament_install']
[0.727s] Level 1:colcon.colcon_core.package_identification:_identify(venv/lib/python3.10/site-packages/numpy/compat/__pycache__) by extension 'ignore'
[0.727s] Level 1:colcon.colcon_core.package_identification:_identify(venv/lib/python3.10/site-packages/numpy/compat/__pycache__) by extension 'ignore_ament_install'
[0.727s] Level 1:colcon.colcon_core.package_identification:_identify(venv/lib/python3.10/site-packages/numpy/compat/__pycache__) by extensions ['colcon_pkg']
[0.727s] Level 1:colcon.colcon_core.package_identification:_identify(venv/lib/python3.10/site-packages/numpy/compat/__pycache__) by extension 'colcon_pkg'
[0.727s] Level 1:colcon.colcon_core.package_identification:_identify(venv/lib/python3.10/site-packages/numpy/compat/__pycache__) by extensions ['colcon_meta']
[0.727s] Level 1:colcon.colcon_core.package_identification:_identify(venv/lib/python3.10/site-packages/numpy/compat/__pycache__) by extension 'colcon_meta'
[0.727s] Level 1:colcon.colcon_core.package_identification:_identify(venv/lib/python3.10/site-packages/numpy/compat/__pycache__) by extensions ['ros']
[0.727s] Level 1:colcon.colcon_core.package_identification:_identify(venv/lib/python3.10/site-packages/numpy/compat/__pycache__) by extension 'ros'
[0.727s] Level 1:colcon.colcon_core.package_identification:_identify(venv/lib/python3.10/site-packages/numpy/compat/__pycache__) by extensions ['cmake', 'python']
[0.727s] Level 1:colcon.colcon_core.package_identification:_identify(venv/lib/python3.10/site-packages/numpy/compat/__pycache__) by extension 'cmake'
[0.727s] Level 1:colcon.colcon_core.package_identification:_identify(venv/lib/python3.10/site-packages/numpy/compat/__pycache__) by extension 'python'
[0.727s] Level 1:colcon.colcon_core.package_identification:_identify(venv/lib/python3.10/site-packages/numpy/compat/__pycache__) by extensions ['python_setup_py']
[0.727s] Level 1:colcon.colcon_core.package_identification:_identify(venv/lib/python3.10/site-packages/numpy/compat/__pycache__) by extension 'python_setup_py'
[0.728s] Level 1:colcon.colcon_core.package_identification:_identify(venv/lib/python3.10/site-packages/numpy/compat/tests) by extensions ['ignore', 'ignore_ament_install']
[0.728s] Level 1:colcon.colcon_core.package_identification:_identify(venv/lib/python3.10/site-packages/numpy/compat/tests) by extension 'ignore'
[0.728s] Level 1:colcon.colcon_core.package_identification:_identify(venv/lib/python3.10/site-packages/numpy/compat/tests) by extension 'ignore_ament_install'
[0.728s] Level 1:colcon.colcon_core.package_identification:_identify(venv/lib/python3.10/site-packages/numpy/compat/tests) by extensions ['colcon_pkg']
[0.728s] Level 1:colcon.colcon_core.package_identification:_identify(venv/lib/python3.10/site-packages/numpy/compat/tests) by extension 'colcon_pkg'
[0.728s] Level 1:colcon.colcon_core.package_identification:_identify(venv/lib/python3.10/site-packages/numpy/compat/tests) by extensions ['colcon_meta']
[0.728s] Level 1:colcon.colcon_core.package_identification:_identify(venv/lib/python3.10/site-packages/numpy/compat/tests) by extension 'colcon_meta'
[0.728s] Level 1:colcon.colcon_core.package_identification:_identify(venv/lib/python3.10/site-packages/numpy/compat/tests) by extensions ['ros']
[0.728s] Level 1:colcon.colcon_core.package_identification:_identify(venv/lib/python3.10/site-packages/numpy/compat/tests) by extension 'ros'
[0.728s] Level 1:colcon.colcon_core.package_identification:_identify(venv/lib/python3.10/site-packages/numpy/compat/tests) by extensions ['cmake', 'python']
[0.728s] Level 1:colcon.colcon_core.package_identification:_identify(venv/lib/python3.10/site-packages/numpy/compat/tests) by extension 'cmake'
[0.728s] Level 1:colcon.colcon_core.package_identification:_identify(venv/lib/python3.10/site-packages/numpy/compat/tests) by extension 'python'
[0.728s] Level 1:colcon.colcon_core.package_identification:_identify(venv/lib/python3.10/site-packages/numpy/compat/tests) by extensions ['python_setup_py']
[0.728s] Level 1:colcon.colcon_core.package_identification:_identify(venv/lib/python3.10/site-packages/numpy/compat/tests) by extension 'python_setup_py'
[0.728s] Level 1:colcon.colcon_core.package_identification:_identify(venv/lib/python3.10/site-packages/numpy/compat/tests/__pycache__) by extensions ['ignore', 'ignore_ament_install']
[0.728s] Level 1:colcon.colcon_core.package_identification:_identify(venv/lib/python3.10/site-packages/numpy/compat/tests/__pycache__) by extension 'ignore'
[0.728s] Level 1:colcon.colcon_core.package_identification:_identify(venv/lib/python3.10/site-packages/numpy/compat/tests/__pycache__) by extension 'ignore_ament_install'
[0.728s] Level 1:colcon.colcon_core.package_identification:_identify(venv/lib/python3.10/site-packages/numpy/compat/tests/__pycache__) by extensions ['colcon_pkg']
[0.728s] Level 1:colcon.colcon_core.package_identification:_identify(venv/lib/python3.10/site-packages/numpy/compat/tests/__pycache__) by extension 'colcon_pkg'
[0.728s] Level 1:colcon.colcon_core.package_identification:_identify(venv/lib/python3.10/site-packages/numpy/compat/tests/__pycache__) by extensions ['colcon_meta']
[0.728s] Level 1:colcon.colcon_core.package_identification:_identify(venv/lib/python3.10/site-packages/numpy/compat/tests/__pycache__) by extension 'colcon_meta'
[0.728s] Level 1:colcon.colcon_core.package_identification:_identify(venv/lib/python3.10/site-packages/numpy/compat/tests/__pycache__) by extensions ['ros']
[0.728s] Level 1:colcon.colcon_core.package_identification:_identify(venv/lib/python3.10/site-packages/numpy/compat/tests/__pycache__) by extension 'ros'
[0.728s] Level 1:colcon.colcon_core.package_identification:_identify(venv/lib/python3.10/site-packages/numpy/compat/tests/__pycache__) by extensions ['cmake', 'python']
[0.728s] Level 1:colcon.colcon_core.package_identification:_identify(venv/lib/python3.10/site-packages/numpy/compat/tests/__pycache__) by extension 'cmake'
[0.728s] Level 1:colcon.colcon_core.package_identification:_identify(venv/lib/python3.10/site-packages/numpy/compat/tests/__pycache__) by extension 'python'
[0.728s] Level 1:colcon.colcon_core.package_identification:_identify(venv/lib/python3.10/site-packages/numpy/compat/tests/__pycache__) by extensions ['python_setup_py']
[0.728s] Level 1:colcon.colcon_core.package_identification:_identify(venv/lib/python3.10/site-packages/numpy/compat/tests/__pycache__) by extension 'python_setup_py'
[0.728s] Level 1:colcon.colcon_core.package_identification:_identify(venv/lib/python3.10/site-packages/numpy/core) by extensions ['ignore', 'ignore_ament_install']
[0.728s] Level 1:colcon.colcon_core.package_identification:_identify(venv/lib/python3.10/site-packages/numpy/core) by extension 'ignore'
[0.728s] Level 1:colcon.colcon_core.package_identification:_identify(venv/lib/python3.10/site-packages/numpy/core) by extension 'ignore_ament_install'
[0.729s] Level 1:colcon.colcon_core.package_identification:_identify(venv/lib/python3.10/site-packages/numpy/core) by extensions ['colcon_pkg']
[0.729s] Level 1:colcon.colcon_core.package_identification:_identify(venv/lib/python3.10/site-packages/numpy/core) by extension 'colcon_pkg'
[0.729s] Level 1:colcon.colcon_core.package_identification:_identify(venv/lib/python3.10/site-packages/numpy/core) by extensions ['colcon_meta']
[0.729s] Level 1:colcon.colcon_core.package_identification:_identify(venv/lib/python3.10/site-packages/numpy/core) by extension 'colcon_meta'
[0.729s] Level 1:colcon.colcon_core.package_identification:_identify(venv/lib/python3.10/site-packages/numpy/core) by extensions ['ros']
[0.729s] Level 1:colcon.colcon_core.package_identification:_identify(venv/lib/python3.10/site-packages/numpy/core) by extension 'ros'
[0.729s] Level 1:colcon.colcon_core.package_identification:_identify(venv/lib/python3.10/site-packages/numpy/core) by extensions ['cmake', 'python']
[0.729s] Level 1:colcon.colcon_core.package_identification:_identify(venv/lib/python3.10/site-packages/numpy/core) by extension 'cmake'
[0.729s] Level 1:colcon.colcon_core.package_identification:_identify(venv/lib/python3.10/site-packages/numpy/core) by extension 'python'
[0.729s] Level 1:colcon.colcon_core.package_identification:_identify(venv/lib/python3.10/site-packages/numpy/core) by extensions ['python_setup_py']
[0.729s] Level 1:colcon.colcon_core.package_identification:_identify(venv/lib/python3.10/site-packages/numpy/core) by extension 'python_setup_py'
[0.729s] Level 1:colcon.colcon_core.package_identification:_identify(venv/lib/python3.10/site-packages/numpy/core/__pycache__) by extensions ['ignore', 'ignore_ament_install']
[0.729s] Level 1:colcon.colcon_core.package_identification:_identify(venv/lib/python3.10/site-packages/numpy/core/__pycache__) by extension 'ignore'
[0.729s] Level 1:colcon.colcon_core.package_identification:_identify(venv/lib/python3.10/site-packages/numpy/core/__pycache__) by extension 'ignore_ament_install'
[0.729s] Level 1:colcon.colcon_core.package_identification:_identify(venv/lib/python3.10/site-packages/numpy/core/__pycache__) by extensions ['colcon_pkg']
[0.729s] Level 1:colcon.colcon_core.package_identification:_identify(venv/lib/python3.10/site-packages/numpy/core/__pycache__) by extension 'colcon_pkg'
[0.729s] Level 1:colcon.colcon_core.package_identification:_identify(venv/lib/python3.10/site-packages/numpy/core/__pycache__) by extensions ['colcon_meta']
[0.729s] Level 1:colcon.colcon_core.package_identification:_identify(venv/lib/python3.10/site-packages/numpy/core/__pycache__) by extension 'colcon_meta'
[0.729s] Level 1:colcon.colcon_core.package_identification:_identify(venv/lib/python3.10/site-packages/numpy/core/__pycache__) by extensions ['ros']
[0.729s] Level 1:colcon.colcon_core.package_identification:_identify(venv/lib/python3.10/site-packages/numpy/core/__pycache__) by extension 'ros'
[0.729s] Level 1:colcon.colcon_core.package_identification:_identify(venv/lib/python3.10/site-packages/numpy/core/__pycache__) by extensions ['cmake', 'python']
[0.729s] Level 1:colcon.colcon_core.package_identification:_identify(venv/lib/python3.10/site-packages/numpy/core/__pycache__) by extension 'cmake'
[0.729s] Level 1:colcon.colcon_core.package_identification:_identify(venv/lib/python3.10/site-packages/numpy/core/__pycache__) by extension 'python'
[0.729s] Level 1:colcon.colcon_core.package_identification:_identify(venv/lib/python3.10/site-packages/numpy/core/__pycache__) by extensions ['python_setup_py']
[0.729s] Level 1:colcon.colcon_core.package_identification:_identify(venv/lib/python3.10/site-packages/numpy/core/__pycache__) by extension 'python_setup_py'
[0.729s] Level 1:colcon.colcon_core.package_identification:_identify(venv/lib/python3.10/site-packages/numpy/distutils) by extensions ['ignore', 'ignore_ament_install']
[0.729s] Level 1:colcon.colcon_core.package_identification:_identify(venv/lib/python3.10/site-packages/numpy/distutils) by extension 'ignore'
[0.729s] Level 1:colcon.colcon_core.package_identification:_identify(venv/lib/python3.10/site-packages/numpy/distutils) by extension 'ignore_ament_install'
[0.729s] Level 1:colcon.colcon_core.package_identification:_identify(venv/lib/python3.10/site-packages/numpy/distutils) by extensions ['colcon_pkg']
[0.729s] Level 1:colcon.colcon_core.package_identification:_identify(venv/lib/python3.10/site-packages/numpy/distutils) by extension 'colcon_pkg'
[0.729s] Level 1:colcon.colcon_core.package_identification:_identify(venv/lib/python3.10/site-packages/numpy/distutils) by extensions ['colcon_meta']
[0.729s] Level 1:colcon.colcon_core.package_identification:_identify(venv/lib/python3.10/site-packages/numpy/distutils) by extension 'colcon_meta'
[0.730s] Level 1:colcon.colcon_core.package_identification:_identify(venv/lib/python3.10/site-packages/numpy/distutils) by extensions ['ros']
[0.730s] Level 1:colcon.colcon_core.package_identification:_identify(venv/lib/python3.10/site-packages/numpy/distutils) by extension 'ros'
[0.730s] Level 1:colcon.colcon_core.package_identification:_identify(venv/lib/python3.10/site-packages/numpy/distutils) by extensions ['cmake', 'python']
[0.730s] Level 1:colcon.colcon_core.package_identification:_identify(venv/lib/python3.10/site-packages/numpy/distutils) by extension 'cmake'
[0.730s] Level 1:colcon.colcon_core.package_identification:_identify(venv/lib/python3.10/site-packages/numpy/distutils) by extension 'python'
[0.730s] Level 1:colcon.colcon_core.package_identification:_identify(venv/lib/python3.10/site-packages/numpy/distutils) by extensions ['python_setup_py']
[0.730s] Level 1:colcon.colcon_core.package_identification:_identify(venv/lib/python3.10/site-packages/numpy/distutils) by extension 'python_setup_py'
[0.730s] Level 1:colcon.colcon_core.package_identification:_identify(venv/lib/python3.10/site-packages/numpy/distutils/__pycache__) by extensions ['ignore', 'ignore_ament_install']
[0.730s] Level 1:colcon.colcon_core.package_identification:_identify(venv/lib/python3.10/site-packages/numpy/distutils/__pycache__) by extension 'ignore'
[0.730s] Level 1:colcon.colcon_core.package_identification:_identify(venv/lib/python3.10/site-packages/numpy/distutils/__pycache__) by extension 'ignore_ament_install'
[0.730s] Level 1:colcon.colcon_core.package_identification:_identify(venv/lib/python3.10/site-packages/numpy/distutils/__pycache__) by extensions ['colcon_pkg']
[0.730s] Level 1:colcon.colcon_core.package_identification:_identify(venv/lib/python3.10/site-packages/numpy/distutils/__pycache__) by extension 'colcon_pkg'
[0.730s] Level 1:colcon.colcon_core.package_identification:_identify(venv/lib/python3.10/site-packages/numpy/distutils/__pycache__) by extensions ['colcon_meta']
[0.730s] Level 1:colcon.colcon_core.package_identification:_identify(venv/lib/python3.10/site-packages/numpy/distutils/__pycache__) by extension 'colcon_meta'
[0.730s] Level 1:colcon.colcon_core.package_identification:_identify(venv/lib/python3.10/site-packages/numpy/distutils/__pycache__) by extensions ['ros']
[0.730s] Level 1:colcon.colcon_core.package_identification:_identify(venv/lib/python3.10/site-packages/numpy/distutils/__pycache__) by extension 'ros'
[0.730s] Level 1:colcon.colcon_core.package_identification:_identify(venv/lib/python3.10/site-packages/numpy/distutils/__pycache__) by extensions ['cmake', 'python']
[0.730s] Level 1:colcon.colcon_core.package_identification:_identify(venv/lib/python3.10/site-packages/numpy/distutils/__pycache__) by extension 'cmake'
[0.730s] Level 1:colcon.colcon_core.package_identification:_identify(venv/lib/python3.10/site-packages/numpy/distutils/__pycache__) by extension 'python'
[0.730s] Level 1:colcon.colcon_core.package_identification:_identify(venv/lib/python3.10/site-packages/numpy/distutils/__pycache__) by extensions ['python_setup_py']
[0.730s] Level 1:colcon.colcon_core.package_identification:_identify(venv/lib/python3.10/site-packages/numpy/distutils/__pycache__) by extension 'python_setup_py'
[0.730s] Level 1:colcon.colcon_core.package_identification:_identify(venv/lib/python3.10/site-packages/numpy/distutils/checks) by extensions ['ignore', 'ignore_ament_install']
[0.730s] Level 1:colcon.colcon_core.package_identification:_identify(venv/lib/python3.10/site-packages/numpy/distutils/checks) by extension 'ignore'
[0.730s] Level 1:colcon.colcon_core.package_identification:_identify(venv/lib/python3.10/site-packages/numpy/distutils/checks) by extension 'ignore_ament_install'
[0.730s] Level 1:colcon.colcon_core.package_identification:_identify(venv/lib/python3.10/site-packages/numpy/distutils/checks) by extensions ['colcon_pkg']
[0.730s] Level 1:colcon.colcon_core.package_identification:_identify(venv/lib/python3.10/site-packages/numpy/distutils/checks) by extension 'colcon_pkg'
[0.730s] Level 1:colcon.colcon_core.package_identification:_identify(venv/lib/python3.10/site-packages/numpy/distutils/checks) by extensions ['colcon_meta']
[0.730s] Level 1:colcon.colcon_core.package_identification:_identify(venv/lib/python3.10/site-packages/numpy/distutils/checks) by extension 'colcon_meta'
[0.730s] Level 1:colcon.colcon_core.package_identification:_identify(venv/lib/python3.10/site-packages/numpy/distutils/checks) by extensions ['ros']
[0.730s] Level 1:colcon.colcon_core.package_identification:_identify(venv/lib/python3.10/site-packages/numpy/distutils/checks) by extension 'ros'
[0.730s] Level 1:colcon.colcon_core.package_identification:_identify(venv/lib/python3.10/site-packages/numpy/distutils/checks) by extensions ['cmake', 'python']
[0.731s] Level 1:colcon.colcon_core.package_identification:_identify(venv/lib/python3.10/site-packages/numpy/distutils/checks) by extension 'cmake'
[0.731s] Level 1:colcon.colcon_core.package_identification:_identify(venv/lib/python3.10/site-packages/numpy/distutils/checks) by extension 'python'
[0.731s] Level 1:colcon.colcon_core.package_identification:_identify(venv/lib/python3.10/site-packages/numpy/distutils/checks) by extensions ['python_setup_py']
[0.731s] Level 1:colcon.colcon_core.package_identification:_identify(venv/lib/python3.10/site-packages/numpy/distutils/checks) by extension 'python_setup_py'
[0.731s] Level 1:colcon.colcon_core.package_identification:_identify(venv/lib/python3.10/site-packages/numpy/distutils/command) by extensions ['ignore', 'ignore_ament_install']
[0.731s] Level 1:colcon.colcon_core.package_identification:_identify(venv/lib/python3.10/site-packages/numpy/distutils/command) by extension 'ignore'
[0.731s] Level 1:colcon.colcon_core.package_identification:_identify(venv/lib/python3.10/site-packages/numpy/distutils/command) by extension 'ignore_ament_install'
[0.731s] Level 1:colcon.colcon_core.package_identification:_identify(venv/lib/python3.10/site-packages/numpy/distutils/command) by extensions ['colcon_pkg']
[0.731s] Level 1:colcon.colcon_core.package_identification:_identify(venv/lib/python3.10/site-packages/numpy/distutils/command) by extension 'colcon_pkg'
[0.731s] Level 1:colcon.colcon_core.package_identification:_identify(venv/lib/python3.10/site-packages/numpy/distutils/command) by extensions ['colcon_meta']
[0.731s] Level 1:colcon.colcon_core.package_identification:_identify(venv/lib/python3.10/site-packages/numpy/distutils/command) by extension 'colcon_meta'
[0.731s] Level 1:colcon.colcon_core.package_identification:_identify(venv/lib/python3.10/site-packages/numpy/distutils/command) by extensions ['ros']
[0.731s] Level 1:colcon.colcon_core.package_identification:_identify(venv/lib/python3.10/site-packages/numpy/distutils/command) by extension 'ros'
[0.731s] Level 1:colcon.colcon_core.package_identification:_identify(venv/lib/python3.10/site-packages/numpy/distutils/command) by extensions ['cmake', 'python']
[0.731s] Level 1:colcon.colcon_core.package_identification:_identify(venv/lib/python3.10/site-packages/numpy/distutils/command) by extension 'cmake'
[0.731s] Level 1:colcon.colcon_core.package_identification:_identify(venv/lib/python3.10/site-packages/numpy/distutils/command) by extension 'python'
[0.731s] Level 1:colcon.colcon_core.package_identification:_identify(venv/lib/python3.10/site-packages/numpy/distutils/command) by extensions ['python_setup_py']
[0.731s] Level 1:colcon.colcon_core.package_identification:_identify(venv/lib/python3.10/site-packages/numpy/distutils/command) by extension 'python_setup_py'
[0.731s] Level 1:colcon.colcon_core.package_identification:_identify(venv/lib/python3.10/site-packages/numpy/distutils/command/__pycache__) by extensions ['ignore', 'ignore_ament_install']
[0.731s] Level 1:colcon.colcon_core.package_identification:_identify(venv/lib/python3.10/site-packages/numpy/distutils/command/__pycache__) by extension 'ignore'
[0.731s] Level 1:colcon.colcon_core.package_identification:_identify(venv/lib/python3.10/site-packages/numpy/distutils/command/__pycache__) by extension 'ignore_ament_install'
[0.731s] Level 1:colcon.colcon_core.package_identification:_identify(venv/lib/python3.10/site-packages/numpy/distutils/command/__pycache__) by extensions ['colcon_pkg']
[0.731s] Level 1:colcon.colcon_core.package_identification:_identify(venv/lib/python3.10/site-packages/numpy/distutils/command/__pycache__) by extension 'colcon_pkg'
[0.731s] Level 1:colcon.colcon_core.package_identification:_identify(venv/lib/python3.10/site-packages/numpy/distutils/command/__pycache__) by extensions ['colcon_meta']
[0.731s] Level 1:colcon.colcon_core.package_identification:_identify(venv/lib/python3.10/site-packages/numpy/distutils/command/__pycache__) by extension 'colcon_meta'
[0.731s] Level 1:colcon.colcon_core.package_identification:_identify(venv/lib/python3.10/site-packages/numpy/distutils/command/__pycache__) by extensions ['ros']
[0.731s] Level 1:colcon.colcon_core.package_identification:_identify(venv/lib/python3.10/site-packages/numpy/distutils/command/__pycache__) by extension 'ros'
[0.731s] Level 1:colcon.colcon_core.package_identification:_identify(venv/lib/python3.10/site-packages/numpy/distutils/command/__pycache__) by extensions ['cmake', 'python']
[0.731s] Level 1:colcon.colcon_core.package_identification:_identify(venv/lib/python3.10/site-packages/numpy/distutils/command/__pycache__) by extension 'cmake'
[0.731s] Level 1:colcon.colcon_core.package_identification:_identify(venv/lib/python3.10/site-packages/numpy/distutils/command/__pycache__) by extension 'python'
[0.731s] Level 1:colcon.colcon_core.package_identification:_identify(venv/lib/python3.10/site-packages/numpy/distutils/command/__pycache__) by extensions ['python_setup_py']
[0.731s] Level 1:colcon.colcon_core.package_identification:_identify(venv/lib/python3.10/site-packages/numpy/distutils/command/__pycache__) by extension 'python_setup_py'
[0.732s] Level 1:colcon.colcon_core.package_identification:_identify(venv/lib/python3.10/site-packages/numpy/distutils/fcompiler) by extensions ['ignore', 'ignore_ament_install']
[0.732s] Level 1:colcon.colcon_core.package_identification:_identify(venv/lib/python3.10/site-packages/numpy/distutils/fcompiler) by extension 'ignore'
[0.732s] Level 1:colcon.colcon_core.package_identification:_identify(venv/lib/python3.10/site-packages/numpy/distutils/fcompiler) by extension 'ignore_ament_install'
[0.732s] Level 1:colcon.colcon_core.package_identification:_identify(venv/lib/python3.10/site-packages/numpy/distutils/fcompiler) by extensions ['colcon_pkg']
[0.732s] Level 1:colcon.colcon_core.package_identification:_identify(venv/lib/python3.10/site-packages/numpy/distutils/fcompiler) by extension 'colcon_pkg'
[0.732s] Level 1:colcon.colcon_core.package_identification:_identify(venv/lib/python3.10/site-packages/numpy/distutils/fcompiler) by extensions ['colcon_meta']
[0.732s] Level 1:colcon.colcon_core.package_identification:_identify(venv/lib/python3.10/site-packages/numpy/distutils/fcompiler) by extension 'colcon_meta'
[0.732s] Level 1:colcon.colcon_core.package_identification:_identify(venv/lib/python3.10/site-packages/numpy/distutils/fcompiler) by extensions ['ros']
[0.732s] Level 1:colcon.colcon_core.package_identification:_identify(venv/lib/python3.10/site-packages/numpy/distutils/fcompiler) by extension 'ros'
[0.732s] Level 1:colcon.colcon_core.package_identification:_identify(venv/lib/python3.10/site-packages/numpy/distutils/fcompiler) by extensions ['cmake', 'python']
[0.732s] Level 1:colcon.colcon_core.package_identification:_identify(venv/lib/python3.10/site-packages/numpy/distutils/fcompiler) by extension 'cmake'
[0.732s] Level 1:colcon.colcon_core.package_identification:_identify(venv/lib/python3.10/site-packages/numpy/distutils/fcompiler) by extension 'python'
[0.732s] Level 1:colcon.colcon_core.package_identification:_identify(venv/lib/python3.10/site-packages/numpy/distutils/fcompiler) by extensions ['python_setup_py']
[0.732s] Level 1:colcon.colcon_core.package_identification:_identify(venv/lib/python3.10/site-packages/numpy/distutils/fcompiler) by extension 'python_setup_py'
[0.732s] Level 1:colcon.colcon_core.package_identification:_identify(venv/lib/python3.10/site-packages/numpy/distutils/fcompiler/__pycache__) by extensions ['ignore', 'ignore_ament_install']
[0.732s] Level 1:colcon.colcon_core.package_identification:_identify(venv/lib/python3.10/site-packages/numpy/distutils/fcompiler/__pycache__) by extension 'ignore'
[0.732s] Level 1:colcon.colcon_core.package_identification:_identify(venv/lib/python3.10/site-packages/numpy/distutils/fcompiler/__pycache__) by extension 'ignore_ament_install'
[0.732s] Level 1:colcon.colcon_core.package_identification:_identify(venv/lib/python3.10/site-packages/numpy/distutils/fcompiler/__pycache__) by extensions ['colcon_pkg']
[0.732s] Level 1:colcon.colcon_core.package_identification:_identify(venv/lib/python3.10/site-packages/numpy/distutils/fcompiler/__pycache__) by extension 'colcon_pkg'
[0.732s] Level 1:colcon.colcon_core.package_identification:_identify(venv/lib/python3.10/site-packages/numpy/distutils/fcompiler/__pycache__) by extensions ['colcon_meta']
[0.732s] Level 1:colcon.colcon_core.package_identification:_identify(venv/lib/python3.10/site-packages/numpy/distutils/fcompiler/__pycache__) by extension 'colcon_meta'
[0.732s] Level 1:colcon.colcon_core.package_identification:_identify(venv/lib/python3.10/site-packages/numpy/distutils/fcompiler/__pycache__) by extensions ['ros']
[0.732s] Level 1:colcon.colcon_core.package_identification:_identify(venv/lib/python3.10/site-packages/numpy/distutils/fcompiler/__pycache__) by extension 'ros'
[0.732s] Level 1:colcon.colcon_core.package_identification:_identify(venv/lib/python3.10/site-packages/numpy/distutils/fcompiler/__pycache__) by extensions ['cmake', 'python']
[0.732s] Level 1:colcon.colcon_core.package_identification:_identify(venv/lib/python3.10/site-packages/numpy/distutils/fcompiler/__pycache__) by extension 'cmake'
[0.732s] Level 1:colcon.colcon_core.package_identification:_identify(venv/lib/python3.10/site-packages/numpy/distutils/fcompiler/__pycache__) by extension 'python'
[0.732s] Level 1:colcon.colcon_core.package_identification:_identify(venv/lib/python3.10/site-packages/numpy/distutils/fcompiler/__pycache__) by extensions ['python_setup_py']
[0.732s] Level 1:colcon.colcon_core.package_identification:_identify(venv/lib/python3.10/site-packages/numpy/distutils/fcompiler/__pycache__) by extension 'python_setup_py'
[0.732s] Level 1:colcon.colcon_core.package_identification:_identify(venv/lib/python3.10/site-packages/numpy/distutils/mingw) by extensions ['ignore', 'ignore_ament_install']
[0.732s] Level 1:colcon.colcon_core.package_identification:_identify(venv/lib/python3.10/site-packages/numpy/distutils/mingw) by extension 'ignore'
[0.733s] Level 1:colcon.colcon_core.package_identification:_identify(venv/lib/python3.10/site-packages/numpy/distutils/mingw) by extension 'ignore_ament_install'
[0.733s] Level 1:colcon.colcon_core.package_identification:_identify(venv/lib/python3.10/site-packages/numpy/distutils/mingw) by extensions ['colcon_pkg']
[0.733s] Level 1:colcon.colcon_core.package_identification:_identify(venv/lib/python3.10/site-packages/numpy/distutils/mingw) by extension 'colcon_pkg'
[0.733s] Level 1:colcon.colcon_core.package_identification:_identify(venv/lib/python3.10/site-packages/numpy/distutils/mingw) by extensions ['colcon_meta']
[0.733s] Level 1:colcon.colcon_core.package_identification:_identify(venv/lib/python3.10/site-packages/numpy/distutils/mingw) by extension 'colcon_meta'
[0.733s] Level 1:colcon.colcon_core.package_identification:_identify(venv/lib/python3.10/site-packages/numpy/distutils/mingw) by extensions ['ros']
[0.733s] Level 1:colcon.colcon_core.package_identification:_identify(venv/lib/python3.10/site-packages/numpy/distutils/mingw) by extension 'ros'
[0.733s] Level 1:colcon.colcon_core.package_identification:_identify(venv/lib/python3.10/site-packages/numpy/distutils/mingw) by extensions ['cmake', 'python']
[0.733s] Level 1:colcon.colcon_core.package_identification:_identify(venv/lib/python3.10/site-packages/numpy/distutils/mingw) by extension 'cmake'
[0.733s] Level 1:colcon.colcon_core.package_identification:_identify(venv/lib/python3.10/site-packages/numpy/distutils/mingw) by extension 'python'
[0.733s] Level 1:colcon.colcon_core.package_identification:_identify(venv/lib/python3.10/site-packages/numpy/distutils/mingw) by extensions ['python_setup_py']
[0.733s] Level 1:colcon.colcon_core.package_identification:_identify(venv/lib/python3.10/site-packages/numpy/distutils/mingw) by extension 'python_setup_py'
[0.733s] Level 1:colcon.colcon_core.package_identification:_identify(venv/lib/python3.10/site-packages/numpy/distutils/tests) by extensions ['ignore', 'ignore_ament_install']
[0.733s] Level 1:colcon.colcon_core.package_identification:_identify(venv/lib/python3.10/site-packages/numpy/distutils/tests) by extension 'ignore'
[0.733s] Level 1:colcon.colcon_core.package_identification:_identify(venv/lib/python3.10/site-packages/numpy/distutils/tests) by extension 'ignore_ament_install'
[0.733s] Level 1:colcon.colcon_core.package_identification:_identify(venv/lib/python3.10/site-packages/numpy/distutils/tests) by extensions ['colcon_pkg']
[0.733s] Level 1:colcon.colcon_core.package_identification:_identify(venv/lib/python3.10/site-packages/numpy/distutils/tests) by extension 'colcon_pkg'
[0.733s] Level 1:colcon.colcon_core.package_identification:_identify(venv/lib/python3.10/site-packages/numpy/distutils/tests) by extensions ['colcon_meta']
[0.733s] Level 1:colcon.colcon_core.package_identification:_identify(venv/lib/python3.10/site-packages/numpy/distutils/tests) by extension 'colcon_meta'
[0.733s] Level 1:colcon.colcon_core.package_identification:_identify(venv/lib/python3.10/site-packages/numpy/distutils/tests) by extensions ['ros']
[0.733s] Level 1:colcon.colcon_core.package_identification:_identify(venv/lib/python3.10/site-packages/numpy/distutils/tests) by extension 'ros'
[0.733s] Level 1:colcon.colcon_core.package_identification:_identify(venv/lib/python3.10/site-packages/numpy/distutils/tests) by extensions ['cmake', 'python']
[0.733s] Level 1:colcon.colcon_core.package_identification:_identify(venv/lib/python3.10/site-packages/numpy/distutils/tests) by extension 'cmake'
[0.733s] Level 1:colcon.colcon_core.package_identification:_identify(venv/lib/python3.10/site-packages/numpy/distutils/tests) by extension 'python'
[0.733s] Level 1:colcon.colcon_core.package_identification:_identify(venv/lib/python3.10/site-packages/numpy/distutils/tests) by extensions ['python_setup_py']
[0.733s] Level 1:colcon.colcon_core.package_identification:_identify(venv/lib/python3.10/site-packages/numpy/distutils/tests) by extension 'python_setup_py'
[0.733s] Level 1:colcon.colcon_core.package_identification:_identify(venv/lib/python3.10/site-packages/numpy/distutils/tests/__pycache__) by extensions ['ignore', 'ignore_ament_install']
[0.733s] Level 1:colcon.colcon_core.package_identification:_identify(venv/lib/python3.10/site-packages/numpy/distutils/tests/__pycache__) by extension 'ignore'
[0.733s] Level 1:colcon.colcon_core.package_identification:_identify(venv/lib/python3.10/site-packages/numpy/distutils/tests/__pycache__) by extension 'ignore_ament_install'
[0.733s] Level 1:colcon.colcon_core.package_identification:_identify(venv/lib/python3.10/site-packages/numpy/distutils/tests/__pycache__) by extensions ['colcon_pkg']
[0.733s] Level 1:colcon.colcon_core.package_identification:_identify(venv/lib/python3.10/site-packages/numpy/distutils/tests/__pycache__) by extension 'colcon_pkg'
[0.733s] Level 1:colcon.colcon_core.package_identification:_identify(venv/lib/python3.10/site-packages/numpy/distutils/tests/__pycache__) by extensions ['colcon_meta']
[0.734s] Level 1:colcon.colcon_core.package_identification:_identify(venv/lib/python3.10/site-packages/numpy/distutils/tests/__pycache__) by extension 'colcon_meta'
[0.734s] Level 1:colcon.colcon_core.package_identification:_identify(venv/lib/python3.10/site-packages/numpy/distutils/tests/__pycache__) by extensions ['ros']
[0.734s] Level 1:colcon.colcon_core.package_identification:_identify(venv/lib/python3.10/site-packages/numpy/distutils/tests/__pycache__) by extension 'ros'
[0.734s] Level 1:colcon.colcon_core.package_identification:_identify(venv/lib/python3.10/site-packages/numpy/distutils/tests/__pycache__) by extensions ['cmake', 'python']
[0.734s] Level 1:colcon.colcon_core.package_identification:_identify(venv/lib/python3.10/site-packages/numpy/distutils/tests/__pycache__) by extension 'cmake'
[0.734s] Level 1:colcon.colcon_core.package_identification:_identify(venv/lib/python3.10/site-packages/numpy/distutils/tests/__pycache__) by extension 'python'
[0.734s] Level 1:colcon.colcon_core.package_identification:_identify(venv/lib/python3.10/site-packages/numpy/distutils/tests/__pycache__) by extensions ['python_setup_py']
[0.734s] Level 1:colcon.colcon_core.package_identification:_identify(venv/lib/python3.10/site-packages/numpy/distutils/tests/__pycache__) by extension 'python_setup_py'
[0.734s] Level 1:colcon.colcon_core.package_identification:_identify(venv/lib/python3.10/site-packages/numpy/doc) by extensions ['ignore', 'ignore_ament_install']
[0.734s] Level 1:colcon.colcon_core.package_identification:_identify(venv/lib/python3.10/site-packages/numpy/doc) by extension 'ignore'
[0.734s] Level 1:colcon.colcon_core.package_identification:_identify(venv/lib/python3.10/site-packages/numpy/doc) by extension 'ignore_ament_install'
[0.734s] Level 1:colcon.colcon_core.package_identification:_identify(venv/lib/python3.10/site-packages/numpy/doc) by extensions ['colcon_pkg']
[0.734s] Level 1:colcon.colcon_core.package_identification:_identify(venv/lib/python3.10/site-packages/numpy/doc) by extension 'colcon_pkg'
[0.734s] Level 1:colcon.colcon_core.package_identification:_identify(venv/lib/python3.10/site-packages/numpy/doc) by extensions ['colcon_meta']
[0.734s] Level 1:colcon.colcon_core.package_identification:_identify(venv/lib/python3.10/site-packages/numpy/doc) by extension 'colcon_meta'
[0.734s] Level 1:colcon.colcon_core.package_identification:_identify(venv/lib/python3.10/site-packages/numpy/doc) by extensions ['ros']
[0.734s] Level 1:colcon.colcon_core.package_identification:_identify(venv/lib/python3.10/site-packages/numpy/doc) by extension 'ros'
[0.734s] Level 1:colcon.colcon_core.package_identification:_identify(venv/lib/python3.10/site-packages/numpy/doc) by extensions ['cmake', 'python']
[0.734s] Level 1:colcon.colcon_core.package_identification:_identify(venv/lib/python3.10/site-packages/numpy/doc) by extension 'cmake'
[0.734s] Level 1:colcon.colcon_core.package_identification:_identify(venv/lib/python3.10/site-packages/numpy/doc) by extension 'python'
[0.734s] Level 1:colcon.colcon_core.package_identification:_identify(venv/lib/python3.10/site-packages/numpy/doc) by extensions ['python_setup_py']
[0.734s] Level 1:colcon.colcon_core.package_identification:_identify(venv/lib/python3.10/site-packages/numpy/doc) by extension 'python_setup_py'
[0.734s] Level 1:colcon.colcon_core.package_identification:_identify(venv/lib/python3.10/site-packages/numpy/doc/__pycache__) by extensions ['ignore', 'ignore_ament_install']
[0.734s] Level 1:colcon.colcon_core.package_identification:_identify(venv/lib/python3.10/site-packages/numpy/doc/__pycache__) by extension 'ignore'
[0.734s] Level 1:colcon.colcon_core.package_identification:_identify(venv/lib/python3.10/site-packages/numpy/doc/__pycache__) by extension 'ignore_ament_install'
[0.734s] Level 1:colcon.colcon_core.package_identification:_identify(venv/lib/python3.10/site-packages/numpy/doc/__pycache__) by extensions ['colcon_pkg']
[0.734s] Level 1:colcon.colcon_core.package_identification:_identify(venv/lib/python3.10/site-packages/numpy/doc/__pycache__) by extension 'colcon_pkg'
[0.734s] Level 1:colcon.colcon_core.package_identification:_identify(venv/lib/python3.10/site-packages/numpy/doc/__pycache__) by extensions ['colcon_meta']
[0.734s] Level 1:colcon.colcon_core.package_identification:_identify(venv/lib/python3.10/site-packages/numpy/doc/__pycache__) by extension 'colcon_meta'
[0.734s] Level 1:colcon.colcon_core.package_identification:_identify(venv/lib/python3.10/site-packages/numpy/doc/__pycache__) by extensions ['ros']
[0.734s] Level 1:colcon.colcon_core.package_identification:_identify(venv/lib/python3.10/site-packages/numpy/doc/__pycache__) by extension 'ros'
[0.734s] Level 1:colcon.colcon_core.package_identification:_identify(venv/lib/python3.10/site-packages/numpy/doc/__pycache__) by extensions ['cmake', 'python']
[0.734s] Level 1:colcon.colcon_core.package_identification:_identify(venv/lib/python3.10/site-packages/numpy/doc/__pycache__) by extension 'cmake'
[0.735s] Level 1:colcon.colcon_core.package_identification:_identify(venv/lib/python3.10/site-packages/numpy/doc/__pycache__) by extension 'python'
[0.735s] Level 1:colcon.colcon_core.package_identification:_identify(venv/lib/python3.10/site-packages/numpy/doc/__pycache__) by extensions ['python_setup_py']
[0.735s] Level 1:colcon.colcon_core.package_identification:_identify(venv/lib/python3.10/site-packages/numpy/doc/__pycache__) by extension 'python_setup_py'
[0.735s] Level 1:colcon.colcon_core.package_identification:_identify(venv/lib/python3.10/site-packages/numpy/f2py) by extensions ['ignore', 'ignore_ament_install']
[0.735s] Level 1:colcon.colcon_core.package_identification:_identify(venv/lib/python3.10/site-packages/numpy/f2py) by extension 'ignore'
[0.735s] Level 1:colcon.colcon_core.package_identification:_identify(venv/lib/python3.10/site-packages/numpy/f2py) by extension 'ignore_ament_install'
[0.735s] Level 1:colcon.colcon_core.package_identification:_identify(venv/lib/python3.10/site-packages/numpy/f2py) by extensions ['colcon_pkg']
[0.735s] Level 1:colcon.colcon_core.package_identification:_identify(venv/lib/python3.10/site-packages/numpy/f2py) by extension 'colcon_pkg'
[0.735s] Level 1:colcon.colcon_core.package_identification:_identify(venv/lib/python3.10/site-packages/numpy/f2py) by extensions ['colcon_meta']
[0.735s] Level 1:colcon.colcon_core.package_identification:_identify(venv/lib/python3.10/site-packages/numpy/f2py) by extension 'colcon_meta'
[0.735s] Level 1:colcon.colcon_core.package_identification:_identify(venv/lib/python3.10/site-packages/numpy/f2py) by extensions ['ros']
[0.735s] Level 1:colcon.colcon_core.package_identification:_identify(venv/lib/python3.10/site-packages/numpy/f2py) by extension 'ros'
[0.735s] Level 1:colcon.colcon_core.package_identification:_identify(venv/lib/python3.10/site-packages/numpy/f2py) by extensions ['cmake', 'python']
[0.735s] Level 1:colcon.colcon_core.package_identification:_identify(venv/lib/python3.10/site-packages/numpy/f2py) by extension 'cmake'
[0.735s] Level 1:colcon.colcon_core.package_identification:_identify(venv/lib/python3.10/site-packages/numpy/f2py) by extension 'python'
[0.735s] Level 1:colcon.colcon_core.package_identification:_identify(venv/lib/python3.10/site-packages/numpy/f2py) by extensions ['python_setup_py']
[0.735s] Level 1:colcon.colcon_core.package_identification:_identify(venv/lib/python3.10/site-packages/numpy/f2py) by extension 'python_setup_py'
[0.735s] Level 1:colcon.colcon_core.package_identification:_identify(venv/lib/python3.10/site-packages/numpy/f2py/__pycache__) by extensions ['ignore', 'ignore_ament_install']
[0.735s] Level 1:colcon.colcon_core.package_identification:_identify(venv/lib/python3.10/site-packages/numpy/f2py/__pycache__) by extension 'ignore'
[0.735s] Level 1:colcon.colcon_core.package_identification:_identify(venv/lib/python3.10/site-packages/numpy/f2py/__pycache__) by extension 'ignore_ament_install'
[0.735s] Level 1:colcon.colcon_core.package_identification:_identify(venv/lib/python3.10/site-packages/numpy/f2py/__pycache__) by extensions ['colcon_pkg']
[0.735s] Level 1:colcon.colcon_core.package_identification:_identify(venv/lib/python3.10/site-packages/numpy/f2py/__pycache__) by extension 'colcon_pkg'
[0.735s] Level 1:colcon.colcon_core.package_identification:_identify(venv/lib/python3.10/site-packages/numpy/f2py/__pycache__) by extensions ['colcon_meta']
[0.735s] Level 1:colcon.colcon_core.package_identification:_identify(venv/lib/python3.10/site-packages/numpy/f2py/__pycache__) by extension 'colcon_meta'
[0.735s] Level 1:colcon.colcon_core.package_identification:_identify(venv/lib/python3.10/site-packages/numpy/f2py/__pycache__) by extensions ['ros']
[0.735s] Level 1:colcon.colcon_core.package_identification:_identify(venv/lib/python3.10/site-packages/numpy/f2py/__pycache__) by extension 'ros'
[0.735s] Level 1:colcon.colcon_core.package_identification:_identify(venv/lib/python3.10/site-packages/numpy/f2py/__pycache__) by extensions ['cmake', 'python']
[0.735s] Level 1:colcon.colcon_core.package_identification:_identify(venv/lib/python3.10/site-packages/numpy/f2py/__pycache__) by extension 'cmake'
[0.735s] Level 1:colcon.colcon_core.package_identification:_identify(venv/lib/python3.10/site-packages/numpy/f2py/__pycache__) by extension 'python'
[0.735s] Level 1:colcon.colcon_core.package_identification:_identify(venv/lib/python3.10/site-packages/numpy/f2py/__pycache__) by extensions ['python_setup_py']
[0.735s] Level 1:colcon.colcon_core.package_identification:_identify(venv/lib/python3.10/site-packages/numpy/f2py/__pycache__) by extension 'python_setup_py'
[0.736s] Level 1:colcon.colcon_core.package_identification:_identify(venv/lib/python3.10/site-packages/numpy/f2py/_backends) by extensions ['ignore', 'ignore_ament_install']
[0.736s] Level 1:colcon.colcon_core.package_identification:_identify(venv/lib/python3.10/site-packages/numpy/f2py/_backends) by extension 'ignore'
[0.736s] Level 1:colcon.colcon_core.package_identification:_identify(venv/lib/python3.10/site-packages/numpy/f2py/_backends) by extension 'ignore_ament_install'
[0.736s] Level 1:colcon.colcon_core.package_identification:_identify(venv/lib/python3.10/site-packages/numpy/f2py/_backends) by extensions ['colcon_pkg']
[0.736s] Level 1:colcon.colcon_core.package_identification:_identify(venv/lib/python3.10/site-packages/numpy/f2py/_backends) by extension 'colcon_pkg'
[0.736s] Level 1:colcon.colcon_core.package_identification:_identify(venv/lib/python3.10/site-packages/numpy/f2py/_backends) by extensions ['colcon_meta']
[0.736s] Level 1:colcon.colcon_core.package_identification:_identify(venv/lib/python3.10/site-packages/numpy/f2py/_backends) by extension 'colcon_meta'
[0.736s] Level 1:colcon.colcon_core.package_identification:_identify(venv/lib/python3.10/site-packages/numpy/f2py/_backends) by extensions ['ros']
[0.736s] Level 1:colcon.colcon_core.package_identification:_identify(venv/lib/python3.10/site-packages/numpy/f2py/_backends) by extension 'ros'
[0.736s] Level 1:colcon.colcon_core.package_identification:_identify(venv/lib/python3.10/site-packages/numpy/f2py/_backends) by extensions ['cmake', 'python']
[0.736s] Level 1:colcon.colcon_core.package_identification:_identify(venv/lib/python3.10/site-packages/numpy/f2py/_backends) by extension 'cmake'
[0.736s] Level 1:colcon.colcon_core.package_identification:_identify(venv/lib/python3.10/site-packages/numpy/f2py/_backends) by extension 'python'
[0.736s] Level 1:colcon.colcon_core.package_identification:_identify(venv/lib/python3.10/site-packages/numpy/f2py/_backends) by extensions ['python_setup_py']
[0.736s] Level 1:colcon.colcon_core.package_identification:_identify(venv/lib/python3.10/site-packages/numpy/f2py/_backends) by extension 'python_setup_py'
[0.736s] Level 1:colcon.colcon_core.package_identification:_identify(venv/lib/python3.10/site-packages/numpy/f2py/_backends/__pycache__) by extensions ['ignore', 'ignore_ament_install']
[0.736s] Level 1:colcon.colcon_core.package_identification:_identify(venv/lib/python3.10/site-packages/numpy/f2py/_backends/__pycache__) by extension 'ignore'
[0.736s] Level 1:colcon.colcon_core.package_identification:_identify(venv/lib/python3.10/site-packages/numpy/f2py/_backends/__pycache__) by extension 'ignore_ament_install'
[0.736s] Level 1:colcon.colcon_core.package_identification:_identify(venv/lib/python3.10/site-packages/numpy/f2py/_backends/__pycache__) by extensions ['colcon_pkg']
[0.736s] Level 1:colcon.colcon_core.package_identification:_identify(venv/lib/python3.10/site-packages/numpy/f2py/_backends/__pycache__) by extension 'colcon_pkg'
[0.736s] Level 1:colcon.colcon_core.package_identification:_identify(venv/lib/python3.10/site-packages/numpy/f2py/_backends/__pycache__) by extensions ['colcon_meta']
[0.736s] Level 1:colcon.colcon_core.package_identification:_identify(venv/lib/python3.10/site-packages/numpy/f2py/_backends/__pycache__) by extension 'colcon_meta'
[0.736s] Level 1:colcon.colcon_core.package_identification:_identify(venv/lib/python3.10/site-packages/numpy/f2py/_backends/__pycache__) by extensions ['ros']
[0.736s] Level 1:colcon.colcon_core.package_identification:_identify(venv/lib/python3.10/site-packages/numpy/f2py/_backends/__pycache__) by extension 'ros'
[0.736s] Level 1:colcon.colcon_core.package_identification:_identify(venv/lib/python3.10/site-packages/numpy/f2py/_backends/__pycache__) by extensions ['cmake', 'python']
[0.736s] Level 1:colcon.colcon_core.package_identification:_identify(venv/lib/python3.10/site-packages/numpy/f2py/_backends/__pycache__) by extension 'cmake'
[0.736s] Level 1:colcon.colcon_core.package_identification:_identify(venv/lib/python3.10/site-packages/numpy/f2py/_backends/__pycache__) by extension 'python'
[0.736s] Level 1:colcon.colcon_core.package_identification:_identify(venv/lib/python3.10/site-packages/numpy/f2py/_backends/__pycache__) by extensions ['python_setup_py']
[0.736s] Level 1:colcon.colcon_core.package_identification:_identify(venv/lib/python3.10/site-packages/numpy/f2py/_backends/__pycache__) by extension 'python_setup_py'
[0.736s] Level 1:colcon.colcon_core.package_identification:_identify(venv/lib/python3.10/site-packages/numpy/f2py/src) by extensions ['ignore', 'ignore_ament_install']
[0.736s] Level 1:colcon.colcon_core.package_identification:_identify(venv/lib/python3.10/site-packages/numpy/f2py/src) by extension 'ignore'
[0.736s] Level 1:colcon.colcon_core.package_identification:_identify(venv/lib/python3.10/site-packages/numpy/f2py/src) by extension 'ignore_ament_install'
[0.737s] Level 1:colcon.colcon_core.package_identification:_identify(venv/lib/python3.10/site-packages/numpy/f2py/src) by extensions ['colcon_pkg']
[0.737s] Level 1:colcon.colcon_core.package_identification:_identify(venv/lib/python3.10/site-packages/numpy/f2py/src) by extension 'colcon_pkg'
[0.737s] Level 1:colcon.colcon_core.package_identification:_identify(venv/lib/python3.10/site-packages/numpy/f2py/src) by extensions ['colcon_meta']
[0.737s] Level 1:colcon.colcon_core.package_identification:_identify(venv/lib/python3.10/site-packages/numpy/f2py/src) by extension 'colcon_meta'
[0.737s] Level 1:colcon.colcon_core.package_identification:_identify(venv/lib/python3.10/site-packages/numpy/f2py/src) by extensions ['ros']
[0.737s] Level 1:colcon.colcon_core.package_identification:_identify(venv/lib/python3.10/site-packages/numpy/f2py/src) by extension 'ros'
[0.737s] Level 1:colcon.colcon_core.package_identification:_identify(venv/lib/python3.10/site-packages/numpy/f2py/src) by extensions ['cmake', 'python']
[0.737s] Level 1:colcon.colcon_core.package_identification:_identify(venv/lib/python3.10/site-packages/numpy/f2py/src) by extension 'cmake'
[0.737s] Level 1:colcon.colcon_core.package_identification:_identify(venv/lib/python3.10/site-packages/numpy/f2py/src) by extension 'python'
[0.737s] Level 1:colcon.colcon_core.package_identification:_identify(venv/lib/python3.10/site-packages/numpy/f2py/src) by extensions ['python_setup_py']
[0.737s] Level 1:colcon.colcon_core.package_identification:_identify(venv/lib/python3.10/site-packages/numpy/f2py/src) by extension 'python_setup_py'
[0.737s] Level 1:colcon.colcon_core.package_identification:_identify(venv/lib/python3.10/site-packages/numpy/f2py/tests) by extensions ['ignore', 'ignore_ament_install']
[0.737s] Level 1:colcon.colcon_core.package_identification:_identify(venv/lib/python3.10/site-packages/numpy/f2py/tests) by extension 'ignore'
[0.737s] Level 1:colcon.colcon_core.package_identification:_identify(venv/lib/python3.10/site-packages/numpy/f2py/tests) by extension 'ignore_ament_install'
[0.737s] Level 1:colcon.colcon_core.package_identification:_identify(venv/lib/python3.10/site-packages/numpy/f2py/tests) by extensions ['colcon_pkg']
[0.737s] Level 1:colcon.colcon_core.package_identification:_identify(venv/lib/python3.10/site-packages/numpy/f2py/tests) by extension 'colcon_pkg'
[0.737s] Level 1:colcon.colcon_core.package_identification:_identify(venv/lib/python3.10/site-packages/numpy/f2py/tests) by extensions ['colcon_meta']
[0.737s] Level 1:colcon.colcon_core.package_identification:_identify(venv/lib/python3.10/site-packages/numpy/f2py/tests) by extension 'colcon_meta'
[0.737s] Level 1:colcon.colcon_core.package_identification:_identify(venv/lib/python3.10/site-packages/numpy/f2py/tests) by extensions ['ros']
[0.737s] Level 1:colcon.colcon_core.package_identification:_identify(venv/lib/python3.10/site-packages/numpy/f2py/tests) by extension 'ros'
[0.737s] Level 1:colcon.colcon_core.package_identification:_identify(venv/lib/python3.10/site-packages/numpy/f2py/tests) by extensions ['cmake', 'python']
[0.737s] Level 1:colcon.colcon_core.package_identification:_identify(venv/lib/python3.10/site-packages/numpy/f2py/tests) by extension 'cmake'
[0.737s] Level 1:colcon.colcon_core.package_identification:_identify(venv/lib/python3.10/site-packages/numpy/f2py/tests) by extension 'python'
[0.737s] Level 1:colcon.colcon_core.package_identification:_identify(venv/lib/python3.10/site-packages/numpy/f2py/tests) by extensions ['python_setup_py']
[0.737s] Level 1:colcon.colcon_core.package_identification:_identify(venv/lib/python3.10/site-packages/numpy/f2py/tests) by extension 'python_setup_py'
[0.737s] Level 1:colcon.colcon_core.package_identification:_identify(venv/lib/python3.10/site-packages/numpy/f2py/tests/__pycache__) by extensions ['ignore', 'ignore_ament_install']
[0.737s] Level 1:colcon.colcon_core.package_identification:_identify(venv/lib/python3.10/site-packages/numpy/f2py/tests/__pycache__) by extension 'ignore'
[0.737s] Level 1:colcon.colcon_core.package_identification:_identify(venv/lib/python3.10/site-packages/numpy/f2py/tests/__pycache__) by extension 'ignore_ament_install'
[0.737s] Level 1:colcon.colcon_core.package_identification:_identify(venv/lib/python3.10/site-packages/numpy/f2py/tests/__pycache__) by extensions ['colcon_pkg']
[0.737s] Level 1:colcon.colcon_core.package_identification:_identify(venv/lib/python3.10/site-packages/numpy/f2py/tests/__pycache__) by extension 'colcon_pkg'
[0.737s] Level 1:colcon.colcon_core.package_identification:_identify(venv/lib/python3.10/site-packages/numpy/f2py/tests/__pycache__) by extensions ['colcon_meta']
[0.737s] Level 1:colcon.colcon_core.package_identification:_identify(venv/lib/python3.10/site-packages/numpy/f2py/tests/__pycache__) by extension 'colcon_meta'
[0.738s] Level 1:colcon.colcon_core.package_identification:_identify(venv/lib/python3.10/site-packages/numpy/f2py/tests/__pycache__) by extensions ['ros']
[0.738s] Level 1:colcon.colcon_core.package_identification:_identify(venv/lib/python3.10/site-packages/numpy/f2py/tests/__pycache__) by extension 'ros'
[0.738s] Level 1:colcon.colcon_core.package_identification:_identify(venv/lib/python3.10/site-packages/numpy/f2py/tests/__pycache__) by extensions ['cmake', 'python']
[0.738s] Level 1:colcon.colcon_core.package_identification:_identify(venv/lib/python3.10/site-packages/numpy/f2py/tests/__pycache__) by extension 'cmake'
[0.738s] Level 1:colcon.colcon_core.package_identification:_identify(venv/lib/python3.10/site-packages/numpy/f2py/tests/__pycache__) by extension 'python'
[0.738s] Level 1:colcon.colcon_core.package_identification:_identify(venv/lib/python3.10/site-packages/numpy/f2py/tests/__pycache__) by extensions ['python_setup_py']
[0.738s] Level 1:colcon.colcon_core.package_identification:_identify(venv/lib/python3.10/site-packages/numpy/f2py/tests/__pycache__) by extension 'python_setup_py'
[0.738s] Level 1:colcon.colcon_core.package_identification:_identify(venv/lib/python3.10/site-packages/numpy/f2py/tests/src) by extensions ['ignore', 'ignore_ament_install']
[0.738s] Level 1:colcon.colcon_core.package_identification:_identify(venv/lib/python3.10/site-packages/numpy/f2py/tests/src) by extension 'ignore'
[0.738s] Level 1:colcon.colcon_core.package_identification:_identify(venv/lib/python3.10/site-packages/numpy/f2py/tests/src) by extension 'ignore_ament_install'
[0.738s] Level 1:colcon.colcon_core.package_identification:_identify(venv/lib/python3.10/site-packages/numpy/f2py/tests/src) by extensions ['colcon_pkg']
[0.738s] Level 1:colcon.colcon_core.package_identification:_identify(venv/lib/python3.10/site-packages/numpy/f2py/tests/src) by extension 'colcon_pkg'
[0.738s] Level 1:colcon.colcon_core.package_identification:_identify(venv/lib/python3.10/site-packages/numpy/f2py/tests/src) by extensions ['colcon_meta']
[0.738s] Level 1:colcon.colcon_core.package_identification:_identify(venv/lib/python3.10/site-packages/numpy/f2py/tests/src) by extension 'colcon_meta'
[0.738s] Level 1:colcon.colcon_core.package_identification:_identify(venv/lib/python3.10/site-packages/numpy/f2py/tests/src) by extensions ['ros']
[0.738s] Level 1:colcon.colcon_core.package_identification:_identify(venv/lib/python3.10/site-packages/numpy/f2py/tests/src) by extension 'ros'
[0.738s] Level 1:colcon.colcon_core.package_identification:_identify(venv/lib/python3.10/site-packages/numpy/f2py/tests/src) by extensions ['cmake', 'python']
[0.738s] Level 1:colcon.colcon_core.package_identification:_identify(venv/lib/python3.10/site-packages/numpy/f2py/tests/src) by extension 'cmake'
[0.738s] Level 1:colcon.colcon_core.package_identification:_identify(venv/lib/python3.10/site-packages/numpy/f2py/tests/src) by extension 'python'
[0.738s] Level 1:colcon.colcon_core.package_identification:_identify(venv/lib/python3.10/site-packages/numpy/f2py/tests/src) by extensions ['python_setup_py']
[0.738s] Level 1:colcon.colcon_core.package_identification:_identify(venv/lib/python3.10/site-packages/numpy/f2py/tests/src) by extension 'python_setup_py'
[0.738s] Level 1:colcon.colcon_core.package_identification:_identify(venv/lib/python3.10/site-packages/numpy/f2py/tests/src/abstract_interface) by extensions ['ignore', 'ignore_ament_install']
[0.738s] Level 1:colcon.colcon_core.package_identification:_identify(venv/lib/python3.10/site-packages/numpy/f2py/tests/src/abstract_interface) by extension 'ignore'
[0.738s] Level 1:colcon.colcon_core.package_identification:_identify(venv/lib/python3.10/site-packages/numpy/f2py/tests/src/abstract_interface) by extension 'ignore_ament_install'
[0.738s] Level 1:colcon.colcon_core.package_identification:_identify(venv/lib/python3.10/site-packages/numpy/f2py/tests/src/abstract_interface) by extensions ['colcon_pkg']
[0.738s] Level 1:colcon.colcon_core.package_identification:_identify(venv/lib/python3.10/site-packages/numpy/f2py/tests/src/abstract_interface) by extension 'colcon_pkg'
[0.738s] Level 1:colcon.colcon_core.package_identification:_identify(venv/lib/python3.10/site-packages/numpy/f2py/tests/src/abstract_interface) by extensions ['colcon_meta']
[0.738s] Level 1:colcon.colcon_core.package_identification:_identify(venv/lib/python3.10/site-packages/numpy/f2py/tests/src/abstract_interface) by extension 'colcon_meta'
[0.738s] Level 1:colcon.colcon_core.package_identification:_identify(venv/lib/python3.10/site-packages/numpy/f2py/tests/src/abstract_interface) by extensions ['ros']
[0.738s] Level 1:colcon.colcon_core.package_identification:_identify(venv/lib/python3.10/site-packages/numpy/f2py/tests/src/abstract_interface) by extension 'ros'
[0.738s] Level 1:colcon.colcon_core.package_identification:_identify(venv/lib/python3.10/site-packages/numpy/f2py/tests/src/abstract_interface) by extensions ['cmake', 'python']
[0.738s] Level 1:colcon.colcon_core.package_identification:_identify(venv/lib/python3.10/site-packages/numpy/f2py/tests/src/abstract_interface) by extension 'cmake'
[0.739s] Level 1:colcon.colcon_core.package_identification:_identify(venv/lib/python3.10/site-packages/numpy/f2py/tests/src/abstract_interface) by extension 'python'
[0.739s] Level 1:colcon.colcon_core.package_identification:_identify(venv/lib/python3.10/site-packages/numpy/f2py/tests/src/abstract_interface) by extensions ['python_setup_py']
[0.739s] Level 1:colcon.colcon_core.package_identification:_identify(venv/lib/python3.10/site-packages/numpy/f2py/tests/src/abstract_interface) by extension 'python_setup_py'
[0.739s] Level 1:colcon.colcon_core.package_identification:_identify(venv/lib/python3.10/site-packages/numpy/f2py/tests/src/array_from_pyobj) by extensions ['ignore', 'ignore_ament_install']
[0.739s] Level 1:colcon.colcon_core.package_identification:_identify(venv/lib/python3.10/site-packages/numpy/f2py/tests/src/array_from_pyobj) by extension 'ignore'
[0.739s] Level 1:colcon.colcon_core.package_identification:_identify(venv/lib/python3.10/site-packages/numpy/f2py/tests/src/array_from_pyobj) by extension 'ignore_ament_install'
[0.739s] Level 1:colcon.colcon_core.package_identification:_identify(venv/lib/python3.10/site-packages/numpy/f2py/tests/src/array_from_pyobj) by extensions ['colcon_pkg']
[0.739s] Level 1:colcon.colcon_core.package_identification:_identify(venv/lib/python3.10/site-packages/numpy/f2py/tests/src/array_from_pyobj) by extension 'colcon_pkg'
[0.739s] Level 1:colcon.colcon_core.package_identification:_identify(venv/lib/python3.10/site-packages/numpy/f2py/tests/src/array_from_pyobj) by extensions ['colcon_meta']
[0.739s] Level 1:colcon.colcon_core.package_identification:_identify(venv/lib/python3.10/site-packages/numpy/f2py/tests/src/array_from_pyobj) by extension 'colcon_meta'
[0.739s] Level 1:colcon.colcon_core.package_identification:_identify(venv/lib/python3.10/site-packages/numpy/f2py/tests/src/array_from_pyobj) by extensions ['ros']
[0.739s] Level 1:colcon.colcon_core.package_identification:_identify(venv/lib/python3.10/site-packages/numpy/f2py/tests/src/array_from_pyobj) by extension 'ros'
[0.739s] Level 1:colcon.colcon_core.package_identification:_identify(venv/lib/python3.10/site-packages/numpy/f2py/tests/src/array_from_pyobj) by extensions ['cmake', 'python']
[0.739s] Level 1:colcon.colcon_core.package_identification:_identify(venv/lib/python3.10/site-packages/numpy/f2py/tests/src/array_from_pyobj) by extension 'cmake'
[0.739s] Level 1:colcon.colcon_core.package_identification:_identify(venv/lib/python3.10/site-packages/numpy/f2py/tests/src/array_from_pyobj) by extension 'python'
[0.739s] Level 1:colcon.colcon_core.package_identification:_identify(venv/lib/python3.10/site-packages/numpy/f2py/tests/src/array_from_pyobj) by extensions ['python_setup_py']
[0.739s] Level 1:colcon.colcon_core.package_identification:_identify(venv/lib/python3.10/site-packages/numpy/f2py/tests/src/array_from_pyobj) by extension 'python_setup_py'
[0.739s] Level 1:colcon.colcon_core.package_identification:_identify(venv/lib/python3.10/site-packages/numpy/f2py/tests/src/assumed_shape) by extensions ['ignore', 'ignore_ament_install']
[0.739s] Level 1:colcon.colcon_core.package_identification:_identify(venv/lib/python3.10/site-packages/numpy/f2py/tests/src/assumed_shape) by extension 'ignore'
[0.739s] Level 1:colcon.colcon_core.package_identification:_identify(venv/lib/python3.10/site-packages/numpy/f2py/tests/src/assumed_shape) by extension 'ignore_ament_install'
[0.739s] Level 1:colcon.colcon_core.package_identification:_identify(venv/lib/python3.10/site-packages/numpy/f2py/tests/src/assumed_shape) by extensions ['colcon_pkg']
[0.739s] Level 1:colcon.colcon_core.package_identification:_identify(venv/lib/python3.10/site-packages/numpy/f2py/tests/src/assumed_shape) by extension 'colcon_pkg'
[0.739s] Level 1:colcon.colcon_core.package_identification:_identify(venv/lib/python3.10/site-packages/numpy/f2py/tests/src/assumed_shape) by extensions ['colcon_meta']
[0.739s] Level 1:colcon.colcon_core.package_identification:_identify(venv/lib/python3.10/site-packages/numpy/f2py/tests/src/assumed_shape) by extension 'colcon_meta'
[0.739s] Level 1:colcon.colcon_core.package_identification:_identify(venv/lib/python3.10/site-packages/numpy/f2py/tests/src/assumed_shape) by extensions ['ros']
[0.739s] Level 1:colcon.colcon_core.package_identification:_identify(venv/lib/python3.10/site-packages/numpy/f2py/tests/src/assumed_shape) by extension 'ros'
[0.739s] Level 1:colcon.colcon_core.package_identification:_identify(venv/lib/python3.10/site-packages/numpy/f2py/tests/src/assumed_shape) by extensions ['cmake', 'python']
[0.739s] Level 1:colcon.colcon_core.package_identification:_identify(venv/lib/python3.10/site-packages/numpy/f2py/tests/src/assumed_shape) by extension 'cmake'
[0.739s] Level 1:colcon.colcon_core.package_identification:_identify(venv/lib/python3.10/site-packages/numpy/f2py/tests/src/assumed_shape) by extension 'python'
[0.739s] Level 1:colcon.colcon_core.package_identification:_identify(venv/lib/python3.10/site-packages/numpy/f2py/tests/src/assumed_shape) by extensions ['python_setup_py']
[0.739s] Level 1:colcon.colcon_core.package_identification:_identify(venv/lib/python3.10/site-packages/numpy/f2py/tests/src/assumed_shape) by extension 'python_setup_py'
[0.740s] Level 1:colcon.colcon_core.package_identification:_identify(venv/lib/python3.10/site-packages/numpy/f2py/tests/src/block_docstring) by extensions ['ignore', 'ignore_ament_install']
[0.740s] Level 1:colcon.colcon_core.package_identification:_identify(venv/lib/python3.10/site-packages/numpy/f2py/tests/src/block_docstring) by extension 'ignore'
[0.740s] Level 1:colcon.colcon_core.package_identification:_identify(venv/lib/python3.10/site-packages/numpy/f2py/tests/src/block_docstring) by extension 'ignore_ament_install'
[0.740s] Level 1:colcon.colcon_core.package_identification:_identify(venv/lib/python3.10/site-packages/numpy/f2py/tests/src/block_docstring) by extensions ['colcon_pkg']
[0.740s] Level 1:colcon.colcon_core.package_identification:_identify(venv/lib/python3.10/site-packages/numpy/f2py/tests/src/block_docstring) by extension 'colcon_pkg'
[0.740s] Level 1:colcon.colcon_core.package_identification:_identify(venv/lib/python3.10/site-packages/numpy/f2py/tests/src/block_docstring) by extensions ['colcon_meta']
[0.740s] Level 1:colcon.colcon_core.package_identification:_identify(venv/lib/python3.10/site-packages/numpy/f2py/tests/src/block_docstring) by extension 'colcon_meta'
[0.740s] Level 1:colcon.colcon_core.package_identification:_identify(venv/lib/python3.10/site-packages/numpy/f2py/tests/src/block_docstring) by extensions ['ros']
[0.740s] Level 1:colcon.colcon_core.package_identification:_identify(venv/lib/python3.10/site-packages/numpy/f2py/tests/src/block_docstring) by extension 'ros'
[0.740s] Level 1:colcon.colcon_core.package_identification:_identify(venv/lib/python3.10/site-packages/numpy/f2py/tests/src/block_docstring) by extensions ['cmake', 'python']
[0.740s] Level 1:colcon.colcon_core.package_identification:_identify(venv/lib/python3.10/site-packages/numpy/f2py/tests/src/block_docstring) by extension 'cmake'
[0.740s] Level 1:colcon.colcon_core.package_identification:_identify(venv/lib/python3.10/site-packages/numpy/f2py/tests/src/block_docstring) by extension 'python'
[0.740s] Level 1:colcon.colcon_core.package_identification:_identify(venv/lib/python3.10/site-packages/numpy/f2py/tests/src/block_docstring) by extensions ['python_setup_py']
[0.740s] Level 1:colcon.colcon_core.package_identification:_identify(venv/lib/python3.10/site-packages/numpy/f2py/tests/src/block_docstring) by extension 'python_setup_py'
[0.740s] Level 1:colcon.colcon_core.package_identification:_identify(venv/lib/python3.10/site-packages/numpy/f2py/tests/src/callback) by extensions ['ignore', 'ignore_ament_install']
[0.740s] Level 1:colcon.colcon_core.package_identification:_identify(venv/lib/python3.10/site-packages/numpy/f2py/tests/src/callback) by extension 'ignore'
[0.740s] Level 1:colcon.colcon_core.package_identification:_identify(venv/lib/python3.10/site-packages/numpy/f2py/tests/src/callback) by extension 'ignore_ament_install'
[0.740s] Level 1:colcon.colcon_core.package_identification:_identify(venv/lib/python3.10/site-packages/numpy/f2py/tests/src/callback) by extensions ['colcon_pkg']
[0.740s] Level 1:colcon.colcon_core.package_identification:_identify(venv/lib/python3.10/site-packages/numpy/f2py/tests/src/callback) by extension 'colcon_pkg'
[0.740s] Level 1:colcon.colcon_core.package_identification:_identify(venv/lib/python3.10/site-packages/numpy/f2py/tests/src/callback) by extensions ['colcon_meta']
[0.740s] Level 1:colcon.colcon_core.package_identification:_identify(venv/lib/python3.10/site-packages/numpy/f2py/tests/src/callback) by extension 'colcon_meta'
[0.740s] Level 1:colcon.colcon_core.package_identification:_identify(venv/lib/python3.10/site-packages/numpy/f2py/tests/src/callback) by extensions ['ros']
[0.740s] Level 1:colcon.colcon_core.package_identification:_identify(venv/lib/python3.10/site-packages/numpy/f2py/tests/src/callback) by extension 'ros'
[0.740s] Level 1:colcon.colcon_core.package_identification:_identify(venv/lib/python3.10/site-packages/numpy/f2py/tests/src/callback) by extensions ['cmake', 'python']
[0.740s] Level 1:colcon.colcon_core.package_identification:_identify(venv/lib/python3.10/site-packages/numpy/f2py/tests/src/callback) by extension 'cmake'
[0.740s] Level 1:colcon.colcon_core.package_identification:_identify(venv/lib/python3.10/site-packages/numpy/f2py/tests/src/callback) by extension 'python'
[0.740s] Level 1:colcon.colcon_core.package_identification:_identify(venv/lib/python3.10/site-packages/numpy/f2py/tests/src/callback) by extensions ['python_setup_py']
[0.740s] Level 1:colcon.colcon_core.package_identification:_identify(venv/lib/python3.10/site-packages/numpy/f2py/tests/src/callback) by extension 'python_setup_py'
[0.740s] Level 1:colcon.colcon_core.package_identification:_identify(venv/lib/python3.10/site-packages/numpy/f2py/tests/src/cli) by extensions ['ignore', 'ignore_ament_install']
[0.740s] Level 1:colcon.colcon_core.package_identification:_identify(venv/lib/python3.10/site-packages/numpy/f2py/tests/src/cli) by extension 'ignore'
[0.741s] Level 1:colcon.colcon_core.package_identification:_identify(venv/lib/python3.10/site-packages/numpy/f2py/tests/src/cli) by extension 'ignore_ament_install'
[0.741s] Level 1:colcon.colcon_core.package_identification:_identify(venv/lib/python3.10/site-packages/numpy/f2py/tests/src/cli) by extensions ['colcon_pkg']
[0.741s] Level 1:colcon.colcon_core.package_identification:_identify(venv/lib/python3.10/site-packages/numpy/f2py/tests/src/cli) by extension 'colcon_pkg'
[0.741s] Level 1:colcon.colcon_core.package_identification:_identify(venv/lib/python3.10/site-packages/numpy/f2py/tests/src/cli) by extensions ['colcon_meta']
[0.741s] Level 1:colcon.colcon_core.package_identification:_identify(venv/lib/python3.10/site-packages/numpy/f2py/tests/src/cli) by extension 'colcon_meta'
[0.741s] Level 1:colcon.colcon_core.package_identification:_identify(venv/lib/python3.10/site-packages/numpy/f2py/tests/src/cli) by extensions ['ros']
[0.741s] Level 1:colcon.colcon_core.package_identification:_identify(venv/lib/python3.10/site-packages/numpy/f2py/tests/src/cli) by extension 'ros'
[0.741s] Level 1:colcon.colcon_core.package_identification:_identify(venv/lib/python3.10/site-packages/numpy/f2py/tests/src/cli) by extensions ['cmake', 'python']
[0.741s] Level 1:colcon.colcon_core.package_identification:_identify(venv/lib/python3.10/site-packages/numpy/f2py/tests/src/cli) by extension 'cmake'
[0.741s] Level 1:colcon.colcon_core.package_identification:_identify(venv/lib/python3.10/site-packages/numpy/f2py/tests/src/cli) by extension 'python'
[0.741s] Level 1:colcon.colcon_core.package_identification:_identify(venv/lib/python3.10/site-packages/numpy/f2py/tests/src/cli) by extensions ['python_setup_py']
[0.741s] Level 1:colcon.colcon_core.package_identification:_identify(venv/lib/python3.10/site-packages/numpy/f2py/tests/src/cli) by extension 'python_setup_py'
[0.741s] Level 1:colcon.colcon_core.package_identification:_identify(venv/lib/python3.10/site-packages/numpy/f2py/tests/src/common) by extensions ['ignore', 'ignore_ament_install']
[0.741s] Level 1:colcon.colcon_core.package_identification:_identify(venv/lib/python3.10/site-packages/numpy/f2py/tests/src/common) by extension 'ignore'
[0.741s] Level 1:colcon.colcon_core.package_identification:_identify(venv/lib/python3.10/site-packages/numpy/f2py/tests/src/common) by extension 'ignore_ament_install'
[0.741s] Level 1:colcon.colcon_core.package_identification:_identify(venv/lib/python3.10/site-packages/numpy/f2py/tests/src/common) by extensions ['colcon_pkg']
[0.741s] Level 1:colcon.colcon_core.package_identification:_identify(venv/lib/python3.10/site-packages/numpy/f2py/tests/src/common) by extension 'colcon_pkg'
[0.741s] Level 1:colcon.colcon_core.package_identification:_identify(venv/lib/python3.10/site-packages/numpy/f2py/tests/src/common) by extensions ['colcon_meta']
[0.741s] Level 1:colcon.colcon_core.package_identification:_identify(venv/lib/python3.10/site-packages/numpy/f2py/tests/src/common) by extension 'colcon_meta'
[0.741s] Level 1:colcon.colcon_core.package_identification:_identify(venv/lib/python3.10/site-packages/numpy/f2py/tests/src/common) by extensions ['ros']
[0.741s] Level 1:colcon.colcon_core.package_identification:_identify(venv/lib/python3.10/site-packages/numpy/f2py/tests/src/common) by extension 'ros'
[0.741s] Level 1:colcon.colcon_core.package_identification:_identify(venv/lib/python3.10/site-packages/numpy/f2py/tests/src/common) by extensions ['cmake', 'python']
[0.741s] Level 1:colcon.colcon_core.package_identification:_identify(venv/lib/python3.10/site-packages/numpy/f2py/tests/src/common) by extension 'cmake'
[0.741s] Level 1:colcon.colcon_core.package_identification:_identify(venv/lib/python3.10/site-packages/numpy/f2py/tests/src/common) by extension 'python'
[0.741s] Level 1:colcon.colcon_core.package_identification:_identify(venv/lib/python3.10/site-packages/numpy/f2py/tests/src/common) by extensions ['python_setup_py']
[0.741s] Level 1:colcon.colcon_core.package_identification:_identify(venv/lib/python3.10/site-packages/numpy/f2py/tests/src/common) by extension 'python_setup_py'
[0.741s] Level 1:colcon.colcon_core.package_identification:_identify(venv/lib/python3.10/site-packages/numpy/f2py/tests/src/crackfortran) by extensions ['ignore', 'ignore_ament_install']
[0.741s] Level 1:colcon.colcon_core.package_identification:_identify(venv/lib/python3.10/site-packages/numpy/f2py/tests/src/crackfortran) by extension 'ignore'
[0.741s] Level 1:colcon.colcon_core.package_identification:_identify(venv/lib/python3.10/site-packages/numpy/f2py/tests/src/crackfortran) by extension 'ignore_ament_install'
[0.741s] Level 1:colcon.colcon_core.package_identification:_identify(venv/lib/python3.10/site-packages/numpy/f2py/tests/src/crackfortran) by extensions ['colcon_pkg']
[0.741s] Level 1:colcon.colcon_core.package_identification:_identify(venv/lib/python3.10/site-packages/numpy/f2py/tests/src/crackfortran) by extension 'colcon_pkg'
[0.741s] Level 1:colcon.colcon_core.package_identification:_identify(venv/lib/python3.10/site-packages/numpy/f2py/tests/src/crackfortran) by extensions ['colcon_meta']
[0.741s] Level 1:colcon.colcon_core.package_identification:_identify(venv/lib/python3.10/site-packages/numpy/f2py/tests/src/crackfortran) by extension 'colcon_meta'
[0.742s] Level 1:colcon.colcon_core.package_identification:_identify(venv/lib/python3.10/site-packages/numpy/f2py/tests/src/crackfortran) by extensions ['ros']
[0.742s] Level 1:colcon.colcon_core.package_identification:_identify(venv/lib/python3.10/site-packages/numpy/f2py/tests/src/crackfortran) by extension 'ros'
[0.742s] Level 1:colcon.colcon_core.package_identification:_identify(venv/lib/python3.10/site-packages/numpy/f2py/tests/src/crackfortran) by extensions ['cmake', 'python']
[0.742s] Level 1:colcon.colcon_core.package_identification:_identify(venv/lib/python3.10/site-packages/numpy/f2py/tests/src/crackfortran) by extension 'cmake'
[0.742s] Level 1:colcon.colcon_core.package_identification:_identify(venv/lib/python3.10/site-packages/numpy/f2py/tests/src/crackfortran) by extension 'python'
[0.742s] Level 1:colcon.colcon_core.package_identification:_identify(venv/lib/python3.10/site-packages/numpy/f2py/tests/src/crackfortran) by extensions ['python_setup_py']
[0.742s] Level 1:colcon.colcon_core.package_identification:_identify(venv/lib/python3.10/site-packages/numpy/f2py/tests/src/crackfortran) by extension 'python_setup_py'
[0.742s] Level 1:colcon.colcon_core.package_identification:_identify(venv/lib/python3.10/site-packages/numpy/f2py/tests/src/f2cmap) by extensions ['ignore', 'ignore_ament_install']
[0.742s] Level 1:colcon.colcon_core.package_identification:_identify(venv/lib/python3.10/site-packages/numpy/f2py/tests/src/f2cmap) by extension 'ignore'
[0.742s] Level 1:colcon.colcon_core.package_identification:_identify(venv/lib/python3.10/site-packages/numpy/f2py/tests/src/f2cmap) by extension 'ignore_ament_install'
[0.742s] Level 1:colcon.colcon_core.package_identification:_identify(venv/lib/python3.10/site-packages/numpy/f2py/tests/src/f2cmap) by extensions ['colcon_pkg']
[0.742s] Level 1:colcon.colcon_core.package_identification:_identify(venv/lib/python3.10/site-packages/numpy/f2py/tests/src/f2cmap) by extension 'colcon_pkg'
[0.742s] Level 1:colcon.colcon_core.package_identification:_identify(venv/lib/python3.10/site-packages/numpy/f2py/tests/src/f2cmap) by extensions ['colcon_meta']
[0.742s] Level 1:colcon.colcon_core.package_identification:_identify(venv/lib/python3.10/site-packages/numpy/f2py/tests/src/f2cmap) by extension 'colcon_meta'
[0.742s] Level 1:colcon.colcon_core.package_identification:_identify(venv/lib/python3.10/site-packages/numpy/f2py/tests/src/f2cmap) by extensions ['ros']
[0.742s] Level 1:colcon.colcon_core.package_identification:_identify(venv/lib/python3.10/site-packages/numpy/f2py/tests/src/f2cmap) by extension 'ros'
[0.742s] Level 1:colcon.colcon_core.package_identification:_identify(venv/lib/python3.10/site-packages/numpy/f2py/tests/src/f2cmap) by extensions ['cmake', 'python']
[0.742s] Level 1:colcon.colcon_core.package_identification:_identify(venv/lib/python3.10/site-packages/numpy/f2py/tests/src/f2cmap) by extension 'cmake'
[0.742s] Level 1:colcon.colcon_core.package_identification:_identify(venv/lib/python3.10/site-packages/numpy/f2py/tests/src/f2cmap) by extension 'python'
[0.742s] Level 1:colcon.colcon_core.package_identification:_identify(venv/lib/python3.10/site-packages/numpy/f2py/tests/src/f2cmap) by extensions ['python_setup_py']
[0.742s] Level 1:colcon.colcon_core.package_identification:_identify(venv/lib/python3.10/site-packages/numpy/f2py/tests/src/f2cmap) by extension 'python_setup_py'
[0.742s] Level 1:colcon.colcon_core.package_identification:_identify(venv/lib/python3.10/site-packages/numpy/f2py/tests/src/isocintrin) by extensions ['ignore', 'ignore_ament_install']
[0.742s] Level 1:colcon.colcon_core.package_identification:_identify(venv/lib/python3.10/site-packages/numpy/f2py/tests/src/isocintrin) by extension 'ignore'
[0.742s] Level 1:colcon.colcon_core.package_identification:_identify(venv/lib/python3.10/site-packages/numpy/f2py/tests/src/isocintrin) by extension 'ignore_ament_install'
[0.742s] Level 1:colcon.colcon_core.package_identification:_identify(venv/lib/python3.10/site-packages/numpy/f2py/tests/src/isocintrin) by extensions ['colcon_pkg']
[0.742s] Level 1:colcon.colcon_core.package_identification:_identify(venv/lib/python3.10/site-packages/numpy/f2py/tests/src/isocintrin) by extension 'colcon_pkg'
[0.742s] Level 1:colcon.colcon_core.package_identification:_identify(venv/lib/python3.10/site-packages/numpy/f2py/tests/src/isocintrin) by extensions ['colcon_meta']
[0.742s] Level 1:colcon.colcon_core.package_identification:_identify(venv/lib/python3.10/site-packages/numpy/f2py/tests/src/isocintrin) by extension 'colcon_meta'
[0.742s] Level 1:colcon.colcon_core.package_identification:_identify(venv/lib/python3.10/site-packages/numpy/f2py/tests/src/isocintrin) by extensions ['ros']
[0.742s] Level 1:colcon.colcon_core.package_identification:_identify(venv/lib/python3.10/site-packages/numpy/f2py/tests/src/isocintrin) by extension 'ros'
[0.742s] Level 1:colcon.colcon_core.package_identification:_identify(venv/lib/python3.10/site-packages/numpy/f2py/tests/src/isocintrin) by extensions ['cmake', 'python']
[0.742s] Level 1:colcon.colcon_core.package_identification:_identify(venv/lib/python3.10/site-packages/numpy/f2py/tests/src/isocintrin) by extension 'cmake'
[0.742s] Level 1:colcon.colcon_core.package_identification:_identify(venv/lib/python3.10/site-packages/numpy/f2py/tests/src/isocintrin) by extension 'python'
[0.743s] Level 1:colcon.colcon_core.package_identification:_identify(venv/lib/python3.10/site-packages/numpy/f2py/tests/src/isocintrin) by extensions ['python_setup_py']
[0.743s] Level 1:colcon.colcon_core.package_identification:_identify(venv/lib/python3.10/site-packages/numpy/f2py/tests/src/isocintrin) by extension 'python_setup_py'
[0.743s] Level 1:colcon.colcon_core.package_identification:_identify(venv/lib/python3.10/site-packages/numpy/f2py/tests/src/kind) by extensions ['ignore', 'ignore_ament_install']
[0.743s] Level 1:colcon.colcon_core.package_identification:_identify(venv/lib/python3.10/site-packages/numpy/f2py/tests/src/kind) by extension 'ignore'
[0.743s] Level 1:colcon.colcon_core.package_identification:_identify(venv/lib/python3.10/site-packages/numpy/f2py/tests/src/kind) by extension 'ignore_ament_install'
[0.743s] Level 1:colcon.colcon_core.package_identification:_identify(venv/lib/python3.10/site-packages/numpy/f2py/tests/src/kind) by extensions ['colcon_pkg']
[0.743s] Level 1:colcon.colcon_core.package_identification:_identify(venv/lib/python3.10/site-packages/numpy/f2py/tests/src/kind) by extension 'colcon_pkg'
[0.743s] Level 1:colcon.colcon_core.package_identification:_identify(venv/lib/python3.10/site-packages/numpy/f2py/tests/src/kind) by extensions ['colcon_meta']
[0.743s] Level 1:colcon.colcon_core.package_identification:_identify(venv/lib/python3.10/site-packages/numpy/f2py/tests/src/kind) by extension 'colcon_meta'
[0.743s] Level 1:colcon.colcon_core.package_identification:_identify(venv/lib/python3.10/site-packages/numpy/f2py/tests/src/kind) by extensions ['ros']
[0.743s] Level 1:colcon.colcon_core.package_identification:_identify(venv/lib/python3.10/site-packages/numpy/f2py/tests/src/kind) by extension 'ros'
[0.743s] Level 1:colcon.colcon_core.package_identification:_identify(venv/lib/python3.10/site-packages/numpy/f2py/tests/src/kind) by extensions ['cmake', 'python']
[0.743s] Level 1:colcon.colcon_core.package_identification:_identify(venv/lib/python3.10/site-packages/numpy/f2py/tests/src/kind) by extension 'cmake'
[0.743s] Level 1:colcon.colcon_core.package_identification:_identify(venv/lib/python3.10/site-packages/numpy/f2py/tests/src/kind) by extension 'python'
[0.743s] Level 1:colcon.colcon_core.package_identification:_identify(venv/lib/python3.10/site-packages/numpy/f2py/tests/src/kind) by extensions ['python_setup_py']
[0.743s] Level 1:colcon.colcon_core.package_identification:_identify(venv/lib/python3.10/site-packages/numpy/f2py/tests/src/kind) by extension 'python_setup_py'
[0.743s] Level 1:colcon.colcon_core.package_identification:_identify(venv/lib/python3.10/site-packages/numpy/f2py/tests/src/mixed) by extensions ['ignore', 'ignore_ament_install']
[0.743s] Level 1:colcon.colcon_core.package_identification:_identify(venv/lib/python3.10/site-packages/numpy/f2py/tests/src/mixed) by extension 'ignore'
[0.743s] Level 1:colcon.colcon_core.package_identification:_identify(venv/lib/python3.10/site-packages/numpy/f2py/tests/src/mixed) by extension 'ignore_ament_install'
[0.743s] Level 1:colcon.colcon_core.package_identification:_identify(venv/lib/python3.10/site-packages/numpy/f2py/tests/src/mixed) by extensions ['colcon_pkg']
[0.743s] Level 1:colcon.colcon_core.package_identification:_identify(venv/lib/python3.10/site-packages/numpy/f2py/tests/src/mixed) by extension 'colcon_pkg'
[0.743s] Level 1:colcon.colcon_core.package_identification:_identify(venv/lib/python3.10/site-packages/numpy/f2py/tests/src/mixed) by extensions ['colcon_meta']
[0.743s] Level 1:colcon.colcon_core.package_identification:_identify(venv/lib/python3.10/site-packages/numpy/f2py/tests/src/mixed) by extension 'colcon_meta'
[0.743s] Level 1:colcon.colcon_core.package_identification:_identify(venv/lib/python3.10/site-packages/numpy/f2py/tests/src/mixed) by extensions ['ros']
[0.743s] Level 1:colcon.colcon_core.package_identification:_identify(venv/lib/python3.10/site-packages/numpy/f2py/tests/src/mixed) by extension 'ros'
[0.743s] Level 1:colcon.colcon_core.package_identification:_identify(venv/lib/python3.10/site-packages/numpy/f2py/tests/src/mixed) by extensions ['cmake', 'python']
[0.743s] Level 1:colcon.colcon_core.package_identification:_identify(venv/lib/python3.10/site-packages/numpy/f2py/tests/src/mixed) by extension 'cmake'
[0.744s] Level 1:colcon.colcon_core.package_identification:_identify(venv/lib/python3.10/site-packages/numpy/f2py/tests/src/mixed) by extension 'python'
[0.744s] Level 1:colcon.colcon_core.package_identification:_identify(venv/lib/python3.10/site-packages/numpy/f2py/tests/src/mixed) by extensions ['python_setup_py']
[0.744s] Level 1:colcon.colcon_core.package_identification:_identify(venv/lib/python3.10/site-packages/numpy/f2py/tests/src/mixed) by extension 'python_setup_py'
[0.744s] Level 1:colcon.colcon_core.package_identification:_identify(venv/lib/python3.10/site-packages/numpy/f2py/tests/src/modules) by extensions ['ignore', 'ignore_ament_install']
[0.744s] Level 1:colcon.colcon_core.package_identification:_identify(venv/lib/python3.10/site-packages/numpy/f2py/tests/src/modules) by extension 'ignore'
[0.744s] Level 1:colcon.colcon_core.package_identification:_identify(venv/lib/python3.10/site-packages/numpy/f2py/tests/src/modules) by extension 'ignore_ament_install'
[0.744s] Level 1:colcon.colcon_core.package_identification:_identify(venv/lib/python3.10/site-packages/numpy/f2py/tests/src/modules) by extensions ['colcon_pkg']
[0.744s] Level 1:colcon.colcon_core.package_identification:_identify(venv/lib/python3.10/site-packages/numpy/f2py/tests/src/modules) by extension 'colcon_pkg'
[0.744s] Level 1:colcon.colcon_core.package_identification:_identify(venv/lib/python3.10/site-packages/numpy/f2py/tests/src/modules) by extensions ['colcon_meta']
[0.744s] Level 1:colcon.colcon_core.package_identification:_identify(venv/lib/python3.10/site-packages/numpy/f2py/tests/src/modules) by extension 'colcon_meta'
[0.744s] Level 1:colcon.colcon_core.package_identification:_identify(venv/lib/python3.10/site-packages/numpy/f2py/tests/src/modules) by extensions ['ros']
[0.744s] Level 1:colcon.colcon_core.package_identification:_identify(venv/lib/python3.10/site-packages/numpy/f2py/tests/src/modules) by extension 'ros'
[0.744s] Level 1:colcon.colcon_core.package_identification:_identify(venv/lib/python3.10/site-packages/numpy/f2py/tests/src/modules) by extensions ['cmake', 'python']
[0.744s] Level 1:colcon.colcon_core.package_identification:_identify(venv/lib/python3.10/site-packages/numpy/f2py/tests/src/modules) by extension 'cmake'
[0.744s] Level 1:colcon.colcon_core.package_identification:_identify(venv/lib/python3.10/site-packages/numpy/f2py/tests/src/modules) by extension 'python'
[0.744s] Level 1:colcon.colcon_core.package_identification:_identify(venv/lib/python3.10/site-packages/numpy/f2py/tests/src/modules) by extensions ['python_setup_py']
[0.744s] Level 1:colcon.colcon_core.package_identification:_identify(venv/lib/python3.10/site-packages/numpy/f2py/tests/src/modules) by extension 'python_setup_py'
[0.744s] Level 1:colcon.colcon_core.package_identification:_identify(venv/lib/python3.10/site-packages/numpy/f2py/tests/src/modules/gh25337) by extensions ['ignore', 'ignore_ament_install']
[0.744s] Level 1:colcon.colcon_core.package_identification:_identify(venv/lib/python3.10/site-packages/numpy/f2py/tests/src/modules/gh25337) by extension 'ignore'
[0.744s] Level 1:colcon.colcon_core.package_identification:_identify(venv/lib/python3.10/site-packages/numpy/f2py/tests/src/modules/gh25337) by extension 'ignore_ament_install'
[0.744s] Level 1:colcon.colcon_core.package_identification:_identify(venv/lib/python3.10/site-packages/numpy/f2py/tests/src/modules/gh25337) by extensions ['colcon_pkg']
[0.744s] Level 1:colcon.colcon_core.package_identification:_identify(venv/lib/python3.10/site-packages/numpy/f2py/tests/src/modules/gh25337) by extension 'colcon_pkg'
[0.744s] Level 1:colcon.colcon_core.package_identification:_identify(venv/lib/python3.10/site-packages/numpy/f2py/tests/src/modules/gh25337) by extensions ['colcon_meta']
[0.744s] Level 1:colcon.colcon_core.package_identification:_identify(venv/lib/python3.10/site-packages/numpy/f2py/tests/src/modules/gh25337) by extension 'colcon_meta'
[0.744s] Level 1:colcon.colcon_core.package_identification:_identify(venv/lib/python3.10/site-packages/numpy/f2py/tests/src/modules/gh25337) by extensions ['ros']
[0.744s] Level 1:colcon.colcon_core.package_identification:_identify(venv/lib/python3.10/site-packages/numpy/f2py/tests/src/modules/gh25337) by extension 'ros'
[0.744s] Level 1:colcon.colcon_core.package_identification:_identify(venv/lib/python3.10/site-packages/numpy/f2py/tests/src/modules/gh25337) by extensions ['cmake', 'python']
[0.744s] Level 1:colcon.colcon_core.package_identification:_identify(venv/lib/python3.10/site-packages/numpy/f2py/tests/src/modules/gh25337) by extension 'cmake'
[0.744s] Level 1:colcon.colcon_core.package_identification:_identify(venv/lib/python3.10/site-packages/numpy/f2py/tests/src/modules/gh25337) by extension 'python'
[0.744s] Level 1:colcon.colcon_core.package_identification:_identify(venv/lib/python3.10/site-packages/numpy/f2py/tests/src/modules/gh25337) by extensions ['python_setup_py']
[0.744s] Level 1:colcon.colcon_core.package_identification:_identify(venv/lib/python3.10/site-packages/numpy/f2py/tests/src/modules/gh25337) by extension 'python_setup_py'
[0.745s] Level 1:colcon.colcon_core.package_identification:_identify(venv/lib/python3.10/site-packages/numpy/f2py/tests/src/modules/gh26920) by extensions ['ignore', 'ignore_ament_install']
[0.745s] Level 1:colcon.colcon_core.package_identification:_identify(venv/lib/python3.10/site-packages/numpy/f2py/tests/src/modules/gh26920) by extension 'ignore'
[0.745s] Level 1:colcon.colcon_core.package_identification:_identify(venv/lib/python3.10/site-packages/numpy/f2py/tests/src/modules/gh26920) by extension 'ignore_ament_install'
[0.745s] Level 1:colcon.colcon_core.package_identification:_identify(venv/lib/python3.10/site-packages/numpy/f2py/tests/src/modules/gh26920) by extensions ['colcon_pkg']
[0.745s] Level 1:colcon.colcon_core.package_identification:_identify(venv/lib/python3.10/site-packages/numpy/f2py/tests/src/modules/gh26920) by extension 'colcon_pkg'
[0.745s] Level 1:colcon.colcon_core.package_identification:_identify(venv/lib/python3.10/site-packages/numpy/f2py/tests/src/modules/gh26920) by extensions ['colcon_meta']
[0.745s] Level 1:colcon.colcon_core.package_identification:_identify(venv/lib/python3.10/site-packages/numpy/f2py/tests/src/modules/gh26920) by extension 'colcon_meta'
[0.745s] Level 1:colcon.colcon_core.package_identification:_identify(venv/lib/python3.10/site-packages/numpy/f2py/tests/src/modules/gh26920) by extensions ['ros']
[0.745s] Level 1:colcon.colcon_core.package_identification:_identify(venv/lib/python3.10/site-packages/numpy/f2py/tests/src/modules/gh26920) by extension 'ros'
[0.745s] Level 1:colcon.colcon_core.package_identification:_identify(venv/lib/python3.10/site-packages/numpy/f2py/tests/src/modules/gh26920) by extensions ['cmake', 'python']
[0.745s] Level 1:colcon.colcon_core.package_identification:_identify(venv/lib/python3.10/site-packages/numpy/f2py/tests/src/modules/gh26920) by extension 'cmake'
[0.745s] Level 1:colcon.colcon_core.package_identification:_identify(venv/lib/python3.10/site-packages/numpy/f2py/tests/src/modules/gh26920) by extension 'python'
[0.745s] Level 1:colcon.colcon_core.package_identification:_identify(venv/lib/python3.10/site-packages/numpy/f2py/tests/src/modules/gh26920) by extensions ['python_setup_py']
[0.745s] Level 1:colcon.colcon_core.package_identification:_identify(venv/lib/python3.10/site-packages/numpy/f2py/tests/src/modules/gh26920) by extension 'python_setup_py'
[0.745s] Level 1:colcon.colcon_core.package_identification:_identify(venv/lib/python3.10/site-packages/numpy/f2py/tests/src/negative_bounds) by extensions ['ignore', 'ignore_ament_install']
[0.745s] Level 1:colcon.colcon_core.package_identification:_identify(venv/lib/python3.10/site-packages/numpy/f2py/tests/src/negative_bounds) by extension 'ignore'
[0.745s] Level 1:colcon.colcon_core.package_identification:_identify(venv/lib/python3.10/site-packages/numpy/f2py/tests/src/negative_bounds) by extension 'ignore_ament_install'
[0.745s] Level 1:colcon.colcon_core.package_identification:_identify(venv/lib/python3.10/site-packages/numpy/f2py/tests/src/negative_bounds) by extensions ['colcon_pkg']
[0.745s] Level 1:colcon.colcon_core.package_identification:_identify(venv/lib/python3.10/site-packages/numpy/f2py/tests/src/negative_bounds) by extension 'colcon_pkg'
[0.745s] Level 1:colcon.colcon_core.package_identification:_identify(venv/lib/python3.10/site-packages/numpy/f2py/tests/src/negative_bounds) by extensions ['colcon_meta']
[0.745s] Level 1:colcon.colcon_core.package_identification:_identify(venv/lib/python3.10/site-packages/numpy/f2py/tests/src/negative_bounds) by extension 'colcon_meta'
[0.745s] Level 1:colcon.colcon_core.package_identification:_identify(venv/lib/python3.10/site-packages/numpy/f2py/tests/src/negative_bounds) by extensions ['ros']
[0.745s] Level 1:colcon.colcon_core.package_identification:_identify(venv/lib/python3.10/site-packages/numpy/f2py/tests/src/negative_bounds) by extension 'ros'
[0.745s] Level 1:colcon.colcon_core.package_identification:_identify(venv/lib/python3.10/site-packages/numpy/f2py/tests/src/negative_bounds) by extensions ['cmake', 'python']
[0.745s] Level 1:colcon.colcon_core.package_identification:_identify(venv/lib/python3.10/site-packages/numpy/f2py/tests/src/negative_bounds) by extension 'cmake'
[0.745s] Level 1:colcon.colcon_core.package_identification:_identify(venv/lib/python3.10/site-packages/numpy/f2py/tests/src/negative_bounds) by extension 'python'
[0.745s] Level 1:colcon.colcon_core.package_identification:_identify(venv/lib/python3.10/site-packages/numpy/f2py/tests/src/negative_bounds) by extensions ['python_setup_py']
[0.745s] Level 1:colcon.colcon_core.package_identification:_identify(venv/lib/python3.10/site-packages/numpy/f2py/tests/src/negative_bounds) by extension 'python_setup_py'
[0.745s] Level 1:colcon.colcon_core.package_identification:_identify(venv/lib/python3.10/site-packages/numpy/f2py/tests/src/parameter) by extensions ['ignore', 'ignore_ament_install']
[0.745s] Level 1:colcon.colcon_core.package_identification:_identify(venv/lib/python3.10/site-packages/numpy/f2py/tests/src/parameter) by extension 'ignore'
[0.745s] Level 1:colcon.colcon_core.package_identification:_identify(venv/lib/python3.10/site-packages/numpy/f2py/tests/src/parameter) by extension 'ignore_ament_install'
[0.745s] Level 1:colcon.colcon_core.package_identification:_identify(venv/lib/python3.10/site-packages/numpy/f2py/tests/src/parameter) by extensions ['colcon_pkg']
[0.746s] Level 1:colcon.colcon_core.package_identification:_identify(venv/lib/python3.10/site-packages/numpy/f2py/tests/src/parameter) by extension 'colcon_pkg'
[0.746s] Level 1:colcon.colcon_core.package_identification:_identify(venv/lib/python3.10/site-packages/numpy/f2py/tests/src/parameter) by extensions ['colcon_meta']
[0.746s] Level 1:colcon.colcon_core.package_identification:_identify(venv/lib/python3.10/site-packages/numpy/f2py/tests/src/parameter) by extension 'colcon_meta'
[0.746s] Level 1:colcon.colcon_core.package_identification:_identify(venv/lib/python3.10/site-packages/numpy/f2py/tests/src/parameter) by extensions ['ros']
[0.746s] Level 1:colcon.colcon_core.package_identification:_identify(venv/lib/python3.10/site-packages/numpy/f2py/tests/src/parameter) by extension 'ros'
[0.746s] Level 1:colcon.colcon_core.package_identification:_identify(venv/lib/python3.10/site-packages/numpy/f2py/tests/src/parameter) by extensions ['cmake', 'python']
[0.746s] Level 1:colcon.colcon_core.package_identification:_identify(venv/lib/python3.10/site-packages/numpy/f2py/tests/src/parameter) by extension 'cmake'
[0.746s] Level 1:colcon.colcon_core.package_identification:_identify(venv/lib/python3.10/site-packages/numpy/f2py/tests/src/parameter) by extension 'python'
[0.746s] Level 1:colcon.colcon_core.package_identification:_identify(venv/lib/python3.10/site-packages/numpy/f2py/tests/src/parameter) by extensions ['python_setup_py']
[0.746s] Level 1:colcon.colcon_core.package_identification:_identify(venv/lib/python3.10/site-packages/numpy/f2py/tests/src/parameter) by extension 'python_setup_py'
[0.746s] Level 1:colcon.colcon_core.package_identification:_identify(venv/lib/python3.10/site-packages/numpy/f2py/tests/src/quoted_character) by extensions ['ignore', 'ignore_ament_install']
[0.746s] Level 1:colcon.colcon_core.package_identification:_identify(venv/lib/python3.10/site-packages/numpy/f2py/tests/src/quoted_character) by extension 'ignore'
[0.746s] Level 1:colcon.colcon_core.package_identification:_identify(venv/lib/python3.10/site-packages/numpy/f2py/tests/src/quoted_character) by extension 'ignore_ament_install'
[0.746s] Level 1:colcon.colcon_core.package_identification:_identify(venv/lib/python3.10/site-packages/numpy/f2py/tests/src/quoted_character) by extensions ['colcon_pkg']
[0.746s] Level 1:colcon.colcon_core.package_identification:_identify(venv/lib/python3.10/site-packages/numpy/f2py/tests/src/quoted_character) by extension 'colcon_pkg'
[0.746s] Level 1:colcon.colcon_core.package_identification:_identify(venv/lib/python3.10/site-packages/numpy/f2py/tests/src/quoted_character) by extensions ['colcon_meta']
[0.746s] Level 1:colcon.colcon_core.package_identification:_identify(venv/lib/python3.10/site-packages/numpy/f2py/tests/src/quoted_character) by extension 'colcon_meta'
[0.746s] Level 1:colcon.colcon_core.package_identification:_identify(venv/lib/python3.10/site-packages/numpy/f2py/tests/src/quoted_character) by extensions ['ros']
[0.746s] Level 1:colcon.colcon_core.package_identification:_identify(venv/lib/python3.10/site-packages/numpy/f2py/tests/src/quoted_character) by extension 'ros'
[0.746s] Level 1:colcon.colcon_core.package_identification:_identify(venv/lib/python3.10/site-packages/numpy/f2py/tests/src/quoted_character) by extensions ['cmake', 'python']
[0.746s] Level 1:colcon.colcon_core.package_identification:_identify(venv/lib/python3.10/site-packages/numpy/f2py/tests/src/quoted_character) by extension 'cmake'
[0.746s] Level 1:colcon.colcon_core.package_identification:_identify(venv/lib/python3.10/site-packages/numpy/f2py/tests/src/quoted_character) by extension 'python'
[0.746s] Level 1:colcon.colcon_core.package_identification:_identify(venv/lib/python3.10/site-packages/numpy/f2py/tests/src/quoted_character) by extensions ['python_setup_py']
[0.746s] Level 1:colcon.colcon_core.package_identification:_identify(venv/lib/python3.10/site-packages/numpy/f2py/tests/src/quoted_character) by extension 'python_setup_py'
[0.746s] Level 1:colcon.colcon_core.package_identification:_identify(venv/lib/python3.10/site-packages/numpy/f2py/tests/src/regression) by extensions ['ignore', 'ignore_ament_install']
[0.746s] Level 1:colcon.colcon_core.package_identification:_identify(venv/lib/python3.10/site-packages/numpy/f2py/tests/src/regression) by extension 'ignore'
[0.746s] Level 1:colcon.colcon_core.package_identification:_identify(venv/lib/python3.10/site-packages/numpy/f2py/tests/src/regression) by extension 'ignore_ament_install'
[0.746s] Level 1:colcon.colcon_core.package_identification:_identify(venv/lib/python3.10/site-packages/numpy/f2py/tests/src/regression) by extensions ['colcon_pkg']
[0.746s] Level 1:colcon.colcon_core.package_identification:_identify(venv/lib/python3.10/site-packages/numpy/f2py/tests/src/regression) by extension 'colcon_pkg'
[0.746s] Level 1:colcon.colcon_core.package_identification:_identify(venv/lib/python3.10/site-packages/numpy/f2py/tests/src/regression) by extensions ['colcon_meta']
[0.746s] Level 1:colcon.colcon_core.package_identification:_identify(venv/lib/python3.10/site-packages/numpy/f2py/tests/src/regression) by extension 'colcon_meta'
[0.746s] Level 1:colcon.colcon_core.package_identification:_identify(venv/lib/python3.10/site-packages/numpy/f2py/tests/src/regression) by extensions ['ros']
[0.746s] Level 1:colcon.colcon_core.package_identification:_identify(venv/lib/python3.10/site-packages/numpy/f2py/tests/src/regression) by extension 'ros'
[0.747s] Level 1:colcon.colcon_core.package_identification:_identify(venv/lib/python3.10/site-packages/numpy/f2py/tests/src/regression) by extensions ['cmake', 'python']
[0.747s] Level 1:colcon.colcon_core.package_identification:_identify(venv/lib/python3.10/site-packages/numpy/f2py/tests/src/regression) by extension 'cmake'
[0.747s] Level 1:colcon.colcon_core.package_identification:_identify(venv/lib/python3.10/site-packages/numpy/f2py/tests/src/regression) by extension 'python'
[0.747s] Level 1:colcon.colcon_core.package_identification:_identify(venv/lib/python3.10/site-packages/numpy/f2py/tests/src/regression) by extensions ['python_setup_py']
[0.747s] Level 1:colcon.colcon_core.package_identification:_identify(venv/lib/python3.10/site-packages/numpy/f2py/tests/src/regression) by extension 'python_setup_py'
[0.747s] Level 1:colcon.colcon_core.package_identification:_identify(venv/lib/python3.10/site-packages/numpy/f2py/tests/src/return_character) by extensions ['ignore', 'ignore_ament_install']
[0.747s] Level 1:colcon.colcon_core.package_identification:_identify(venv/lib/python3.10/site-packages/numpy/f2py/tests/src/return_character) by extension 'ignore'
[0.747s] Level 1:colcon.colcon_core.package_identification:_identify(venv/lib/python3.10/site-packages/numpy/f2py/tests/src/return_character) by extension 'ignore_ament_install'
[0.747s] Level 1:colcon.colcon_core.package_identification:_identify(venv/lib/python3.10/site-packages/numpy/f2py/tests/src/return_character) by extensions ['colcon_pkg']
[0.747s] Level 1:colcon.colcon_core.package_identification:_identify(venv/lib/python3.10/site-packages/numpy/f2py/tests/src/return_character) by extension 'colcon_pkg'
[0.747s] Level 1:colcon.colcon_core.package_identification:_identify(venv/lib/python3.10/site-packages/numpy/f2py/tests/src/return_character) by extensions ['colcon_meta']
[0.747s] Level 1:colcon.colcon_core.package_identification:_identify(venv/lib/python3.10/site-packages/numpy/f2py/tests/src/return_character) by extension 'colcon_meta'
[0.747s] Level 1:colcon.colcon_core.package_identification:_identify(venv/lib/python3.10/site-packages/numpy/f2py/tests/src/return_character) by extensions ['ros']
[0.747s] Level 1:colcon.colcon_core.package_identification:_identify(venv/lib/python3.10/site-packages/numpy/f2py/tests/src/return_character) by extension 'ros'
[0.747s] Level 1:colcon.colcon_core.package_identification:_identify(venv/lib/python3.10/site-packages/numpy/f2py/tests/src/return_character) by extensions ['cmake', 'python']
[0.747s] Level 1:colcon.colcon_core.package_identification:_identify(venv/lib/python3.10/site-packages/numpy/f2py/tests/src/return_character) by extension 'cmake'
[0.747s] Level 1:colcon.colcon_core.package_identification:_identify(venv/lib/python3.10/site-packages/numpy/f2py/tests/src/return_character) by extension 'python'
[0.747s] Level 1:colcon.colcon_core.package_identification:_identify(venv/lib/python3.10/site-packages/numpy/f2py/tests/src/return_character) by extensions ['python_setup_py']
[0.747s] Level 1:colcon.colcon_core.package_identification:_identify(venv/lib/python3.10/site-packages/numpy/f2py/tests/src/return_character) by extension 'python_setup_py'
[0.747s] Level 1:colcon.colcon_core.package_identification:_identify(venv/lib/python3.10/site-packages/numpy/f2py/tests/src/return_complex) by extensions ['ignore', 'ignore_ament_install']
[0.747s] Level 1:colcon.colcon_core.package_identification:_identify(venv/lib/python3.10/site-packages/numpy/f2py/tests/src/return_complex) by extension 'ignore'
[0.747s] Level 1:colcon.colcon_core.package_identification:_identify(venv/lib/python3.10/site-packages/numpy/f2py/tests/src/return_complex) by extension 'ignore_ament_install'
[0.747s] Level 1:colcon.colcon_core.package_identification:_identify(venv/lib/python3.10/site-packages/numpy/f2py/tests/src/return_complex) by extensions ['colcon_pkg']
[0.747s] Level 1:colcon.colcon_core.package_identification:_identify(venv/lib/python3.10/site-packages/numpy/f2py/tests/src/return_complex) by extension 'colcon_pkg'
[0.747s] Level 1:colcon.colcon_core.package_identification:_identify(venv/lib/python3.10/site-packages/numpy/f2py/tests/src/return_complex) by extensions ['colcon_meta']
[0.747s] Level 1:colcon.colcon_core.package_identification:_identify(venv/lib/python3.10/site-packages/numpy/f2py/tests/src/return_complex) by extension 'colcon_meta'
[0.747s] Level 1:colcon.colcon_core.package_identification:_identify(venv/lib/python3.10/site-packages/numpy/f2py/tests/src/return_complex) by extensions ['ros']
[0.747s] Level 1:colcon.colcon_core.package_identification:_identify(venv/lib/python3.10/site-packages/numpy/f2py/tests/src/return_complex) by extension 'ros'
[0.747s] Level 1:colcon.colcon_core.package_identification:_identify(venv/lib/python3.10/site-packages/numpy/f2py/tests/src/return_complex) by extensions ['cmake', 'python']
[0.747s] Level 1:colcon.colcon_core.package_identification:_identify(venv/lib/python3.10/site-packages/numpy/f2py/tests/src/return_complex) by extension 'cmake'
[0.747s] Level 1:colcon.colcon_core.package_identification:_identify(venv/lib/python3.10/site-packages/numpy/f2py/tests/src/return_complex) by extension 'python'
[0.747s] Level 1:colcon.colcon_core.package_identification:_identify(venv/lib/python3.10/site-packages/numpy/f2py/tests/src/return_complex) by extensions ['python_setup_py']
[0.747s] Level 1:colcon.colcon_core.package_identification:_identify(venv/lib/python3.10/site-packages/numpy/f2py/tests/src/return_complex) by extension 'python_setup_py'
[0.748s] Level 1:colcon.colcon_core.package_identification:_identify(venv/lib/python3.10/site-packages/numpy/f2py/tests/src/return_integer) by extensions ['ignore', 'ignore_ament_install']
[0.748s] Level 1:colcon.colcon_core.package_identification:_identify(venv/lib/python3.10/site-packages/numpy/f2py/tests/src/return_integer) by extension 'ignore'
[0.748s] Level 1:colcon.colcon_core.package_identification:_identify(venv/lib/python3.10/site-packages/numpy/f2py/tests/src/return_integer) by extension 'ignore_ament_install'
[0.748s] Level 1:colcon.colcon_core.package_identification:_identify(venv/lib/python3.10/site-packages/numpy/f2py/tests/src/return_integer) by extensions ['colcon_pkg']
[0.748s] Level 1:colcon.colcon_core.package_identification:_identify(venv/lib/python3.10/site-packages/numpy/f2py/tests/src/return_integer) by extension 'colcon_pkg'
[0.748s] Level 1:colcon.colcon_core.package_identification:_identify(venv/lib/python3.10/site-packages/numpy/f2py/tests/src/return_integer) by extensions ['colcon_meta']
[0.748s] Level 1:colcon.colcon_core.package_identification:_identify(venv/lib/python3.10/site-packages/numpy/f2py/tests/src/return_integer) by extension 'colcon_meta'
[0.748s] Level 1:colcon.colcon_core.package_identification:_identify(venv/lib/python3.10/site-packages/numpy/f2py/tests/src/return_integer) by extensions ['ros']
[0.748s] Level 1:colcon.colcon_core.package_identification:_identify(venv/lib/python3.10/site-packages/numpy/f2py/tests/src/return_integer) by extension 'ros'
[0.748s] Level 1:colcon.colcon_core.package_identification:_identify(venv/lib/python3.10/site-packages/numpy/f2py/tests/src/return_integer) by extensions ['cmake', 'python']
[0.748s] Level 1:colcon.colcon_core.package_identification:_identify(venv/lib/python3.10/site-packages/numpy/f2py/tests/src/return_integer) by extension 'cmake'
[0.748s] Level 1:colcon.colcon_core.package_identification:_identify(venv/lib/python3.10/site-packages/numpy/f2py/tests/src/return_integer) by extension 'python'
[0.748s] Level 1:colcon.colcon_core.package_identification:_identify(venv/lib/python3.10/site-packages/numpy/f2py/tests/src/return_integer) by extensions ['python_setup_py']
[0.748s] Level 1:colcon.colcon_core.package_identification:_identify(venv/lib/python3.10/site-packages/numpy/f2py/tests/src/return_integer) by extension 'python_setup_py'
[0.748s] Level 1:colcon.colcon_core.package_identification:_identify(venv/lib/python3.10/site-packages/numpy/f2py/tests/src/return_logical) by extensions ['ignore', 'ignore_ament_install']
[0.748s] Level 1:colcon.colcon_core.package_identification:_identify(venv/lib/python3.10/site-packages/numpy/f2py/tests/src/return_logical) by extension 'ignore'
[0.748s] Level 1:colcon.colcon_core.package_identification:_identify(venv/lib/python3.10/site-packages/numpy/f2py/tests/src/return_logical) by extension 'ignore_ament_install'
[0.748s] Level 1:colcon.colcon_core.package_identification:_identify(venv/lib/python3.10/site-packages/numpy/f2py/tests/src/return_logical) by extensions ['colcon_pkg']
[0.748s] Level 1:colcon.colcon_core.package_identification:_identify(venv/lib/python3.10/site-packages/numpy/f2py/tests/src/return_logical) by extension 'colcon_pkg'
[0.748s] Level 1:colcon.colcon_core.package_identification:_identify(venv/lib/python3.10/site-packages/numpy/f2py/tests/src/return_logical) by extensions ['colcon_meta']
[0.748s] Level 1:colcon.colcon_core.package_identification:_identify(venv/lib/python3.10/site-packages/numpy/f2py/tests/src/return_logical) by extension 'colcon_meta'
[0.748s] Level 1:colcon.colcon_core.package_identification:_identify(venv/lib/python3.10/site-packages/numpy/f2py/tests/src/return_logical) by extensions ['ros']
[0.748s] Level 1:colcon.colcon_core.package_identification:_identify(venv/lib/python3.10/site-packages/numpy/f2py/tests/src/return_logical) by extension 'ros'
[0.748s] Level 1:colcon.colcon_core.package_identification:_identify(venv/lib/python3.10/site-packages/numpy/f2py/tests/src/return_logical) by extensions ['cmake', 'python']
[0.748s] Level 1:colcon.colcon_core.package_identification:_identify(venv/lib/python3.10/site-packages/numpy/f2py/tests/src/return_logical) by extension 'cmake'
[0.748s] Level 1:colcon.colcon_core.package_identification:_identify(venv/lib/python3.10/site-packages/numpy/f2py/tests/src/return_logical) by extension 'python'
[0.748s] Level 1:colcon.colcon_core.package_identification:_identify(venv/lib/python3.10/site-packages/numpy/f2py/tests/src/return_logical) by extensions ['python_setup_py']
[0.748s] Level 1:colcon.colcon_core.package_identification:_identify(venv/lib/python3.10/site-packages/numpy/f2py/tests/src/return_logical) by extension 'python_setup_py'
[0.748s] Level 1:colcon.colcon_core.package_identification:_identify(venv/lib/python3.10/site-packages/numpy/f2py/tests/src/return_real) by extensions ['ignore', 'ignore_ament_install']
[0.748s] Level 1:colcon.colcon_core.package_identification:_identify(venv/lib/python3.10/site-packages/numpy/f2py/tests/src/return_real) by extension 'ignore'
[0.748s] Level 1:colcon.colcon_core.package_identification:_identify(venv/lib/python3.10/site-packages/numpy/f2py/tests/src/return_real) by extension 'ignore_ament_install'
[0.749s] Level 1:colcon.colcon_core.package_identification:_identify(venv/lib/python3.10/site-packages/numpy/f2py/tests/src/return_real) by extensions ['colcon_pkg']
[0.749s] Level 1:colcon.colcon_core.package_identification:_identify(venv/lib/python3.10/site-packages/numpy/f2py/tests/src/return_real) by extension 'colcon_pkg'
[0.749s] Level 1:colcon.colcon_core.package_identification:_identify(venv/lib/python3.10/site-packages/numpy/f2py/tests/src/return_real) by extensions ['colcon_meta']
[0.749s] Level 1:colcon.colcon_core.package_identification:_identify(venv/lib/python3.10/site-packages/numpy/f2py/tests/src/return_real) by extension 'colcon_meta'
[0.749s] Level 1:colcon.colcon_core.package_identification:_identify(venv/lib/python3.10/site-packages/numpy/f2py/tests/src/return_real) by extensions ['ros']
[0.749s] Level 1:colcon.colcon_core.package_identification:_identify(venv/lib/python3.10/site-packages/numpy/f2py/tests/src/return_real) by extension 'ros'
[0.749s] Level 1:colcon.colcon_core.package_identification:_identify(venv/lib/python3.10/site-packages/numpy/f2py/tests/src/return_real) by extensions ['cmake', 'python']
[0.749s] Level 1:colcon.colcon_core.package_identification:_identify(venv/lib/python3.10/site-packages/numpy/f2py/tests/src/return_real) by extension 'cmake'
[0.749s] Level 1:colcon.colcon_core.package_identification:_identify(venv/lib/python3.10/site-packages/numpy/f2py/tests/src/return_real) by extension 'python'
[0.749s] Level 1:colcon.colcon_core.package_identification:_identify(venv/lib/python3.10/site-packages/numpy/f2py/tests/src/return_real) by extensions ['python_setup_py']
[0.749s] Level 1:colcon.colcon_core.package_identification:_identify(venv/lib/python3.10/site-packages/numpy/f2py/tests/src/return_real) by extension 'python_setup_py'
[0.749s] Level 1:colcon.colcon_core.package_identification:_identify(venv/lib/python3.10/site-packages/numpy/f2py/tests/src/routines) by extensions ['ignore', 'ignore_ament_install']
[0.749s] Level 1:colcon.colcon_core.package_identification:_identify(venv/lib/python3.10/site-packages/numpy/f2py/tests/src/routines) by extension 'ignore'
[0.749s] Level 1:colcon.colcon_core.package_identification:_identify(venv/lib/python3.10/site-packages/numpy/f2py/tests/src/routines) by extension 'ignore_ament_install'
[0.749s] Level 1:colcon.colcon_core.package_identification:_identify(venv/lib/python3.10/site-packages/numpy/f2py/tests/src/routines) by extensions ['colcon_pkg']
[0.749s] Level 1:colcon.colcon_core.package_identification:_identify(venv/lib/python3.10/site-packages/numpy/f2py/tests/src/routines) by extension 'colcon_pkg'
[0.749s] Level 1:colcon.colcon_core.package_identification:_identify(venv/lib/python3.10/site-packages/numpy/f2py/tests/src/routines) by extensions ['colcon_meta']
[0.749s] Level 1:colcon.colcon_core.package_identification:_identify(venv/lib/python3.10/site-packages/numpy/f2py/tests/src/routines) by extension 'colcon_meta'
[0.749s] Level 1:colcon.colcon_core.package_identification:_identify(venv/lib/python3.10/site-packages/numpy/f2py/tests/src/routines) by extensions ['ros']
[0.749s] Level 1:colcon.colcon_core.package_identification:_identify(venv/lib/python3.10/site-packages/numpy/f2py/tests/src/routines) by extension 'ros'
[0.749s] Level 1:colcon.colcon_core.package_identification:_identify(venv/lib/python3.10/site-packages/numpy/f2py/tests/src/routines) by extensions ['cmake', 'python']
[0.749s] Level 1:colcon.colcon_core.package_identification:_identify(venv/lib/python3.10/site-packages/numpy/f2py/tests/src/routines) by extension 'cmake'
[0.749s] Level 1:colcon.colcon_core.package_identification:_identify(venv/lib/python3.10/site-packages/numpy/f2py/tests/src/routines) by extension 'python'
[0.749s] Level 1:colcon.colcon_core.package_identification:_identify(venv/lib/python3.10/site-packages/numpy/f2py/tests/src/routines) by extensions ['python_setup_py']
[0.749s] Level 1:colcon.colcon_core.package_identification:_identify(venv/lib/python3.10/site-packages/numpy/f2py/tests/src/routines) by extension 'python_setup_py'
[0.749s] Level 1:colcon.colcon_core.package_identification:_identify(venv/lib/python3.10/site-packages/numpy/f2py/tests/src/size) by extensions ['ignore', 'ignore_ament_install']
[0.749s] Level 1:colcon.colcon_core.package_identification:_identify(venv/lib/python3.10/site-packages/numpy/f2py/tests/src/size) by extension 'ignore'
[0.749s] Level 1:colcon.colcon_core.package_identification:_identify(venv/lib/python3.10/site-packages/numpy/f2py/tests/src/size) by extension 'ignore_ament_install'
[0.749s] Level 1:colcon.colcon_core.package_identification:_identify(venv/lib/python3.10/site-packages/numpy/f2py/tests/src/size) by extensions ['colcon_pkg']
[0.749s] Level 1:colcon.colcon_core.package_identification:_identify(venv/lib/python3.10/site-packages/numpy/f2py/tests/src/size) by extension 'colcon_pkg'
[0.749s] Level 1:colcon.colcon_core.package_identification:_identify(venv/lib/python3.10/site-packages/numpy/f2py/tests/src/size) by extensions ['colcon_meta']
[0.749s] Level 1:colcon.colcon_core.package_identification:_identify(venv/lib/python3.10/site-packages/numpy/f2py/tests/src/size) by extension 'colcon_meta'
[0.749s] Level 1:colcon.colcon_core.package_identification:_identify(venv/lib/python3.10/site-packages/numpy/f2py/tests/src/size) by extensions ['ros']
[0.750s] Level 1:colcon.colcon_core.package_identification:_identify(venv/lib/python3.10/site-packages/numpy/f2py/tests/src/size) by extension 'ros'
[0.750s] Level 1:colcon.colcon_core.package_identification:_identify(venv/lib/python3.10/site-packages/numpy/f2py/tests/src/size) by extensions ['cmake', 'python']
[0.750s] Level 1:colcon.colcon_core.package_identification:_identify(venv/lib/python3.10/site-packages/numpy/f2py/tests/src/size) by extension 'cmake'
[0.750s] Level 1:colcon.colcon_core.package_identification:_identify(venv/lib/python3.10/site-packages/numpy/f2py/tests/src/size) by extension 'python'
[0.750s] Level 1:colcon.colcon_core.package_identification:_identify(venv/lib/python3.10/site-packages/numpy/f2py/tests/src/size) by extensions ['python_setup_py']
[0.750s] Level 1:colcon.colcon_core.package_identification:_identify(venv/lib/python3.10/site-packages/numpy/f2py/tests/src/size) by extension 'python_setup_py'
[0.750s] Level 1:colcon.colcon_core.package_identification:_identify(venv/lib/python3.10/site-packages/numpy/f2py/tests/src/string) by extensions ['ignore', 'ignore_ament_install']
[0.750s] Level 1:colcon.colcon_core.package_identification:_identify(venv/lib/python3.10/site-packages/numpy/f2py/tests/src/string) by extension 'ignore'
[0.750s] Level 1:colcon.colcon_core.package_identification:_identify(venv/lib/python3.10/site-packages/numpy/f2py/tests/src/string) by extension 'ignore_ament_install'
[0.750s] Level 1:colcon.colcon_core.package_identification:_identify(venv/lib/python3.10/site-packages/numpy/f2py/tests/src/string) by extensions ['colcon_pkg']
[0.750s] Level 1:colcon.colcon_core.package_identification:_identify(venv/lib/python3.10/site-packages/numpy/f2py/tests/src/string) by extension 'colcon_pkg'
[0.750s] Level 1:colcon.colcon_core.package_identification:_identify(venv/lib/python3.10/site-packages/numpy/f2py/tests/src/string) by extensions ['colcon_meta']
[0.750s] Level 1:colcon.colcon_core.package_identification:_identify(venv/lib/python3.10/site-packages/numpy/f2py/tests/src/string) by extension 'colcon_meta'
[0.750s] Level 1:colcon.colcon_core.package_identification:_identify(venv/lib/python3.10/site-packages/numpy/f2py/tests/src/string) by extensions ['ros']
[0.750s] Level 1:colcon.colcon_core.package_identification:_identify(venv/lib/python3.10/site-packages/numpy/f2py/tests/src/string) by extension 'ros'
[0.750s] Level 1:colcon.colcon_core.package_identification:_identify(venv/lib/python3.10/site-packages/numpy/f2py/tests/src/string) by extensions ['cmake', 'python']
[0.750s] Level 1:colcon.colcon_core.package_identification:_identify(venv/lib/python3.10/site-packages/numpy/f2py/tests/src/string) by extension 'cmake'
[0.750s] Level 1:colcon.colcon_core.package_identification:_identify(venv/lib/python3.10/site-packages/numpy/f2py/tests/src/string) by extension 'python'
[0.750s] Level 1:colcon.colcon_core.package_identification:_identify(venv/lib/python3.10/site-packages/numpy/f2py/tests/src/string) by extensions ['python_setup_py']
[0.750s] Level 1:colcon.colcon_core.package_identification:_identify(venv/lib/python3.10/site-packages/numpy/f2py/tests/src/string) by extension 'python_setup_py'
[0.750s] Level 1:colcon.colcon_core.package_identification:_identify(venv/lib/python3.10/site-packages/numpy/f2py/tests/src/value_attrspec) by extensions ['ignore', 'ignore_ament_install']
[0.750s] Level 1:colcon.colcon_core.package_identification:_identify(venv/lib/python3.10/site-packages/numpy/f2py/tests/src/value_attrspec) by extension 'ignore'
[0.750s] Level 1:colcon.colcon_core.package_identification:_identify(venv/lib/python3.10/site-packages/numpy/f2py/tests/src/value_attrspec) by extension 'ignore_ament_install'
[0.750s] Level 1:colcon.colcon_core.package_identification:_identify(venv/lib/python3.10/site-packages/numpy/f2py/tests/src/value_attrspec) by extensions ['colcon_pkg']
[0.750s] Level 1:colcon.colcon_core.package_identification:_identify(venv/lib/python3.10/site-packages/numpy/f2py/tests/src/value_attrspec) by extension 'colcon_pkg'
[0.750s] Level 1:colcon.colcon_core.package_identification:_identify(venv/lib/python3.10/site-packages/numpy/f2py/tests/src/value_attrspec) by extensions ['colcon_meta']
[0.750s] Level 1:colcon.colcon_core.package_identification:_identify(venv/lib/python3.10/site-packages/numpy/f2py/tests/src/value_attrspec) by extension 'colcon_meta'
[0.750s] Level 1:colcon.colcon_core.package_identification:_identify(venv/lib/python3.10/site-packages/numpy/f2py/tests/src/value_attrspec) by extensions ['ros']
[0.750s] Level 1:colcon.colcon_core.package_identification:_identify(venv/lib/python3.10/site-packages/numpy/f2py/tests/src/value_attrspec) by extension 'ros'
[0.750s] Level 1:colcon.colcon_core.package_identification:_identify(venv/lib/python3.10/site-packages/numpy/f2py/tests/src/value_attrspec) by extensions ['cmake', 'python']
[0.750s] Level 1:colcon.colcon_core.package_identification:_identify(venv/lib/python3.10/site-packages/numpy/f2py/tests/src/value_attrspec) by extension 'cmake'
[0.750s] Level 1:colcon.colcon_core.package_identification:_identify(venv/lib/python3.10/site-packages/numpy/f2py/tests/src/value_attrspec) by extension 'python'
[0.750s] Level 1:colcon.colcon_core.package_identification:_identify(venv/lib/python3.10/site-packages/numpy/f2py/tests/src/value_attrspec) by extensions ['python_setup_py']
[0.750s] Level 1:colcon.colcon_core.package_identification:_identify(venv/lib/python3.10/site-packages/numpy/f2py/tests/src/value_attrspec) by extension 'python_setup_py'
[0.751s] Level 1:colcon.colcon_core.package_identification:_identify(venv/lib/python3.10/site-packages/numpy/fft) by extensions ['ignore', 'ignore_ament_install']
[0.751s] Level 1:colcon.colcon_core.package_identification:_identify(venv/lib/python3.10/site-packages/numpy/fft) by extension 'ignore'
[0.751s] Level 1:colcon.colcon_core.package_identification:_identify(venv/lib/python3.10/site-packages/numpy/fft) by extension 'ignore_ament_install'
[0.751s] Level 1:colcon.colcon_core.package_identification:_identify(venv/lib/python3.10/site-packages/numpy/fft) by extensions ['colcon_pkg']
[0.751s] Level 1:colcon.colcon_core.package_identification:_identify(venv/lib/python3.10/site-packages/numpy/fft) by extension 'colcon_pkg'
[0.751s] Level 1:colcon.colcon_core.package_identification:_identify(venv/lib/python3.10/site-packages/numpy/fft) by extensions ['colcon_meta']
[0.751s] Level 1:colcon.colcon_core.package_identification:_identify(venv/lib/python3.10/site-packages/numpy/fft) by extension 'colcon_meta'
[0.751s] Level 1:colcon.colcon_core.package_identification:_identify(venv/lib/python3.10/site-packages/numpy/fft) by extensions ['ros']
[0.751s] Level 1:colcon.colcon_core.package_identification:_identify(venv/lib/python3.10/site-packages/numpy/fft) by extension 'ros'
[0.751s] Level 1:colcon.colcon_core.package_identification:_identify(venv/lib/python3.10/site-packages/numpy/fft) by extensions ['cmake', 'python']
[0.751s] Level 1:colcon.colcon_core.package_identification:_identify(venv/lib/python3.10/site-packages/numpy/fft) by extension 'cmake'
[0.751s] Level 1:colcon.colcon_core.package_identification:_identify(venv/lib/python3.10/site-packages/numpy/fft) by extension 'python'
[0.751s] Level 1:colcon.colcon_core.package_identification:_identify(venv/lib/python3.10/site-packages/numpy/fft) by extensions ['python_setup_py']
[0.751s] Level 1:colcon.colcon_core.package_identification:_identify(venv/lib/python3.10/site-packages/numpy/fft) by extension 'python_setup_py'
[0.751s] Level 1:colcon.colcon_core.package_identification:_identify(venv/lib/python3.10/site-packages/numpy/fft/__pycache__) by extensions ['ignore', 'ignore_ament_install']
[0.751s] Level 1:colcon.colcon_core.package_identification:_identify(venv/lib/python3.10/site-packages/numpy/fft/__pycache__) by extension 'ignore'
[0.751s] Level 1:colcon.colcon_core.package_identification:_identify(venv/lib/python3.10/site-packages/numpy/fft/__pycache__) by extension 'ignore_ament_install'
[0.751s] Level 1:colcon.colcon_core.package_identification:_identify(venv/lib/python3.10/site-packages/numpy/fft/__pycache__) by extensions ['colcon_pkg']
[0.751s] Level 1:colcon.colcon_core.package_identification:_identify(venv/lib/python3.10/site-packages/numpy/fft/__pycache__) by extension 'colcon_pkg'
[0.751s] Level 1:colcon.colcon_core.package_identification:_identify(venv/lib/python3.10/site-packages/numpy/fft/__pycache__) by extensions ['colcon_meta']
[0.751s] Level 1:colcon.colcon_core.package_identification:_identify(venv/lib/python3.10/site-packages/numpy/fft/__pycache__) by extension 'colcon_meta'
[0.751s] Level 1:colcon.colcon_core.package_identification:_identify(venv/lib/python3.10/site-packages/numpy/fft/__pycache__) by extensions ['ros']
[0.751s] Level 1:colcon.colcon_core.package_identification:_identify(venv/lib/python3.10/site-packages/numpy/fft/__pycache__) by extension 'ros'
[0.751s] Level 1:colcon.colcon_core.package_identification:_identify(venv/lib/python3.10/site-packages/numpy/fft/__pycache__) by extensions ['cmake', 'python']
[0.751s] Level 1:colcon.colcon_core.package_identification:_identify(venv/lib/python3.10/site-packages/numpy/fft/__pycache__) by extension 'cmake'
[0.751s] Level 1:colcon.colcon_core.package_identification:_identify(venv/lib/python3.10/site-packages/numpy/fft/__pycache__) by extension 'python'
[0.751s] Level 1:colcon.colcon_core.package_identification:_identify(venv/lib/python3.10/site-packages/numpy/fft/__pycache__) by extensions ['python_setup_py']
[0.751s] Level 1:colcon.colcon_core.package_identification:_identify(venv/lib/python3.10/site-packages/numpy/fft/__pycache__) by extension 'python_setup_py'
[0.751s] Level 1:colcon.colcon_core.package_identification:_identify(venv/lib/python3.10/site-packages/numpy/fft/tests) by extensions ['ignore', 'ignore_ament_install']
[0.751s] Level 1:colcon.colcon_core.package_identification:_identify(venv/lib/python3.10/site-packages/numpy/fft/tests) by extension 'ignore'
[0.751s] Level 1:colcon.colcon_core.package_identification:_identify(venv/lib/python3.10/site-packages/numpy/fft/tests) by extension 'ignore_ament_install'
[0.752s] Level 1:colcon.colcon_core.package_identification:_identify(venv/lib/python3.10/site-packages/numpy/fft/tests) by extensions ['colcon_pkg']
[0.752s] Level 1:colcon.colcon_core.package_identification:_identify(venv/lib/python3.10/site-packages/numpy/fft/tests) by extension 'colcon_pkg'
[0.752s] Level 1:colcon.colcon_core.package_identification:_identify(venv/lib/python3.10/site-packages/numpy/fft/tests) by extensions ['colcon_meta']
[0.752s] Level 1:colcon.colcon_core.package_identification:_identify(venv/lib/python3.10/site-packages/numpy/fft/tests) by extension 'colcon_meta'
[0.752s] Level 1:colcon.colcon_core.package_identification:_identify(venv/lib/python3.10/site-packages/numpy/fft/tests) by extensions ['ros']
[0.752s] Level 1:colcon.colcon_core.package_identification:_identify(venv/lib/python3.10/site-packages/numpy/fft/tests) by extension 'ros'
[0.752s] Level 1:colcon.colcon_core.package_identification:_identify(venv/lib/python3.10/site-packages/numpy/fft/tests) by extensions ['cmake', 'python']
[0.752s] Level 1:colcon.colcon_core.package_identification:_identify(venv/lib/python3.10/site-packages/numpy/fft/tests) by extension 'cmake'
[0.752s] Level 1:colcon.colcon_core.package_identification:_identify(venv/lib/python3.10/site-packages/numpy/fft/tests) by extension 'python'
[0.752s] Level 1:colcon.colcon_core.package_identification:_identify(venv/lib/python3.10/site-packages/numpy/fft/tests) by extensions ['python_setup_py']
[0.752s] Level 1:colcon.colcon_core.package_identification:_identify(venv/lib/python3.10/site-packages/numpy/fft/tests) by extension 'python_setup_py'
[0.752s] Level 1:colcon.colcon_core.package_identification:_identify(venv/lib/python3.10/site-packages/numpy/fft/tests/__pycache__) by extensions ['ignore', 'ignore_ament_install']
[0.752s] Level 1:colcon.colcon_core.package_identification:_identify(venv/lib/python3.10/site-packages/numpy/fft/tests/__pycache__) by extension 'ignore'
[0.752s] Level 1:colcon.colcon_core.package_identification:_identify(venv/lib/python3.10/site-packages/numpy/fft/tests/__pycache__) by extension 'ignore_ament_install'
[0.752s] Level 1:colcon.colcon_core.package_identification:_identify(venv/lib/python3.10/site-packages/numpy/fft/tests/__pycache__) by extensions ['colcon_pkg']
[0.752s] Level 1:colcon.colcon_core.package_identification:_identify(venv/lib/python3.10/site-packages/numpy/fft/tests/__pycache__) by extension 'colcon_pkg'
[0.752s] Level 1:colcon.colcon_core.package_identification:_identify(venv/lib/python3.10/site-packages/numpy/fft/tests/__pycache__) by extensions ['colcon_meta']
[0.752s] Level 1:colcon.colcon_core.package_identification:_identify(venv/lib/python3.10/site-packages/numpy/fft/tests/__pycache__) by extension 'colcon_meta'
[0.752s] Level 1:colcon.colcon_core.package_identification:_identify(venv/lib/python3.10/site-packages/numpy/fft/tests/__pycache__) by extensions ['ros']
[0.752s] Level 1:colcon.colcon_core.package_identification:_identify(venv/lib/python3.10/site-packages/numpy/fft/tests/__pycache__) by extension 'ros'
[0.752s] Level 1:colcon.colcon_core.package_identification:_identify(venv/lib/python3.10/site-packages/numpy/fft/tests/__pycache__) by extensions ['cmake', 'python']
[0.752s] Level 1:colcon.colcon_core.package_identification:_identify(venv/lib/python3.10/site-packages/numpy/fft/tests/__pycache__) by extension 'cmake'
[0.752s] Level 1:colcon.colcon_core.package_identification:_identify(venv/lib/python3.10/site-packages/numpy/fft/tests/__pycache__) by extension 'python'
[0.752s] Level 1:colcon.colcon_core.package_identification:_identify(venv/lib/python3.10/site-packages/numpy/fft/tests/__pycache__) by extensions ['python_setup_py']
[0.752s] Level 1:colcon.colcon_core.package_identification:_identify(venv/lib/python3.10/site-packages/numpy/fft/tests/__pycache__) by extension 'python_setup_py'
[0.752s] Level 1:colcon.colcon_core.package_identification:_identify(venv/lib/python3.10/site-packages/numpy/lib) by extensions ['ignore', 'ignore_ament_install']
[0.752s] Level 1:colcon.colcon_core.package_identification:_identify(venv/lib/python3.10/site-packages/numpy/lib) by extension 'ignore'
[0.752s] Level 1:colcon.colcon_core.package_identification:_identify(venv/lib/python3.10/site-packages/numpy/lib) by extension 'ignore_ament_install'
[0.752s] Level 1:colcon.colcon_core.package_identification:_identify(venv/lib/python3.10/site-packages/numpy/lib) by extensions ['colcon_pkg']
[0.752s] Level 1:colcon.colcon_core.package_identification:_identify(venv/lib/python3.10/site-packages/numpy/lib) by extension 'colcon_pkg'
[0.752s] Level 1:colcon.colcon_core.package_identification:_identify(venv/lib/python3.10/site-packages/numpy/lib) by extensions ['colcon_meta']
[0.752s] Level 1:colcon.colcon_core.package_identification:_identify(venv/lib/python3.10/site-packages/numpy/lib) by extension 'colcon_meta'
[0.752s] Level 1:colcon.colcon_core.package_identification:_identify(venv/lib/python3.10/site-packages/numpy/lib) by extensions ['ros']
[0.753s] Level 1:colcon.colcon_core.package_identification:_identify(venv/lib/python3.10/site-packages/numpy/lib) by extension 'ros'
[0.753s] Level 1:colcon.colcon_core.package_identification:_identify(venv/lib/python3.10/site-packages/numpy/lib) by extensions ['cmake', 'python']
[0.753s] Level 1:colcon.colcon_core.package_identification:_identify(venv/lib/python3.10/site-packages/numpy/lib) by extension 'cmake'
[0.753s] Level 1:colcon.colcon_core.package_identification:_identify(venv/lib/python3.10/site-packages/numpy/lib) by extension 'python'
[0.753s] Level 1:colcon.colcon_core.package_identification:_identify(venv/lib/python3.10/site-packages/numpy/lib) by extensions ['python_setup_py']
[0.753s] Level 1:colcon.colcon_core.package_identification:_identify(venv/lib/python3.10/site-packages/numpy/lib) by extension 'python_setup_py'
[0.753s] Level 1:colcon.colcon_core.package_identification:_identify(venv/lib/python3.10/site-packages/numpy/lib/__pycache__) by extensions ['ignore', 'ignore_ament_install']
[0.753s] Level 1:colcon.colcon_core.package_identification:_identify(venv/lib/python3.10/site-packages/numpy/lib/__pycache__) by extension 'ignore'
[0.753s] Level 1:colcon.colcon_core.package_identification:_identify(venv/lib/python3.10/site-packages/numpy/lib/__pycache__) by extension 'ignore_ament_install'
[0.753s] Level 1:colcon.colcon_core.package_identification:_identify(venv/lib/python3.10/site-packages/numpy/lib/__pycache__) by extensions ['colcon_pkg']
[0.753s] Level 1:colcon.colcon_core.package_identification:_identify(venv/lib/python3.10/site-packages/numpy/lib/__pycache__) by extension 'colcon_pkg'
[0.753s] Level 1:colcon.colcon_core.package_identification:_identify(venv/lib/python3.10/site-packages/numpy/lib/__pycache__) by extensions ['colcon_meta']
[0.753s] Level 1:colcon.colcon_core.package_identification:_identify(venv/lib/python3.10/site-packages/numpy/lib/__pycache__) by extension 'colcon_meta'
[0.753s] Level 1:colcon.colcon_core.package_identification:_identify(venv/lib/python3.10/site-packages/numpy/lib/__pycache__) by extensions ['ros']
[0.753s] Level 1:colcon.colcon_core.package_identification:_identify(venv/lib/python3.10/site-packages/numpy/lib/__pycache__) by extension 'ros'
[0.753s] Level 1:colcon.colcon_core.package_identification:_identify(venv/lib/python3.10/site-packages/numpy/lib/__pycache__) by extensions ['cmake', 'python']
[0.753s] Level 1:colcon.colcon_core.package_identification:_identify(venv/lib/python3.10/site-packages/numpy/lib/__pycache__) by extension 'cmake'
[0.753s] Level 1:colcon.colcon_core.package_identification:_identify(venv/lib/python3.10/site-packages/numpy/lib/__pycache__) by extension 'python'
[0.753s] Level 1:colcon.colcon_core.package_identification:_identify(venv/lib/python3.10/site-packages/numpy/lib/__pycache__) by extensions ['python_setup_py']
[0.753s] Level 1:colcon.colcon_core.package_identification:_identify(venv/lib/python3.10/site-packages/numpy/lib/__pycache__) by extension 'python_setup_py'
[0.753s] Level 1:colcon.colcon_core.package_identification:_identify(venv/lib/python3.10/site-packages/numpy/lib/tests) by extensions ['ignore', 'ignore_ament_install']
[0.753s] Level 1:colcon.colcon_core.package_identification:_identify(venv/lib/python3.10/site-packages/numpy/lib/tests) by extension 'ignore'
[0.753s] Level 1:colcon.colcon_core.package_identification:_identify(venv/lib/python3.10/site-packages/numpy/lib/tests) by extension 'ignore_ament_install'
[0.753s] Level 1:colcon.colcon_core.package_identification:_identify(venv/lib/python3.10/site-packages/numpy/lib/tests) by extensions ['colcon_pkg']
[0.753s] Level 1:colcon.colcon_core.package_identification:_identify(venv/lib/python3.10/site-packages/numpy/lib/tests) by extension 'colcon_pkg'
[0.753s] Level 1:colcon.colcon_core.package_identification:_identify(venv/lib/python3.10/site-packages/numpy/lib/tests) by extensions ['colcon_meta']
[0.753s] Level 1:colcon.colcon_core.package_identification:_identify(venv/lib/python3.10/site-packages/numpy/lib/tests) by extension 'colcon_meta'
[0.753s] Level 1:colcon.colcon_core.package_identification:_identify(venv/lib/python3.10/site-packages/numpy/lib/tests) by extensions ['ros']
[0.753s] Level 1:colcon.colcon_core.package_identification:_identify(venv/lib/python3.10/site-packages/numpy/lib/tests) by extension 'ros'
[0.753s] Level 1:colcon.colcon_core.package_identification:_identify(venv/lib/python3.10/site-packages/numpy/lib/tests) by extensions ['cmake', 'python']
[0.753s] Level 1:colcon.colcon_core.package_identification:_identify(venv/lib/python3.10/site-packages/numpy/lib/tests) by extension 'cmake'
[0.753s] Level 1:colcon.colcon_core.package_identification:_identify(venv/lib/python3.10/site-packages/numpy/lib/tests) by extension 'python'
[0.753s] Level 1:colcon.colcon_core.package_identification:_identify(venv/lib/python3.10/site-packages/numpy/lib/tests) by extensions ['python_setup_py']
[0.753s] Level 1:colcon.colcon_core.package_identification:_identify(venv/lib/python3.10/site-packages/numpy/lib/tests) by extension 'python_setup_py'
[0.754s] Level 1:colcon.colcon_core.package_identification:_identify(venv/lib/python3.10/site-packages/numpy/lib/tests/__pycache__) by extensions ['ignore', 'ignore_ament_install']
[0.754s] Level 1:colcon.colcon_core.package_identification:_identify(venv/lib/python3.10/site-packages/numpy/lib/tests/__pycache__) by extension 'ignore'
[0.754s] Level 1:colcon.colcon_core.package_identification:_identify(venv/lib/python3.10/site-packages/numpy/lib/tests/__pycache__) by extension 'ignore_ament_install'
[0.754s] Level 1:colcon.colcon_core.package_identification:_identify(venv/lib/python3.10/site-packages/numpy/lib/tests/__pycache__) by extensions ['colcon_pkg']
[0.754s] Level 1:colcon.colcon_core.package_identification:_identify(venv/lib/python3.10/site-packages/numpy/lib/tests/__pycache__) by extension 'colcon_pkg'
[0.754s] Level 1:colcon.colcon_core.package_identification:_identify(venv/lib/python3.10/site-packages/numpy/lib/tests/__pycache__) by extensions ['colcon_meta']
[0.754s] Level 1:colcon.colcon_core.package_identification:_identify(venv/lib/python3.10/site-packages/numpy/lib/tests/__pycache__) by extension 'colcon_meta'
[0.754s] Level 1:colcon.colcon_core.package_identification:_identify(venv/lib/python3.10/site-packages/numpy/lib/tests/__pycache__) by extensions ['ros']
[0.754s] Level 1:colcon.colcon_core.package_identification:_identify(venv/lib/python3.10/site-packages/numpy/lib/tests/__pycache__) by extension 'ros'
[0.754s] Level 1:colcon.colcon_core.package_identification:_identify(venv/lib/python3.10/site-packages/numpy/lib/tests/__pycache__) by extensions ['cmake', 'python']
[0.754s] Level 1:colcon.colcon_core.package_identification:_identify(venv/lib/python3.10/site-packages/numpy/lib/tests/__pycache__) by extension 'cmake'
[0.754s] Level 1:colcon.colcon_core.package_identification:_identify(venv/lib/python3.10/site-packages/numpy/lib/tests/__pycache__) by extension 'python'
[0.754s] Level 1:colcon.colcon_core.package_identification:_identify(venv/lib/python3.10/site-packages/numpy/lib/tests/__pycache__) by extensions ['python_setup_py']
[0.754s] Level 1:colcon.colcon_core.package_identification:_identify(venv/lib/python3.10/site-packages/numpy/lib/tests/__pycache__) by extension 'python_setup_py'
[0.754s] Level 1:colcon.colcon_core.package_identification:_identify(venv/lib/python3.10/site-packages/numpy/lib/tests/data) by extensions ['ignore', 'ignore_ament_install']
[0.754s] Level 1:colcon.colcon_core.package_identification:_identify(venv/lib/python3.10/site-packages/numpy/lib/tests/data) by extension 'ignore'
[0.754s] Level 1:colcon.colcon_core.package_identification:_identify(venv/lib/python3.10/site-packages/numpy/lib/tests/data) by extension 'ignore_ament_install'
[0.754s] Level 1:colcon.colcon_core.package_identification:_identify(venv/lib/python3.10/site-packages/numpy/lib/tests/data) by extensions ['colcon_pkg']
[0.754s] Level 1:colcon.colcon_core.package_identification:_identify(venv/lib/python3.10/site-packages/numpy/lib/tests/data) by extension 'colcon_pkg'
[0.754s] Level 1:colcon.colcon_core.package_identification:_identify(venv/lib/python3.10/site-packages/numpy/lib/tests/data) by extensions ['colcon_meta']
[0.754s] Level 1:colcon.colcon_core.package_identification:_identify(venv/lib/python3.10/site-packages/numpy/lib/tests/data) by extension 'colcon_meta'
[0.754s] Level 1:colcon.colcon_core.package_identification:_identify(venv/lib/python3.10/site-packages/numpy/lib/tests/data) by extensions ['ros']
[0.754s] Level 1:colcon.colcon_core.package_identification:_identify(venv/lib/python3.10/site-packages/numpy/lib/tests/data) by extension 'ros'
[0.754s] Level 1:colcon.colcon_core.package_identification:_identify(venv/lib/python3.10/site-packages/numpy/lib/tests/data) by extensions ['cmake', 'python']
[0.754s] Level 1:colcon.colcon_core.package_identification:_identify(venv/lib/python3.10/site-packages/numpy/lib/tests/data) by extension 'cmake'
[0.754s] Level 1:colcon.colcon_core.package_identification:_identify(venv/lib/python3.10/site-packages/numpy/lib/tests/data) by extension 'python'
[0.754s] Level 1:colcon.colcon_core.package_identification:_identify(venv/lib/python3.10/site-packages/numpy/lib/tests/data) by extensions ['python_setup_py']
[0.754s] Level 1:colcon.colcon_core.package_identification:_identify(venv/lib/python3.10/site-packages/numpy/lib/tests/data) by extension 'python_setup_py'
[0.754s] Level 1:colcon.colcon_core.package_identification:_identify(venv/lib/python3.10/site-packages/numpy/linalg) by extensions ['ignore', 'ignore_ament_install']
[0.754s] Level 1:colcon.colcon_core.package_identification:_identify(venv/lib/python3.10/site-packages/numpy/linalg) by extension 'ignore'
[0.755s] Level 1:colcon.colcon_core.package_identification:_identify(venv/lib/python3.10/site-packages/numpy/linalg) by extension 'ignore_ament_install'
[0.755s] Level 1:colcon.colcon_core.package_identification:_identify(venv/lib/python3.10/site-packages/numpy/linalg) by extensions ['colcon_pkg']
[0.755s] Level 1:colcon.colcon_core.package_identification:_identify(venv/lib/python3.10/site-packages/numpy/linalg) by extension 'colcon_pkg'
[0.755s] Level 1:colcon.colcon_core.package_identification:_identify(venv/lib/python3.10/site-packages/numpy/linalg) by extensions ['colcon_meta']
[0.755s] Level 1:colcon.colcon_core.package_identification:_identify(venv/lib/python3.10/site-packages/numpy/linalg) by extension 'colcon_meta'
[0.755s] Level 1:colcon.colcon_core.package_identification:_identify(venv/lib/python3.10/site-packages/numpy/linalg) by extensions ['ros']
[0.755s] Level 1:colcon.colcon_core.package_identification:_identify(venv/lib/python3.10/site-packages/numpy/linalg) by extension 'ros'
[0.755s] Level 1:colcon.colcon_core.package_identification:_identify(venv/lib/python3.10/site-packages/numpy/linalg) by extensions ['cmake', 'python']
[0.755s] Level 1:colcon.colcon_core.package_identification:_identify(venv/lib/python3.10/site-packages/numpy/linalg) by extension 'cmake'
[0.755s] Level 1:colcon.colcon_core.package_identification:_identify(venv/lib/python3.10/site-packages/numpy/linalg) by extension 'python'
[0.755s] Level 1:colcon.colcon_core.package_identification:_identify(venv/lib/python3.10/site-packages/numpy/linalg) by extensions ['python_setup_py']
[0.755s] Level 1:colcon.colcon_core.package_identification:_identify(venv/lib/python3.10/site-packages/numpy/linalg) by extension 'python_setup_py'
[0.755s] Level 1:colcon.colcon_core.package_identification:_identify(venv/lib/python3.10/site-packages/numpy/linalg/__pycache__) by extensions ['ignore', 'ignore_ament_install']
[0.755s] Level 1:colcon.colcon_core.package_identification:_identify(venv/lib/python3.10/site-packages/numpy/linalg/__pycache__) by extension 'ignore'
[0.755s] Level 1:colcon.colcon_core.package_identification:_identify(venv/lib/python3.10/site-packages/numpy/linalg/__pycache__) by extension 'ignore_ament_install'
[0.755s] Level 1:colcon.colcon_core.package_identification:_identify(venv/lib/python3.10/site-packages/numpy/linalg/__pycache__) by extensions ['colcon_pkg']
[0.755s] Level 1:colcon.colcon_core.package_identification:_identify(venv/lib/python3.10/site-packages/numpy/linalg/__pycache__) by extension 'colcon_pkg'
[0.755s] Level 1:colcon.colcon_core.package_identification:_identify(venv/lib/python3.10/site-packages/numpy/linalg/__pycache__) by extensions ['colcon_meta']
[0.755s] Level 1:colcon.colcon_core.package_identification:_identify(venv/lib/python3.10/site-packages/numpy/linalg/__pycache__) by extension 'colcon_meta'
[0.755s] Level 1:colcon.colcon_core.package_identification:_identify(venv/lib/python3.10/site-packages/numpy/linalg/__pycache__) by extensions ['ros']
[0.755s] Level 1:colcon.colcon_core.package_identification:_identify(venv/lib/python3.10/site-packages/numpy/linalg/__pycache__) by extension 'ros'
[0.755s] Level 1:colcon.colcon_core.package_identification:_identify(venv/lib/python3.10/site-packages/numpy/linalg/__pycache__) by extensions ['cmake', 'python']
[0.755s] Level 1:colcon.colcon_core.package_identification:_identify(venv/lib/python3.10/site-packages/numpy/linalg/__pycache__) by extension 'cmake'
[0.755s] Level 1:colcon.colcon_core.package_identification:_identify(venv/lib/python3.10/site-packages/numpy/linalg/__pycache__) by extension 'python'
[0.755s] Level 1:colcon.colcon_core.package_identification:_identify(venv/lib/python3.10/site-packages/numpy/linalg/__pycache__) by extensions ['python_setup_py']
[0.755s] Level 1:colcon.colcon_core.package_identification:_identify(venv/lib/python3.10/site-packages/numpy/linalg/__pycache__) by extension 'python_setup_py'
[0.755s] Level 1:colcon.colcon_core.package_identification:_identify(venv/lib/python3.10/site-packages/numpy/linalg/tests) by extensions ['ignore', 'ignore_ament_install']
[0.755s] Level 1:colcon.colcon_core.package_identification:_identify(venv/lib/python3.10/site-packages/numpy/linalg/tests) by extension 'ignore'
[0.755s] Level 1:colcon.colcon_core.package_identification:_identify(venv/lib/python3.10/site-packages/numpy/linalg/tests) by extension 'ignore_ament_install'
[0.755s] Level 1:colcon.colcon_core.package_identification:_identify(venv/lib/python3.10/site-packages/numpy/linalg/tests) by extensions ['colcon_pkg']
[0.755s] Level 1:colcon.colcon_core.package_identification:_identify(venv/lib/python3.10/site-packages/numpy/linalg/tests) by extension 'colcon_pkg'
[0.755s] Level 1:colcon.colcon_core.package_identification:_identify(venv/lib/python3.10/site-packages/numpy/linalg/tests) by extensions ['colcon_meta']
[0.755s] Level 1:colcon.colcon_core.package_identification:_identify(venv/lib/python3.10/site-packages/numpy/linalg/tests) by extension 'colcon_meta'
[0.755s] Level 1:colcon.colcon_core.package_identification:_identify(venv/lib/python3.10/site-packages/numpy/linalg/tests) by extensions ['ros']
[0.755s] Level 1:colcon.colcon_core.package_identification:_identify(venv/lib/python3.10/site-packages/numpy/linalg/tests) by extension 'ros'
[0.756s] Level 1:colcon.colcon_core.package_identification:_identify(venv/lib/python3.10/site-packages/numpy/linalg/tests) by extensions ['cmake', 'python']
[0.756s] Level 1:colcon.colcon_core.package_identification:_identify(venv/lib/python3.10/site-packages/numpy/linalg/tests) by extension 'cmake'
[0.756s] Level 1:colcon.colcon_core.package_identification:_identify(venv/lib/python3.10/site-packages/numpy/linalg/tests) by extension 'python'
[0.756s] Level 1:colcon.colcon_core.package_identification:_identify(venv/lib/python3.10/site-packages/numpy/linalg/tests) by extensions ['python_setup_py']
[0.756s] Level 1:colcon.colcon_core.package_identification:_identify(venv/lib/python3.10/site-packages/numpy/linalg/tests) by extension 'python_setup_py'
[0.756s] Level 1:colcon.colcon_core.package_identification:_identify(venv/lib/python3.10/site-packages/numpy/linalg/tests/__pycache__) by extensions ['ignore', 'ignore_ament_install']
[0.756s] Level 1:colcon.colcon_core.package_identification:_identify(venv/lib/python3.10/site-packages/numpy/linalg/tests/__pycache__) by extension 'ignore'
[0.756s] Level 1:colcon.colcon_core.package_identification:_identify(venv/lib/python3.10/site-packages/numpy/linalg/tests/__pycache__) by extension 'ignore_ament_install'
[0.756s] Level 1:colcon.colcon_core.package_identification:_identify(venv/lib/python3.10/site-packages/numpy/linalg/tests/__pycache__) by extensions ['colcon_pkg']
[0.756s] Level 1:colcon.colcon_core.package_identification:_identify(venv/lib/python3.10/site-packages/numpy/linalg/tests/__pycache__) by extension 'colcon_pkg'
[0.756s] Level 1:colcon.colcon_core.package_identification:_identify(venv/lib/python3.10/site-packages/numpy/linalg/tests/__pycache__) by extensions ['colcon_meta']
[0.756s] Level 1:colcon.colcon_core.package_identification:_identify(venv/lib/python3.10/site-packages/numpy/linalg/tests/__pycache__) by extension 'colcon_meta'
[0.756s] Level 1:colcon.colcon_core.package_identification:_identify(venv/lib/python3.10/site-packages/numpy/linalg/tests/__pycache__) by extensions ['ros']
[0.756s] Level 1:colcon.colcon_core.package_identification:_identify(venv/lib/python3.10/site-packages/numpy/linalg/tests/__pycache__) by extension 'ros'
[0.756s] Level 1:colcon.colcon_core.package_identification:_identify(venv/lib/python3.10/site-packages/numpy/linalg/tests/__pycache__) by extensions ['cmake', 'python']
[0.756s] Level 1:colcon.colcon_core.package_identification:_identify(venv/lib/python3.10/site-packages/numpy/linalg/tests/__pycache__) by extension 'cmake'
[0.756s] Level 1:colcon.colcon_core.package_identification:_identify(venv/lib/python3.10/site-packages/numpy/linalg/tests/__pycache__) by extension 'python'
[0.756s] Level 1:colcon.colcon_core.package_identification:_identify(venv/lib/python3.10/site-packages/numpy/linalg/tests/__pycache__) by extensions ['python_setup_py']
[0.756s] Level 1:colcon.colcon_core.package_identification:_identify(venv/lib/python3.10/site-packages/numpy/linalg/tests/__pycache__) by extension 'python_setup_py'
[0.756s] Level 1:colcon.colcon_core.package_identification:_identify(venv/lib/python3.10/site-packages/numpy/ma) by extensions ['ignore', 'ignore_ament_install']
[0.756s] Level 1:colcon.colcon_core.package_identification:_identify(venv/lib/python3.10/site-packages/numpy/ma) by extension 'ignore'
[0.756s] Level 1:colcon.colcon_core.package_identification:_identify(venv/lib/python3.10/site-packages/numpy/ma) by extension 'ignore_ament_install'
[0.756s] Level 1:colcon.colcon_core.package_identification:_identify(venv/lib/python3.10/site-packages/numpy/ma) by extensions ['colcon_pkg']
[0.756s] Level 1:colcon.colcon_core.package_identification:_identify(venv/lib/python3.10/site-packages/numpy/ma) by extension 'colcon_pkg'
[0.756s] Level 1:colcon.colcon_core.package_identification:_identify(venv/lib/python3.10/site-packages/numpy/ma) by extensions ['colcon_meta']
[0.756s] Level 1:colcon.colcon_core.package_identification:_identify(venv/lib/python3.10/site-packages/numpy/ma) by extension 'colcon_meta'
[0.756s] Level 1:colcon.colcon_core.package_identification:_identify(venv/lib/python3.10/site-packages/numpy/ma) by extensions ['ros']
[0.756s] Level 1:colcon.colcon_core.package_identification:_identify(venv/lib/python3.10/site-packages/numpy/ma) by extension 'ros'
[0.756s] Level 1:colcon.colcon_core.package_identification:_identify(venv/lib/python3.10/site-packages/numpy/ma) by extensions ['cmake', 'python']
[0.756s] Level 1:colcon.colcon_core.package_identification:_identify(venv/lib/python3.10/site-packages/numpy/ma) by extension 'cmake'
[0.756s] Level 1:colcon.colcon_core.package_identification:_identify(venv/lib/python3.10/site-packages/numpy/ma) by extension 'python'
[0.756s] Level 1:colcon.colcon_core.package_identification:_identify(venv/lib/python3.10/site-packages/numpy/ma) by extensions ['python_setup_py']
[0.756s] Level 1:colcon.colcon_core.package_identification:_identify(venv/lib/python3.10/site-packages/numpy/ma) by extension 'python_setup_py'
[0.757s] Level 1:colcon.colcon_core.package_identification:_identify(venv/lib/python3.10/site-packages/numpy/ma/__pycache__) by extensions ['ignore', 'ignore_ament_install']
[0.757s] Level 1:colcon.colcon_core.package_identification:_identify(venv/lib/python3.10/site-packages/numpy/ma/__pycache__) by extension 'ignore'
[0.757s] Level 1:colcon.colcon_core.package_identification:_identify(venv/lib/python3.10/site-packages/numpy/ma/__pycache__) by extension 'ignore_ament_install'
[0.757s] Level 1:colcon.colcon_core.package_identification:_identify(venv/lib/python3.10/site-packages/numpy/ma/__pycache__) by extensions ['colcon_pkg']
[0.757s] Level 1:colcon.colcon_core.package_identification:_identify(venv/lib/python3.10/site-packages/numpy/ma/__pycache__) by extension 'colcon_pkg'
[0.757s] Level 1:colcon.colcon_core.package_identification:_identify(venv/lib/python3.10/site-packages/numpy/ma/__pycache__) by extensions ['colcon_meta']
[0.757s] Level 1:colcon.colcon_core.package_identification:_identify(venv/lib/python3.10/site-packages/numpy/ma/__pycache__) by extension 'colcon_meta'
[0.757s] Level 1:colcon.colcon_core.package_identification:_identify(venv/lib/python3.10/site-packages/numpy/ma/__pycache__) by extensions ['ros']
[0.757s] Level 1:colcon.colcon_core.package_identification:_identify(venv/lib/python3.10/site-packages/numpy/ma/__pycache__) by extension 'ros'
[0.757s] Level 1:colcon.colcon_core.package_identification:_identify(venv/lib/python3.10/site-packages/numpy/ma/__pycache__) by extensions ['cmake', 'python']
[0.757s] Level 1:colcon.colcon_core.package_identification:_identify(venv/lib/python3.10/site-packages/numpy/ma/__pycache__) by extension 'cmake'
[0.757s] Level 1:colcon.colcon_core.package_identification:_identify(venv/lib/python3.10/site-packages/numpy/ma/__pycache__) by extension 'python'
[0.757s] Level 1:colcon.colcon_core.package_identification:_identify(venv/lib/python3.10/site-packages/numpy/ma/__pycache__) by extensions ['python_setup_py']
[0.757s] Level 1:colcon.colcon_core.package_identification:_identify(venv/lib/python3.10/site-packages/numpy/ma/__pycache__) by extension 'python_setup_py'
[0.757s] Level 1:colcon.colcon_core.package_identification:_identify(venv/lib/python3.10/site-packages/numpy/ma/tests) by extensions ['ignore', 'ignore_ament_install']
[0.757s] Level 1:colcon.colcon_core.package_identification:_identify(venv/lib/python3.10/site-packages/numpy/ma/tests) by extension 'ignore'
[0.757s] Level 1:colcon.colcon_core.package_identification:_identify(venv/lib/python3.10/site-packages/numpy/ma/tests) by extension 'ignore_ament_install'
[0.757s] Level 1:colcon.colcon_core.package_identification:_identify(venv/lib/python3.10/site-packages/numpy/ma/tests) by extensions ['colcon_pkg']
[0.757s] Level 1:colcon.colcon_core.package_identification:_identify(venv/lib/python3.10/site-packages/numpy/ma/tests) by extension 'colcon_pkg'
[0.757s] Level 1:colcon.colcon_core.package_identification:_identify(venv/lib/python3.10/site-packages/numpy/ma/tests) by extensions ['colcon_meta']
[0.757s] Level 1:colcon.colcon_core.package_identification:_identify(venv/lib/python3.10/site-packages/numpy/ma/tests) by extension 'colcon_meta'
[0.757s] Level 1:colcon.colcon_core.package_identification:_identify(venv/lib/python3.10/site-packages/numpy/ma/tests) by extensions ['ros']
[0.757s] Level 1:colcon.colcon_core.package_identification:_identify(venv/lib/python3.10/site-packages/numpy/ma/tests) by extension 'ros'
[0.757s] Level 1:colcon.colcon_core.package_identification:_identify(venv/lib/python3.10/site-packages/numpy/ma/tests) by extensions ['cmake', 'python']
[0.757s] Level 1:colcon.colcon_core.package_identification:_identify(venv/lib/python3.10/site-packages/numpy/ma/tests) by extension 'cmake'
[0.757s] Level 1:colcon.colcon_core.package_identification:_identify(venv/lib/python3.10/site-packages/numpy/ma/tests) by extension 'python'
[0.757s] Level 1:colcon.colcon_core.package_identification:_identify(venv/lib/python3.10/site-packages/numpy/ma/tests) by extensions ['python_setup_py']
[0.757s] Level 1:colcon.colcon_core.package_identification:_identify(venv/lib/python3.10/site-packages/numpy/ma/tests) by extension 'python_setup_py'
[0.757s] Level 1:colcon.colcon_core.package_identification:_identify(venv/lib/python3.10/site-packages/numpy/ma/tests/__pycache__) by extensions ['ignore', 'ignore_ament_install']
[0.757s] Level 1:colcon.colcon_core.package_identification:_identify(venv/lib/python3.10/site-packages/numpy/ma/tests/__pycache__) by extension 'ignore'
[0.757s] Level 1:colcon.colcon_core.package_identification:_identify(venv/lib/python3.10/site-packages/numpy/ma/tests/__pycache__) by extension 'ignore_ament_install'
[0.757s] Level 1:colcon.colcon_core.package_identification:_identify(venv/lib/python3.10/site-packages/numpy/ma/tests/__pycache__) by extensions ['colcon_pkg']
[0.758s] Level 1:colcon.colcon_core.package_identification:_identify(venv/lib/python3.10/site-packages/numpy/ma/tests/__pycache__) by extension 'colcon_pkg'
[0.758s] Level 1:colcon.colcon_core.package_identification:_identify(venv/lib/python3.10/site-packages/numpy/ma/tests/__pycache__) by extensions ['colcon_meta']
[0.758s] Level 1:colcon.colcon_core.package_identification:_identify(venv/lib/python3.10/site-packages/numpy/ma/tests/__pycache__) by extension 'colcon_meta'
[0.758s] Level 1:colcon.colcon_core.package_identification:_identify(venv/lib/python3.10/site-packages/numpy/ma/tests/__pycache__) by extensions ['ros']
[0.758s] Level 1:colcon.colcon_core.package_identification:_identify(venv/lib/python3.10/site-packages/numpy/ma/tests/__pycache__) by extension 'ros'
[0.758s] Level 1:colcon.colcon_core.package_identification:_identify(venv/lib/python3.10/site-packages/numpy/ma/tests/__pycache__) by extensions ['cmake', 'python']
[0.758s] Level 1:colcon.colcon_core.package_identification:_identify(venv/lib/python3.10/site-packages/numpy/ma/tests/__pycache__) by extension 'cmake'
[0.758s] Level 1:colcon.colcon_core.package_identification:_identify(venv/lib/python3.10/site-packages/numpy/ma/tests/__pycache__) by extension 'python'
[0.758s] Level 1:colcon.colcon_core.package_identification:_identify(venv/lib/python3.10/site-packages/numpy/ma/tests/__pycache__) by extensions ['python_setup_py']
[0.758s] Level 1:colcon.colcon_core.package_identification:_identify(venv/lib/python3.10/site-packages/numpy/ma/tests/__pycache__) by extension 'python_setup_py'
[0.758s] Level 1:colcon.colcon_core.package_identification:_identify(venv/lib/python3.10/site-packages/numpy/matrixlib) by extensions ['ignore', 'ignore_ament_install']
[0.758s] Level 1:colcon.colcon_core.package_identification:_identify(venv/lib/python3.10/site-packages/numpy/matrixlib) by extension 'ignore'
[0.758s] Level 1:colcon.colcon_core.package_identification:_identify(venv/lib/python3.10/site-packages/numpy/matrixlib) by extension 'ignore_ament_install'
[0.758s] Level 1:colcon.colcon_core.package_identification:_identify(venv/lib/python3.10/site-packages/numpy/matrixlib) by extensions ['colcon_pkg']
[0.758s] Level 1:colcon.colcon_core.package_identification:_identify(venv/lib/python3.10/site-packages/numpy/matrixlib) by extension 'colcon_pkg'
[0.758s] Level 1:colcon.colcon_core.package_identification:_identify(venv/lib/python3.10/site-packages/numpy/matrixlib) by extensions ['colcon_meta']
[0.758s] Level 1:colcon.colcon_core.package_identification:_identify(venv/lib/python3.10/site-packages/numpy/matrixlib) by extension 'colcon_meta'
[0.758s] Level 1:colcon.colcon_core.package_identification:_identify(venv/lib/python3.10/site-packages/numpy/matrixlib) by extensions ['ros']
[0.758s] Level 1:colcon.colcon_core.package_identification:_identify(venv/lib/python3.10/site-packages/numpy/matrixlib) by extension 'ros'
[0.758s] Level 1:colcon.colcon_core.package_identification:_identify(venv/lib/python3.10/site-packages/numpy/matrixlib) by extensions ['cmake', 'python']
[0.758s] Level 1:colcon.colcon_core.package_identification:_identify(venv/lib/python3.10/site-packages/numpy/matrixlib) by extension 'cmake'
[0.758s] Level 1:colcon.colcon_core.package_identification:_identify(venv/lib/python3.10/site-packages/numpy/matrixlib) by extension 'python'
[0.758s] Level 1:colcon.colcon_core.package_identification:_identify(venv/lib/python3.10/site-packages/numpy/matrixlib) by extensions ['python_setup_py']
[0.758s] Level 1:colcon.colcon_core.package_identification:_identify(venv/lib/python3.10/site-packages/numpy/matrixlib) by extension 'python_setup_py'
[0.758s] Level 1:colcon.colcon_core.package_identification:_identify(venv/lib/python3.10/site-packages/numpy/matrixlib/__pycache__) by extensions ['ignore', 'ignore_ament_install']
[0.758s] Level 1:colcon.colcon_core.package_identification:_identify(venv/lib/python3.10/site-packages/numpy/matrixlib/__pycache__) by extension 'ignore'
[0.758s] Level 1:colcon.colcon_core.package_identification:_identify(venv/lib/python3.10/site-packages/numpy/matrixlib/__pycache__) by extension 'ignore_ament_install'
[0.758s] Level 1:colcon.colcon_core.package_identification:_identify(venv/lib/python3.10/site-packages/numpy/matrixlib/__pycache__) by extensions ['colcon_pkg']
[0.758s] Level 1:colcon.colcon_core.package_identification:_identify(venv/lib/python3.10/site-packages/numpy/matrixlib/__pycache__) by extension 'colcon_pkg'
[0.758s] Level 1:colcon.colcon_core.package_identification:_identify(venv/lib/python3.10/site-packages/numpy/matrixlib/__pycache__) by extensions ['colcon_meta']
[0.758s] Level 1:colcon.colcon_core.package_identification:_identify(venv/lib/python3.10/site-packages/numpy/matrixlib/__pycache__) by extension 'colcon_meta'
[0.758s] Level 1:colcon.colcon_core.package_identification:_identify(venv/lib/python3.10/site-packages/numpy/matrixlib/__pycache__) by extensions ['ros']
[0.758s] Level 1:colcon.colcon_core.package_identification:_identify(venv/lib/python3.10/site-packages/numpy/matrixlib/__pycache__) by extension 'ros'
[0.758s] Level 1:colcon.colcon_core.package_identification:_identify(venv/lib/python3.10/site-packages/numpy/matrixlib/__pycache__) by extensions ['cmake', 'python']
[0.759s] Level 1:colcon.colcon_core.package_identification:_identify(venv/lib/python3.10/site-packages/numpy/matrixlib/__pycache__) by extension 'cmake'
[0.759s] Level 1:colcon.colcon_core.package_identification:_identify(venv/lib/python3.10/site-packages/numpy/matrixlib/__pycache__) by extension 'python'
[0.759s] Level 1:colcon.colcon_core.package_identification:_identify(venv/lib/python3.10/site-packages/numpy/matrixlib/__pycache__) by extensions ['python_setup_py']
[0.759s] Level 1:colcon.colcon_core.package_identification:_identify(venv/lib/python3.10/site-packages/numpy/matrixlib/__pycache__) by extension 'python_setup_py'
[0.759s] Level 1:colcon.colcon_core.package_identification:_identify(venv/lib/python3.10/site-packages/numpy/matrixlib/tests) by extensions ['ignore', 'ignore_ament_install']
[0.759s] Level 1:colcon.colcon_core.package_identification:_identify(venv/lib/python3.10/site-packages/numpy/matrixlib/tests) by extension 'ignore'
[0.759s] Level 1:colcon.colcon_core.package_identification:_identify(venv/lib/python3.10/site-packages/numpy/matrixlib/tests) by extension 'ignore_ament_install'
[0.759s] Level 1:colcon.colcon_core.package_identification:_identify(venv/lib/python3.10/site-packages/numpy/matrixlib/tests) by extensions ['colcon_pkg']
[0.759s] Level 1:colcon.colcon_core.package_identification:_identify(venv/lib/python3.10/site-packages/numpy/matrixlib/tests) by extension 'colcon_pkg'
[0.759s] Level 1:colcon.colcon_core.package_identification:_identify(venv/lib/python3.10/site-packages/numpy/matrixlib/tests) by extensions ['colcon_meta']
[0.759s] Level 1:colcon.colcon_core.package_identification:_identify(venv/lib/python3.10/site-packages/numpy/matrixlib/tests) by extension 'colcon_meta'
[0.759s] Level 1:colcon.colcon_core.package_identification:_identify(venv/lib/python3.10/site-packages/numpy/matrixlib/tests) by extensions ['ros']
[0.759s] Level 1:colcon.colcon_core.package_identification:_identify(venv/lib/python3.10/site-packages/numpy/matrixlib/tests) by extension 'ros'
[0.759s] Level 1:colcon.colcon_core.package_identification:_identify(venv/lib/python3.10/site-packages/numpy/matrixlib/tests) by extensions ['cmake', 'python']
[0.759s] Level 1:colcon.colcon_core.package_identification:_identify(venv/lib/python3.10/site-packages/numpy/matrixlib/tests) by extension 'cmake'
[0.759s] Level 1:colcon.colcon_core.package_identification:_identify(venv/lib/python3.10/site-packages/numpy/matrixlib/tests) by extension 'python'
[0.759s] Level 1:colcon.colcon_core.package_identification:_identify(venv/lib/python3.10/site-packages/numpy/matrixlib/tests) by extensions ['python_setup_py']
[0.759s] Level 1:colcon.colcon_core.package_identification:_identify(venv/lib/python3.10/site-packages/numpy/matrixlib/tests) by extension 'python_setup_py'
[0.759s] Level 1:colcon.colcon_core.package_identification:_identify(venv/lib/python3.10/site-packages/numpy/matrixlib/tests/__pycache__) by extensions ['ignore', 'ignore_ament_install']
[0.759s] Level 1:colcon.colcon_core.package_identification:_identify(venv/lib/python3.10/site-packages/numpy/matrixlib/tests/__pycache__) by extension 'ignore'
[0.759s] Level 1:colcon.colcon_core.package_identification:_identify(venv/lib/python3.10/site-packages/numpy/matrixlib/tests/__pycache__) by extension 'ignore_ament_install'
[0.759s] Level 1:colcon.colcon_core.package_identification:_identify(venv/lib/python3.10/site-packages/numpy/matrixlib/tests/__pycache__) by extensions ['colcon_pkg']
[0.759s] Level 1:colcon.colcon_core.package_identification:_identify(venv/lib/python3.10/site-packages/numpy/matrixlib/tests/__pycache__) by extension 'colcon_pkg'
[0.759s] Level 1:colcon.colcon_core.package_identification:_identify(venv/lib/python3.10/site-packages/numpy/matrixlib/tests/__pycache__) by extensions ['colcon_meta']
[0.759s] Level 1:colcon.colcon_core.package_identification:_identify(venv/lib/python3.10/site-packages/numpy/matrixlib/tests/__pycache__) by extension 'colcon_meta'
[0.759s] Level 1:colcon.colcon_core.package_identification:_identify(venv/lib/python3.10/site-packages/numpy/matrixlib/tests/__pycache__) by extensions ['ros']
[0.759s] Level 1:colcon.colcon_core.package_identification:_identify(venv/lib/python3.10/site-packages/numpy/matrixlib/tests/__pycache__) by extension 'ros'
[0.759s] Level 1:colcon.colcon_core.package_identification:_identify(venv/lib/python3.10/site-packages/numpy/matrixlib/tests/__pycache__) by extensions ['cmake', 'python']
[0.759s] Level 1:colcon.colcon_core.package_identification:_identify(venv/lib/python3.10/site-packages/numpy/matrixlib/tests/__pycache__) by extension 'cmake'
[0.759s] Level 1:colcon.colcon_core.package_identification:_identify(venv/lib/python3.10/site-packages/numpy/matrixlib/tests/__pycache__) by extension 'python'
[0.759s] Level 1:colcon.colcon_core.package_identification:_identify(venv/lib/python3.10/site-packages/numpy/matrixlib/tests/__pycache__) by extensions ['python_setup_py']
[0.759s] Level 1:colcon.colcon_core.package_identification:_identify(venv/lib/python3.10/site-packages/numpy/matrixlib/tests/__pycache__) by extension 'python_setup_py'
[0.760s] Level 1:colcon.colcon_core.package_identification:_identify(venv/lib/python3.10/site-packages/numpy/polynomial) by extensions ['ignore', 'ignore_ament_install']
[0.760s] Level 1:colcon.colcon_core.package_identification:_identify(venv/lib/python3.10/site-packages/numpy/polynomial) by extension 'ignore'
[0.760s] Level 1:colcon.colcon_core.package_identification:_identify(venv/lib/python3.10/site-packages/numpy/polynomial) by extension 'ignore_ament_install'
[0.760s] Level 1:colcon.colcon_core.package_identification:_identify(venv/lib/python3.10/site-packages/numpy/polynomial) by extensions ['colcon_pkg']
[0.760s] Level 1:colcon.colcon_core.package_identification:_identify(venv/lib/python3.10/site-packages/numpy/polynomial) by extension 'colcon_pkg'
[0.760s] Level 1:colcon.colcon_core.package_identification:_identify(venv/lib/python3.10/site-packages/numpy/polynomial) by extensions ['colcon_meta']
[0.760s] Level 1:colcon.colcon_core.package_identification:_identify(venv/lib/python3.10/site-packages/numpy/polynomial) by extension 'colcon_meta'
[0.760s] Level 1:colcon.colcon_core.package_identification:_identify(venv/lib/python3.10/site-packages/numpy/polynomial) by extensions ['ros']
[0.760s] Level 1:colcon.colcon_core.package_identification:_identify(venv/lib/python3.10/site-packages/numpy/polynomial) by extension 'ros'
[0.760s] Level 1:colcon.colcon_core.package_identification:_identify(venv/lib/python3.10/site-packages/numpy/polynomial) by extensions ['cmake', 'python']
[0.760s] Level 1:colcon.colcon_core.package_identification:_identify(venv/lib/python3.10/site-packages/numpy/polynomial) by extension 'cmake'
[0.760s] Level 1:colcon.colcon_core.package_identification:_identify(venv/lib/python3.10/site-packages/numpy/polynomial) by extension 'python'
[0.760s] Level 1:colcon.colcon_core.package_identification:_identify(venv/lib/python3.10/site-packages/numpy/polynomial) by extensions ['python_setup_py']
[0.760s] Level 1:colcon.colcon_core.package_identification:_identify(venv/lib/python3.10/site-packages/numpy/polynomial) by extension 'python_setup_py'
[0.760s] Level 1:colcon.colcon_core.package_identification:_identify(venv/lib/python3.10/site-packages/numpy/polynomial/__pycache__) by extensions ['ignore', 'ignore_ament_install']
[0.760s] Level 1:colcon.colcon_core.package_identification:_identify(venv/lib/python3.10/site-packages/numpy/polynomial/__pycache__) by extension 'ignore'
[0.760s] Level 1:colcon.colcon_core.package_identification:_identify(venv/lib/python3.10/site-packages/numpy/polynomial/__pycache__) by extension 'ignore_ament_install'
[0.760s] Level 1:colcon.colcon_core.package_identification:_identify(venv/lib/python3.10/site-packages/numpy/polynomial/__pycache__) by extensions ['colcon_pkg']
[0.760s] Level 1:colcon.colcon_core.package_identification:_identify(venv/lib/python3.10/site-packages/numpy/polynomial/__pycache__) by extension 'colcon_pkg'
[0.760s] Level 1:colcon.colcon_core.package_identification:_identify(venv/lib/python3.10/site-packages/numpy/polynomial/__pycache__) by extensions ['colcon_meta']
[0.760s] Level 1:colcon.colcon_core.package_identification:_identify(venv/lib/python3.10/site-packages/numpy/polynomial/__pycache__) by extension 'colcon_meta'
[0.760s] Level 1:colcon.colcon_core.package_identification:_identify(venv/lib/python3.10/site-packages/numpy/polynomial/__pycache__) by extensions ['ros']
[0.760s] Level 1:colcon.colcon_core.package_identification:_identify(venv/lib/python3.10/site-packages/numpy/polynomial/__pycache__) by extension 'ros'
[0.760s] Level 1:colcon.colcon_core.package_identification:_identify(venv/lib/python3.10/site-packages/numpy/polynomial/__pycache__) by extensions ['cmake', 'python']
[0.760s] Level 1:colcon.colcon_core.package_identification:_identify(venv/lib/python3.10/site-packages/numpy/polynomial/__pycache__) by extension 'cmake'
[0.760s] Level 1:colcon.colcon_core.package_identification:_identify(venv/lib/python3.10/site-packages/numpy/polynomial/__pycache__) by extension 'python'
[0.760s] Level 1:colcon.colcon_core.package_identification:_identify(venv/lib/python3.10/site-packages/numpy/polynomial/__pycache__) by extensions ['python_setup_py']
[0.760s] Level 1:colcon.colcon_core.package_identification:_identify(venv/lib/python3.10/site-packages/numpy/polynomial/__pycache__) by extension 'python_setup_py'
[0.760s] Level 1:colcon.colcon_core.package_identification:_identify(venv/lib/python3.10/site-packages/numpy/polynomial/tests) by extensions ['ignore', 'ignore_ament_install']
[0.760s] Level 1:colcon.colcon_core.package_identification:_identify(venv/lib/python3.10/site-packages/numpy/polynomial/tests) by extension 'ignore'
[0.760s] Level 1:colcon.colcon_core.package_identification:_identify(venv/lib/python3.10/site-packages/numpy/polynomial/tests) by extension 'ignore_ament_install'
[0.760s] Level 1:colcon.colcon_core.package_identification:_identify(venv/lib/python3.10/site-packages/numpy/polynomial/tests) by extensions ['colcon_pkg']
[0.760s] Level 1:colcon.colcon_core.package_identification:_identify(venv/lib/python3.10/site-packages/numpy/polynomial/tests) by extension 'colcon_pkg'
[0.761s] Level 1:colcon.colcon_core.package_identification:_identify(venv/lib/python3.10/site-packages/numpy/polynomial/tests) by extensions ['colcon_meta']
[0.761s] Level 1:colcon.colcon_core.package_identification:_identify(venv/lib/python3.10/site-packages/numpy/polynomial/tests) by extension 'colcon_meta'
[0.761s] Level 1:colcon.colcon_core.package_identification:_identify(venv/lib/python3.10/site-packages/numpy/polynomial/tests) by extensions ['ros']
[0.761s] Level 1:colcon.colcon_core.package_identification:_identify(venv/lib/python3.10/site-packages/numpy/polynomial/tests) by extension 'ros'
[0.761s] Level 1:colcon.colcon_core.package_identification:_identify(venv/lib/python3.10/site-packages/numpy/polynomial/tests) by extensions ['cmake', 'python']
[0.761s] Level 1:colcon.colcon_core.package_identification:_identify(venv/lib/python3.10/site-packages/numpy/polynomial/tests) by extension 'cmake'
[0.761s] Level 1:colcon.colcon_core.package_identification:_identify(venv/lib/python3.10/site-packages/numpy/polynomial/tests) by extension 'python'
[0.761s] Level 1:colcon.colcon_core.package_identification:_identify(venv/lib/python3.10/site-packages/numpy/polynomial/tests) by extensions ['python_setup_py']
[0.761s] Level 1:colcon.colcon_core.package_identification:_identify(venv/lib/python3.10/site-packages/numpy/polynomial/tests) by extension 'python_setup_py'
[0.761s] Level 1:colcon.colcon_core.package_identification:_identify(venv/lib/python3.10/site-packages/numpy/polynomial/tests/__pycache__) by extensions ['ignore', 'ignore_ament_install']
[0.761s] Level 1:colcon.colcon_core.package_identification:_identify(venv/lib/python3.10/site-packages/numpy/polynomial/tests/__pycache__) by extension 'ignore'
[0.761s] Level 1:colcon.colcon_core.package_identification:_identify(venv/lib/python3.10/site-packages/numpy/polynomial/tests/__pycache__) by extension 'ignore_ament_install'
[0.761s] Level 1:colcon.colcon_core.package_identification:_identify(venv/lib/python3.10/site-packages/numpy/polynomial/tests/__pycache__) by extensions ['colcon_pkg']
[0.761s] Level 1:colcon.colcon_core.package_identification:_identify(venv/lib/python3.10/site-packages/numpy/polynomial/tests/__pycache__) by extension 'colcon_pkg'
[0.761s] Level 1:colcon.colcon_core.package_identification:_identify(venv/lib/python3.10/site-packages/numpy/polynomial/tests/__pycache__) by extensions ['colcon_meta']
[0.761s] Level 1:colcon.colcon_core.package_identification:_identify(venv/lib/python3.10/site-packages/numpy/polynomial/tests/__pycache__) by extension 'colcon_meta'
[0.761s] Level 1:colcon.colcon_core.package_identification:_identify(venv/lib/python3.10/site-packages/numpy/polynomial/tests/__pycache__) by extensions ['ros']
[0.761s] Level 1:colcon.colcon_core.package_identification:_identify(venv/lib/python3.10/site-packages/numpy/polynomial/tests/__pycache__) by extension 'ros'
[0.761s] Level 1:colcon.colcon_core.package_identification:_identify(venv/lib/python3.10/site-packages/numpy/polynomial/tests/__pycache__) by extensions ['cmake', 'python']
[0.761s] Level 1:colcon.colcon_core.package_identification:_identify(venv/lib/python3.10/site-packages/numpy/polynomial/tests/__pycache__) by extension 'cmake'
[0.761s] Level 1:colcon.colcon_core.package_identification:_identify(venv/lib/python3.10/site-packages/numpy/polynomial/tests/__pycache__) by extension 'python'
[0.761s] Level 1:colcon.colcon_core.package_identification:_identify(venv/lib/python3.10/site-packages/numpy/polynomial/tests/__pycache__) by extensions ['python_setup_py']
[0.761s] Level 1:colcon.colcon_core.package_identification:_identify(venv/lib/python3.10/site-packages/numpy/polynomial/tests/__pycache__) by extension 'python_setup_py'
[0.761s] Level 1:colcon.colcon_core.package_identification:_identify(venv/lib/python3.10/site-packages/numpy/random) by extensions ['ignore', 'ignore_ament_install']
[0.761s] Level 1:colcon.colcon_core.package_identification:_identify(venv/lib/python3.10/site-packages/numpy/random) by extension 'ignore'
[0.761s] Level 1:colcon.colcon_core.package_identification:_identify(venv/lib/python3.10/site-packages/numpy/random) by extension 'ignore_ament_install'
[0.761s] Level 1:colcon.colcon_core.package_identification:_identify(venv/lib/python3.10/site-packages/numpy/random) by extensions ['colcon_pkg']
[0.761s] Level 1:colcon.colcon_core.package_identification:_identify(venv/lib/python3.10/site-packages/numpy/random) by extension 'colcon_pkg'
[0.761s] Level 1:colcon.colcon_core.package_identification:_identify(venv/lib/python3.10/site-packages/numpy/random) by extensions ['colcon_meta']
[0.761s] Level 1:colcon.colcon_core.package_identification:_identify(venv/lib/python3.10/site-packages/numpy/random) by extension 'colcon_meta'
[0.761s] Level 1:colcon.colcon_core.package_identification:_identify(venv/lib/python3.10/site-packages/numpy/random) by extensions ['ros']
[0.761s] Level 1:colcon.colcon_core.package_identification:_identify(venv/lib/python3.10/site-packages/numpy/random) by extension 'ros'
[0.761s] Level 1:colcon.colcon_core.package_identification:_identify(venv/lib/python3.10/site-packages/numpy/random) by extensions ['cmake', 'python']
[0.762s] Level 1:colcon.colcon_core.package_identification:_identify(venv/lib/python3.10/site-packages/numpy/random) by extension 'cmake'
[0.762s] Level 1:colcon.colcon_core.package_identification:_identify(venv/lib/python3.10/site-packages/numpy/random) by extension 'python'
[0.762s] Level 1:colcon.colcon_core.package_identification:_identify(venv/lib/python3.10/site-packages/numpy/random) by extensions ['python_setup_py']
[0.762s] Level 1:colcon.colcon_core.package_identification:_identify(venv/lib/python3.10/site-packages/numpy/random) by extension 'python_setup_py'
[0.762s] Level 1:colcon.colcon_core.package_identification:_identify(venv/lib/python3.10/site-packages/numpy/random/__pycache__) by extensions ['ignore', 'ignore_ament_install']
[0.762s] Level 1:colcon.colcon_core.package_identification:_identify(venv/lib/python3.10/site-packages/numpy/random/__pycache__) by extension 'ignore'
[0.762s] Level 1:colcon.colcon_core.package_identification:_identify(venv/lib/python3.10/site-packages/numpy/random/__pycache__) by extension 'ignore_ament_install'
[0.762s] Level 1:colcon.colcon_core.package_identification:_identify(venv/lib/python3.10/site-packages/numpy/random/__pycache__) by extensions ['colcon_pkg']
[0.762s] Level 1:colcon.colcon_core.package_identification:_identify(venv/lib/python3.10/site-packages/numpy/random/__pycache__) by extension 'colcon_pkg'
[0.762s] Level 1:colcon.colcon_core.package_identification:_identify(venv/lib/python3.10/site-packages/numpy/random/__pycache__) by extensions ['colcon_meta']
[0.762s] Level 1:colcon.colcon_core.package_identification:_identify(venv/lib/python3.10/site-packages/numpy/random/__pycache__) by extension 'colcon_meta'
[0.762s] Level 1:colcon.colcon_core.package_identification:_identify(venv/lib/python3.10/site-packages/numpy/random/__pycache__) by extensions ['ros']
[0.762s] Level 1:colcon.colcon_core.package_identification:_identify(venv/lib/python3.10/site-packages/numpy/random/__pycache__) by extension 'ros'
[0.762s] Level 1:colcon.colcon_core.package_identification:_identify(venv/lib/python3.10/site-packages/numpy/random/__pycache__) by extensions ['cmake', 'python']
[0.762s] Level 1:colcon.colcon_core.package_identification:_identify(venv/lib/python3.10/site-packages/numpy/random/__pycache__) by extension 'cmake'
[0.762s] Level 1:colcon.colcon_core.package_identification:_identify(venv/lib/python3.10/site-packages/numpy/random/__pycache__) by extension 'python'
[0.762s] Level 1:colcon.colcon_core.package_identification:_identify(venv/lib/python3.10/site-packages/numpy/random/__pycache__) by extensions ['python_setup_py']
[0.762s] Level 1:colcon.colcon_core.package_identification:_identify(venv/lib/python3.10/site-packages/numpy/random/__pycache__) by extension 'python_setup_py'
[0.762s] Level 1:colcon.colcon_core.package_identification:_identify(venv/lib/python3.10/site-packages/numpy/random/_examples) by extensions ['ignore', 'ignore_ament_install']
[0.762s] Level 1:colcon.colcon_core.package_identification:_identify(venv/lib/python3.10/site-packages/numpy/random/_examples) by extension 'ignore'
[0.762s] Level 1:colcon.colcon_core.package_identification:_identify(venv/lib/python3.10/site-packages/numpy/random/_examples) by extension 'ignore_ament_install'
[0.762s] Level 1:colcon.colcon_core.package_identification:_identify(venv/lib/python3.10/site-packages/numpy/random/_examples) by extensions ['colcon_pkg']
[0.762s] Level 1:colcon.colcon_core.package_identification:_identify(venv/lib/python3.10/site-packages/numpy/random/_examples) by extension 'colcon_pkg'
[0.762s] Level 1:colcon.colcon_core.package_identification:_identify(venv/lib/python3.10/site-packages/numpy/random/_examples) by extensions ['colcon_meta']
[0.762s] Level 1:colcon.colcon_core.package_identification:_identify(venv/lib/python3.10/site-packages/numpy/random/_examples) by extension 'colcon_meta'
[0.762s] Level 1:colcon.colcon_core.package_identification:_identify(venv/lib/python3.10/site-packages/numpy/random/_examples) by extensions ['ros']
[0.762s] Level 1:colcon.colcon_core.package_identification:_identify(venv/lib/python3.10/site-packages/numpy/random/_examples) by extension 'ros'
[0.762s] Level 1:colcon.colcon_core.package_identification:_identify(venv/lib/python3.10/site-packages/numpy/random/_examples) by extensions ['cmake', 'python']
[0.762s] Level 1:colcon.colcon_core.package_identification:_identify(venv/lib/python3.10/site-packages/numpy/random/_examples) by extension 'cmake'
[0.762s] Level 1:colcon.colcon_core.package_identification:_identify(venv/lib/python3.10/site-packages/numpy/random/_examples) by extension 'python'
[0.762s] Level 1:colcon.colcon_core.package_identification:_identify(venv/lib/python3.10/site-packages/numpy/random/_examples) by extensions ['python_setup_py']
[0.762s] Level 1:colcon.colcon_core.package_identification:_identify(venv/lib/python3.10/site-packages/numpy/random/_examples) by extension 'python_setup_py'
[0.762s] Level 1:colcon.colcon_core.package_identification:_identify(venv/lib/python3.10/site-packages/numpy/random/_examples/cffi) by extensions ['ignore', 'ignore_ament_install']
[0.763s] Level 1:colcon.colcon_core.package_identification:_identify(venv/lib/python3.10/site-packages/numpy/random/_examples/cffi) by extension 'ignore'
[0.763s] Level 1:colcon.colcon_core.package_identification:_identify(venv/lib/python3.10/site-packages/numpy/random/_examples/cffi) by extension 'ignore_ament_install'
[0.763s] Level 1:colcon.colcon_core.package_identification:_identify(venv/lib/python3.10/site-packages/numpy/random/_examples/cffi) by extensions ['colcon_pkg']
[0.763s] Level 1:colcon.colcon_core.package_identification:_identify(venv/lib/python3.10/site-packages/numpy/random/_examples/cffi) by extension 'colcon_pkg'
[0.763s] Level 1:colcon.colcon_core.package_identification:_identify(venv/lib/python3.10/site-packages/numpy/random/_examples/cffi) by extensions ['colcon_meta']
[0.763s] Level 1:colcon.colcon_core.package_identification:_identify(venv/lib/python3.10/site-packages/numpy/random/_examples/cffi) by extension 'colcon_meta'
[0.763s] Level 1:colcon.colcon_core.package_identification:_identify(venv/lib/python3.10/site-packages/numpy/random/_examples/cffi) by extensions ['ros']
[0.763s] Level 1:colcon.colcon_core.package_identification:_identify(venv/lib/python3.10/site-packages/numpy/random/_examples/cffi) by extension 'ros'
[0.763s] Level 1:colcon.colcon_core.package_identification:_identify(venv/lib/python3.10/site-packages/numpy/random/_examples/cffi) by extensions ['cmake', 'python']
[0.763s] Level 1:colcon.colcon_core.package_identification:_identify(venv/lib/python3.10/site-packages/numpy/random/_examples/cffi) by extension 'cmake'
[0.763s] Level 1:colcon.colcon_core.package_identification:_identify(venv/lib/python3.10/site-packages/numpy/random/_examples/cffi) by extension 'python'
[0.763s] Level 1:colcon.colcon_core.package_identification:_identify(venv/lib/python3.10/site-packages/numpy/random/_examples/cffi) by extensions ['python_setup_py']
[0.763s] Level 1:colcon.colcon_core.package_identification:_identify(venv/lib/python3.10/site-packages/numpy/random/_examples/cffi) by extension 'python_setup_py'
[0.763s] Level 1:colcon.colcon_core.package_identification:_identify(venv/lib/python3.10/site-packages/numpy/random/_examples/cffi/__pycache__) by extensions ['ignore', 'ignore_ament_install']
[0.763s] Level 1:colcon.colcon_core.package_identification:_identify(venv/lib/python3.10/site-packages/numpy/random/_examples/cffi/__pycache__) by extension 'ignore'
[0.763s] Level 1:colcon.colcon_core.package_identification:_identify(venv/lib/python3.10/site-packages/numpy/random/_examples/cffi/__pycache__) by extension 'ignore_ament_install'
[0.763s] Level 1:colcon.colcon_core.package_identification:_identify(venv/lib/python3.10/site-packages/numpy/random/_examples/cffi/__pycache__) by extensions ['colcon_pkg']
[0.763s] Level 1:colcon.colcon_core.package_identification:_identify(venv/lib/python3.10/site-packages/numpy/random/_examples/cffi/__pycache__) by extension 'colcon_pkg'
[0.763s] Level 1:colcon.colcon_core.package_identification:_identify(venv/lib/python3.10/site-packages/numpy/random/_examples/cffi/__pycache__) by extensions ['colcon_meta']
[0.763s] Level 1:colcon.colcon_core.package_identification:_identify(venv/lib/python3.10/site-packages/numpy/random/_examples/cffi/__pycache__) by extension 'colcon_meta'
[0.763s] Level 1:colcon.colcon_core.package_identification:_identify(venv/lib/python3.10/site-packages/numpy/random/_examples/cffi/__pycache__) by extensions ['ros']
[0.763s] Level 1:colcon.colcon_core.package_identification:_identify(venv/lib/python3.10/site-packages/numpy/random/_examples/cffi/__pycache__) by extension 'ros'
[0.763s] Level 1:colcon.colcon_core.package_identification:_identify(venv/lib/python3.10/site-packages/numpy/random/_examples/cffi/__pycache__) by extensions ['cmake', 'python']
[0.763s] Level 1:colcon.colcon_core.package_identification:_identify(venv/lib/python3.10/site-packages/numpy/random/_examples/cffi/__pycache__) by extension 'cmake'
[0.763s] Level 1:colcon.colcon_core.package_identification:_identify(venv/lib/python3.10/site-packages/numpy/random/_examples/cffi/__pycache__) by extension 'python'
[0.763s] Level 1:colcon.colcon_core.package_identification:_identify(venv/lib/python3.10/site-packages/numpy/random/_examples/cffi/__pycache__) by extensions ['python_setup_py']
[0.763s] Level 1:colcon.colcon_core.package_identification:_identify(venv/lib/python3.10/site-packages/numpy/random/_examples/cffi/__pycache__) by extension 'python_setup_py'
[0.763s] Level 1:colcon.colcon_core.package_identification:_identify(venv/lib/python3.10/site-packages/numpy/random/_examples/cython) by extensions ['ignore', 'ignore_ament_install']
[0.763s] Level 1:colcon.colcon_core.package_identification:_identify(venv/lib/python3.10/site-packages/numpy/random/_examples/cython) by extension 'ignore'
[0.763s] Level 1:colcon.colcon_core.package_identification:_identify(venv/lib/python3.10/site-packages/numpy/random/_examples/cython) by extension 'ignore_ament_install'
[0.763s] Level 1:colcon.colcon_core.package_identification:_identify(venv/lib/python3.10/site-packages/numpy/random/_examples/cython) by extensions ['colcon_pkg']
[0.763s] Level 1:colcon.colcon_core.package_identification:_identify(venv/lib/python3.10/site-packages/numpy/random/_examples/cython) by extension 'colcon_pkg'
[0.763s] Level 1:colcon.colcon_core.package_identification:_identify(venv/lib/python3.10/site-packages/numpy/random/_examples/cython) by extensions ['colcon_meta']
[0.764s] Level 1:colcon.colcon_core.package_identification:_identify(venv/lib/python3.10/site-packages/numpy/random/_examples/cython) by extension 'colcon_meta'
[0.764s] Level 1:colcon.colcon_core.package_identification:_identify(venv/lib/python3.10/site-packages/numpy/random/_examples/cython) by extensions ['ros']
[0.764s] Level 1:colcon.colcon_core.package_identification:_identify(venv/lib/python3.10/site-packages/numpy/random/_examples/cython) by extension 'ros'
[0.764s] Level 1:colcon.colcon_core.package_identification:_identify(venv/lib/python3.10/site-packages/numpy/random/_examples/cython) by extensions ['cmake', 'python']
[0.764s] Level 1:colcon.colcon_core.package_identification:_identify(venv/lib/python3.10/site-packages/numpy/random/_examples/cython) by extension 'cmake'
[0.764s] Level 1:colcon.colcon_core.package_identification:_identify(venv/lib/python3.10/site-packages/numpy/random/_examples/cython) by extension 'python'
[0.764s] Level 1:colcon.colcon_core.package_identification:_identify(venv/lib/python3.10/site-packages/numpy/random/_examples/cython) by extensions ['python_setup_py']
[0.764s] Level 1:colcon.colcon_core.package_identification:_identify(venv/lib/python3.10/site-packages/numpy/random/_examples/cython) by extension 'python_setup_py'
[0.764s] Level 1:colcon.colcon_core.package_identification:_identify(venv/lib/python3.10/site-packages/numpy/random/_examples/numba) by extensions ['ignore', 'ignore_ament_install']
[0.764s] Level 1:colcon.colcon_core.package_identification:_identify(venv/lib/python3.10/site-packages/numpy/random/_examples/numba) by extension 'ignore'
[0.764s] Level 1:colcon.colcon_core.package_identification:_identify(venv/lib/python3.10/site-packages/numpy/random/_examples/numba) by extension 'ignore_ament_install'
[0.764s] Level 1:colcon.colcon_core.package_identification:_identify(venv/lib/python3.10/site-packages/numpy/random/_examples/numba) by extensions ['colcon_pkg']
[0.764s] Level 1:colcon.colcon_core.package_identification:_identify(venv/lib/python3.10/site-packages/numpy/random/_examples/numba) by extension 'colcon_pkg'
[0.764s] Level 1:colcon.colcon_core.package_identification:_identify(venv/lib/python3.10/site-packages/numpy/random/_examples/numba) by extensions ['colcon_meta']
[0.764s] Level 1:colcon.colcon_core.package_identification:_identify(venv/lib/python3.10/site-packages/numpy/random/_examples/numba) by extension 'colcon_meta'
[0.764s] Level 1:colcon.colcon_core.package_identification:_identify(venv/lib/python3.10/site-packages/numpy/random/_examples/numba) by extensions ['ros']
[0.764s] Level 1:colcon.colcon_core.package_identification:_identify(venv/lib/python3.10/site-packages/numpy/random/_examples/numba) by extension 'ros'
[0.764s] Level 1:colcon.colcon_core.package_identification:_identify(venv/lib/python3.10/site-packages/numpy/random/_examples/numba) by extensions ['cmake', 'python']
[0.764s] Level 1:colcon.colcon_core.package_identification:_identify(venv/lib/python3.10/site-packages/numpy/random/_examples/numba) by extension 'cmake'
[0.764s] Level 1:colcon.colcon_core.package_identification:_identify(venv/lib/python3.10/site-packages/numpy/random/_examples/numba) by extension 'python'
[0.764s] Level 1:colcon.colcon_core.package_identification:_identify(venv/lib/python3.10/site-packages/numpy/random/_examples/numba) by extensions ['python_setup_py']
[0.764s] Level 1:colcon.colcon_core.package_identification:_identify(venv/lib/python3.10/site-packages/numpy/random/_examples/numba) by extension 'python_setup_py'
[0.764s] Level 1:colcon.colcon_core.package_identification:_identify(venv/lib/python3.10/site-packages/numpy/random/_examples/numba/__pycache__) by extensions ['ignore', 'ignore_ament_install']
[0.764s] Level 1:colcon.colcon_core.package_identification:_identify(venv/lib/python3.10/site-packages/numpy/random/_examples/numba/__pycache__) by extension 'ignore'
[0.764s] Level 1:colcon.colcon_core.package_identification:_identify(venv/lib/python3.10/site-packages/numpy/random/_examples/numba/__pycache__) by extension 'ignore_ament_install'
[0.764s] Level 1:colcon.colcon_core.package_identification:_identify(venv/lib/python3.10/site-packages/numpy/random/_examples/numba/__pycache__) by extensions ['colcon_pkg']
[0.764s] Level 1:colcon.colcon_core.package_identification:_identify(venv/lib/python3.10/site-packages/numpy/random/_examples/numba/__pycache__) by extension 'colcon_pkg'
[0.764s] Level 1:colcon.colcon_core.package_identification:_identify(venv/lib/python3.10/site-packages/numpy/random/_examples/numba/__pycache__) by extensions ['colcon_meta']
[0.764s] Level 1:colcon.colcon_core.package_identification:_identify(venv/lib/python3.10/site-packages/numpy/random/_examples/numba/__pycache__) by extension 'colcon_meta'
[0.764s] Level 1:colcon.colcon_core.package_identification:_identify(venv/lib/python3.10/site-packages/numpy/random/_examples/numba/__pycache__) by extensions ['ros']
[0.764s] Level 1:colcon.colcon_core.package_identification:_identify(venv/lib/python3.10/site-packages/numpy/random/_examples/numba/__pycache__) by extension 'ros'
[0.764s] Level 1:colcon.colcon_core.package_identification:_identify(venv/lib/python3.10/site-packages/numpy/random/_examples/numba/__pycache__) by extensions ['cmake', 'python']
[0.764s] Level 1:colcon.colcon_core.package_identification:_identify(venv/lib/python3.10/site-packages/numpy/random/_examples/numba/__pycache__) by extension 'cmake'
[0.764s] Level 1:colcon.colcon_core.package_identification:_identify(venv/lib/python3.10/site-packages/numpy/random/_examples/numba/__pycache__) by extension 'python'
[0.765s] Level 1:colcon.colcon_core.package_identification:_identify(venv/lib/python3.10/site-packages/numpy/random/_examples/numba/__pycache__) by extensions ['python_setup_py']
[0.765s] Level 1:colcon.colcon_core.package_identification:_identify(venv/lib/python3.10/site-packages/numpy/random/_examples/numba/__pycache__) by extension 'python_setup_py'
[0.765s] Level 1:colcon.colcon_core.package_identification:_identify(venv/lib/python3.10/site-packages/numpy/random/lib) by extensions ['ignore', 'ignore_ament_install']
[0.765s] Level 1:colcon.colcon_core.package_identification:_identify(venv/lib/python3.10/site-packages/numpy/random/lib) by extension 'ignore'
[0.765s] Level 1:colcon.colcon_core.package_identification:_identify(venv/lib/python3.10/site-packages/numpy/random/lib) by extension 'ignore_ament_install'
[0.765s] Level 1:colcon.colcon_core.package_identification:_identify(venv/lib/python3.10/site-packages/numpy/random/lib) by extensions ['colcon_pkg']
[0.765s] Level 1:colcon.colcon_core.package_identification:_identify(venv/lib/python3.10/site-packages/numpy/random/lib) by extension 'colcon_pkg'
[0.765s] Level 1:colcon.colcon_core.package_identification:_identify(venv/lib/python3.10/site-packages/numpy/random/lib) by extensions ['colcon_meta']
[0.765s] Level 1:colcon.colcon_core.package_identification:_identify(venv/lib/python3.10/site-packages/numpy/random/lib) by extension 'colcon_meta'
[0.765s] Level 1:colcon.colcon_core.package_identification:_identify(venv/lib/python3.10/site-packages/numpy/random/lib) by extensions ['ros']
[0.765s] Level 1:colcon.colcon_core.package_identification:_identify(venv/lib/python3.10/site-packages/numpy/random/lib) by extension 'ros'
[0.765s] Level 1:colcon.colcon_core.package_identification:_identify(venv/lib/python3.10/site-packages/numpy/random/lib) by extensions ['cmake', 'python']
[0.765s] Level 1:colcon.colcon_core.package_identification:_identify(venv/lib/python3.10/site-packages/numpy/random/lib) by extension 'cmake'
[0.765s] Level 1:colcon.colcon_core.package_identification:_identify(venv/lib/python3.10/site-packages/numpy/random/lib) by extension 'python'
[0.765s] Level 1:colcon.colcon_core.package_identification:_identify(venv/lib/python3.10/site-packages/numpy/random/lib) by extensions ['python_setup_py']
[0.765s] Level 1:colcon.colcon_core.package_identification:_identify(venv/lib/python3.10/site-packages/numpy/random/lib) by extension 'python_setup_py'
[0.765s] Level 1:colcon.colcon_core.package_identification:_identify(venv/lib/python3.10/site-packages/numpy/random/tests) by extensions ['ignore', 'ignore_ament_install']
[0.765s] Level 1:colcon.colcon_core.package_identification:_identify(venv/lib/python3.10/site-packages/numpy/random/tests) by extension 'ignore'
[0.765s] Level 1:colcon.colcon_core.package_identification:_identify(venv/lib/python3.10/site-packages/numpy/random/tests) by extension 'ignore_ament_install'
[0.765s] Level 1:colcon.colcon_core.package_identification:_identify(venv/lib/python3.10/site-packages/numpy/random/tests) by extensions ['colcon_pkg']
[0.765s] Level 1:colcon.colcon_core.package_identification:_identify(venv/lib/python3.10/site-packages/numpy/random/tests) by extension 'colcon_pkg'
[0.765s] Level 1:colcon.colcon_core.package_identification:_identify(venv/lib/python3.10/site-packages/numpy/random/tests) by extensions ['colcon_meta']
[0.765s] Level 1:colcon.colcon_core.package_identification:_identify(venv/lib/python3.10/site-packages/numpy/random/tests) by extension 'colcon_meta'
[0.765s] Level 1:colcon.colcon_core.package_identification:_identify(venv/lib/python3.10/site-packages/numpy/random/tests) by extensions ['ros']
[0.765s] Level 1:colcon.colcon_core.package_identification:_identify(venv/lib/python3.10/site-packages/numpy/random/tests) by extension 'ros'
[0.765s] Level 1:colcon.colcon_core.package_identification:_identify(venv/lib/python3.10/site-packages/numpy/random/tests) by extensions ['cmake', 'python']
[0.765s] Level 1:colcon.colcon_core.package_identification:_identify(venv/lib/python3.10/site-packages/numpy/random/tests) by extension 'cmake'
[0.765s] Level 1:colcon.colcon_core.package_identification:_identify(venv/lib/python3.10/site-packages/numpy/random/tests) by extension 'python'
[0.765s] Level 1:colcon.colcon_core.package_identification:_identify(venv/lib/python3.10/site-packages/numpy/random/tests) by extensions ['python_setup_py']
[0.765s] Level 1:colcon.colcon_core.package_identification:_identify(venv/lib/python3.10/site-packages/numpy/random/tests) by extension 'python_setup_py'
[0.765s] Level 1:colcon.colcon_core.package_identification:_identify(venv/lib/python3.10/site-packages/numpy/random/tests/__pycache__) by extensions ['ignore', 'ignore_ament_install']
[0.766s] Level 1:colcon.colcon_core.package_identification:_identify(venv/lib/python3.10/site-packages/numpy/random/tests/__pycache__) by extension 'ignore'
[0.766s] Level 1:colcon.colcon_core.package_identification:_identify(venv/lib/python3.10/site-packages/numpy/random/tests/__pycache__) by extension 'ignore_ament_install'
[0.766s] Level 1:colcon.colcon_core.package_identification:_identify(venv/lib/python3.10/site-packages/numpy/random/tests/__pycache__) by extensions ['colcon_pkg']
[0.766s] Level 1:colcon.colcon_core.package_identification:_identify(venv/lib/python3.10/site-packages/numpy/random/tests/__pycache__) by extension 'colcon_pkg'
[0.766s] Level 1:colcon.colcon_core.package_identification:_identify(venv/lib/python3.10/site-packages/numpy/random/tests/__pycache__) by extensions ['colcon_meta']
[0.766s] Level 1:colcon.colcon_core.package_identification:_identify(venv/lib/python3.10/site-packages/numpy/random/tests/__pycache__) by extension 'colcon_meta'
[0.766s] Level 1:colcon.colcon_core.package_identification:_identify(venv/lib/python3.10/site-packages/numpy/random/tests/__pycache__) by extensions ['ros']
[0.766s] Level 1:colcon.colcon_core.package_identification:_identify(venv/lib/python3.10/site-packages/numpy/random/tests/__pycache__) by extension 'ros'
[0.766s] Level 1:colcon.colcon_core.package_identification:_identify(venv/lib/python3.10/site-packages/numpy/random/tests/__pycache__) by extensions ['cmake', 'python']
[0.766s] Level 1:colcon.colcon_core.package_identification:_identify(venv/lib/python3.10/site-packages/numpy/random/tests/__pycache__) by extension 'cmake'
[0.766s] Level 1:colcon.colcon_core.package_identification:_identify(venv/lib/python3.10/site-packages/numpy/random/tests/__pycache__) by extension 'python'
[0.766s] Level 1:colcon.colcon_core.package_identification:_identify(venv/lib/python3.10/site-packages/numpy/random/tests/__pycache__) by extensions ['python_setup_py']
[0.766s] Level 1:colcon.colcon_core.package_identification:_identify(venv/lib/python3.10/site-packages/numpy/random/tests/__pycache__) by extension 'python_setup_py'
[0.766s] Level 1:colcon.colcon_core.package_identification:_identify(venv/lib/python3.10/site-packages/numpy/random/tests/data) by extensions ['ignore', 'ignore_ament_install']
[0.766s] Level 1:colcon.colcon_core.package_identification:_identify(venv/lib/python3.10/site-packages/numpy/random/tests/data) by extension 'ignore'
[0.766s] Level 1:colcon.colcon_core.package_identification:_identify(venv/lib/python3.10/site-packages/numpy/random/tests/data) by extension 'ignore_ament_install'
[0.766s] Level 1:colcon.colcon_core.package_identification:_identify(venv/lib/python3.10/site-packages/numpy/random/tests/data) by extensions ['colcon_pkg']
[0.766s] Level 1:colcon.colcon_core.package_identification:_identify(venv/lib/python3.10/site-packages/numpy/random/tests/data) by extension 'colcon_pkg'
[0.766s] Level 1:colcon.colcon_core.package_identification:_identify(venv/lib/python3.10/site-packages/numpy/random/tests/data) by extensions ['colcon_meta']
[0.766s] Level 1:colcon.colcon_core.package_identification:_identify(venv/lib/python3.10/site-packages/numpy/random/tests/data) by extension 'colcon_meta'
[0.766s] Level 1:colcon.colcon_core.package_identification:_identify(venv/lib/python3.10/site-packages/numpy/random/tests/data) by extensions ['ros']
[0.766s] Level 1:colcon.colcon_core.package_identification:_identify(venv/lib/python3.10/site-packages/numpy/random/tests/data) by extension 'ros'
[0.766s] Level 1:colcon.colcon_core.package_identification:_identify(venv/lib/python3.10/site-packages/numpy/random/tests/data) by extensions ['cmake', 'python']
[0.766s] Level 1:colcon.colcon_core.package_identification:_identify(venv/lib/python3.10/site-packages/numpy/random/tests/data) by extension 'cmake'
[0.766s] Level 1:colcon.colcon_core.package_identification:_identify(venv/lib/python3.10/site-packages/numpy/random/tests/data) by extension 'python'
[0.766s] Level 1:colcon.colcon_core.package_identification:_identify(venv/lib/python3.10/site-packages/numpy/random/tests/data) by extensions ['python_setup_py']
[0.766s] Level 1:colcon.colcon_core.package_identification:_identify(venv/lib/python3.10/site-packages/numpy/random/tests/data) by extension 'python_setup_py'
[0.766s] Level 1:colcon.colcon_core.package_identification:_identify(venv/lib/python3.10/site-packages/numpy/random/tests/data/__pycache__) by extensions ['ignore', 'ignore_ament_install']
[0.766s] Level 1:colcon.colcon_core.package_identification:_identify(venv/lib/python3.10/site-packages/numpy/random/tests/data/__pycache__) by extension 'ignore'
[0.766s] Level 1:colcon.colcon_core.package_identification:_identify(venv/lib/python3.10/site-packages/numpy/random/tests/data/__pycache__) by extension 'ignore_ament_install'
[0.766s] Level 1:colcon.colcon_core.package_identification:_identify(venv/lib/python3.10/site-packages/numpy/random/tests/data/__pycache__) by extensions ['colcon_pkg']
[0.766s] Level 1:colcon.colcon_core.package_identification:_identify(venv/lib/python3.10/site-packages/numpy/random/tests/data/__pycache__) by extension 'colcon_pkg'
[0.766s] Level 1:colcon.colcon_core.package_identification:_identify(venv/lib/python3.10/site-packages/numpy/random/tests/data/__pycache__) by extensions ['colcon_meta']
[0.766s] Level 1:colcon.colcon_core.package_identification:_identify(venv/lib/python3.10/site-packages/numpy/random/tests/data/__pycache__) by extension 'colcon_meta'
[0.767s] Level 1:colcon.colcon_core.package_identification:_identify(venv/lib/python3.10/site-packages/numpy/random/tests/data/__pycache__) by extensions ['ros']
[0.767s] Level 1:colcon.colcon_core.package_identification:_identify(venv/lib/python3.10/site-packages/numpy/random/tests/data/__pycache__) by extension 'ros'
[0.767s] Level 1:colcon.colcon_core.package_identification:_identify(venv/lib/python3.10/site-packages/numpy/random/tests/data/__pycache__) by extensions ['cmake', 'python']
[0.767s] Level 1:colcon.colcon_core.package_identification:_identify(venv/lib/python3.10/site-packages/numpy/random/tests/data/__pycache__) by extension 'cmake'
[0.767s] Level 1:colcon.colcon_core.package_identification:_identify(venv/lib/python3.10/site-packages/numpy/random/tests/data/__pycache__) by extension 'python'
[0.767s] Level 1:colcon.colcon_core.package_identification:_identify(venv/lib/python3.10/site-packages/numpy/random/tests/data/__pycache__) by extensions ['python_setup_py']
[0.767s] Level 1:colcon.colcon_core.package_identification:_identify(venv/lib/python3.10/site-packages/numpy/random/tests/data/__pycache__) by extension 'python_setup_py'
[0.767s] Level 1:colcon.colcon_core.package_identification:_identify(venv/lib/python3.10/site-packages/numpy/rec) by extensions ['ignore', 'ignore_ament_install']
[0.767s] Level 1:colcon.colcon_core.package_identification:_identify(venv/lib/python3.10/site-packages/numpy/rec) by extension 'ignore'
[0.767s] Level 1:colcon.colcon_core.package_identification:_identify(venv/lib/python3.10/site-packages/numpy/rec) by extension 'ignore_ament_install'
[0.767s] Level 1:colcon.colcon_core.package_identification:_identify(venv/lib/python3.10/site-packages/numpy/rec) by extensions ['colcon_pkg']
[0.767s] Level 1:colcon.colcon_core.package_identification:_identify(venv/lib/python3.10/site-packages/numpy/rec) by extension 'colcon_pkg'
[0.767s] Level 1:colcon.colcon_core.package_identification:_identify(venv/lib/python3.10/site-packages/numpy/rec) by extensions ['colcon_meta']
[0.767s] Level 1:colcon.colcon_core.package_identification:_identify(venv/lib/python3.10/site-packages/numpy/rec) by extension 'colcon_meta'
[0.767s] Level 1:colcon.colcon_core.package_identification:_identify(venv/lib/python3.10/site-packages/numpy/rec) by extensions ['ros']
[0.767s] Level 1:colcon.colcon_core.package_identification:_identify(venv/lib/python3.10/site-packages/numpy/rec) by extension 'ros'
[0.767s] Level 1:colcon.colcon_core.package_identification:_identify(venv/lib/python3.10/site-packages/numpy/rec) by extensions ['cmake', 'python']
[0.767s] Level 1:colcon.colcon_core.package_identification:_identify(venv/lib/python3.10/site-packages/numpy/rec) by extension 'cmake'
[0.767s] Level 1:colcon.colcon_core.package_identification:_identify(venv/lib/python3.10/site-packages/numpy/rec) by extension 'python'
[0.767s] Level 1:colcon.colcon_core.package_identification:_identify(venv/lib/python3.10/site-packages/numpy/rec) by extensions ['python_setup_py']
[0.767s] Level 1:colcon.colcon_core.package_identification:_identify(venv/lib/python3.10/site-packages/numpy/rec) by extension 'python_setup_py'
[0.767s] Level 1:colcon.colcon_core.package_identification:_identify(venv/lib/python3.10/site-packages/numpy/rec/__pycache__) by extensions ['ignore', 'ignore_ament_install']
[0.767s] Level 1:colcon.colcon_core.package_identification:_identify(venv/lib/python3.10/site-packages/numpy/rec/__pycache__) by extension 'ignore'
[0.767s] Level 1:colcon.colcon_core.package_identification:_identify(venv/lib/python3.10/site-packages/numpy/rec/__pycache__) by extension 'ignore_ament_install'
[0.767s] Level 1:colcon.colcon_core.package_identification:_identify(venv/lib/python3.10/site-packages/numpy/rec/__pycache__) by extensions ['colcon_pkg']
[0.767s] Level 1:colcon.colcon_core.package_identification:_identify(venv/lib/python3.10/site-packages/numpy/rec/__pycache__) by extension 'colcon_pkg'
[0.767s] Level 1:colcon.colcon_core.package_identification:_identify(venv/lib/python3.10/site-packages/numpy/rec/__pycache__) by extensions ['colcon_meta']
[0.767s] Level 1:colcon.colcon_core.package_identification:_identify(venv/lib/python3.10/site-packages/numpy/rec/__pycache__) by extension 'colcon_meta'
[0.767s] Level 1:colcon.colcon_core.package_identification:_identify(venv/lib/python3.10/site-packages/numpy/rec/__pycache__) by extensions ['ros']
[0.767s] Level 1:colcon.colcon_core.package_identification:_identify(venv/lib/python3.10/site-packages/numpy/rec/__pycache__) by extension 'ros'
[0.767s] Level 1:colcon.colcon_core.package_identification:_identify(venv/lib/python3.10/site-packages/numpy/rec/__pycache__) by extensions ['cmake', 'python']
[0.767s] Level 1:colcon.colcon_core.package_identification:_identify(venv/lib/python3.10/site-packages/numpy/rec/__pycache__) by extension 'cmake'
[0.767s] Level 1:colcon.colcon_core.package_identification:_identify(venv/lib/python3.10/site-packages/numpy/rec/__pycache__) by extension 'python'
[0.767s] Level 1:colcon.colcon_core.package_identification:_identify(venv/lib/python3.10/site-packages/numpy/rec/__pycache__) by extensions ['python_setup_py']
[0.768s] Level 1:colcon.colcon_core.package_identification:_identify(venv/lib/python3.10/site-packages/numpy/rec/__pycache__) by extension 'python_setup_py'
[0.768s] Level 1:colcon.colcon_core.package_identification:_identify(venv/lib/python3.10/site-packages/numpy/strings) by extensions ['ignore', 'ignore_ament_install']
[0.768s] Level 1:colcon.colcon_core.package_identification:_identify(venv/lib/python3.10/site-packages/numpy/strings) by extension 'ignore'
[0.768s] Level 1:colcon.colcon_core.package_identification:_identify(venv/lib/python3.10/site-packages/numpy/strings) by extension 'ignore_ament_install'
[0.768s] Level 1:colcon.colcon_core.package_identification:_identify(venv/lib/python3.10/site-packages/numpy/strings) by extensions ['colcon_pkg']
[0.768s] Level 1:colcon.colcon_core.package_identification:_identify(venv/lib/python3.10/site-packages/numpy/strings) by extension 'colcon_pkg'
[0.768s] Level 1:colcon.colcon_core.package_identification:_identify(venv/lib/python3.10/site-packages/numpy/strings) by extensions ['colcon_meta']
[0.768s] Level 1:colcon.colcon_core.package_identification:_identify(venv/lib/python3.10/site-packages/numpy/strings) by extension 'colcon_meta'
[0.768s] Level 1:colcon.colcon_core.package_identification:_identify(venv/lib/python3.10/site-packages/numpy/strings) by extensions ['ros']
[0.768s] Level 1:colcon.colcon_core.package_identification:_identify(venv/lib/python3.10/site-packages/numpy/strings) by extension 'ros'
[0.768s] Level 1:colcon.colcon_core.package_identification:_identify(venv/lib/python3.10/site-packages/numpy/strings) by extensions ['cmake', 'python']
[0.768s] Level 1:colcon.colcon_core.package_identification:_identify(venv/lib/python3.10/site-packages/numpy/strings) by extension 'cmake'
[0.768s] Level 1:colcon.colcon_core.package_identification:_identify(venv/lib/python3.10/site-packages/numpy/strings) by extension 'python'
[0.768s] Level 1:colcon.colcon_core.package_identification:_identify(venv/lib/python3.10/site-packages/numpy/strings) by extensions ['python_setup_py']
[0.768s] Level 1:colcon.colcon_core.package_identification:_identify(venv/lib/python3.10/site-packages/numpy/strings) by extension 'python_setup_py'
[0.768s] Level 1:colcon.colcon_core.package_identification:_identify(venv/lib/python3.10/site-packages/numpy/strings/__pycache__) by extensions ['ignore', 'ignore_ament_install']
[0.768s] Level 1:colcon.colcon_core.package_identification:_identify(venv/lib/python3.10/site-packages/numpy/strings/__pycache__) by extension 'ignore'
[0.768s] Level 1:colcon.colcon_core.package_identification:_identify(venv/lib/python3.10/site-packages/numpy/strings/__pycache__) by extension 'ignore_ament_install'
[0.768s] Level 1:colcon.colcon_core.package_identification:_identify(venv/lib/python3.10/site-packages/numpy/strings/__pycache__) by extensions ['colcon_pkg']
[0.768s] Level 1:colcon.colcon_core.package_identification:_identify(venv/lib/python3.10/site-packages/numpy/strings/__pycache__) by extension 'colcon_pkg'
[0.768s] Level 1:colcon.colcon_core.package_identification:_identify(venv/lib/python3.10/site-packages/numpy/strings/__pycache__) by extensions ['colcon_meta']
[0.768s] Level 1:colcon.colcon_core.package_identification:_identify(venv/lib/python3.10/site-packages/numpy/strings/__pycache__) by extension 'colcon_meta'
[0.768s] Level 1:colcon.colcon_core.package_identification:_identify(venv/lib/python3.10/site-packages/numpy/strings/__pycache__) by extensions ['ros']
[0.768s] Level 1:colcon.colcon_core.package_identification:_identify(venv/lib/python3.10/site-packages/numpy/strings/__pycache__) by extension 'ros'
[0.768s] Level 1:colcon.colcon_core.package_identification:_identify(venv/lib/python3.10/site-packages/numpy/strings/__pycache__) by extensions ['cmake', 'python']
[0.768s] Level 1:colcon.colcon_core.package_identification:_identify(venv/lib/python3.10/site-packages/numpy/strings/__pycache__) by extension 'cmake'
[0.768s] Level 1:colcon.colcon_core.package_identification:_identify(venv/lib/python3.10/site-packages/numpy/strings/__pycache__) by extension 'python'
[0.768s] Level 1:colcon.colcon_core.package_identification:_identify(venv/lib/python3.10/site-packages/numpy/strings/__pycache__) by extensions ['python_setup_py']
[0.768s] Level 1:colcon.colcon_core.package_identification:_identify(venv/lib/python3.10/site-packages/numpy/strings/__pycache__) by extension 'python_setup_py'
[0.768s] Level 1:colcon.colcon_core.package_identification:_identify(venv/lib/python3.10/site-packages/numpy/testing) by extensions ['ignore', 'ignore_ament_install']
[0.768s] Level 1:colcon.colcon_core.package_identification:_identify(venv/lib/python3.10/site-packages/numpy/testing) by extension 'ignore'
[0.768s] Level 1:colcon.colcon_core.package_identification:_identify(venv/lib/python3.10/site-packages/numpy/testing) by extension 'ignore_ament_install'
[0.769s] Level 1:colcon.colcon_core.package_identification:_identify(venv/lib/python3.10/site-packages/numpy/testing) by extensions ['colcon_pkg']
[0.769s] Level 1:colcon.colcon_core.package_identification:_identify(venv/lib/python3.10/site-packages/numpy/testing) by extension 'colcon_pkg'
[0.769s] Level 1:colcon.colcon_core.package_identification:_identify(venv/lib/python3.10/site-packages/numpy/testing) by extensions ['colcon_meta']
[0.769s] Level 1:colcon.colcon_core.package_identification:_identify(venv/lib/python3.10/site-packages/numpy/testing) by extension 'colcon_meta'
[0.769s] Level 1:colcon.colcon_core.package_identification:_identify(venv/lib/python3.10/site-packages/numpy/testing) by extensions ['ros']
[0.769s] Level 1:colcon.colcon_core.package_identification:_identify(venv/lib/python3.10/site-packages/numpy/testing) by extension 'ros'
[0.769s] Level 1:colcon.colcon_core.package_identification:_identify(venv/lib/python3.10/site-packages/numpy/testing) by extensions ['cmake', 'python']
[0.769s] Level 1:colcon.colcon_core.package_identification:_identify(venv/lib/python3.10/site-packages/numpy/testing) by extension 'cmake'
[0.769s] Level 1:colcon.colcon_core.package_identification:_identify(venv/lib/python3.10/site-packages/numpy/testing) by extension 'python'
[0.769s] Level 1:colcon.colcon_core.package_identification:_identify(venv/lib/python3.10/site-packages/numpy/testing) by extensions ['python_setup_py']
[0.769s] Level 1:colcon.colcon_core.package_identification:_identify(venv/lib/python3.10/site-packages/numpy/testing) by extension 'python_setup_py'
[0.769s] Level 1:colcon.colcon_core.package_identification:_identify(venv/lib/python3.10/site-packages/numpy/testing/__pycache__) by extensions ['ignore', 'ignore_ament_install']
[0.769s] Level 1:colcon.colcon_core.package_identification:_identify(venv/lib/python3.10/site-packages/numpy/testing/__pycache__) by extension 'ignore'
[0.769s] Level 1:colcon.colcon_core.package_identification:_identify(venv/lib/python3.10/site-packages/numpy/testing/__pycache__) by extension 'ignore_ament_install'
[0.769s] Level 1:colcon.colcon_core.package_identification:_identify(venv/lib/python3.10/site-packages/numpy/testing/__pycache__) by extensions ['colcon_pkg']
[0.769s] Level 1:colcon.colcon_core.package_identification:_identify(venv/lib/python3.10/site-packages/numpy/testing/__pycache__) by extension 'colcon_pkg'
[0.769s] Level 1:colcon.colcon_core.package_identification:_identify(venv/lib/python3.10/site-packages/numpy/testing/__pycache__) by extensions ['colcon_meta']
[0.769s] Level 1:colcon.colcon_core.package_identification:_identify(venv/lib/python3.10/site-packages/numpy/testing/__pycache__) by extension 'colcon_meta'
[0.769s] Level 1:colcon.colcon_core.package_identification:_identify(venv/lib/python3.10/site-packages/numpy/testing/__pycache__) by extensions ['ros']
[0.769s] Level 1:colcon.colcon_core.package_identification:_identify(venv/lib/python3.10/site-packages/numpy/testing/__pycache__) by extension 'ros'
[0.769s] Level 1:colcon.colcon_core.package_identification:_identify(venv/lib/python3.10/site-packages/numpy/testing/__pycache__) by extensions ['cmake', 'python']
[0.769s] Level 1:colcon.colcon_core.package_identification:_identify(venv/lib/python3.10/site-packages/numpy/testing/__pycache__) by extension 'cmake'
[0.769s] Level 1:colcon.colcon_core.package_identification:_identify(venv/lib/python3.10/site-packages/numpy/testing/__pycache__) by extension 'python'
[0.769s] Level 1:colcon.colcon_core.package_identification:_identify(venv/lib/python3.10/site-packages/numpy/testing/__pycache__) by extensions ['python_setup_py']
[0.769s] Level 1:colcon.colcon_core.package_identification:_identify(venv/lib/python3.10/site-packages/numpy/testing/__pycache__) by extension 'python_setup_py'
[0.769s] Level 1:colcon.colcon_core.package_identification:_identify(venv/lib/python3.10/site-packages/numpy/testing/_private) by extensions ['ignore', 'ignore_ament_install']
[0.769s] Level 1:colcon.colcon_core.package_identification:_identify(venv/lib/python3.10/site-packages/numpy/testing/_private) by extension 'ignore'
[0.769s] Level 1:colcon.colcon_core.package_identification:_identify(venv/lib/python3.10/site-packages/numpy/testing/_private) by extension 'ignore_ament_install'
[0.769s] Level 1:colcon.colcon_core.package_identification:_identify(venv/lib/python3.10/site-packages/numpy/testing/_private) by extensions ['colcon_pkg']
[0.769s] Level 1:colcon.colcon_core.package_identification:_identify(venv/lib/python3.10/site-packages/numpy/testing/_private) by extension 'colcon_pkg'
[0.769s] Level 1:colcon.colcon_core.package_identification:_identify(venv/lib/python3.10/site-packages/numpy/testing/_private) by extensions ['colcon_meta']
[0.769s] Level 1:colcon.colcon_core.package_identification:_identify(venv/lib/python3.10/site-packages/numpy/testing/_private) by extension 'colcon_meta'
[0.769s] Level 1:colcon.colcon_core.package_identification:_identify(venv/lib/python3.10/site-packages/numpy/testing/_private) by extensions ['ros']
[0.769s] Level 1:colcon.colcon_core.package_identification:_identify(venv/lib/python3.10/site-packages/numpy/testing/_private) by extension 'ros'
[0.770s] Level 1:colcon.colcon_core.package_identification:_identify(venv/lib/python3.10/site-packages/numpy/testing/_private) by extensions ['cmake', 'python']
[0.770s] Level 1:colcon.colcon_core.package_identification:_identify(venv/lib/python3.10/site-packages/numpy/testing/_private) by extension 'cmake'
[0.770s] Level 1:colcon.colcon_core.package_identification:_identify(venv/lib/python3.10/site-packages/numpy/testing/_private) by extension 'python'
[0.770s] Level 1:colcon.colcon_core.package_identification:_identify(venv/lib/python3.10/site-packages/numpy/testing/_private) by extensions ['python_setup_py']
[0.770s] Level 1:colcon.colcon_core.package_identification:_identify(venv/lib/python3.10/site-packages/numpy/testing/_private) by extension 'python_setup_py'
[0.770s] Level 1:colcon.colcon_core.package_identification:_identify(venv/lib/python3.10/site-packages/numpy/testing/_private/__pycache__) by extensions ['ignore', 'ignore_ament_install']
[0.770s] Level 1:colcon.colcon_core.package_identification:_identify(venv/lib/python3.10/site-packages/numpy/testing/_private/__pycache__) by extension 'ignore'
[0.770s] Level 1:colcon.colcon_core.package_identification:_identify(venv/lib/python3.10/site-packages/numpy/testing/_private/__pycache__) by extension 'ignore_ament_install'
[0.770s] Level 1:colcon.colcon_core.package_identification:_identify(venv/lib/python3.10/site-packages/numpy/testing/_private/__pycache__) by extensions ['colcon_pkg']
[0.770s] Level 1:colcon.colcon_core.package_identification:_identify(venv/lib/python3.10/site-packages/numpy/testing/_private/__pycache__) by extension 'colcon_pkg'
[0.770s] Level 1:colcon.colcon_core.package_identification:_identify(venv/lib/python3.10/site-packages/numpy/testing/_private/__pycache__) by extensions ['colcon_meta']
[0.770s] Level 1:colcon.colcon_core.package_identification:_identify(venv/lib/python3.10/site-packages/numpy/testing/_private/__pycache__) by extension 'colcon_meta'
[0.770s] Level 1:colcon.colcon_core.package_identification:_identify(venv/lib/python3.10/site-packages/numpy/testing/_private/__pycache__) by extensions ['ros']
[0.770s] Level 1:colcon.colcon_core.package_identification:_identify(venv/lib/python3.10/site-packages/numpy/testing/_private/__pycache__) by extension 'ros'
[0.770s] Level 1:colcon.colcon_core.package_identification:_identify(venv/lib/python3.10/site-packages/numpy/testing/_private/__pycache__) by extensions ['cmake', 'python']
[0.770s] Level 1:colcon.colcon_core.package_identification:_identify(venv/lib/python3.10/site-packages/numpy/testing/_private/__pycache__) by extension 'cmake'
[0.770s] Level 1:colcon.colcon_core.package_identification:_identify(venv/lib/python3.10/site-packages/numpy/testing/_private/__pycache__) by extension 'python'
[0.770s] Level 1:colcon.colcon_core.package_identification:_identify(venv/lib/python3.10/site-packages/numpy/testing/_private/__pycache__) by extensions ['python_setup_py']
[0.770s] Level 1:colcon.colcon_core.package_identification:_identify(venv/lib/python3.10/site-packages/numpy/testing/_private/__pycache__) by extension 'python_setup_py'
[0.770s] Level 1:colcon.colcon_core.package_identification:_identify(venv/lib/python3.10/site-packages/numpy/testing/tests) by extensions ['ignore', 'ignore_ament_install']
[0.770s] Level 1:colcon.colcon_core.package_identification:_identify(venv/lib/python3.10/site-packages/numpy/testing/tests) by extension 'ignore'
[0.770s] Level 1:colcon.colcon_core.package_identification:_identify(venv/lib/python3.10/site-packages/numpy/testing/tests) by extension 'ignore_ament_install'
[0.770s] Level 1:colcon.colcon_core.package_identification:_identify(venv/lib/python3.10/site-packages/numpy/testing/tests) by extensions ['colcon_pkg']
[0.770s] Level 1:colcon.colcon_core.package_identification:_identify(venv/lib/python3.10/site-packages/numpy/testing/tests) by extension 'colcon_pkg'
[0.770s] Level 1:colcon.colcon_core.package_identification:_identify(venv/lib/python3.10/site-packages/numpy/testing/tests) by extensions ['colcon_meta']
[0.770s] Level 1:colcon.colcon_core.package_identification:_identify(venv/lib/python3.10/site-packages/numpy/testing/tests) by extension 'colcon_meta'
[0.770s] Level 1:colcon.colcon_core.package_identification:_identify(venv/lib/python3.10/site-packages/numpy/testing/tests) by extensions ['ros']
[0.770s] Level 1:colcon.colcon_core.package_identification:_identify(venv/lib/python3.10/site-packages/numpy/testing/tests) by extension 'ros'
[0.770s] Level 1:colcon.colcon_core.package_identification:_identify(venv/lib/python3.10/site-packages/numpy/testing/tests) by extensions ['cmake', 'python']
[0.770s] Level 1:colcon.colcon_core.package_identification:_identify(venv/lib/python3.10/site-packages/numpy/testing/tests) by extension 'cmake'
[0.770s] Level 1:colcon.colcon_core.package_identification:_identify(venv/lib/python3.10/site-packages/numpy/testing/tests) by extension 'python'
[0.770s] Level 1:colcon.colcon_core.package_identification:_identify(venv/lib/python3.10/site-packages/numpy/testing/tests) by extensions ['python_setup_py']
[0.770s] Level 1:colcon.colcon_core.package_identification:_identify(venv/lib/python3.10/site-packages/numpy/testing/tests) by extension 'python_setup_py'
[0.770s] Level 1:colcon.colcon_core.package_identification:_identify(venv/lib/python3.10/site-packages/numpy/testing/tests/__pycache__) by extensions ['ignore', 'ignore_ament_install']
[0.771s] Level 1:colcon.colcon_core.package_identification:_identify(venv/lib/python3.10/site-packages/numpy/testing/tests/__pycache__) by extension 'ignore'
[0.771s] Level 1:colcon.colcon_core.package_identification:_identify(venv/lib/python3.10/site-packages/numpy/testing/tests/__pycache__) by extension 'ignore_ament_install'
[0.771s] Level 1:colcon.colcon_core.package_identification:_identify(venv/lib/python3.10/site-packages/numpy/testing/tests/__pycache__) by extensions ['colcon_pkg']
[0.771s] Level 1:colcon.colcon_core.package_identification:_identify(venv/lib/python3.10/site-packages/numpy/testing/tests/__pycache__) by extension 'colcon_pkg'
[0.771s] Level 1:colcon.colcon_core.package_identification:_identify(venv/lib/python3.10/site-packages/numpy/testing/tests/__pycache__) by extensions ['colcon_meta']
[0.771s] Level 1:colcon.colcon_core.package_identification:_identify(venv/lib/python3.10/site-packages/numpy/testing/tests/__pycache__) by extension 'colcon_meta'
[0.771s] Level 1:colcon.colcon_core.package_identification:_identify(venv/lib/python3.10/site-packages/numpy/testing/tests/__pycache__) by extensions ['ros']
[0.771s] Level 1:colcon.colcon_core.package_identification:_identify(venv/lib/python3.10/site-packages/numpy/testing/tests/__pycache__) by extension 'ros'
[0.771s] Level 1:colcon.colcon_core.package_identification:_identify(venv/lib/python3.10/site-packages/numpy/testing/tests/__pycache__) by extensions ['cmake', 'python']
[0.771s] Level 1:colcon.colcon_core.package_identification:_identify(venv/lib/python3.10/site-packages/numpy/testing/tests/__pycache__) by extension 'cmake'
[0.771s] Level 1:colcon.colcon_core.package_identification:_identify(venv/lib/python3.10/site-packages/numpy/testing/tests/__pycache__) by extension 'python'
[0.771s] Level 1:colcon.colcon_core.package_identification:_identify(venv/lib/python3.10/site-packages/numpy/testing/tests/__pycache__) by extensions ['python_setup_py']
[0.771s] Level 1:colcon.colcon_core.package_identification:_identify(venv/lib/python3.10/site-packages/numpy/testing/tests/__pycache__) by extension 'python_setup_py'
[0.771s] Level 1:colcon.colcon_core.package_identification:_identify(venv/lib/python3.10/site-packages/numpy/tests) by extensions ['ignore', 'ignore_ament_install']
[0.771s] Level 1:colcon.colcon_core.package_identification:_identify(venv/lib/python3.10/site-packages/numpy/tests) by extension 'ignore'
[0.771s] Level 1:colcon.colcon_core.package_identification:_identify(venv/lib/python3.10/site-packages/numpy/tests) by extension 'ignore_ament_install'
[0.771s] Level 1:colcon.colcon_core.package_identification:_identify(venv/lib/python3.10/site-packages/numpy/tests) by extensions ['colcon_pkg']
[0.771s] Level 1:colcon.colcon_core.package_identification:_identify(venv/lib/python3.10/site-packages/numpy/tests) by extension 'colcon_pkg'
[0.771s] Level 1:colcon.colcon_core.package_identification:_identify(venv/lib/python3.10/site-packages/numpy/tests) by extensions ['colcon_meta']
[0.771s] Level 1:colcon.colcon_core.package_identification:_identify(venv/lib/python3.10/site-packages/numpy/tests) by extension 'colcon_meta'
[0.771s] Level 1:colcon.colcon_core.package_identification:_identify(venv/lib/python3.10/site-packages/numpy/tests) by extensions ['ros']
[0.771s] Level 1:colcon.colcon_core.package_identification:_identify(venv/lib/python3.10/site-packages/numpy/tests) by extension 'ros'
[0.771s] Level 1:colcon.colcon_core.package_identification:_identify(venv/lib/python3.10/site-packages/numpy/tests) by extensions ['cmake', 'python']
[0.771s] Level 1:colcon.colcon_core.package_identification:_identify(venv/lib/python3.10/site-packages/numpy/tests) by extension 'cmake'
[0.771s] Level 1:colcon.colcon_core.package_identification:_identify(venv/lib/python3.10/site-packages/numpy/tests) by extension 'python'
[0.771s] Level 1:colcon.colcon_core.package_identification:_identify(venv/lib/python3.10/site-packages/numpy/tests) by extensions ['python_setup_py']
[0.771s] Level 1:colcon.colcon_core.package_identification:_identify(venv/lib/python3.10/site-packages/numpy/tests) by extension 'python_setup_py'
[0.771s] Level 1:colcon.colcon_core.package_identification:_identify(venv/lib/python3.10/site-packages/numpy/tests/__pycache__) by extensions ['ignore', 'ignore_ament_install']
[0.771s] Level 1:colcon.colcon_core.package_identification:_identify(venv/lib/python3.10/site-packages/numpy/tests/__pycache__) by extension 'ignore'
[0.771s] Level 1:colcon.colcon_core.package_identification:_identify(venv/lib/python3.10/site-packages/numpy/tests/__pycache__) by extension 'ignore_ament_install'
[0.771s] Level 1:colcon.colcon_core.package_identification:_identify(venv/lib/python3.10/site-packages/numpy/tests/__pycache__) by extensions ['colcon_pkg']
[0.771s] Level 1:colcon.colcon_core.package_identification:_identify(venv/lib/python3.10/site-packages/numpy/tests/__pycache__) by extension 'colcon_pkg'
[0.771s] Level 1:colcon.colcon_core.package_identification:_identify(venv/lib/python3.10/site-packages/numpy/tests/__pycache__) by extensions ['colcon_meta']
[0.772s] Level 1:colcon.colcon_core.package_identification:_identify(venv/lib/python3.10/site-packages/numpy/tests/__pycache__) by extension 'colcon_meta'
[0.772s] Level 1:colcon.colcon_core.package_identification:_identify(venv/lib/python3.10/site-packages/numpy/tests/__pycache__) by extensions ['ros']
[0.772s] Level 1:colcon.colcon_core.package_identification:_identify(venv/lib/python3.10/site-packages/numpy/tests/__pycache__) by extension 'ros'
[0.772s] Level 1:colcon.colcon_core.package_identification:_identify(venv/lib/python3.10/site-packages/numpy/tests/__pycache__) by extensions ['cmake', 'python']
[0.772s] Level 1:colcon.colcon_core.package_identification:_identify(venv/lib/python3.10/site-packages/numpy/tests/__pycache__) by extension 'cmake'
[0.772s] Level 1:colcon.colcon_core.package_identification:_identify(venv/lib/python3.10/site-packages/numpy/tests/__pycache__) by extension 'python'
[0.772s] Level 1:colcon.colcon_core.package_identification:_identify(venv/lib/python3.10/site-packages/numpy/tests/__pycache__) by extensions ['python_setup_py']
[0.772s] Level 1:colcon.colcon_core.package_identification:_identify(venv/lib/python3.10/site-packages/numpy/tests/__pycache__) by extension 'python_setup_py'
[0.772s] Level 1:colcon.colcon_core.package_identification:_identify(venv/lib/python3.10/site-packages/numpy/typing) by extensions ['ignore', 'ignore_ament_install']
[0.772s] Level 1:colcon.colcon_core.package_identification:_identify(venv/lib/python3.10/site-packages/numpy/typing) by extension 'ignore'
[0.772s] Level 1:colcon.colcon_core.package_identification:_identify(venv/lib/python3.10/site-packages/numpy/typing) by extension 'ignore_ament_install'
[0.772s] Level 1:colcon.colcon_core.package_identification:_identify(venv/lib/python3.10/site-packages/numpy/typing) by extensions ['colcon_pkg']
[0.772s] Level 1:colcon.colcon_core.package_identification:_identify(venv/lib/python3.10/site-packages/numpy/typing) by extension 'colcon_pkg'
[0.772s] Level 1:colcon.colcon_core.package_identification:_identify(venv/lib/python3.10/site-packages/numpy/typing) by extensions ['colcon_meta']
[0.772s] Level 1:colcon.colcon_core.package_identification:_identify(venv/lib/python3.10/site-packages/numpy/typing) by extension 'colcon_meta'
[0.772s] Level 1:colcon.colcon_core.package_identification:_identify(venv/lib/python3.10/site-packages/numpy/typing) by extensions ['ros']
[0.772s] Level 1:colcon.colcon_core.package_identification:_identify(venv/lib/python3.10/site-packages/numpy/typing) by extension 'ros'
[0.772s] Level 1:colcon.colcon_core.package_identification:_identify(venv/lib/python3.10/site-packages/numpy/typing) by extensions ['cmake', 'python']
[0.772s] Level 1:colcon.colcon_core.package_identification:_identify(venv/lib/python3.10/site-packages/numpy/typing) by extension 'cmake'
[0.772s] Level 1:colcon.colcon_core.package_identification:_identify(venv/lib/python3.10/site-packages/numpy/typing) by extension 'python'
[0.772s] Level 1:colcon.colcon_core.package_identification:_identify(venv/lib/python3.10/site-packages/numpy/typing) by extensions ['python_setup_py']
[0.772s] Level 1:colcon.colcon_core.package_identification:_identify(venv/lib/python3.10/site-packages/numpy/typing) by extension 'python_setup_py'
[0.772s] Level 1:colcon.colcon_core.package_identification:_identify(venv/lib/python3.10/site-packages/numpy/typing/__pycache__) by extensions ['ignore', 'ignore_ament_install']
[0.772s] Level 1:colcon.colcon_core.package_identification:_identify(venv/lib/python3.10/site-packages/numpy/typing/__pycache__) by extension 'ignore'
[0.772s] Level 1:colcon.colcon_core.package_identification:_identify(venv/lib/python3.10/site-packages/numpy/typing/__pycache__) by extension 'ignore_ament_install'
[0.772s] Level 1:colcon.colcon_core.package_identification:_identify(venv/lib/python3.10/site-packages/numpy/typing/__pycache__) by extensions ['colcon_pkg']
[0.772s] Level 1:colcon.colcon_core.package_identification:_identify(venv/lib/python3.10/site-packages/numpy/typing/__pycache__) by extension 'colcon_pkg'
[0.772s] Level 1:colcon.colcon_core.package_identification:_identify(venv/lib/python3.10/site-packages/numpy/typing/__pycache__) by extensions ['colcon_meta']
[0.772s] Level 1:colcon.colcon_core.package_identification:_identify(venv/lib/python3.10/site-packages/numpy/typing/__pycache__) by extension 'colcon_meta'
[0.772s] Level 1:colcon.colcon_core.package_identification:_identify(venv/lib/python3.10/site-packages/numpy/typing/__pycache__) by extensions ['ros']
[0.772s] Level 1:colcon.colcon_core.package_identification:_identify(venv/lib/python3.10/site-packages/numpy/typing/__pycache__) by extension 'ros'
[0.772s] Level 1:colcon.colcon_core.package_identification:_identify(venv/lib/python3.10/site-packages/numpy/typing/__pycache__) by extensions ['cmake', 'python']
[0.772s] Level 1:colcon.colcon_core.package_identification:_identify(venv/lib/python3.10/site-packages/numpy/typing/__pycache__) by extension 'cmake'
[0.772s] Level 1:colcon.colcon_core.package_identification:_identify(venv/lib/python3.10/site-packages/numpy/typing/__pycache__) by extension 'python'
[0.773s] Level 1:colcon.colcon_core.package_identification:_identify(venv/lib/python3.10/site-packages/numpy/typing/__pycache__) by extensions ['python_setup_py']
[0.773s] Level 1:colcon.colcon_core.package_identification:_identify(venv/lib/python3.10/site-packages/numpy/typing/__pycache__) by extension 'python_setup_py'
[0.773s] Level 1:colcon.colcon_core.package_identification:_identify(venv/lib/python3.10/site-packages/numpy/typing/tests) by extensions ['ignore', 'ignore_ament_install']
[0.773s] Level 1:colcon.colcon_core.package_identification:_identify(venv/lib/python3.10/site-packages/numpy/typing/tests) by extension 'ignore'
[0.773s] Level 1:colcon.colcon_core.package_identification:_identify(venv/lib/python3.10/site-packages/numpy/typing/tests) by extension 'ignore_ament_install'
[0.773s] Level 1:colcon.colcon_core.package_identification:_identify(venv/lib/python3.10/site-packages/numpy/typing/tests) by extensions ['colcon_pkg']
[0.773s] Level 1:colcon.colcon_core.package_identification:_identify(venv/lib/python3.10/site-packages/numpy/typing/tests) by extension 'colcon_pkg'
[0.773s] Level 1:colcon.colcon_core.package_identification:_identify(venv/lib/python3.10/site-packages/numpy/typing/tests) by extensions ['colcon_meta']
[0.773s] Level 1:colcon.colcon_core.package_identification:_identify(venv/lib/python3.10/site-packages/numpy/typing/tests) by extension 'colcon_meta'
[0.773s] Level 1:colcon.colcon_core.package_identification:_identify(venv/lib/python3.10/site-packages/numpy/typing/tests) by extensions ['ros']
[0.773s] Level 1:colcon.colcon_core.package_identification:_identify(venv/lib/python3.10/site-packages/numpy/typing/tests) by extension 'ros'
[0.773s] Level 1:colcon.colcon_core.package_identification:_identify(venv/lib/python3.10/site-packages/numpy/typing/tests) by extensions ['cmake', 'python']
[0.773s] Level 1:colcon.colcon_core.package_identification:_identify(venv/lib/python3.10/site-packages/numpy/typing/tests) by extension 'cmake'
[0.773s] Level 1:colcon.colcon_core.package_identification:_identify(venv/lib/python3.10/site-packages/numpy/typing/tests) by extension 'python'
[0.773s] Level 1:colcon.colcon_core.package_identification:_identify(venv/lib/python3.10/site-packages/numpy/typing/tests) by extensions ['python_setup_py']
[0.773s] Level 1:colcon.colcon_core.package_identification:_identify(venv/lib/python3.10/site-packages/numpy/typing/tests) by extension 'python_setup_py'
[0.773s] Level 1:colcon.colcon_core.package_identification:_identify(venv/lib/python3.10/site-packages/numpy/typing/tests/__pycache__) by extensions ['ignore', 'ignore_ament_install']
[0.773s] Level 1:colcon.colcon_core.package_identification:_identify(venv/lib/python3.10/site-packages/numpy/typing/tests/__pycache__) by extension 'ignore'
[0.773s] Level 1:colcon.colcon_core.package_identification:_identify(venv/lib/python3.10/site-packages/numpy/typing/tests/__pycache__) by extension 'ignore_ament_install'
[0.773s] Level 1:colcon.colcon_core.package_identification:_identify(venv/lib/python3.10/site-packages/numpy/typing/tests/__pycache__) by extensions ['colcon_pkg']
[0.773s] Level 1:colcon.colcon_core.package_identification:_identify(venv/lib/python3.10/site-packages/numpy/typing/tests/__pycache__) by extension 'colcon_pkg'
[0.773s] Level 1:colcon.colcon_core.package_identification:_identify(venv/lib/python3.10/site-packages/numpy/typing/tests/__pycache__) by extensions ['colcon_meta']
[0.773s] Level 1:colcon.colcon_core.package_identification:_identify(venv/lib/python3.10/site-packages/numpy/typing/tests/__pycache__) by extension 'colcon_meta'
[0.773s] Level 1:colcon.colcon_core.package_identification:_identify(venv/lib/python3.10/site-packages/numpy/typing/tests/__pycache__) by extensions ['ros']
[0.773s] Level 1:colcon.colcon_core.package_identification:_identify(venv/lib/python3.10/site-packages/numpy/typing/tests/__pycache__) by extension 'ros'
[0.773s] Level 1:colcon.colcon_core.package_identification:_identify(venv/lib/python3.10/site-packages/numpy/typing/tests/__pycache__) by extensions ['cmake', 'python']
[0.773s] Level 1:colcon.colcon_core.package_identification:_identify(venv/lib/python3.10/site-packages/numpy/typing/tests/__pycache__) by extension 'cmake'
[0.773s] Level 1:colcon.colcon_core.package_identification:_identify(venv/lib/python3.10/site-packages/numpy/typing/tests/__pycache__) by extension 'python'
[0.773s] Level 1:colcon.colcon_core.package_identification:_identify(venv/lib/python3.10/site-packages/numpy/typing/tests/__pycache__) by extensions ['python_setup_py']
[0.773s] Level 1:colcon.colcon_core.package_identification:_identify(venv/lib/python3.10/site-packages/numpy/typing/tests/__pycache__) by extension 'python_setup_py'
[0.773s] Level 1:colcon.colcon_core.package_identification:_identify(venv/lib/python3.10/site-packages/numpy/typing/tests/data) by extensions ['ignore', 'ignore_ament_install']
[0.774s] Level 1:colcon.colcon_core.package_identification:_identify(venv/lib/python3.10/site-packages/numpy/typing/tests/data) by extension 'ignore'
[0.774s] Level 1:colcon.colcon_core.package_identification:_identify(venv/lib/python3.10/site-packages/numpy/typing/tests/data) by extension 'ignore_ament_install'
[0.774s] Level 1:colcon.colcon_core.package_identification:_identify(venv/lib/python3.10/site-packages/numpy/typing/tests/data) by extensions ['colcon_pkg']
[0.774s] Level 1:colcon.colcon_core.package_identification:_identify(venv/lib/python3.10/site-packages/numpy/typing/tests/data) by extension 'colcon_pkg'
[0.774s] Level 1:colcon.colcon_core.package_identification:_identify(venv/lib/python3.10/site-packages/numpy/typing/tests/data) by extensions ['colcon_meta']
[0.774s] Level 1:colcon.colcon_core.package_identification:_identify(venv/lib/python3.10/site-packages/numpy/typing/tests/data) by extension 'colcon_meta'
[0.774s] Level 1:colcon.colcon_core.package_identification:_identify(venv/lib/python3.10/site-packages/numpy/typing/tests/data) by extensions ['ros']
[0.774s] Level 1:colcon.colcon_core.package_identification:_identify(venv/lib/python3.10/site-packages/numpy/typing/tests/data) by extension 'ros'
[0.774s] Level 1:colcon.colcon_core.package_identification:_identify(venv/lib/python3.10/site-packages/numpy/typing/tests/data) by extensions ['cmake', 'python']
[0.774s] Level 1:colcon.colcon_core.package_identification:_identify(venv/lib/python3.10/site-packages/numpy/typing/tests/data) by extension 'cmake'
[0.774s] Level 1:colcon.colcon_core.package_identification:_identify(venv/lib/python3.10/site-packages/numpy/typing/tests/data) by extension 'python'
[0.774s] Level 1:colcon.colcon_core.package_identification:_identify(venv/lib/python3.10/site-packages/numpy/typing/tests/data) by extensions ['python_setup_py']
[0.774s] Level 1:colcon.colcon_core.package_identification:_identify(venv/lib/python3.10/site-packages/numpy/typing/tests/data) by extension 'python_setup_py'
[0.774s] Level 1:colcon.colcon_core.package_identification:_identify(venv/lib/python3.10/site-packages/numpy/typing/tests/data/fail) by extensions ['ignore', 'ignore_ament_install']
[0.774s] Level 1:colcon.colcon_core.package_identification:_identify(venv/lib/python3.10/site-packages/numpy/typing/tests/data/fail) by extension 'ignore'
[0.774s] Level 1:colcon.colcon_core.package_identification:_identify(venv/lib/python3.10/site-packages/numpy/typing/tests/data/fail) by extension 'ignore_ament_install'
[0.774s] Level 1:colcon.colcon_core.package_identification:_identify(venv/lib/python3.10/site-packages/numpy/typing/tests/data/fail) by extensions ['colcon_pkg']
[0.774s] Level 1:colcon.colcon_core.package_identification:_identify(venv/lib/python3.10/site-packages/numpy/typing/tests/data/fail) by extension 'colcon_pkg'
[0.774s] Level 1:colcon.colcon_core.package_identification:_identify(venv/lib/python3.10/site-packages/numpy/typing/tests/data/fail) by extensions ['colcon_meta']
[0.774s] Level 1:colcon.colcon_core.package_identification:_identify(venv/lib/python3.10/site-packages/numpy/typing/tests/data/fail) by extension 'colcon_meta'
[0.774s] Level 1:colcon.colcon_core.package_identification:_identify(venv/lib/python3.10/site-packages/numpy/typing/tests/data/fail) by extensions ['ros']
[0.774s] Level 1:colcon.colcon_core.package_identification:_identify(venv/lib/python3.10/site-packages/numpy/typing/tests/data/fail) by extension 'ros'
[0.774s] Level 1:colcon.colcon_core.package_identification:_identify(venv/lib/python3.10/site-packages/numpy/typing/tests/data/fail) by extensions ['cmake', 'python']
[0.774s] Level 1:colcon.colcon_core.package_identification:_identify(venv/lib/python3.10/site-packages/numpy/typing/tests/data/fail) by extension 'cmake'
[0.774s] Level 1:colcon.colcon_core.package_identification:_identify(venv/lib/python3.10/site-packages/numpy/typing/tests/data/fail) by extension 'python'
[0.774s] Level 1:colcon.colcon_core.package_identification:_identify(venv/lib/python3.10/site-packages/numpy/typing/tests/data/fail) by extensions ['python_setup_py']
[0.774s] Level 1:colcon.colcon_core.package_identification:_identify(venv/lib/python3.10/site-packages/numpy/typing/tests/data/fail) by extension 'python_setup_py'
[0.774s] Level 1:colcon.colcon_core.package_identification:_identify(venv/lib/python3.10/site-packages/numpy/typing/tests/data/misc) by extensions ['ignore', 'ignore_ament_install']
[0.774s] Level 1:colcon.colcon_core.package_identification:_identify(venv/lib/python3.10/site-packages/numpy/typing/tests/data/misc) by extension 'ignore'
[0.774s] Level 1:colcon.colcon_core.package_identification:_identify(venv/lib/python3.10/site-packages/numpy/typing/tests/data/misc) by extension 'ignore_ament_install'
[0.774s] Level 1:colcon.colcon_core.package_identification:_identify(venv/lib/python3.10/site-packages/numpy/typing/tests/data/misc) by extensions ['colcon_pkg']
[0.774s] Level 1:colcon.colcon_core.package_identification:_identify(venv/lib/python3.10/site-packages/numpy/typing/tests/data/misc) by extension 'colcon_pkg'
[0.775s] Level 1:colcon.colcon_core.package_identification:_identify(venv/lib/python3.10/site-packages/numpy/typing/tests/data/misc) by extensions ['colcon_meta']
[0.775s] Level 1:colcon.colcon_core.package_identification:_identify(venv/lib/python3.10/site-packages/numpy/typing/tests/data/misc) by extension 'colcon_meta'
[0.775s] Level 1:colcon.colcon_core.package_identification:_identify(venv/lib/python3.10/site-packages/numpy/typing/tests/data/misc) by extensions ['ros']
[0.775s] Level 1:colcon.colcon_core.package_identification:_identify(venv/lib/python3.10/site-packages/numpy/typing/tests/data/misc) by extension 'ros'
[0.775s] Level 1:colcon.colcon_core.package_identification:_identify(venv/lib/python3.10/site-packages/numpy/typing/tests/data/misc) by extensions ['cmake', 'python']
[0.775s] Level 1:colcon.colcon_core.package_identification:_identify(venv/lib/python3.10/site-packages/numpy/typing/tests/data/misc) by extension 'cmake'
[0.775s] Level 1:colcon.colcon_core.package_identification:_identify(venv/lib/python3.10/site-packages/numpy/typing/tests/data/misc) by extension 'python'
[0.775s] Level 1:colcon.colcon_core.package_identification:_identify(venv/lib/python3.10/site-packages/numpy/typing/tests/data/misc) by extensions ['python_setup_py']
[0.775s] Level 1:colcon.colcon_core.package_identification:_identify(venv/lib/python3.10/site-packages/numpy/typing/tests/data/misc) by extension 'python_setup_py'
[0.775s] Level 1:colcon.colcon_core.package_identification:_identify(venv/lib/python3.10/site-packages/numpy/typing/tests/data/pass) by extensions ['ignore', 'ignore_ament_install']
[0.775s] Level 1:colcon.colcon_core.package_identification:_identify(venv/lib/python3.10/site-packages/numpy/typing/tests/data/pass) by extension 'ignore'
[0.775s] Level 1:colcon.colcon_core.package_identification:_identify(venv/lib/python3.10/site-packages/numpy/typing/tests/data/pass) by extension 'ignore_ament_install'
[0.775s] Level 1:colcon.colcon_core.package_identification:_identify(venv/lib/python3.10/site-packages/numpy/typing/tests/data/pass) by extensions ['colcon_pkg']
[0.775s] Level 1:colcon.colcon_core.package_identification:_identify(venv/lib/python3.10/site-packages/numpy/typing/tests/data/pass) by extension 'colcon_pkg'
[0.775s] Level 1:colcon.colcon_core.package_identification:_identify(venv/lib/python3.10/site-packages/numpy/typing/tests/data/pass) by extensions ['colcon_meta']
[0.775s] Level 1:colcon.colcon_core.package_identification:_identify(venv/lib/python3.10/site-packages/numpy/typing/tests/data/pass) by extension 'colcon_meta'
[0.775s] Level 1:colcon.colcon_core.package_identification:_identify(venv/lib/python3.10/site-packages/numpy/typing/tests/data/pass) by extensions ['ros']
[0.775s] Level 1:colcon.colcon_core.package_identification:_identify(venv/lib/python3.10/site-packages/numpy/typing/tests/data/pass) by extension 'ros'
[0.775s] Level 1:colcon.colcon_core.package_identification:_identify(venv/lib/python3.10/site-packages/numpy/typing/tests/data/pass) by extensions ['cmake', 'python']
[0.775s] Level 1:colcon.colcon_core.package_identification:_identify(venv/lib/python3.10/site-packages/numpy/typing/tests/data/pass) by extension 'cmake'
[0.775s] Level 1:colcon.colcon_core.package_identification:_identify(venv/lib/python3.10/site-packages/numpy/typing/tests/data/pass) by extension 'python'
[0.775s] Level 1:colcon.colcon_core.package_identification:_identify(venv/lib/python3.10/site-packages/numpy/typing/tests/data/pass) by extensions ['python_setup_py']
[0.775s] Level 1:colcon.colcon_core.package_identification:_identify(venv/lib/python3.10/site-packages/numpy/typing/tests/data/pass) by extension 'python_setup_py'
[0.775s] Level 1:colcon.colcon_core.package_identification:_identify(venv/lib/python3.10/site-packages/numpy/typing/tests/data/pass/__pycache__) by extensions ['ignore', 'ignore_ament_install']
[0.775s] Level 1:colcon.colcon_core.package_identification:_identify(venv/lib/python3.10/site-packages/numpy/typing/tests/data/pass/__pycache__) by extension 'ignore'
[0.775s] Level 1:colcon.colcon_core.package_identification:_identify(venv/lib/python3.10/site-packages/numpy/typing/tests/data/pass/__pycache__) by extension 'ignore_ament_install'
[0.775s] Level 1:colcon.colcon_core.package_identification:_identify(venv/lib/python3.10/site-packages/numpy/typing/tests/data/pass/__pycache__) by extensions ['colcon_pkg']
[0.775s] Level 1:colcon.colcon_core.package_identification:_identify(venv/lib/python3.10/site-packages/numpy/typing/tests/data/pass/__pycache__) by extension 'colcon_pkg'
[0.775s] Level 1:colcon.colcon_core.package_identification:_identify(venv/lib/python3.10/site-packages/numpy/typing/tests/data/pass/__pycache__) by extensions ['colcon_meta']
[0.775s] Level 1:colcon.colcon_core.package_identification:_identify(venv/lib/python3.10/site-packages/numpy/typing/tests/data/pass/__pycache__) by extension 'colcon_meta'
[0.775s] Level 1:colcon.colcon_core.package_identification:_identify(venv/lib/python3.10/site-packages/numpy/typing/tests/data/pass/__pycache__) by extensions ['ros']
[0.775s] Level 1:colcon.colcon_core.package_identification:_identify(venv/lib/python3.10/site-packages/numpy/typing/tests/data/pass/__pycache__) by extension 'ros'
[0.776s] Level 1:colcon.colcon_core.package_identification:_identify(venv/lib/python3.10/site-packages/numpy/typing/tests/data/pass/__pycache__) by extensions ['cmake', 'python']
[0.776s] Level 1:colcon.colcon_core.package_identification:_identify(venv/lib/python3.10/site-packages/numpy/typing/tests/data/pass/__pycache__) by extension 'cmake'
[0.776s] Level 1:colcon.colcon_core.package_identification:_identify(venv/lib/python3.10/site-packages/numpy/typing/tests/data/pass/__pycache__) by extension 'python'
[0.776s] Level 1:colcon.colcon_core.package_identification:_identify(venv/lib/python3.10/site-packages/numpy/typing/tests/data/pass/__pycache__) by extensions ['python_setup_py']
[0.776s] Level 1:colcon.colcon_core.package_identification:_identify(venv/lib/python3.10/site-packages/numpy/typing/tests/data/pass/__pycache__) by extension 'python_setup_py'
[0.776s] Level 1:colcon.colcon_core.package_identification:_identify(venv/lib/python3.10/site-packages/numpy/typing/tests/data/reveal) by extensions ['ignore', 'ignore_ament_install']
[0.776s] Level 1:colcon.colcon_core.package_identification:_identify(venv/lib/python3.10/site-packages/numpy/typing/tests/data/reveal) by extension 'ignore'
[0.776s] Level 1:colcon.colcon_core.package_identification:_identify(venv/lib/python3.10/site-packages/numpy/typing/tests/data/reveal) by extension 'ignore_ament_install'
[0.776s] Level 1:colcon.colcon_core.package_identification:_identify(venv/lib/python3.10/site-packages/numpy/typing/tests/data/reveal) by extensions ['colcon_pkg']
[0.776s] Level 1:colcon.colcon_core.package_identification:_identify(venv/lib/python3.10/site-packages/numpy/typing/tests/data/reveal) by extension 'colcon_pkg'
[0.776s] Level 1:colcon.colcon_core.package_identification:_identify(venv/lib/python3.10/site-packages/numpy/typing/tests/data/reveal) by extensions ['colcon_meta']
[0.776s] Level 1:colcon.colcon_core.package_identification:_identify(venv/lib/python3.10/site-packages/numpy/typing/tests/data/reveal) by extension 'colcon_meta'
[0.776s] Level 1:colcon.colcon_core.package_identification:_identify(venv/lib/python3.10/site-packages/numpy/typing/tests/data/reveal) by extensions ['ros']
[0.776s] Level 1:colcon.colcon_core.package_identification:_identify(venv/lib/python3.10/site-packages/numpy/typing/tests/data/reveal) by extension 'ros'
[0.776s] Level 1:colcon.colcon_core.package_identification:_identify(venv/lib/python3.10/site-packages/numpy/typing/tests/data/reveal) by extensions ['cmake', 'python']
[0.776s] Level 1:colcon.colcon_core.package_identification:_identify(venv/lib/python3.10/site-packages/numpy/typing/tests/data/reveal) by extension 'cmake'
[0.776s] Level 1:colcon.colcon_core.package_identification:_identify(venv/lib/python3.10/site-packages/numpy/typing/tests/data/reveal) by extension 'python'
[0.776s] Level 1:colcon.colcon_core.package_identification:_identify(venv/lib/python3.10/site-packages/numpy/typing/tests/data/reveal) by extensions ['python_setup_py']
[0.776s] Level 1:colcon.colcon_core.package_identification:_identify(venv/lib/python3.10/site-packages/numpy/typing/tests/data/reveal) by extension 'python_setup_py'
[0.776s] Level 1:colcon.colcon_core.package_identification:_identify(venv/lib/python3.10/site-packages/numpy-2.2.3.dist-info) by extensions ['ignore', 'ignore_ament_install']
[0.776s] Level 1:colcon.colcon_core.package_identification:_identify(venv/lib/python3.10/site-packages/numpy-2.2.3.dist-info) by extension 'ignore'
[0.776s] Level 1:colcon.colcon_core.package_identification:_identify(venv/lib/python3.10/site-packages/numpy-2.2.3.dist-info) by extension 'ignore_ament_install'
[0.776s] Level 1:colcon.colcon_core.package_identification:_identify(venv/lib/python3.10/site-packages/numpy-2.2.3.dist-info) by extensions ['colcon_pkg']
[0.776s] Level 1:colcon.colcon_core.package_identification:_identify(venv/lib/python3.10/site-packages/numpy-2.2.3.dist-info) by extension 'colcon_pkg'
[0.776s] Level 1:colcon.colcon_core.package_identification:_identify(venv/lib/python3.10/site-packages/numpy-2.2.3.dist-info) by extensions ['colcon_meta']
[0.776s] Level 1:colcon.colcon_core.package_identification:_identify(venv/lib/python3.10/site-packages/numpy-2.2.3.dist-info) by extension 'colcon_meta'
[0.776s] Level 1:colcon.colcon_core.package_identification:_identify(venv/lib/python3.10/site-packages/numpy-2.2.3.dist-info) by extensions ['ros']
[0.776s] Level 1:colcon.colcon_core.package_identification:_identify(venv/lib/python3.10/site-packages/numpy-2.2.3.dist-info) by extension 'ros'
[0.776s] Level 1:colcon.colcon_core.package_identification:_identify(venv/lib/python3.10/site-packages/numpy-2.2.3.dist-info) by extensions ['cmake', 'python']
[0.776s] Level 1:colcon.colcon_core.package_identification:_identify(venv/lib/python3.10/site-packages/numpy-2.2.3.dist-info) by extension 'cmake'
[0.776s] Level 1:colcon.colcon_core.package_identification:_identify(venv/lib/python3.10/site-packages/numpy-2.2.3.dist-info) by extension 'python'
[0.776s] Level 1:colcon.colcon_core.package_identification:_identify(venv/lib/python3.10/site-packages/numpy-2.2.3.dist-info) by extensions ['python_setup_py']
[0.776s] Level 1:colcon.colcon_core.package_identification:_identify(venv/lib/python3.10/site-packages/numpy-2.2.3.dist-info) by extension 'python_setup_py'
[0.777s] Level 1:colcon.colcon_core.package_identification:_identify(venv/lib/python3.10/site-packages/numpy.libs) by extensions ['ignore', 'ignore_ament_install']
[0.777s] Level 1:colcon.colcon_core.package_identification:_identify(venv/lib/python3.10/site-packages/numpy.libs) by extension 'ignore'
[0.777s] Level 1:colcon.colcon_core.package_identification:_identify(venv/lib/python3.10/site-packages/numpy.libs) by extension 'ignore_ament_install'
[0.777s] Level 1:colcon.colcon_core.package_identification:_identify(venv/lib/python3.10/site-packages/numpy.libs) by extensions ['colcon_pkg']
[0.777s] Level 1:colcon.colcon_core.package_identification:_identify(venv/lib/python3.10/site-packages/numpy.libs) by extension 'colcon_pkg'
[0.777s] Level 1:colcon.colcon_core.package_identification:_identify(venv/lib/python3.10/site-packages/numpy.libs) by extensions ['colcon_meta']
[0.777s] Level 1:colcon.colcon_core.package_identification:_identify(venv/lib/python3.10/site-packages/numpy.libs) by extension 'colcon_meta'
[0.777s] Level 1:colcon.colcon_core.package_identification:_identify(venv/lib/python3.10/site-packages/numpy.libs) by extensions ['ros']
[0.777s] Level 1:colcon.colcon_core.package_identification:_identify(venv/lib/python3.10/site-packages/numpy.libs) by extension 'ros'
[0.777s] Level 1:colcon.colcon_core.package_identification:_identify(venv/lib/python3.10/site-packages/numpy.libs) by extensions ['cmake', 'python']
[0.777s] Level 1:colcon.colcon_core.package_identification:_identify(venv/lib/python3.10/site-packages/numpy.libs) by extension 'cmake'
[0.777s] Level 1:colcon.colcon_core.package_identification:_identify(venv/lib/python3.10/site-packages/numpy.libs) by extension 'python'
[0.777s] Level 1:colcon.colcon_core.package_identification:_identify(venv/lib/python3.10/site-packages/numpy.libs) by extensions ['python_setup_py']
[0.777s] Level 1:colcon.colcon_core.package_identification:_identify(venv/lib/python3.10/site-packages/numpy.libs) by extension 'python_setup_py'
[0.777s] Level 1:colcon.colcon_core.package_identification:_identify(venv/lib/python3.10/site-packages/pip) by extensions ['ignore', 'ignore_ament_install']
[0.777s] Level 1:colcon.colcon_core.package_identification:_identify(venv/lib/python3.10/site-packages/pip) by extension 'ignore'
[0.777s] Level 1:colcon.colcon_core.package_identification:_identify(venv/lib/python3.10/site-packages/pip) by extension 'ignore_ament_install'
[0.777s] Level 1:colcon.colcon_core.package_identification:_identify(venv/lib/python3.10/site-packages/pip) by extensions ['colcon_pkg']
[0.777s] Level 1:colcon.colcon_core.package_identification:_identify(venv/lib/python3.10/site-packages/pip) by extension 'colcon_pkg'
[0.777s] Level 1:colcon.colcon_core.package_identification:_identify(venv/lib/python3.10/site-packages/pip) by extensions ['colcon_meta']
[0.777s] Level 1:colcon.colcon_core.package_identification:_identify(venv/lib/python3.10/site-packages/pip) by extension 'colcon_meta'
[0.777s] Level 1:colcon.colcon_core.package_identification:_identify(venv/lib/python3.10/site-packages/pip) by extensions ['ros']
[0.777s] Level 1:colcon.colcon_core.package_identification:_identify(venv/lib/python3.10/site-packages/pip) by extension 'ros'
[0.777s] Level 1:colcon.colcon_core.package_identification:_identify(venv/lib/python3.10/site-packages/pip) by extensions ['cmake', 'python']
[0.777s] Level 1:colcon.colcon_core.package_identification:_identify(venv/lib/python3.10/site-packages/pip) by extension 'cmake'
[0.777s] Level 1:colcon.colcon_core.package_identification:_identify(venv/lib/python3.10/site-packages/pip) by extension 'python'
[0.777s] Level 1:colcon.colcon_core.package_identification:_identify(venv/lib/python3.10/site-packages/pip) by extensions ['python_setup_py']
[0.777s] Level 1:colcon.colcon_core.package_identification:_identify(venv/lib/python3.10/site-packages/pip) by extension 'python_setup_py'
[0.777s] Level 1:colcon.colcon_core.package_identification:_identify(venv/lib/python3.10/site-packages/pip/__pycache__) by extensions ['ignore', 'ignore_ament_install']
[0.777s] Level 1:colcon.colcon_core.package_identification:_identify(venv/lib/python3.10/site-packages/pip/__pycache__) by extension 'ignore'
[0.777s] Level 1:colcon.colcon_core.package_identification:_identify(venv/lib/python3.10/site-packages/pip/__pycache__) by extension 'ignore_ament_install'
[0.777s] Level 1:colcon.colcon_core.package_identification:_identify(venv/lib/python3.10/site-packages/pip/__pycache__) by extensions ['colcon_pkg']
[0.778s] Level 1:colcon.colcon_core.package_identification:_identify(venv/lib/python3.10/site-packages/pip/__pycache__) by extension 'colcon_pkg'
[0.778s] Level 1:colcon.colcon_core.package_identification:_identify(venv/lib/python3.10/site-packages/pip/__pycache__) by extensions ['colcon_meta']
[0.778s] Level 1:colcon.colcon_core.package_identification:_identify(venv/lib/python3.10/site-packages/pip/__pycache__) by extension 'colcon_meta'
[0.778s] Level 1:colcon.colcon_core.package_identification:_identify(venv/lib/python3.10/site-packages/pip/__pycache__) by extensions ['ros']
[0.778s] Level 1:colcon.colcon_core.package_identification:_identify(venv/lib/python3.10/site-packages/pip/__pycache__) by extension 'ros'
[0.778s] Level 1:colcon.colcon_core.package_identification:_identify(venv/lib/python3.10/site-packages/pip/__pycache__) by extensions ['cmake', 'python']
[0.778s] Level 1:colcon.colcon_core.package_identification:_identify(venv/lib/python3.10/site-packages/pip/__pycache__) by extension 'cmake'
[0.778s] Level 1:colcon.colcon_core.package_identification:_identify(venv/lib/python3.10/site-packages/pip/__pycache__) by extension 'python'
[0.778s] Level 1:colcon.colcon_core.package_identification:_identify(venv/lib/python3.10/site-packages/pip/__pycache__) by extensions ['python_setup_py']
[0.778s] Level 1:colcon.colcon_core.package_identification:_identify(venv/lib/python3.10/site-packages/pip/__pycache__) by extension 'python_setup_py'
[0.778s] Level 1:colcon.colcon_core.package_identification:_identify(venv/lib/python3.10/site-packages/pip/_internal) by extensions ['ignore', 'ignore_ament_install']
[0.778s] Level 1:colcon.colcon_core.package_identification:_identify(venv/lib/python3.10/site-packages/pip/_internal) by extension 'ignore'
[0.778s] Level 1:colcon.colcon_core.package_identification:_identify(venv/lib/python3.10/site-packages/pip/_internal) by extension 'ignore_ament_install'
[0.778s] Level 1:colcon.colcon_core.package_identification:_identify(venv/lib/python3.10/site-packages/pip/_internal) by extensions ['colcon_pkg']
[0.778s] Level 1:colcon.colcon_core.package_identification:_identify(venv/lib/python3.10/site-packages/pip/_internal) by extension 'colcon_pkg'
[0.778s] Level 1:colcon.colcon_core.package_identification:_identify(venv/lib/python3.10/site-packages/pip/_internal) by extensions ['colcon_meta']
[0.778s] Level 1:colcon.colcon_core.package_identification:_identify(venv/lib/python3.10/site-packages/pip/_internal) by extension 'colcon_meta'
[0.778s] Level 1:colcon.colcon_core.package_identification:_identify(venv/lib/python3.10/site-packages/pip/_internal) by extensions ['ros']
[0.778s] Level 1:colcon.colcon_core.package_identification:_identify(venv/lib/python3.10/site-packages/pip/_internal) by extension 'ros'
[0.778s] Level 1:colcon.colcon_core.package_identification:_identify(venv/lib/python3.10/site-packages/pip/_internal) by extensions ['cmake', 'python']
[0.778s] Level 1:colcon.colcon_core.package_identification:_identify(venv/lib/python3.10/site-packages/pip/_internal) by extension 'cmake'
[0.778s] Level 1:colcon.colcon_core.package_identification:_identify(venv/lib/python3.10/site-packages/pip/_internal) by extension 'python'
[0.778s] Level 1:colcon.colcon_core.package_identification:_identify(venv/lib/python3.10/site-packages/pip/_internal) by extensions ['python_setup_py']
[0.778s] Level 1:colcon.colcon_core.package_identification:_identify(venv/lib/python3.10/site-packages/pip/_internal) by extension 'python_setup_py'
[0.778s] Level 1:colcon.colcon_core.package_identification:_identify(venv/lib/python3.10/site-packages/pip/_internal/__pycache__) by extensions ['ignore', 'ignore_ament_install']
[0.778s] Level 1:colcon.colcon_core.package_identification:_identify(venv/lib/python3.10/site-packages/pip/_internal/__pycache__) by extension 'ignore'
[0.778s] Level 1:colcon.colcon_core.package_identification:_identify(venv/lib/python3.10/site-packages/pip/_internal/__pycache__) by extension 'ignore_ament_install'
[0.778s] Level 1:colcon.colcon_core.package_identification:_identify(venv/lib/python3.10/site-packages/pip/_internal/__pycache__) by extensions ['colcon_pkg']
[0.778s] Level 1:colcon.colcon_core.package_identification:_identify(venv/lib/python3.10/site-packages/pip/_internal/__pycache__) by extension 'colcon_pkg'
[0.778s] Level 1:colcon.colcon_core.package_identification:_identify(venv/lib/python3.10/site-packages/pip/_internal/__pycache__) by extensions ['colcon_meta']
[0.778s] Level 1:colcon.colcon_core.package_identification:_identify(venv/lib/python3.10/site-packages/pip/_internal/__pycache__) by extension 'colcon_meta'
[0.778s] Level 1:colcon.colcon_core.package_identification:_identify(venv/lib/python3.10/site-packages/pip/_internal/__pycache__) by extensions ['ros']
[0.778s] Level 1:colcon.colcon_core.package_identification:_identify(venv/lib/python3.10/site-packages/pip/_internal/__pycache__) by extension 'ros'
[0.778s] Level 1:colcon.colcon_core.package_identification:_identify(venv/lib/python3.10/site-packages/pip/_internal/__pycache__) by extensions ['cmake', 'python']
[0.779s] Level 1:colcon.colcon_core.package_identification:_identify(venv/lib/python3.10/site-packages/pip/_internal/__pycache__) by extension 'cmake'
[0.779s] Level 1:colcon.colcon_core.package_identification:_identify(venv/lib/python3.10/site-packages/pip/_internal/__pycache__) by extension 'python'
[0.779s] Level 1:colcon.colcon_core.package_identification:_identify(venv/lib/python3.10/site-packages/pip/_internal/__pycache__) by extensions ['python_setup_py']
[0.779s] Level 1:colcon.colcon_core.package_identification:_identify(venv/lib/python3.10/site-packages/pip/_internal/__pycache__) by extension 'python_setup_py'
[0.779s] Level 1:colcon.colcon_core.package_identification:_identify(venv/lib/python3.10/site-packages/pip/_internal/cli) by extensions ['ignore', 'ignore_ament_install']
[0.779s] Level 1:colcon.colcon_core.package_identification:_identify(venv/lib/python3.10/site-packages/pip/_internal/cli) by extension 'ignore'
[0.779s] Level 1:colcon.colcon_core.package_identification:_identify(venv/lib/python3.10/site-packages/pip/_internal/cli) by extension 'ignore_ament_install'
[0.779s] Level 1:colcon.colcon_core.package_identification:_identify(venv/lib/python3.10/site-packages/pip/_internal/cli) by extensions ['colcon_pkg']
[0.779s] Level 1:colcon.colcon_core.package_identification:_identify(venv/lib/python3.10/site-packages/pip/_internal/cli) by extension 'colcon_pkg'
[0.779s] Level 1:colcon.colcon_core.package_identification:_identify(venv/lib/python3.10/site-packages/pip/_internal/cli) by extensions ['colcon_meta']
[0.779s] Level 1:colcon.colcon_core.package_identification:_identify(venv/lib/python3.10/site-packages/pip/_internal/cli) by extension 'colcon_meta'
[0.779s] Level 1:colcon.colcon_core.package_identification:_identify(venv/lib/python3.10/site-packages/pip/_internal/cli) by extensions ['ros']
[0.779s] Level 1:colcon.colcon_core.package_identification:_identify(venv/lib/python3.10/site-packages/pip/_internal/cli) by extension 'ros'
[0.779s] Level 1:colcon.colcon_core.package_identification:_identify(venv/lib/python3.10/site-packages/pip/_internal/cli) by extensions ['cmake', 'python']
[0.779s] Level 1:colcon.colcon_core.package_identification:_identify(venv/lib/python3.10/site-packages/pip/_internal/cli) by extension 'cmake'
[0.779s] Level 1:colcon.colcon_core.package_identification:_identify(venv/lib/python3.10/site-packages/pip/_internal/cli) by extension 'python'
[0.779s] Level 1:colcon.colcon_core.package_identification:_identify(venv/lib/python3.10/site-packages/pip/_internal/cli) by extensions ['python_setup_py']
[0.779s] Level 1:colcon.colcon_core.package_identification:_identify(venv/lib/python3.10/site-packages/pip/_internal/cli) by extension 'python_setup_py'
[0.779s] Level 1:colcon.colcon_core.package_identification:_identify(venv/lib/python3.10/site-packages/pip/_internal/cli/__pycache__) by extensions ['ignore', 'ignore_ament_install']
[0.779s] Level 1:colcon.colcon_core.package_identification:_identify(venv/lib/python3.10/site-packages/pip/_internal/cli/__pycache__) by extension 'ignore'
[0.779s] Level 1:colcon.colcon_core.package_identification:_identify(venv/lib/python3.10/site-packages/pip/_internal/cli/__pycache__) by extension 'ignore_ament_install'
[0.779s] Level 1:colcon.colcon_core.package_identification:_identify(venv/lib/python3.10/site-packages/pip/_internal/cli/__pycache__) by extensions ['colcon_pkg']
[0.779s] Level 1:colcon.colcon_core.package_identification:_identify(venv/lib/python3.10/site-packages/pip/_internal/cli/__pycache__) by extension 'colcon_pkg'
[0.779s] Level 1:colcon.colcon_core.package_identification:_identify(venv/lib/python3.10/site-packages/pip/_internal/cli/__pycache__) by extensions ['colcon_meta']
[0.779s] Level 1:colcon.colcon_core.package_identification:_identify(venv/lib/python3.10/site-packages/pip/_internal/cli/__pycache__) by extension 'colcon_meta'
[0.779s] Level 1:colcon.colcon_core.package_identification:_identify(venv/lib/python3.10/site-packages/pip/_internal/cli/__pycache__) by extensions ['ros']
[0.779s] Level 1:colcon.colcon_core.package_identification:_identify(venv/lib/python3.10/site-packages/pip/_internal/cli/__pycache__) by extension 'ros'
[0.779s] Level 1:colcon.colcon_core.package_identification:_identify(venv/lib/python3.10/site-packages/pip/_internal/cli/__pycache__) by extensions ['cmake', 'python']
[0.779s] Level 1:colcon.colcon_core.package_identification:_identify(venv/lib/python3.10/site-packages/pip/_internal/cli/__pycache__) by extension 'cmake'
[0.779s] Level 1:colcon.colcon_core.package_identification:_identify(venv/lib/python3.10/site-packages/pip/_internal/cli/__pycache__) by extension 'python'
[0.779s] Level 1:colcon.colcon_core.package_identification:_identify(venv/lib/python3.10/site-packages/pip/_internal/cli/__pycache__) by extensions ['python_setup_py']
[0.779s] Level 1:colcon.colcon_core.package_identification:_identify(venv/lib/python3.10/site-packages/pip/_internal/cli/__pycache__) by extension 'python_setup_py'
[0.780s] Level 1:colcon.colcon_core.package_identification:_identify(venv/lib/python3.10/site-packages/pip/_internal/commands) by extensions ['ignore', 'ignore_ament_install']
[0.780s] Level 1:colcon.colcon_core.package_identification:_identify(venv/lib/python3.10/site-packages/pip/_internal/commands) by extension 'ignore'
[0.780s] Level 1:colcon.colcon_core.package_identification:_identify(venv/lib/python3.10/site-packages/pip/_internal/commands) by extension 'ignore_ament_install'
[0.780s] Level 1:colcon.colcon_core.package_identification:_identify(venv/lib/python3.10/site-packages/pip/_internal/commands) by extensions ['colcon_pkg']
[0.780s] Level 1:colcon.colcon_core.package_identification:_identify(venv/lib/python3.10/site-packages/pip/_internal/commands) by extension 'colcon_pkg'
[0.780s] Level 1:colcon.colcon_core.package_identification:_identify(venv/lib/python3.10/site-packages/pip/_internal/commands) by extensions ['colcon_meta']
[0.780s] Level 1:colcon.colcon_core.package_identification:_identify(venv/lib/python3.10/site-packages/pip/_internal/commands) by extension 'colcon_meta'
[0.780s] Level 1:colcon.colcon_core.package_identification:_identify(venv/lib/python3.10/site-packages/pip/_internal/commands) by extensions ['ros']
[0.780s] Level 1:colcon.colcon_core.package_identification:_identify(venv/lib/python3.10/site-packages/pip/_internal/commands) by extension 'ros'
[0.780s] Level 1:colcon.colcon_core.package_identification:_identify(venv/lib/python3.10/site-packages/pip/_internal/commands) by extensions ['cmake', 'python']
[0.780s] Level 1:colcon.colcon_core.package_identification:_identify(venv/lib/python3.10/site-packages/pip/_internal/commands) by extension 'cmake'
[0.780s] Level 1:colcon.colcon_core.package_identification:_identify(venv/lib/python3.10/site-packages/pip/_internal/commands) by extension 'python'
[0.780s] Level 1:colcon.colcon_core.package_identification:_identify(venv/lib/python3.10/site-packages/pip/_internal/commands) by extensions ['python_setup_py']
[0.780s] Level 1:colcon.colcon_core.package_identification:_identify(venv/lib/python3.10/site-packages/pip/_internal/commands) by extension 'python_setup_py'
[0.780s] Level 1:colcon.colcon_core.package_identification:_identify(venv/lib/python3.10/site-packages/pip/_internal/commands/__pycache__) by extensions ['ignore', 'ignore_ament_install']
[0.780s] Level 1:colcon.colcon_core.package_identification:_identify(venv/lib/python3.10/site-packages/pip/_internal/commands/__pycache__) by extension 'ignore'
[0.780s] Level 1:colcon.colcon_core.package_identification:_identify(venv/lib/python3.10/site-packages/pip/_internal/commands/__pycache__) by extension 'ignore_ament_install'
[0.780s] Level 1:colcon.colcon_core.package_identification:_identify(venv/lib/python3.10/site-packages/pip/_internal/commands/__pycache__) by extensions ['colcon_pkg']
[0.780s] Level 1:colcon.colcon_core.package_identification:_identify(venv/lib/python3.10/site-packages/pip/_internal/commands/__pycache__) by extension 'colcon_pkg'
[0.780s] Level 1:colcon.colcon_core.package_identification:_identify(venv/lib/python3.10/site-packages/pip/_internal/commands/__pycache__) by extensions ['colcon_meta']
[0.780s] Level 1:colcon.colcon_core.package_identification:_identify(venv/lib/python3.10/site-packages/pip/_internal/commands/__pycache__) by extension 'colcon_meta'
[0.780s] Level 1:colcon.colcon_core.package_identification:_identify(venv/lib/python3.10/site-packages/pip/_internal/commands/__pycache__) by extensions ['ros']
[0.780s] Level 1:colcon.colcon_core.package_identification:_identify(venv/lib/python3.10/site-packages/pip/_internal/commands/__pycache__) by extension 'ros'
[0.780s] Level 1:colcon.colcon_core.package_identification:_identify(venv/lib/python3.10/site-packages/pip/_internal/commands/__pycache__) by extensions ['cmake', 'python']
[0.780s] Level 1:colcon.colcon_core.package_identification:_identify(venv/lib/python3.10/site-packages/pip/_internal/commands/__pycache__) by extension 'cmake'
[0.780s] Level 1:colcon.colcon_core.package_identification:_identify(venv/lib/python3.10/site-packages/pip/_internal/commands/__pycache__) by extension 'python'
[0.780s] Level 1:colcon.colcon_core.package_identification:_identify(venv/lib/python3.10/site-packages/pip/_internal/commands/__pycache__) by extensions ['python_setup_py']
[0.780s] Level 1:colcon.colcon_core.package_identification:_identify(venv/lib/python3.10/site-packages/pip/_internal/commands/__pycache__) by extension 'python_setup_py'
[0.780s] Level 1:colcon.colcon_core.package_identification:_identify(venv/lib/python3.10/site-packages/pip/_internal/distributions) by extensions ['ignore', 'ignore_ament_install']
[0.780s] Level 1:colcon.colcon_core.package_identification:_identify(venv/lib/python3.10/site-packages/pip/_internal/distributions) by extension 'ignore'
[0.780s] Level 1:colcon.colcon_core.package_identification:_identify(venv/lib/python3.10/site-packages/pip/_internal/distributions) by extension 'ignore_ament_install'
[0.780s] Level 1:colcon.colcon_core.package_identification:_identify(venv/lib/python3.10/site-packages/pip/_internal/distributions) by extensions ['colcon_pkg']
[0.780s] Level 1:colcon.colcon_core.package_identification:_identify(venv/lib/python3.10/site-packages/pip/_internal/distributions) by extension 'colcon_pkg'
[0.781s] Level 1:colcon.colcon_core.package_identification:_identify(venv/lib/python3.10/site-packages/pip/_internal/distributions) by extensions ['colcon_meta']
[0.781s] Level 1:colcon.colcon_core.package_identification:_identify(venv/lib/python3.10/site-packages/pip/_internal/distributions) by extension 'colcon_meta'
[0.781s] Level 1:colcon.colcon_core.package_identification:_identify(venv/lib/python3.10/site-packages/pip/_internal/distributions) by extensions ['ros']
[0.781s] Level 1:colcon.colcon_core.package_identification:_identify(venv/lib/python3.10/site-packages/pip/_internal/distributions) by extension 'ros'
[0.781s] Level 1:colcon.colcon_core.package_identification:_identify(venv/lib/python3.10/site-packages/pip/_internal/distributions) by extensions ['cmake', 'python']
[0.781s] Level 1:colcon.colcon_core.package_identification:_identify(venv/lib/python3.10/site-packages/pip/_internal/distributions) by extension 'cmake'
[0.781s] Level 1:colcon.colcon_core.package_identification:_identify(venv/lib/python3.10/site-packages/pip/_internal/distributions) by extension 'python'
[0.781s] Level 1:colcon.colcon_core.package_identification:_identify(venv/lib/python3.10/site-packages/pip/_internal/distributions) by extensions ['python_setup_py']
[0.781s] Level 1:colcon.colcon_core.package_identification:_identify(venv/lib/python3.10/site-packages/pip/_internal/distributions) by extension 'python_setup_py'
[0.781s] Level 1:colcon.colcon_core.package_identification:_identify(venv/lib/python3.10/site-packages/pip/_internal/distributions/__pycache__) by extensions ['ignore', 'ignore_ament_install']
[0.781s] Level 1:colcon.colcon_core.package_identification:_identify(venv/lib/python3.10/site-packages/pip/_internal/distributions/__pycache__) by extension 'ignore'
[0.781s] Level 1:colcon.colcon_core.package_identification:_identify(venv/lib/python3.10/site-packages/pip/_internal/distributions/__pycache__) by extension 'ignore_ament_install'
[0.781s] Level 1:colcon.colcon_core.package_identification:_identify(venv/lib/python3.10/site-packages/pip/_internal/distributions/__pycache__) by extensions ['colcon_pkg']
[0.781s] Level 1:colcon.colcon_core.package_identification:_identify(venv/lib/python3.10/site-packages/pip/_internal/distributions/__pycache__) by extension 'colcon_pkg'
[0.781s] Level 1:colcon.colcon_core.package_identification:_identify(venv/lib/python3.10/site-packages/pip/_internal/distributions/__pycache__) by extensions ['colcon_meta']
[0.781s] Level 1:colcon.colcon_core.package_identification:_identify(venv/lib/python3.10/site-packages/pip/_internal/distributions/__pycache__) by extension 'colcon_meta'
[0.781s] Level 1:colcon.colcon_core.package_identification:_identify(venv/lib/python3.10/site-packages/pip/_internal/distributions/__pycache__) by extensions ['ros']
[0.781s] Level 1:colcon.colcon_core.package_identification:_identify(venv/lib/python3.10/site-packages/pip/_internal/distributions/__pycache__) by extension 'ros'
[0.781s] Level 1:colcon.colcon_core.package_identification:_identify(venv/lib/python3.10/site-packages/pip/_internal/distributions/__pycache__) by extensions ['cmake', 'python']
[0.781s] Level 1:colcon.colcon_core.package_identification:_identify(venv/lib/python3.10/site-packages/pip/_internal/distributions/__pycache__) by extension 'cmake'
[0.781s] Level 1:colcon.colcon_core.package_identification:_identify(venv/lib/python3.10/site-packages/pip/_internal/distributions/__pycache__) by extension 'python'
[0.781s] Level 1:colcon.colcon_core.package_identification:_identify(venv/lib/python3.10/site-packages/pip/_internal/distributions/__pycache__) by extensions ['python_setup_py']
[0.781s] Level 1:colcon.colcon_core.package_identification:_identify(venv/lib/python3.10/site-packages/pip/_internal/distributions/__pycache__) by extension 'python_setup_py'
[0.781s] Level 1:colcon.colcon_core.package_identification:_identify(venv/lib/python3.10/site-packages/pip/_internal/index) by extensions ['ignore', 'ignore_ament_install']
[0.781s] Level 1:colcon.colcon_core.package_identification:_identify(venv/lib/python3.10/site-packages/pip/_internal/index) by extension 'ignore'
[0.781s] Level 1:colcon.colcon_core.package_identification:_identify(venv/lib/python3.10/site-packages/pip/_internal/index) by extension 'ignore_ament_install'
[0.781s] Level 1:colcon.colcon_core.package_identification:_identify(venv/lib/python3.10/site-packages/pip/_internal/index) by extensions ['colcon_pkg']
[0.781s] Level 1:colcon.colcon_core.package_identification:_identify(venv/lib/python3.10/site-packages/pip/_internal/index) by extension 'colcon_pkg'
[0.781s] Level 1:colcon.colcon_core.package_identification:_identify(venv/lib/python3.10/site-packages/pip/_internal/index) by extensions ['colcon_meta']
[0.781s] Level 1:colcon.colcon_core.package_identification:_identify(venv/lib/python3.10/site-packages/pip/_internal/index) by extension 'colcon_meta'
[0.781s] Level 1:colcon.colcon_core.package_identification:_identify(venv/lib/python3.10/site-packages/pip/_internal/index) by extensions ['ros']
[0.781s] Level 1:colcon.colcon_core.package_identification:_identify(venv/lib/python3.10/site-packages/pip/_internal/index) by extension 'ros'
[0.781s] Level 1:colcon.colcon_core.package_identification:_identify(venv/lib/python3.10/site-packages/pip/_internal/index) by extensions ['cmake', 'python']
[0.782s] Level 1:colcon.colcon_core.package_identification:_identify(venv/lib/python3.10/site-packages/pip/_internal/index) by extension 'cmake'
[0.782s] Level 1:colcon.colcon_core.package_identification:_identify(venv/lib/python3.10/site-packages/pip/_internal/index) by extension 'python'
[0.782s] Level 1:colcon.colcon_core.package_identification:_identify(venv/lib/python3.10/site-packages/pip/_internal/index) by extensions ['python_setup_py']
[0.782s] Level 1:colcon.colcon_core.package_identification:_identify(venv/lib/python3.10/site-packages/pip/_internal/index) by extension 'python_setup_py'
[0.782s] Level 1:colcon.colcon_core.package_identification:_identify(venv/lib/python3.10/site-packages/pip/_internal/index/__pycache__) by extensions ['ignore', 'ignore_ament_install']
[0.782s] Level 1:colcon.colcon_core.package_identification:_identify(venv/lib/python3.10/site-packages/pip/_internal/index/__pycache__) by extension 'ignore'
[0.782s] Level 1:colcon.colcon_core.package_identification:_identify(venv/lib/python3.10/site-packages/pip/_internal/index/__pycache__) by extension 'ignore_ament_install'
[0.782s] Level 1:colcon.colcon_core.package_identification:_identify(venv/lib/python3.10/site-packages/pip/_internal/index/__pycache__) by extensions ['colcon_pkg']
[0.782s] Level 1:colcon.colcon_core.package_identification:_identify(venv/lib/python3.10/site-packages/pip/_internal/index/__pycache__) by extension 'colcon_pkg'
[0.782s] Level 1:colcon.colcon_core.package_identification:_identify(venv/lib/python3.10/site-packages/pip/_internal/index/__pycache__) by extensions ['colcon_meta']
[0.782s] Level 1:colcon.colcon_core.package_identification:_identify(venv/lib/python3.10/site-packages/pip/_internal/index/__pycache__) by extension 'colcon_meta'
[0.782s] Level 1:colcon.colcon_core.package_identification:_identify(venv/lib/python3.10/site-packages/pip/_internal/index/__pycache__) by extensions ['ros']
[0.782s] Level 1:colcon.colcon_core.package_identification:_identify(venv/lib/python3.10/site-packages/pip/_internal/index/__pycache__) by extension 'ros'
[0.782s] Level 1:colcon.colcon_core.package_identification:_identify(venv/lib/python3.10/site-packages/pip/_internal/index/__pycache__) by extensions ['cmake', 'python']
[0.782s] Level 1:colcon.colcon_core.package_identification:_identify(venv/lib/python3.10/site-packages/pip/_internal/index/__pycache__) by extension 'cmake'
[0.782s] Level 1:colcon.colcon_core.package_identification:_identify(venv/lib/python3.10/site-packages/pip/_internal/index/__pycache__) by extension 'python'
[0.782s] Level 1:colcon.colcon_core.package_identification:_identify(venv/lib/python3.10/site-packages/pip/_internal/index/__pycache__) by extensions ['python_setup_py']
[0.782s] Level 1:colcon.colcon_core.package_identification:_identify(venv/lib/python3.10/site-packages/pip/_internal/index/__pycache__) by extension 'python_setup_py'
[0.782s] Level 1:colcon.colcon_core.package_identification:_identify(venv/lib/python3.10/site-packages/pip/_internal/locations) by extensions ['ignore', 'ignore_ament_install']
[0.782s] Level 1:colcon.colcon_core.package_identification:_identify(venv/lib/python3.10/site-packages/pip/_internal/locations) by extension 'ignore'
[0.782s] Level 1:colcon.colcon_core.package_identification:_identify(venv/lib/python3.10/site-packages/pip/_internal/locations) by extension 'ignore_ament_install'
[0.782s] Level 1:colcon.colcon_core.package_identification:_identify(venv/lib/python3.10/site-packages/pip/_internal/locations) by extensions ['colcon_pkg']
[0.782s] Level 1:colcon.colcon_core.package_identification:_identify(venv/lib/python3.10/site-packages/pip/_internal/locations) by extension 'colcon_pkg'
[0.782s] Level 1:colcon.colcon_core.package_identification:_identify(venv/lib/python3.10/site-packages/pip/_internal/locations) by extensions ['colcon_meta']
[0.782s] Level 1:colcon.colcon_core.package_identification:_identify(venv/lib/python3.10/site-packages/pip/_internal/locations) by extension 'colcon_meta'
[0.782s] Level 1:colcon.colcon_core.package_identification:_identify(venv/lib/python3.10/site-packages/pip/_internal/locations) by extensions ['ros']
[0.782s] Level 1:colcon.colcon_core.package_identification:_identify(venv/lib/python3.10/site-packages/pip/_internal/locations) by extension 'ros'
[0.782s] Level 1:colcon.colcon_core.package_identification:_identify(venv/lib/python3.10/site-packages/pip/_internal/locations) by extensions ['cmake', 'python']
[0.782s] Level 1:colcon.colcon_core.package_identification:_identify(venv/lib/python3.10/site-packages/pip/_internal/locations) by extension 'cmake'
[0.782s] Level 1:colcon.colcon_core.package_identification:_identify(venv/lib/python3.10/site-packages/pip/_internal/locations) by extension 'python'
[0.782s] Level 1:colcon.colcon_core.package_identification:_identify(venv/lib/python3.10/site-packages/pip/_internal/locations) by extensions ['python_setup_py']
[0.782s] Level 1:colcon.colcon_core.package_identification:_identify(venv/lib/python3.10/site-packages/pip/_internal/locations) by extension 'python_setup_py'
[0.782s] Level 1:colcon.colcon_core.package_identification:_identify(venv/lib/python3.10/site-packages/pip/_internal/locations/__pycache__) by extensions ['ignore', 'ignore_ament_install']
[0.783s] Level 1:colcon.colcon_core.package_identification:_identify(venv/lib/python3.10/site-packages/pip/_internal/locations/__pycache__) by extension 'ignore'
[0.783s] Level 1:colcon.colcon_core.package_identification:_identify(venv/lib/python3.10/site-packages/pip/_internal/locations/__pycache__) by extension 'ignore_ament_install'
[0.783s] Level 1:colcon.colcon_core.package_identification:_identify(venv/lib/python3.10/site-packages/pip/_internal/locations/__pycache__) by extensions ['colcon_pkg']
[0.783s] Level 1:colcon.colcon_core.package_identification:_identify(venv/lib/python3.10/site-packages/pip/_internal/locations/__pycache__) by extension 'colcon_pkg'
[0.783s] Level 1:colcon.colcon_core.package_identification:_identify(venv/lib/python3.10/site-packages/pip/_internal/locations/__pycache__) by extensions ['colcon_meta']
[0.783s] Level 1:colcon.colcon_core.package_identification:_identify(venv/lib/python3.10/site-packages/pip/_internal/locations/__pycache__) by extension 'colcon_meta'
[0.783s] Level 1:colcon.colcon_core.package_identification:_identify(venv/lib/python3.10/site-packages/pip/_internal/locations/__pycache__) by extensions ['ros']
[0.783s] Level 1:colcon.colcon_core.package_identification:_identify(venv/lib/python3.10/site-packages/pip/_internal/locations/__pycache__) by extension 'ros'
[0.783s] Level 1:colcon.colcon_core.package_identification:_identify(venv/lib/python3.10/site-packages/pip/_internal/locations/__pycache__) by extensions ['cmake', 'python']
[0.783s] Level 1:colcon.colcon_core.package_identification:_identify(venv/lib/python3.10/site-packages/pip/_internal/locations/__pycache__) by extension 'cmake'
[0.783s] Level 1:colcon.colcon_core.package_identification:_identify(venv/lib/python3.10/site-packages/pip/_internal/locations/__pycache__) by extension 'python'
[0.783s] Level 1:colcon.colcon_core.package_identification:_identify(venv/lib/python3.10/site-packages/pip/_internal/locations/__pycache__) by extensions ['python_setup_py']
[0.783s] Level 1:colcon.colcon_core.package_identification:_identify(venv/lib/python3.10/site-packages/pip/_internal/locations/__pycache__) by extension 'python_setup_py'
[0.783s] Level 1:colcon.colcon_core.package_identification:_identify(venv/lib/python3.10/site-packages/pip/_internal/metadata) by extensions ['ignore', 'ignore_ament_install']
[0.783s] Level 1:colcon.colcon_core.package_identification:_identify(venv/lib/python3.10/site-packages/pip/_internal/metadata) by extension 'ignore'
[0.783s] Level 1:colcon.colcon_core.package_identification:_identify(venv/lib/python3.10/site-packages/pip/_internal/metadata) by extension 'ignore_ament_install'
[0.783s] Level 1:colcon.colcon_core.package_identification:_identify(venv/lib/python3.10/site-packages/pip/_internal/metadata) by extensions ['colcon_pkg']
[0.783s] Level 1:colcon.colcon_core.package_identification:_identify(venv/lib/python3.10/site-packages/pip/_internal/metadata) by extension 'colcon_pkg'
[0.783s] Level 1:colcon.colcon_core.package_identification:_identify(venv/lib/python3.10/site-packages/pip/_internal/metadata) by extensions ['colcon_meta']
[0.783s] Level 1:colcon.colcon_core.package_identification:_identify(venv/lib/python3.10/site-packages/pip/_internal/metadata) by extension 'colcon_meta'
[0.783s] Level 1:colcon.colcon_core.package_identification:_identify(venv/lib/python3.10/site-packages/pip/_internal/metadata) by extensions ['ros']
[0.783s] Level 1:colcon.colcon_core.package_identification:_identify(venv/lib/python3.10/site-packages/pip/_internal/metadata) by extension 'ros'
[0.783s] Level 1:colcon.colcon_core.package_identification:_identify(venv/lib/python3.10/site-packages/pip/_internal/metadata) by extensions ['cmake', 'python']
[0.783s] Level 1:colcon.colcon_core.package_identification:_identify(venv/lib/python3.10/site-packages/pip/_internal/metadata) by extension 'cmake'
[0.783s] Level 1:colcon.colcon_core.package_identification:_identify(venv/lib/python3.10/site-packages/pip/_internal/metadata) by extension 'python'
[0.783s] Level 1:colcon.colcon_core.package_identification:_identify(venv/lib/python3.10/site-packages/pip/_internal/metadata) by extensions ['python_setup_py']
[0.783s] Level 1:colcon.colcon_core.package_identification:_identify(venv/lib/python3.10/site-packages/pip/_internal/metadata) by extension 'python_setup_py'
[0.783s] Level 1:colcon.colcon_core.package_identification:_identify(venv/lib/python3.10/site-packages/pip/_internal/metadata/__pycache__) by extensions ['ignore', 'ignore_ament_install']
[0.783s] Level 1:colcon.colcon_core.package_identification:_identify(venv/lib/python3.10/site-packages/pip/_internal/metadata/__pycache__) by extension 'ignore'
[0.783s] Level 1:colcon.colcon_core.package_identification:_identify(venv/lib/python3.10/site-packages/pip/_internal/metadata/__pycache__) by extension 'ignore_ament_install'
[0.783s] Level 1:colcon.colcon_core.package_identification:_identify(venv/lib/python3.10/site-packages/pip/_internal/metadata/__pycache__) by extensions ['colcon_pkg']
[0.783s] Level 1:colcon.colcon_core.package_identification:_identify(venv/lib/python3.10/site-packages/pip/_internal/metadata/__pycache__) by extension 'colcon_pkg'
[0.783s] Level 1:colcon.colcon_core.package_identification:_identify(venv/lib/python3.10/site-packages/pip/_internal/metadata/__pycache__) by extensions ['colcon_meta']
[0.783s] Level 1:colcon.colcon_core.package_identification:_identify(venv/lib/python3.10/site-packages/pip/_internal/metadata/__pycache__) by extension 'colcon_meta'
[0.784s] Level 1:colcon.colcon_core.package_identification:_identify(venv/lib/python3.10/site-packages/pip/_internal/metadata/__pycache__) by extensions ['ros']
[0.784s] Level 1:colcon.colcon_core.package_identification:_identify(venv/lib/python3.10/site-packages/pip/_internal/metadata/__pycache__) by extension 'ros'
[0.784s] Level 1:colcon.colcon_core.package_identification:_identify(venv/lib/python3.10/site-packages/pip/_internal/metadata/__pycache__) by extensions ['cmake', 'python']
[0.784s] Level 1:colcon.colcon_core.package_identification:_identify(venv/lib/python3.10/site-packages/pip/_internal/metadata/__pycache__) by extension 'cmake'
[0.784s] Level 1:colcon.colcon_core.package_identification:_identify(venv/lib/python3.10/site-packages/pip/_internal/metadata/__pycache__) by extension 'python'
[0.784s] Level 1:colcon.colcon_core.package_identification:_identify(venv/lib/python3.10/site-packages/pip/_internal/metadata/__pycache__) by extensions ['python_setup_py']
[0.784s] Level 1:colcon.colcon_core.package_identification:_identify(venv/lib/python3.10/site-packages/pip/_internal/metadata/__pycache__) by extension 'python_setup_py'
[0.784s] Level 1:colcon.colcon_core.package_identification:_identify(venv/lib/python3.10/site-packages/pip/_internal/models) by extensions ['ignore', 'ignore_ament_install']
[0.784s] Level 1:colcon.colcon_core.package_identification:_identify(venv/lib/python3.10/site-packages/pip/_internal/models) by extension 'ignore'
[0.784s] Level 1:colcon.colcon_core.package_identification:_identify(venv/lib/python3.10/site-packages/pip/_internal/models) by extension 'ignore_ament_install'
[0.784s] Level 1:colcon.colcon_core.package_identification:_identify(venv/lib/python3.10/site-packages/pip/_internal/models) by extensions ['colcon_pkg']
[0.784s] Level 1:colcon.colcon_core.package_identification:_identify(venv/lib/python3.10/site-packages/pip/_internal/models) by extension 'colcon_pkg'
[0.784s] Level 1:colcon.colcon_core.package_identification:_identify(venv/lib/python3.10/site-packages/pip/_internal/models) by extensions ['colcon_meta']
[0.784s] Level 1:colcon.colcon_core.package_identification:_identify(venv/lib/python3.10/site-packages/pip/_internal/models) by extension 'colcon_meta'
[0.784s] Level 1:colcon.colcon_core.package_identification:_identify(venv/lib/python3.10/site-packages/pip/_internal/models) by extensions ['ros']
[0.784s] Level 1:colcon.colcon_core.package_identification:_identify(venv/lib/python3.10/site-packages/pip/_internal/models) by extension 'ros'
[0.784s] Level 1:colcon.colcon_core.package_identification:_identify(venv/lib/python3.10/site-packages/pip/_internal/models) by extensions ['cmake', 'python']
[0.784s] Level 1:colcon.colcon_core.package_identification:_identify(venv/lib/python3.10/site-packages/pip/_internal/models) by extension 'cmake'
[0.784s] Level 1:colcon.colcon_core.package_identification:_identify(venv/lib/python3.10/site-packages/pip/_internal/models) by extension 'python'
[0.784s] Level 1:colcon.colcon_core.package_identification:_identify(venv/lib/python3.10/site-packages/pip/_internal/models) by extensions ['python_setup_py']
[0.784s] Level 1:colcon.colcon_core.package_identification:_identify(venv/lib/python3.10/site-packages/pip/_internal/models) by extension 'python_setup_py'
[0.784s] Level 1:colcon.colcon_core.package_identification:_identify(venv/lib/python3.10/site-packages/pip/_internal/models/__pycache__) by extensions ['ignore', 'ignore_ament_install']
[0.784s] Level 1:colcon.colcon_core.package_identification:_identify(venv/lib/python3.10/site-packages/pip/_internal/models/__pycache__) by extension 'ignore'
[0.784s] Level 1:colcon.colcon_core.package_identification:_identify(venv/lib/python3.10/site-packages/pip/_internal/models/__pycache__) by extension 'ignore_ament_install'
[0.784s] Level 1:colcon.colcon_core.package_identification:_identify(venv/lib/python3.10/site-packages/pip/_internal/models/__pycache__) by extensions ['colcon_pkg']
[0.784s] Level 1:colcon.colcon_core.package_identification:_identify(venv/lib/python3.10/site-packages/pip/_internal/models/__pycache__) by extension 'colcon_pkg'
[0.784s] Level 1:colcon.colcon_core.package_identification:_identify(venv/lib/python3.10/site-packages/pip/_internal/models/__pycache__) by extensions ['colcon_meta']
[0.784s] Level 1:colcon.colcon_core.package_identification:_identify(venv/lib/python3.10/site-packages/pip/_internal/models/__pycache__) by extension 'colcon_meta'
[0.784s] Level 1:colcon.colcon_core.package_identification:_identify(venv/lib/python3.10/site-packages/pip/_internal/models/__pycache__) by extensions ['ros']
[0.784s] Level 1:colcon.colcon_core.package_identification:_identify(venv/lib/python3.10/site-packages/pip/_internal/models/__pycache__) by extension 'ros'
[0.784s] Level 1:colcon.colcon_core.package_identification:_identify(venv/lib/python3.10/site-packages/pip/_internal/models/__pycache__) by extensions ['cmake', 'python']
[0.784s] Level 1:colcon.colcon_core.package_identification:_identify(venv/lib/python3.10/site-packages/pip/_internal/models/__pycache__) by extension 'cmake'
[0.784s] Level 1:colcon.colcon_core.package_identification:_identify(venv/lib/python3.10/site-packages/pip/_internal/models/__pycache__) by extension 'python'
[0.785s] Level 1:colcon.colcon_core.package_identification:_identify(venv/lib/python3.10/site-packages/pip/_internal/models/__pycache__) by extensions ['python_setup_py']
[0.785s] Level 1:colcon.colcon_core.package_identification:_identify(venv/lib/python3.10/site-packages/pip/_internal/models/__pycache__) by extension 'python_setup_py'
[0.785s] Level 1:colcon.colcon_core.package_identification:_identify(venv/lib/python3.10/site-packages/pip/_internal/network) by extensions ['ignore', 'ignore_ament_install']
[0.785s] Level 1:colcon.colcon_core.package_identification:_identify(venv/lib/python3.10/site-packages/pip/_internal/network) by extension 'ignore'
[0.785s] Level 1:colcon.colcon_core.package_identification:_identify(venv/lib/python3.10/site-packages/pip/_internal/network) by extension 'ignore_ament_install'
[0.785s] Level 1:colcon.colcon_core.package_identification:_identify(venv/lib/python3.10/site-packages/pip/_internal/network) by extensions ['colcon_pkg']
[0.785s] Level 1:colcon.colcon_core.package_identification:_identify(venv/lib/python3.10/site-packages/pip/_internal/network) by extension 'colcon_pkg'
[0.785s] Level 1:colcon.colcon_core.package_identification:_identify(venv/lib/python3.10/site-packages/pip/_internal/network) by extensions ['colcon_meta']
[0.785s] Level 1:colcon.colcon_core.package_identification:_identify(venv/lib/python3.10/site-packages/pip/_internal/network) by extension 'colcon_meta'
[0.785s] Level 1:colcon.colcon_core.package_identification:_identify(venv/lib/python3.10/site-packages/pip/_internal/network) by extensions ['ros']
[0.785s] Level 1:colcon.colcon_core.package_identification:_identify(venv/lib/python3.10/site-packages/pip/_internal/network) by extension 'ros'
[0.785s] Level 1:colcon.colcon_core.package_identification:_identify(venv/lib/python3.10/site-packages/pip/_internal/network) by extensions ['cmake', 'python']
[0.785s] Level 1:colcon.colcon_core.package_identification:_identify(venv/lib/python3.10/site-packages/pip/_internal/network) by extension 'cmake'
[0.785s] Level 1:colcon.colcon_core.package_identification:_identify(venv/lib/python3.10/site-packages/pip/_internal/network) by extension 'python'
[0.785s] Level 1:colcon.colcon_core.package_identification:_identify(venv/lib/python3.10/site-packages/pip/_internal/network) by extensions ['python_setup_py']
[0.785s] Level 1:colcon.colcon_core.package_identification:_identify(venv/lib/python3.10/site-packages/pip/_internal/network) by extension 'python_setup_py'
[0.785s] Level 1:colcon.colcon_core.package_identification:_identify(venv/lib/python3.10/site-packages/pip/_internal/network/__pycache__) by extensions ['ignore', 'ignore_ament_install']
[0.785s] Level 1:colcon.colcon_core.package_identification:_identify(venv/lib/python3.10/site-packages/pip/_internal/network/__pycache__) by extension 'ignore'
[0.785s] Level 1:colcon.colcon_core.package_identification:_identify(venv/lib/python3.10/site-packages/pip/_internal/network/__pycache__) by extension 'ignore_ament_install'
[0.785s] Level 1:colcon.colcon_core.package_identification:_identify(venv/lib/python3.10/site-packages/pip/_internal/network/__pycache__) by extensions ['colcon_pkg']
[0.785s] Level 1:colcon.colcon_core.package_identification:_identify(venv/lib/python3.10/site-packages/pip/_internal/network/__pycache__) by extension 'colcon_pkg'
[0.785s] Level 1:colcon.colcon_core.package_identification:_identify(venv/lib/python3.10/site-packages/pip/_internal/network/__pycache__) by extensions ['colcon_meta']
[0.785s] Level 1:colcon.colcon_core.package_identification:_identify(venv/lib/python3.10/site-packages/pip/_internal/network/__pycache__) by extension 'colcon_meta'
[0.785s] Level 1:colcon.colcon_core.package_identification:_identify(venv/lib/python3.10/site-packages/pip/_internal/network/__pycache__) by extensions ['ros']
[0.785s] Level 1:colcon.colcon_core.package_identification:_identify(venv/lib/python3.10/site-packages/pip/_internal/network/__pycache__) by extension 'ros'
[0.785s] Level 1:colcon.colcon_core.package_identification:_identify(venv/lib/python3.10/site-packages/pip/_internal/network/__pycache__) by extensions ['cmake', 'python']
[0.785s] Level 1:colcon.colcon_core.package_identification:_identify(venv/lib/python3.10/site-packages/pip/_internal/network/__pycache__) by extension 'cmake'
[0.785s] Level 1:colcon.colcon_core.package_identification:_identify(venv/lib/python3.10/site-packages/pip/_internal/network/__pycache__) by extension 'python'
[0.785s] Level 1:colcon.colcon_core.package_identification:_identify(venv/lib/python3.10/site-packages/pip/_internal/network/__pycache__) by extensions ['python_setup_py']
[0.785s] Level 1:colcon.colcon_core.package_identification:_identify(venv/lib/python3.10/site-packages/pip/_internal/network/__pycache__) by extension 'python_setup_py'
[0.785s] Level 1:colcon.colcon_core.package_identification:_identify(venv/lib/python3.10/site-packages/pip/_internal/operations) by extensions ['ignore', 'ignore_ament_install']
[0.785s] Level 1:colcon.colcon_core.package_identification:_identify(venv/lib/python3.10/site-packages/pip/_internal/operations) by extension 'ignore'
[0.786s] Level 1:colcon.colcon_core.package_identification:_identify(venv/lib/python3.10/site-packages/pip/_internal/operations) by extension 'ignore_ament_install'
[0.786s] Level 1:colcon.colcon_core.package_identification:_identify(venv/lib/python3.10/site-packages/pip/_internal/operations) by extensions ['colcon_pkg']
[0.786s] Level 1:colcon.colcon_core.package_identification:_identify(venv/lib/python3.10/site-packages/pip/_internal/operations) by extension 'colcon_pkg'
[0.786s] Level 1:colcon.colcon_core.package_identification:_identify(venv/lib/python3.10/site-packages/pip/_internal/operations) by extensions ['colcon_meta']
[0.786s] Level 1:colcon.colcon_core.package_identification:_identify(venv/lib/python3.10/site-packages/pip/_internal/operations) by extension 'colcon_meta'
[0.786s] Level 1:colcon.colcon_core.package_identification:_identify(venv/lib/python3.10/site-packages/pip/_internal/operations) by extensions ['ros']
[0.786s] Level 1:colcon.colcon_core.package_identification:_identify(venv/lib/python3.10/site-packages/pip/_internal/operations) by extension 'ros'
[0.786s] Level 1:colcon.colcon_core.package_identification:_identify(venv/lib/python3.10/site-packages/pip/_internal/operations) by extensions ['cmake', 'python']
[0.786s] Level 1:colcon.colcon_core.package_identification:_identify(venv/lib/python3.10/site-packages/pip/_internal/operations) by extension 'cmake'
[0.786s] Level 1:colcon.colcon_core.package_identification:_identify(venv/lib/python3.10/site-packages/pip/_internal/operations) by extension 'python'
[0.786s] Level 1:colcon.colcon_core.package_identification:_identify(venv/lib/python3.10/site-packages/pip/_internal/operations) by extensions ['python_setup_py']
[0.786s] Level 1:colcon.colcon_core.package_identification:_identify(venv/lib/python3.10/site-packages/pip/_internal/operations) by extension 'python_setup_py'
[0.786s] Level 1:colcon.colcon_core.package_identification:_identify(venv/lib/python3.10/site-packages/pip/_internal/operations/__pycache__) by extensions ['ignore', 'ignore_ament_install']
[0.786s] Level 1:colcon.colcon_core.package_identification:_identify(venv/lib/python3.10/site-packages/pip/_internal/operations/__pycache__) by extension 'ignore'
[0.786s] Level 1:colcon.colcon_core.package_identification:_identify(venv/lib/python3.10/site-packages/pip/_internal/operations/__pycache__) by extension 'ignore_ament_install'
[0.786s] Level 1:colcon.colcon_core.package_identification:_identify(venv/lib/python3.10/site-packages/pip/_internal/operations/__pycache__) by extensions ['colcon_pkg']
[0.786s] Level 1:colcon.colcon_core.package_identification:_identify(venv/lib/python3.10/site-packages/pip/_internal/operations/__pycache__) by extension 'colcon_pkg'
[0.786s] Level 1:colcon.colcon_core.package_identification:_identify(venv/lib/python3.10/site-packages/pip/_internal/operations/__pycache__) by extensions ['colcon_meta']
[0.786s] Level 1:colcon.colcon_core.package_identification:_identify(venv/lib/python3.10/site-packages/pip/_internal/operations/__pycache__) by extension 'colcon_meta'
[0.786s] Level 1:colcon.colcon_core.package_identification:_identify(venv/lib/python3.10/site-packages/pip/_internal/operations/__pycache__) by extensions ['ros']
[0.786s] Level 1:colcon.colcon_core.package_identification:_identify(venv/lib/python3.10/site-packages/pip/_internal/operations/__pycache__) by extension 'ros'
[0.786s] Level 1:colcon.colcon_core.package_identification:_identify(venv/lib/python3.10/site-packages/pip/_internal/operations/__pycache__) by extensions ['cmake', 'python']
[0.786s] Level 1:colcon.colcon_core.package_identification:_identify(venv/lib/python3.10/site-packages/pip/_internal/operations/__pycache__) by extension 'cmake'
[0.786s] Level 1:colcon.colcon_core.package_identification:_identify(venv/lib/python3.10/site-packages/pip/_internal/operations/__pycache__) by extension 'python'
[0.786s] Level 1:colcon.colcon_core.package_identification:_identify(venv/lib/python3.10/site-packages/pip/_internal/operations/__pycache__) by extensions ['python_setup_py']
[0.786s] Level 1:colcon.colcon_core.package_identification:_identify(venv/lib/python3.10/site-packages/pip/_internal/operations/__pycache__) by extension 'python_setup_py'
[0.786s] Level 1:colcon.colcon_core.package_identification:_identify(venv/lib/python3.10/site-packages/pip/_internal/operations/build) by extensions ['ignore', 'ignore_ament_install']
[0.786s] Level 1:colcon.colcon_core.package_identification:_identify(venv/lib/python3.10/site-packages/pip/_internal/operations/build) by extension 'ignore'
[0.786s] Level 1:colcon.colcon_core.package_identification:_identify(venv/lib/python3.10/site-packages/pip/_internal/operations/build) by extension 'ignore_ament_install'
[0.786s] Level 1:colcon.colcon_core.package_identification:_identify(venv/lib/python3.10/site-packages/pip/_internal/operations/build) by extensions ['colcon_pkg']
[0.786s] Level 1:colcon.colcon_core.package_identification:_identify(venv/lib/python3.10/site-packages/pip/_internal/operations/build) by extension 'colcon_pkg'
[0.787s] Level 1:colcon.colcon_core.package_identification:_identify(venv/lib/python3.10/site-packages/pip/_internal/operations/build) by extensions ['colcon_meta']
[0.787s] Level 1:colcon.colcon_core.package_identification:_identify(venv/lib/python3.10/site-packages/pip/_internal/operations/build) by extension 'colcon_meta'
[0.787s] Level 1:colcon.colcon_core.package_identification:_identify(venv/lib/python3.10/site-packages/pip/_internal/operations/build) by extensions ['ros']
[0.787s] Level 1:colcon.colcon_core.package_identification:_identify(venv/lib/python3.10/site-packages/pip/_internal/operations/build) by extension 'ros'
[0.787s] Level 1:colcon.colcon_core.package_identification:_identify(venv/lib/python3.10/site-packages/pip/_internal/operations/build) by extensions ['cmake', 'python']
[0.787s] Level 1:colcon.colcon_core.package_identification:_identify(venv/lib/python3.10/site-packages/pip/_internal/operations/build) by extension 'cmake'
[0.787s] Level 1:colcon.colcon_core.package_identification:_identify(venv/lib/python3.10/site-packages/pip/_internal/operations/build) by extension 'python'
[0.787s] Level 1:colcon.colcon_core.package_identification:_identify(venv/lib/python3.10/site-packages/pip/_internal/operations/build) by extensions ['python_setup_py']
[0.787s] Level 1:colcon.colcon_core.package_identification:_identify(venv/lib/python3.10/site-packages/pip/_internal/operations/build) by extension 'python_setup_py'
[0.787s] Level 1:colcon.colcon_core.package_identification:_identify(venv/lib/python3.10/site-packages/pip/_internal/operations/build/__pycache__) by extensions ['ignore', 'ignore_ament_install']
[0.787s] Level 1:colcon.colcon_core.package_identification:_identify(venv/lib/python3.10/site-packages/pip/_internal/operations/build/__pycache__) by extension 'ignore'
[0.787s] Level 1:colcon.colcon_core.package_identification:_identify(venv/lib/python3.10/site-packages/pip/_internal/operations/build/__pycache__) by extension 'ignore_ament_install'
[0.787s] Level 1:colcon.colcon_core.package_identification:_identify(venv/lib/python3.10/site-packages/pip/_internal/operations/build/__pycache__) by extensions ['colcon_pkg']
[0.787s] Level 1:colcon.colcon_core.package_identification:_identify(venv/lib/python3.10/site-packages/pip/_internal/operations/build/__pycache__) by extension 'colcon_pkg'
[0.787s] Level 1:colcon.colcon_core.package_identification:_identify(venv/lib/python3.10/site-packages/pip/_internal/operations/build/__pycache__) by extensions ['colcon_meta']
[0.787s] Level 1:colcon.colcon_core.package_identification:_identify(venv/lib/python3.10/site-packages/pip/_internal/operations/build/__pycache__) by extension 'colcon_meta'
[0.787s] Level 1:colcon.colcon_core.package_identification:_identify(venv/lib/python3.10/site-packages/pip/_internal/operations/build/__pycache__) by extensions ['ros']
[0.787s] Level 1:colcon.colcon_core.package_identification:_identify(venv/lib/python3.10/site-packages/pip/_internal/operations/build/__pycache__) by extension 'ros'
[0.787s] Level 1:colcon.colcon_core.package_identification:_identify(venv/lib/python3.10/site-packages/pip/_internal/operations/build/__pycache__) by extensions ['cmake', 'python']
[0.787s] Level 1:colcon.colcon_core.package_identification:_identify(venv/lib/python3.10/site-packages/pip/_internal/operations/build/__pycache__) by extension 'cmake'
[0.787s] Level 1:colcon.colcon_core.package_identification:_identify(venv/lib/python3.10/site-packages/pip/_internal/operations/build/__pycache__) by extension 'python'
[0.787s] Level 1:colcon.colcon_core.package_identification:_identify(venv/lib/python3.10/site-packages/pip/_internal/operations/build/__pycache__) by extensions ['python_setup_py']
[0.787s] Level 1:colcon.colcon_core.package_identification:_identify(venv/lib/python3.10/site-packages/pip/_internal/operations/build/__pycache__) by extension 'python_setup_py'
[0.787s] Level 1:colcon.colcon_core.package_identification:_identify(venv/lib/python3.10/site-packages/pip/_internal/operations/install) by extensions ['ignore', 'ignore_ament_install']
[0.787s] Level 1:colcon.colcon_core.package_identification:_identify(venv/lib/python3.10/site-packages/pip/_internal/operations/install) by extension 'ignore'
[0.787s] Level 1:colcon.colcon_core.package_identification:_identify(venv/lib/python3.10/site-packages/pip/_internal/operations/install) by extension 'ignore_ament_install'
[0.787s] Level 1:colcon.colcon_core.package_identification:_identify(venv/lib/python3.10/site-packages/pip/_internal/operations/install) by extensions ['colcon_pkg']
[0.787s] Level 1:colcon.colcon_core.package_identification:_identify(venv/lib/python3.10/site-packages/pip/_internal/operations/install) by extension 'colcon_pkg'
[0.787s] Level 1:colcon.colcon_core.package_identification:_identify(venv/lib/python3.10/site-packages/pip/_internal/operations/install) by extensions ['colcon_meta']
[0.787s] Level 1:colcon.colcon_core.package_identification:_identify(venv/lib/python3.10/site-packages/pip/_internal/operations/install) by extension 'colcon_meta'
[0.787s] Level 1:colcon.colcon_core.package_identification:_identify(venv/lib/python3.10/site-packages/pip/_internal/operations/install) by extensions ['ros']
[0.787s] Level 1:colcon.colcon_core.package_identification:_identify(venv/lib/python3.10/site-packages/pip/_internal/operations/install) by extension 'ros'
[0.788s] Level 1:colcon.colcon_core.package_identification:_identify(venv/lib/python3.10/site-packages/pip/_internal/operations/install) by extensions ['cmake', 'python']
[0.788s] Level 1:colcon.colcon_core.package_identification:_identify(venv/lib/python3.10/site-packages/pip/_internal/operations/install) by extension 'cmake'
[0.788s] Level 1:colcon.colcon_core.package_identification:_identify(venv/lib/python3.10/site-packages/pip/_internal/operations/install) by extension 'python'
[0.788s] Level 1:colcon.colcon_core.package_identification:_identify(venv/lib/python3.10/site-packages/pip/_internal/operations/install) by extensions ['python_setup_py']
[0.788s] Level 1:colcon.colcon_core.package_identification:_identify(venv/lib/python3.10/site-packages/pip/_internal/operations/install) by extension 'python_setup_py'
[0.788s] Level 1:colcon.colcon_core.package_identification:_identify(venv/lib/python3.10/site-packages/pip/_internal/operations/install/__pycache__) by extensions ['ignore', 'ignore_ament_install']
[0.788s] Level 1:colcon.colcon_core.package_identification:_identify(venv/lib/python3.10/site-packages/pip/_internal/operations/install/__pycache__) by extension 'ignore'
[0.788s] Level 1:colcon.colcon_core.package_identification:_identify(venv/lib/python3.10/site-packages/pip/_internal/operations/install/__pycache__) by extension 'ignore_ament_install'
[0.788s] Level 1:colcon.colcon_core.package_identification:_identify(venv/lib/python3.10/site-packages/pip/_internal/operations/install/__pycache__) by extensions ['colcon_pkg']
[0.788s] Level 1:colcon.colcon_core.package_identification:_identify(venv/lib/python3.10/site-packages/pip/_internal/operations/install/__pycache__) by extension 'colcon_pkg'
[0.788s] Level 1:colcon.colcon_core.package_identification:_identify(venv/lib/python3.10/site-packages/pip/_internal/operations/install/__pycache__) by extensions ['colcon_meta']
[0.788s] Level 1:colcon.colcon_core.package_identification:_identify(venv/lib/python3.10/site-packages/pip/_internal/operations/install/__pycache__) by extension 'colcon_meta'
[0.788s] Level 1:colcon.colcon_core.package_identification:_identify(venv/lib/python3.10/site-packages/pip/_internal/operations/install/__pycache__) by extensions ['ros']
[0.788s] Level 1:colcon.colcon_core.package_identification:_identify(venv/lib/python3.10/site-packages/pip/_internal/operations/install/__pycache__) by extension 'ros'
[0.788s] Level 1:colcon.colcon_core.package_identification:_identify(venv/lib/python3.10/site-packages/pip/_internal/operations/install/__pycache__) by extensions ['cmake', 'python']
[0.788s] Level 1:colcon.colcon_core.package_identification:_identify(venv/lib/python3.10/site-packages/pip/_internal/operations/install/__pycache__) by extension 'cmake'
[0.788s] Level 1:colcon.colcon_core.package_identification:_identify(venv/lib/python3.10/site-packages/pip/_internal/operations/install/__pycache__) by extension 'python'
[0.788s] Level 1:colcon.colcon_core.package_identification:_identify(venv/lib/python3.10/site-packages/pip/_internal/operations/install/__pycache__) by extensions ['python_setup_py']
[0.788s] Level 1:colcon.colcon_core.package_identification:_identify(venv/lib/python3.10/site-packages/pip/_internal/operations/install/__pycache__) by extension 'python_setup_py'
[0.788s] Level 1:colcon.colcon_core.package_identification:_identify(venv/lib/python3.10/site-packages/pip/_internal/req) by extensions ['ignore', 'ignore_ament_install']
[0.788s] Level 1:colcon.colcon_core.package_identification:_identify(venv/lib/python3.10/site-packages/pip/_internal/req) by extension 'ignore'
[0.788s] Level 1:colcon.colcon_core.package_identification:_identify(venv/lib/python3.10/site-packages/pip/_internal/req) by extension 'ignore_ament_install'
[0.788s] Level 1:colcon.colcon_core.package_identification:_identify(venv/lib/python3.10/site-packages/pip/_internal/req) by extensions ['colcon_pkg']
[0.788s] Level 1:colcon.colcon_core.package_identification:_identify(venv/lib/python3.10/site-packages/pip/_internal/req) by extension 'colcon_pkg'
[0.788s] Level 1:colcon.colcon_core.package_identification:_identify(venv/lib/python3.10/site-packages/pip/_internal/req) by extensions ['colcon_meta']
[0.788s] Level 1:colcon.colcon_core.package_identification:_identify(venv/lib/python3.10/site-packages/pip/_internal/req) by extension 'colcon_meta'
[0.788s] Level 1:colcon.colcon_core.package_identification:_identify(venv/lib/python3.10/site-packages/pip/_internal/req) by extensions ['ros']
[0.788s] Level 1:colcon.colcon_core.package_identification:_identify(venv/lib/python3.10/site-packages/pip/_internal/req) by extension 'ros'
[0.788s] Level 1:colcon.colcon_core.package_identification:_identify(venv/lib/python3.10/site-packages/pip/_internal/req) by extensions ['cmake', 'python']
[0.788s] Level 1:colcon.colcon_core.package_identification:_identify(venv/lib/python3.10/site-packages/pip/_internal/req) by extension 'cmake'
[0.788s] Level 1:colcon.colcon_core.package_identification:_identify(venv/lib/python3.10/site-packages/pip/_internal/req) by extension 'python'
[0.788s] Level 1:colcon.colcon_core.package_identification:_identify(venv/lib/python3.10/site-packages/pip/_internal/req) by extensions ['python_setup_py']
[0.789s] Level 1:colcon.colcon_core.package_identification:_identify(venv/lib/python3.10/site-packages/pip/_internal/req) by extension 'python_setup_py'
[0.789s] Level 1:colcon.colcon_core.package_identification:_identify(venv/lib/python3.10/site-packages/pip/_internal/req/__pycache__) by extensions ['ignore', 'ignore_ament_install']
[0.789s] Level 1:colcon.colcon_core.package_identification:_identify(venv/lib/python3.10/site-packages/pip/_internal/req/__pycache__) by extension 'ignore'
[0.789s] Level 1:colcon.colcon_core.package_identification:_identify(venv/lib/python3.10/site-packages/pip/_internal/req/__pycache__) by extension 'ignore_ament_install'
[0.789s] Level 1:colcon.colcon_core.package_identification:_identify(venv/lib/python3.10/site-packages/pip/_internal/req/__pycache__) by extensions ['colcon_pkg']
[0.789s] Level 1:colcon.colcon_core.package_identification:_identify(venv/lib/python3.10/site-packages/pip/_internal/req/__pycache__) by extension 'colcon_pkg'
[0.789s] Level 1:colcon.colcon_core.package_identification:_identify(venv/lib/python3.10/site-packages/pip/_internal/req/__pycache__) by extensions ['colcon_meta']
[0.789s] Level 1:colcon.colcon_core.package_identification:_identify(venv/lib/python3.10/site-packages/pip/_internal/req/__pycache__) by extension 'colcon_meta'
[0.789s] Level 1:colcon.colcon_core.package_identification:_identify(venv/lib/python3.10/site-packages/pip/_internal/req/__pycache__) by extensions ['ros']
[0.789s] Level 1:colcon.colcon_core.package_identification:_identify(venv/lib/python3.10/site-packages/pip/_internal/req/__pycache__) by extension 'ros'
[0.789s] Level 1:colcon.colcon_core.package_identification:_identify(venv/lib/python3.10/site-packages/pip/_internal/req/__pycache__) by extensions ['cmake', 'python']
[0.789s] Level 1:colcon.colcon_core.package_identification:_identify(venv/lib/python3.10/site-packages/pip/_internal/req/__pycache__) by extension 'cmake'
[0.789s] Level 1:colcon.colcon_core.package_identification:_identify(venv/lib/python3.10/site-packages/pip/_internal/req/__pycache__) by extension 'python'
[0.789s] Level 1:colcon.colcon_core.package_identification:_identify(venv/lib/python3.10/site-packages/pip/_internal/req/__pycache__) by extensions ['python_setup_py']
[0.789s] Level 1:colcon.colcon_core.package_identification:_identify(venv/lib/python3.10/site-packages/pip/_internal/req/__pycache__) by extension 'python_setup_py'
[0.789s] Level 1:colcon.colcon_core.package_identification:_identify(venv/lib/python3.10/site-packages/pip/_internal/resolution) by extensions ['ignore', 'ignore_ament_install']
[0.789s] Level 1:colcon.colcon_core.package_identification:_identify(venv/lib/python3.10/site-packages/pip/_internal/resolution) by extension 'ignore'
[0.789s] Level 1:colcon.colcon_core.package_identification:_identify(venv/lib/python3.10/site-packages/pip/_internal/resolution) by extension 'ignore_ament_install'
[0.789s] Level 1:colcon.colcon_core.package_identification:_identify(venv/lib/python3.10/site-packages/pip/_internal/resolution) by extensions ['colcon_pkg']
[0.789s] Level 1:colcon.colcon_core.package_identification:_identify(venv/lib/python3.10/site-packages/pip/_internal/resolution) by extension 'colcon_pkg'
[0.789s] Level 1:colcon.colcon_core.package_identification:_identify(venv/lib/python3.10/site-packages/pip/_internal/resolution) by extensions ['colcon_meta']
[0.789s] Level 1:colcon.colcon_core.package_identification:_identify(venv/lib/python3.10/site-packages/pip/_internal/resolution) by extension 'colcon_meta'
[0.789s] Level 1:colcon.colcon_core.package_identification:_identify(venv/lib/python3.10/site-packages/pip/_internal/resolution) by extensions ['ros']
[0.789s] Level 1:colcon.colcon_core.package_identification:_identify(venv/lib/python3.10/site-packages/pip/_internal/resolution) by extension 'ros'
[0.789s] Level 1:colcon.colcon_core.package_identification:_identify(venv/lib/python3.10/site-packages/pip/_internal/resolution) by extensions ['cmake', 'python']
[0.789s] Level 1:colcon.colcon_core.package_identification:_identify(venv/lib/python3.10/site-packages/pip/_internal/resolution) by extension 'cmake'
[0.789s] Level 1:colcon.colcon_core.package_identification:_identify(venv/lib/python3.10/site-packages/pip/_internal/resolution) by extension 'python'
[0.789s] Level 1:colcon.colcon_core.package_identification:_identify(venv/lib/python3.10/site-packages/pip/_internal/resolution) by extensions ['python_setup_py']
[0.789s] Level 1:colcon.colcon_core.package_identification:_identify(venv/lib/python3.10/site-packages/pip/_internal/resolution) by extension 'python_setup_py'
[0.789s] Level 1:colcon.colcon_core.package_identification:_identify(venv/lib/python3.10/site-packages/pip/_internal/resolution/__pycache__) by extensions ['ignore', 'ignore_ament_install']
[0.789s] Level 1:colcon.colcon_core.package_identification:_identify(venv/lib/python3.10/site-packages/pip/_internal/resolution/__pycache__) by extension 'ignore'
[0.790s] Level 1:colcon.colcon_core.package_identification:_identify(venv/lib/python3.10/site-packages/pip/_internal/resolution/__pycache__) by extension 'ignore_ament_install'
[0.790s] Level 1:colcon.colcon_core.package_identification:_identify(venv/lib/python3.10/site-packages/pip/_internal/resolution/__pycache__) by extensions ['colcon_pkg']
[0.790s] Level 1:colcon.colcon_core.package_identification:_identify(venv/lib/python3.10/site-packages/pip/_internal/resolution/__pycache__) by extension 'colcon_pkg'
[0.790s] Level 1:colcon.colcon_core.package_identification:_identify(venv/lib/python3.10/site-packages/pip/_internal/resolution/__pycache__) by extensions ['colcon_meta']
[0.790s] Level 1:colcon.colcon_core.package_identification:_identify(venv/lib/python3.10/site-packages/pip/_internal/resolution/__pycache__) by extension 'colcon_meta'
[0.790s] Level 1:colcon.colcon_core.package_identification:_identify(venv/lib/python3.10/site-packages/pip/_internal/resolution/__pycache__) by extensions ['ros']
[0.790s] Level 1:colcon.colcon_core.package_identification:_identify(venv/lib/python3.10/site-packages/pip/_internal/resolution/__pycache__) by extension 'ros'
[0.790s] Level 1:colcon.colcon_core.package_identification:_identify(venv/lib/python3.10/site-packages/pip/_internal/resolution/__pycache__) by extensions ['cmake', 'python']
[0.790s] Level 1:colcon.colcon_core.package_identification:_identify(venv/lib/python3.10/site-packages/pip/_internal/resolution/__pycache__) by extension 'cmake'
[0.790s] Level 1:colcon.colcon_core.package_identification:_identify(venv/lib/python3.10/site-packages/pip/_internal/resolution/__pycache__) by extension 'python'
[0.790s] Level 1:colcon.colcon_core.package_identification:_identify(venv/lib/python3.10/site-packages/pip/_internal/resolution/__pycache__) by extensions ['python_setup_py']
[0.790s] Level 1:colcon.colcon_core.package_identification:_identify(venv/lib/python3.10/site-packages/pip/_internal/resolution/__pycache__) by extension 'python_setup_py'
[0.790s] Level 1:colcon.colcon_core.package_identification:_identify(venv/lib/python3.10/site-packages/pip/_internal/resolution/legacy) by extensions ['ignore', 'ignore_ament_install']
[0.790s] Level 1:colcon.colcon_core.package_identification:_identify(venv/lib/python3.10/site-packages/pip/_internal/resolution/legacy) by extension 'ignore'
[0.790s] Level 1:colcon.colcon_core.package_identification:_identify(venv/lib/python3.10/site-packages/pip/_internal/resolution/legacy) by extension 'ignore_ament_install'
[0.790s] Level 1:colcon.colcon_core.package_identification:_identify(venv/lib/python3.10/site-packages/pip/_internal/resolution/legacy) by extensions ['colcon_pkg']
[0.790s] Level 1:colcon.colcon_core.package_identification:_identify(venv/lib/python3.10/site-packages/pip/_internal/resolution/legacy) by extension 'colcon_pkg'
[0.790s] Level 1:colcon.colcon_core.package_identification:_identify(venv/lib/python3.10/site-packages/pip/_internal/resolution/legacy) by extensions ['colcon_meta']
[0.790s] Level 1:colcon.colcon_core.package_identification:_identify(venv/lib/python3.10/site-packages/pip/_internal/resolution/legacy) by extension 'colcon_meta'
[0.790s] Level 1:colcon.colcon_core.package_identification:_identify(venv/lib/python3.10/site-packages/pip/_internal/resolution/legacy) by extensions ['ros']
[0.790s] Level 1:colcon.colcon_core.package_identification:_identify(venv/lib/python3.10/site-packages/pip/_internal/resolution/legacy) by extension 'ros'
[0.790s] Level 1:colcon.colcon_core.package_identification:_identify(venv/lib/python3.10/site-packages/pip/_internal/resolution/legacy) by extensions ['cmake', 'python']
[0.790s] Level 1:colcon.colcon_core.package_identification:_identify(venv/lib/python3.10/site-packages/pip/_internal/resolution/legacy) by extension 'cmake'
[0.790s] Level 1:colcon.colcon_core.package_identification:_identify(venv/lib/python3.10/site-packages/pip/_internal/resolution/legacy) by extension 'python'
[0.790s] Level 1:colcon.colcon_core.package_identification:_identify(venv/lib/python3.10/site-packages/pip/_internal/resolution/legacy) by extensions ['python_setup_py']
[0.790s] Level 1:colcon.colcon_core.package_identification:_identify(venv/lib/python3.10/site-packages/pip/_internal/resolution/legacy) by extension 'python_setup_py'
[0.790s] Level 1:colcon.colcon_core.package_identification:_identify(venv/lib/python3.10/site-packages/pip/_internal/resolution/legacy/__pycache__) by extensions ['ignore', 'ignore_ament_install']
[0.790s] Level 1:colcon.colcon_core.package_identification:_identify(venv/lib/python3.10/site-packages/pip/_internal/resolution/legacy/__pycache__) by extension 'ignore'
[0.790s] Level 1:colcon.colcon_core.package_identification:_identify(venv/lib/python3.10/site-packages/pip/_internal/resolution/legacy/__pycache__) by extension 'ignore_ament_install'
[0.790s] Level 1:colcon.colcon_core.package_identification:_identify(venv/lib/python3.10/site-packages/pip/_internal/resolution/legacy/__pycache__) by extensions ['colcon_pkg']
[0.790s] Level 1:colcon.colcon_core.package_identification:_identify(venv/lib/python3.10/site-packages/pip/_internal/resolution/legacy/__pycache__) by extension 'colcon_pkg'
[0.790s] Level 1:colcon.colcon_core.package_identification:_identify(venv/lib/python3.10/site-packages/pip/_internal/resolution/legacy/__pycache__) by extensions ['colcon_meta']
[0.790s] Level 1:colcon.colcon_core.package_identification:_identify(venv/lib/python3.10/site-packages/pip/_internal/resolution/legacy/__pycache__) by extension 'colcon_meta'
[0.791s] Level 1:colcon.colcon_core.package_identification:_identify(venv/lib/python3.10/site-packages/pip/_internal/resolution/legacy/__pycache__) by extensions ['ros']
[0.791s] Level 1:colcon.colcon_core.package_identification:_identify(venv/lib/python3.10/site-packages/pip/_internal/resolution/legacy/__pycache__) by extension 'ros'
[0.791s] Level 1:colcon.colcon_core.package_identification:_identify(venv/lib/python3.10/site-packages/pip/_internal/resolution/legacy/__pycache__) by extensions ['cmake', 'python']
[0.791s] Level 1:colcon.colcon_core.package_identification:_identify(venv/lib/python3.10/site-packages/pip/_internal/resolution/legacy/__pycache__) by extension 'cmake'
[0.791s] Level 1:colcon.colcon_core.package_identification:_identify(venv/lib/python3.10/site-packages/pip/_internal/resolution/legacy/__pycache__) by extension 'python'
[0.791s] Level 1:colcon.colcon_core.package_identification:_identify(venv/lib/python3.10/site-packages/pip/_internal/resolution/legacy/__pycache__) by extensions ['python_setup_py']
[0.791s] Level 1:colcon.colcon_core.package_identification:_identify(venv/lib/python3.10/site-packages/pip/_internal/resolution/legacy/__pycache__) by extension 'python_setup_py'
[0.791s] Level 1:colcon.colcon_core.package_identification:_identify(venv/lib/python3.10/site-packages/pip/_internal/resolution/resolvelib) by extensions ['ignore', 'ignore_ament_install']
[0.791s] Level 1:colcon.colcon_core.package_identification:_identify(venv/lib/python3.10/site-packages/pip/_internal/resolution/resolvelib) by extension 'ignore'
[0.791s] Level 1:colcon.colcon_core.package_identification:_identify(venv/lib/python3.10/site-packages/pip/_internal/resolution/resolvelib) by extension 'ignore_ament_install'
[0.791s] Level 1:colcon.colcon_core.package_identification:_identify(venv/lib/python3.10/site-packages/pip/_internal/resolution/resolvelib) by extensions ['colcon_pkg']
[0.791s] Level 1:colcon.colcon_core.package_identification:_identify(venv/lib/python3.10/site-packages/pip/_internal/resolution/resolvelib) by extension 'colcon_pkg'
[0.791s] Level 1:colcon.colcon_core.package_identification:_identify(venv/lib/python3.10/site-packages/pip/_internal/resolution/resolvelib) by extensions ['colcon_meta']
[0.791s] Level 1:colcon.colcon_core.package_identification:_identify(venv/lib/python3.10/site-packages/pip/_internal/resolution/resolvelib) by extension 'colcon_meta'
[0.791s] Level 1:colcon.colcon_core.package_identification:_identify(venv/lib/python3.10/site-packages/pip/_internal/resolution/resolvelib) by extensions ['ros']
[0.791s] Level 1:colcon.colcon_core.package_identification:_identify(venv/lib/python3.10/site-packages/pip/_internal/resolution/resolvelib) by extension 'ros'
[0.791s] Level 1:colcon.colcon_core.package_identification:_identify(venv/lib/python3.10/site-packages/pip/_internal/resolution/resolvelib) by extensions ['cmake', 'python']
[0.791s] Level 1:colcon.colcon_core.package_identification:_identify(venv/lib/python3.10/site-packages/pip/_internal/resolution/resolvelib) by extension 'cmake'
[0.791s] Level 1:colcon.colcon_core.package_identification:_identify(venv/lib/python3.10/site-packages/pip/_internal/resolution/resolvelib) by extension 'python'
[0.791s] Level 1:colcon.colcon_core.package_identification:_identify(venv/lib/python3.10/site-packages/pip/_internal/resolution/resolvelib) by extensions ['python_setup_py']
[0.791s] Level 1:colcon.colcon_core.package_identification:_identify(venv/lib/python3.10/site-packages/pip/_internal/resolution/resolvelib) by extension 'python_setup_py'
[0.791s] Level 1:colcon.colcon_core.package_identification:_identify(venv/lib/python3.10/site-packages/pip/_internal/resolution/resolvelib/__pycache__) by extensions ['ignore', 'ignore_ament_install']
[0.791s] Level 1:colcon.colcon_core.package_identification:_identify(venv/lib/python3.10/site-packages/pip/_internal/resolution/resolvelib/__pycache__) by extension 'ignore'
[0.791s] Level 1:colcon.colcon_core.package_identification:_identify(venv/lib/python3.10/site-packages/pip/_internal/resolution/resolvelib/__pycache__) by extension 'ignore_ament_install'
[0.791s] Level 1:colcon.colcon_core.package_identification:_identify(venv/lib/python3.10/site-packages/pip/_internal/resolution/resolvelib/__pycache__) by extensions ['colcon_pkg']
[0.791s] Level 1:colcon.colcon_core.package_identification:_identify(venv/lib/python3.10/site-packages/pip/_internal/resolution/resolvelib/__pycache__) by extension 'colcon_pkg'
[0.791s] Level 1:colcon.colcon_core.package_identification:_identify(venv/lib/python3.10/site-packages/pip/_internal/resolution/resolvelib/__pycache__) by extensions ['colcon_meta']
[0.791s] Level 1:colcon.colcon_core.package_identification:_identify(venv/lib/python3.10/site-packages/pip/_internal/resolution/resolvelib/__pycache__) by extension 'colcon_meta'
[0.791s] Level 1:colcon.colcon_core.package_identification:_identify(venv/lib/python3.10/site-packages/pip/_internal/resolution/resolvelib/__pycache__) by extensions ['ros']
[0.791s] Level 1:colcon.colcon_core.package_identification:_identify(venv/lib/python3.10/site-packages/pip/_internal/resolution/resolvelib/__pycache__) by extension 'ros'
[0.791s] Level 1:colcon.colcon_core.package_identification:_identify(venv/lib/python3.10/site-packages/pip/_internal/resolution/resolvelib/__pycache__) by extensions ['cmake', 'python']
[0.791s] Level 1:colcon.colcon_core.package_identification:_identify(venv/lib/python3.10/site-packages/pip/_internal/resolution/resolvelib/__pycache__) by extension 'cmake'
[0.791s] Level 1:colcon.colcon_core.package_identification:_identify(venv/lib/python3.10/site-packages/pip/_internal/resolution/resolvelib/__pycache__) by extension 'python'
[0.792s] Level 1:colcon.colcon_core.package_identification:_identify(venv/lib/python3.10/site-packages/pip/_internal/resolution/resolvelib/__pycache__) by extensions ['python_setup_py']
[0.792s] Level 1:colcon.colcon_core.package_identification:_identify(venv/lib/python3.10/site-packages/pip/_internal/resolution/resolvelib/__pycache__) by extension 'python_setup_py'
[0.792s] Level 1:colcon.colcon_core.package_identification:_identify(venv/lib/python3.10/site-packages/pip/_internal/utils) by extensions ['ignore', 'ignore_ament_install']
[0.792s] Level 1:colcon.colcon_core.package_identification:_identify(venv/lib/python3.10/site-packages/pip/_internal/utils) by extension 'ignore'
[0.792s] Level 1:colcon.colcon_core.package_identification:_identify(venv/lib/python3.10/site-packages/pip/_internal/utils) by extension 'ignore_ament_install'
[0.792s] Level 1:colcon.colcon_core.package_identification:_identify(venv/lib/python3.10/site-packages/pip/_internal/utils) by extensions ['colcon_pkg']
[0.792s] Level 1:colcon.colcon_core.package_identification:_identify(venv/lib/python3.10/site-packages/pip/_internal/utils) by extension 'colcon_pkg'
[0.792s] Level 1:colcon.colcon_core.package_identification:_identify(venv/lib/python3.10/site-packages/pip/_internal/utils) by extensions ['colcon_meta']
[0.792s] Level 1:colcon.colcon_core.package_identification:_identify(venv/lib/python3.10/site-packages/pip/_internal/utils) by extension 'colcon_meta'
[0.792s] Level 1:colcon.colcon_core.package_identification:_identify(venv/lib/python3.10/site-packages/pip/_internal/utils) by extensions ['ros']
[0.792s] Level 1:colcon.colcon_core.package_identification:_identify(venv/lib/python3.10/site-packages/pip/_internal/utils) by extension 'ros'
[0.792s] Level 1:colcon.colcon_core.package_identification:_identify(venv/lib/python3.10/site-packages/pip/_internal/utils) by extensions ['cmake', 'python']
[0.792s] Level 1:colcon.colcon_core.package_identification:_identify(venv/lib/python3.10/site-packages/pip/_internal/utils) by extension 'cmake'
[0.792s] Level 1:colcon.colcon_core.package_identification:_identify(venv/lib/python3.10/site-packages/pip/_internal/utils) by extension 'python'
[0.792s] Level 1:colcon.colcon_core.package_identification:_identify(venv/lib/python3.10/site-packages/pip/_internal/utils) by extensions ['python_setup_py']
[0.792s] Level 1:colcon.colcon_core.package_identification:_identify(venv/lib/python3.10/site-packages/pip/_internal/utils) by extension 'python_setup_py'
[0.792s] Level 1:colcon.colcon_core.package_identification:_identify(venv/lib/python3.10/site-packages/pip/_internal/utils/__pycache__) by extensions ['ignore', 'ignore_ament_install']
[0.792s] Level 1:colcon.colcon_core.package_identification:_identify(venv/lib/python3.10/site-packages/pip/_internal/utils/__pycache__) by extension 'ignore'
[0.792s] Level 1:colcon.colcon_core.package_identification:_identify(venv/lib/python3.10/site-packages/pip/_internal/utils/__pycache__) by extension 'ignore_ament_install'
[0.792s] Level 1:colcon.colcon_core.package_identification:_identify(venv/lib/python3.10/site-packages/pip/_internal/utils/__pycache__) by extensions ['colcon_pkg']
[0.792s] Level 1:colcon.colcon_core.package_identification:_identify(venv/lib/python3.10/site-packages/pip/_internal/utils/__pycache__) by extension 'colcon_pkg'
[0.792s] Level 1:colcon.colcon_core.package_identification:_identify(venv/lib/python3.10/site-packages/pip/_internal/utils/__pycache__) by extensions ['colcon_meta']
[0.792s] Level 1:colcon.colcon_core.package_identification:_identify(venv/lib/python3.10/site-packages/pip/_internal/utils/__pycache__) by extension 'colcon_meta'
[0.792s] Level 1:colcon.colcon_core.package_identification:_identify(venv/lib/python3.10/site-packages/pip/_internal/utils/__pycache__) by extensions ['ros']
[0.792s] Level 1:colcon.colcon_core.package_identification:_identify(venv/lib/python3.10/site-packages/pip/_internal/utils/__pycache__) by extension 'ros'
[0.792s] Level 1:colcon.colcon_core.package_identification:_identify(venv/lib/python3.10/site-packages/pip/_internal/utils/__pycache__) by extensions ['cmake', 'python']
[0.792s] Level 1:colcon.colcon_core.package_identification:_identify(venv/lib/python3.10/site-packages/pip/_internal/utils/__pycache__) by extension 'cmake'
[0.792s] Level 1:colcon.colcon_core.package_identification:_identify(venv/lib/python3.10/site-packages/pip/_internal/utils/__pycache__) by extension 'python'
[0.792s] Level 1:colcon.colcon_core.package_identification:_identify(venv/lib/python3.10/site-packages/pip/_internal/utils/__pycache__) by extensions ['python_setup_py']
[0.792s] Level 1:colcon.colcon_core.package_identification:_identify(venv/lib/python3.10/site-packages/pip/_internal/utils/__pycache__) by extension 'python_setup_py'
[0.792s] Level 1:colcon.colcon_core.package_identification:_identify(venv/lib/python3.10/site-packages/pip/_internal/vcs) by extensions ['ignore', 'ignore_ament_install']
[0.793s] Level 1:colcon.colcon_core.package_identification:_identify(venv/lib/python3.10/site-packages/pip/_internal/vcs) by extension 'ignore'
[0.793s] Level 1:colcon.colcon_core.package_identification:_identify(venv/lib/python3.10/site-packages/pip/_internal/vcs) by extension 'ignore_ament_install'
[0.793s] Level 1:colcon.colcon_core.package_identification:_identify(venv/lib/python3.10/site-packages/pip/_internal/vcs) by extensions ['colcon_pkg']
[0.793s] Level 1:colcon.colcon_core.package_identification:_identify(venv/lib/python3.10/site-packages/pip/_internal/vcs) by extension 'colcon_pkg'
[0.793s] Level 1:colcon.colcon_core.package_identification:_identify(venv/lib/python3.10/site-packages/pip/_internal/vcs) by extensions ['colcon_meta']
[0.793s] Level 1:colcon.colcon_core.package_identification:_identify(venv/lib/python3.10/site-packages/pip/_internal/vcs) by extension 'colcon_meta'
[0.793s] Level 1:colcon.colcon_core.package_identification:_identify(venv/lib/python3.10/site-packages/pip/_internal/vcs) by extensions ['ros']
[0.793s] Level 1:colcon.colcon_core.package_identification:_identify(venv/lib/python3.10/site-packages/pip/_internal/vcs) by extension 'ros'
[0.793s] Level 1:colcon.colcon_core.package_identification:_identify(venv/lib/python3.10/site-packages/pip/_internal/vcs) by extensions ['cmake', 'python']
[0.793s] Level 1:colcon.colcon_core.package_identification:_identify(venv/lib/python3.10/site-packages/pip/_internal/vcs) by extension 'cmake'
[0.793s] Level 1:colcon.colcon_core.package_identification:_identify(venv/lib/python3.10/site-packages/pip/_internal/vcs) by extension 'python'
[0.793s] Level 1:colcon.colcon_core.package_identification:_identify(venv/lib/python3.10/site-packages/pip/_internal/vcs) by extensions ['python_setup_py']
[0.793s] Level 1:colcon.colcon_core.package_identification:_identify(venv/lib/python3.10/site-packages/pip/_internal/vcs) by extension 'python_setup_py'
[0.793s] Level 1:colcon.colcon_core.package_identification:_identify(venv/lib/python3.10/site-packages/pip/_internal/vcs/__pycache__) by extensions ['ignore', 'ignore_ament_install']
[0.793s] Level 1:colcon.colcon_core.package_identification:_identify(venv/lib/python3.10/site-packages/pip/_internal/vcs/__pycache__) by extension 'ignore'
[0.793s] Level 1:colcon.colcon_core.package_identification:_identify(venv/lib/python3.10/site-packages/pip/_internal/vcs/__pycache__) by extension 'ignore_ament_install'
[0.793s] Level 1:colcon.colcon_core.package_identification:_identify(venv/lib/python3.10/site-packages/pip/_internal/vcs/__pycache__) by extensions ['colcon_pkg']
[0.793s] Level 1:colcon.colcon_core.package_identification:_identify(venv/lib/python3.10/site-packages/pip/_internal/vcs/__pycache__) by extension 'colcon_pkg'
[0.793s] Level 1:colcon.colcon_core.package_identification:_identify(venv/lib/python3.10/site-packages/pip/_internal/vcs/__pycache__) by extensions ['colcon_meta']
[0.793s] Level 1:colcon.colcon_core.package_identification:_identify(venv/lib/python3.10/site-packages/pip/_internal/vcs/__pycache__) by extension 'colcon_meta'
[0.793s] Level 1:colcon.colcon_core.package_identification:_identify(venv/lib/python3.10/site-packages/pip/_internal/vcs/__pycache__) by extensions ['ros']
[0.793s] Level 1:colcon.colcon_core.package_identification:_identify(venv/lib/python3.10/site-packages/pip/_internal/vcs/__pycache__) by extension 'ros'
[0.793s] Level 1:colcon.colcon_core.package_identification:_identify(venv/lib/python3.10/site-packages/pip/_internal/vcs/__pycache__) by extensions ['cmake', 'python']
[0.793s] Level 1:colcon.colcon_core.package_identification:_identify(venv/lib/python3.10/site-packages/pip/_internal/vcs/__pycache__) by extension 'cmake'
[0.793s] Level 1:colcon.colcon_core.package_identification:_identify(venv/lib/python3.10/site-packages/pip/_internal/vcs/__pycache__) by extension 'python'
[0.793s] Level 1:colcon.colcon_core.package_identification:_identify(venv/lib/python3.10/site-packages/pip/_internal/vcs/__pycache__) by extensions ['python_setup_py']
[0.793s] Level 1:colcon.colcon_core.package_identification:_identify(venv/lib/python3.10/site-packages/pip/_internal/vcs/__pycache__) by extension 'python_setup_py'
[0.793s] Level 1:colcon.colcon_core.package_identification:_identify(venv/lib/python3.10/site-packages/pip/_vendor) by extensions ['ignore', 'ignore_ament_install']
[0.793s] Level 1:colcon.colcon_core.package_identification:_identify(venv/lib/python3.10/site-packages/pip/_vendor) by extension 'ignore'
[0.793s] Level 1:colcon.colcon_core.package_identification:_identify(venv/lib/python3.10/site-packages/pip/_vendor) by extension 'ignore_ament_install'
[0.793s] Level 1:colcon.colcon_core.package_identification:_identify(venv/lib/python3.10/site-packages/pip/_vendor) by extensions ['colcon_pkg']
[0.793s] Level 1:colcon.colcon_core.package_identification:_identify(venv/lib/python3.10/site-packages/pip/_vendor) by extension 'colcon_pkg'
[0.793s] Level 1:colcon.colcon_core.package_identification:_identify(venv/lib/python3.10/site-packages/pip/_vendor) by extensions ['colcon_meta']
[0.794s] Level 1:colcon.colcon_core.package_identification:_identify(venv/lib/python3.10/site-packages/pip/_vendor) by extension 'colcon_meta'
[0.794s] Level 1:colcon.colcon_core.package_identification:_identify(venv/lib/python3.10/site-packages/pip/_vendor) by extensions ['ros']
[0.794s] Level 1:colcon.colcon_core.package_identification:_identify(venv/lib/python3.10/site-packages/pip/_vendor) by extension 'ros'
[0.794s] Level 1:colcon.colcon_core.package_identification:_identify(venv/lib/python3.10/site-packages/pip/_vendor) by extensions ['cmake', 'python']
[0.794s] Level 1:colcon.colcon_core.package_identification:_identify(venv/lib/python3.10/site-packages/pip/_vendor) by extension 'cmake'
[0.794s] Level 1:colcon.colcon_core.package_identification:_identify(venv/lib/python3.10/site-packages/pip/_vendor) by extension 'python'
[0.794s] Level 1:colcon.colcon_core.package_identification:_identify(venv/lib/python3.10/site-packages/pip/_vendor) by extensions ['python_setup_py']
[0.794s] Level 1:colcon.colcon_core.package_identification:_identify(venv/lib/python3.10/site-packages/pip/_vendor) by extension 'python_setup_py'
[0.794s] Level 1:colcon.colcon_core.package_identification:_identify(venv/lib/python3.10/site-packages/pip/_vendor/__pycache__) by extensions ['ignore', 'ignore_ament_install']
[0.794s] Level 1:colcon.colcon_core.package_identification:_identify(venv/lib/python3.10/site-packages/pip/_vendor/__pycache__) by extension 'ignore'
[0.794s] Level 1:colcon.colcon_core.package_identification:_identify(venv/lib/python3.10/site-packages/pip/_vendor/__pycache__) by extension 'ignore_ament_install'
[0.794s] Level 1:colcon.colcon_core.package_identification:_identify(venv/lib/python3.10/site-packages/pip/_vendor/__pycache__) by extensions ['colcon_pkg']
[0.794s] Level 1:colcon.colcon_core.package_identification:_identify(venv/lib/python3.10/site-packages/pip/_vendor/__pycache__) by extension 'colcon_pkg'
[0.794s] Level 1:colcon.colcon_core.package_identification:_identify(venv/lib/python3.10/site-packages/pip/_vendor/__pycache__) by extensions ['colcon_meta']
[0.794s] Level 1:colcon.colcon_core.package_identification:_identify(venv/lib/python3.10/site-packages/pip/_vendor/__pycache__) by extension 'colcon_meta'
[0.794s] Level 1:colcon.colcon_core.package_identification:_identify(venv/lib/python3.10/site-packages/pip/_vendor/__pycache__) by extensions ['ros']
[0.794s] Level 1:colcon.colcon_core.package_identification:_identify(venv/lib/python3.10/site-packages/pip/_vendor/__pycache__) by extension 'ros'
[0.794s] Level 1:colcon.colcon_core.package_identification:_identify(venv/lib/python3.10/site-packages/pip/_vendor/__pycache__) by extensions ['cmake', 'python']
[0.794s] Level 1:colcon.colcon_core.package_identification:_identify(venv/lib/python3.10/site-packages/pip/_vendor/__pycache__) by extension 'cmake'
[0.794s] Level 1:colcon.colcon_core.package_identification:_identify(venv/lib/python3.10/site-packages/pip/_vendor/__pycache__) by extension 'python'
[0.794s] Level 1:colcon.colcon_core.package_identification:_identify(venv/lib/python3.10/site-packages/pip/_vendor/__pycache__) by extensions ['python_setup_py']
[0.794s] Level 1:colcon.colcon_core.package_identification:_identify(venv/lib/python3.10/site-packages/pip/_vendor/__pycache__) by extension 'python_setup_py'
[0.794s] Level 1:colcon.colcon_core.package_identification:_identify(venv/lib/python3.10/site-packages/pip/_vendor/cachecontrol) by extensions ['ignore', 'ignore_ament_install']
[0.794s] Level 1:colcon.colcon_core.package_identification:_identify(venv/lib/python3.10/site-packages/pip/_vendor/cachecontrol) by extension 'ignore'
[0.794s] Level 1:colcon.colcon_core.package_identification:_identify(venv/lib/python3.10/site-packages/pip/_vendor/cachecontrol) by extension 'ignore_ament_install'
[0.794s] Level 1:colcon.colcon_core.package_identification:_identify(venv/lib/python3.10/site-packages/pip/_vendor/cachecontrol) by extensions ['colcon_pkg']
[0.794s] Level 1:colcon.colcon_core.package_identification:_identify(venv/lib/python3.10/site-packages/pip/_vendor/cachecontrol) by extension 'colcon_pkg'
[0.794s] Level 1:colcon.colcon_core.package_identification:_identify(venv/lib/python3.10/site-packages/pip/_vendor/cachecontrol) by extensions ['colcon_meta']
[0.794s] Level 1:colcon.colcon_core.package_identification:_identify(venv/lib/python3.10/site-packages/pip/_vendor/cachecontrol) by extension 'colcon_meta'
[0.794s] Level 1:colcon.colcon_core.package_identification:_identify(venv/lib/python3.10/site-packages/pip/_vendor/cachecontrol) by extensions ['ros']
[0.794s] Level 1:colcon.colcon_core.package_identification:_identify(venv/lib/python3.10/site-packages/pip/_vendor/cachecontrol) by extension 'ros'
[0.794s] Level 1:colcon.colcon_core.package_identification:_identify(venv/lib/python3.10/site-packages/pip/_vendor/cachecontrol) by extensions ['cmake', 'python']
[0.794s] Level 1:colcon.colcon_core.package_identification:_identify(venv/lib/python3.10/site-packages/pip/_vendor/cachecontrol) by extension 'cmake'
[0.794s] Level 1:colcon.colcon_core.package_identification:_identify(venv/lib/python3.10/site-packages/pip/_vendor/cachecontrol) by extension 'python'
[0.795s] Level 1:colcon.colcon_core.package_identification:_identify(venv/lib/python3.10/site-packages/pip/_vendor/cachecontrol) by extensions ['python_setup_py']
[0.795s] Level 1:colcon.colcon_core.package_identification:_identify(venv/lib/python3.10/site-packages/pip/_vendor/cachecontrol) by extension 'python_setup_py'
[0.795s] Level 1:colcon.colcon_core.package_identification:_identify(venv/lib/python3.10/site-packages/pip/_vendor/cachecontrol/__pycache__) by extensions ['ignore', 'ignore_ament_install']
[0.795s] Level 1:colcon.colcon_core.package_identification:_identify(venv/lib/python3.10/site-packages/pip/_vendor/cachecontrol/__pycache__) by extension 'ignore'
[0.795s] Level 1:colcon.colcon_core.package_identification:_identify(venv/lib/python3.10/site-packages/pip/_vendor/cachecontrol/__pycache__) by extension 'ignore_ament_install'
[0.795s] Level 1:colcon.colcon_core.package_identification:_identify(venv/lib/python3.10/site-packages/pip/_vendor/cachecontrol/__pycache__) by extensions ['colcon_pkg']
[0.795s] Level 1:colcon.colcon_core.package_identification:_identify(venv/lib/python3.10/site-packages/pip/_vendor/cachecontrol/__pycache__) by extension 'colcon_pkg'
[0.795s] Level 1:colcon.colcon_core.package_identification:_identify(venv/lib/python3.10/site-packages/pip/_vendor/cachecontrol/__pycache__) by extensions ['colcon_meta']
[0.795s] Level 1:colcon.colcon_core.package_identification:_identify(venv/lib/python3.10/site-packages/pip/_vendor/cachecontrol/__pycache__) by extension 'colcon_meta'
[0.795s] Level 1:colcon.colcon_core.package_identification:_identify(venv/lib/python3.10/site-packages/pip/_vendor/cachecontrol/__pycache__) by extensions ['ros']
[0.795s] Level 1:colcon.colcon_core.package_identification:_identify(venv/lib/python3.10/site-packages/pip/_vendor/cachecontrol/__pycache__) by extension 'ros'
[0.795s] Level 1:colcon.colcon_core.package_identification:_identify(venv/lib/python3.10/site-packages/pip/_vendor/cachecontrol/__pycache__) by extensions ['cmake', 'python']
[0.795s] Level 1:colcon.colcon_core.package_identification:_identify(venv/lib/python3.10/site-packages/pip/_vendor/cachecontrol/__pycache__) by extension 'cmake'
[0.795s] Level 1:colcon.colcon_core.package_identification:_identify(venv/lib/python3.10/site-packages/pip/_vendor/cachecontrol/__pycache__) by extension 'python'
[0.795s] Level 1:colcon.colcon_core.package_identification:_identify(venv/lib/python3.10/site-packages/pip/_vendor/cachecontrol/__pycache__) by extensions ['python_setup_py']
[0.795s] Level 1:colcon.colcon_core.package_identification:_identify(venv/lib/python3.10/site-packages/pip/_vendor/cachecontrol/__pycache__) by extension 'python_setup_py'
[0.795s] Level 1:colcon.colcon_core.package_identification:_identify(venv/lib/python3.10/site-packages/pip/_vendor/cachecontrol/caches) by extensions ['ignore', 'ignore_ament_install']
[0.795s] Level 1:colcon.colcon_core.package_identification:_identify(venv/lib/python3.10/site-packages/pip/_vendor/cachecontrol/caches) by extension 'ignore'
[0.795s] Level 1:colcon.colcon_core.package_identification:_identify(venv/lib/python3.10/site-packages/pip/_vendor/cachecontrol/caches) by extension 'ignore_ament_install'
[0.795s] Level 1:colcon.colcon_core.package_identification:_identify(venv/lib/python3.10/site-packages/pip/_vendor/cachecontrol/caches) by extensions ['colcon_pkg']
[0.795s] Level 1:colcon.colcon_core.package_identification:_identify(venv/lib/python3.10/site-packages/pip/_vendor/cachecontrol/caches) by extension 'colcon_pkg'
[0.795s] Level 1:colcon.colcon_core.package_identification:_identify(venv/lib/python3.10/site-packages/pip/_vendor/cachecontrol/caches) by extensions ['colcon_meta']
[0.795s] Level 1:colcon.colcon_core.package_identification:_identify(venv/lib/python3.10/site-packages/pip/_vendor/cachecontrol/caches) by extension 'colcon_meta'
[0.795s] Level 1:colcon.colcon_core.package_identification:_identify(venv/lib/python3.10/site-packages/pip/_vendor/cachecontrol/caches) by extensions ['ros']
[0.795s] Level 1:colcon.colcon_core.package_identification:_identify(venv/lib/python3.10/site-packages/pip/_vendor/cachecontrol/caches) by extension 'ros'
[0.795s] Level 1:colcon.colcon_core.package_identification:_identify(venv/lib/python3.10/site-packages/pip/_vendor/cachecontrol/caches) by extensions ['cmake', 'python']
[0.795s] Level 1:colcon.colcon_core.package_identification:_identify(venv/lib/python3.10/site-packages/pip/_vendor/cachecontrol/caches) by extension 'cmake'
[0.795s] Level 1:colcon.colcon_core.package_identification:_identify(venv/lib/python3.10/site-packages/pip/_vendor/cachecontrol/caches) by extension 'python'
[0.795s] Level 1:colcon.colcon_core.package_identification:_identify(venv/lib/python3.10/site-packages/pip/_vendor/cachecontrol/caches) by extensions ['python_setup_py']
[0.795s] Level 1:colcon.colcon_core.package_identification:_identify(venv/lib/python3.10/site-packages/pip/_vendor/cachecontrol/caches) by extension 'python_setup_py'
[0.795s] Level 1:colcon.colcon_core.package_identification:_identify(venv/lib/python3.10/site-packages/pip/_vendor/cachecontrol/caches/__pycache__) by extensions ['ignore', 'ignore_ament_install']
[0.796s] Level 1:colcon.colcon_core.package_identification:_identify(venv/lib/python3.10/site-packages/pip/_vendor/cachecontrol/caches/__pycache__) by extension 'ignore'
[0.796s] Level 1:colcon.colcon_core.package_identification:_identify(venv/lib/python3.10/site-packages/pip/_vendor/cachecontrol/caches/__pycache__) by extension 'ignore_ament_install'
[0.796s] Level 1:colcon.colcon_core.package_identification:_identify(venv/lib/python3.10/site-packages/pip/_vendor/cachecontrol/caches/__pycache__) by extensions ['colcon_pkg']
[0.796s] Level 1:colcon.colcon_core.package_identification:_identify(venv/lib/python3.10/site-packages/pip/_vendor/cachecontrol/caches/__pycache__) by extension 'colcon_pkg'
[0.796s] Level 1:colcon.colcon_core.package_identification:_identify(venv/lib/python3.10/site-packages/pip/_vendor/cachecontrol/caches/__pycache__) by extensions ['colcon_meta']
[0.796s] Level 1:colcon.colcon_core.package_identification:_identify(venv/lib/python3.10/site-packages/pip/_vendor/cachecontrol/caches/__pycache__) by extension 'colcon_meta'
[0.796s] Level 1:colcon.colcon_core.package_identification:_identify(venv/lib/python3.10/site-packages/pip/_vendor/cachecontrol/caches/__pycache__) by extensions ['ros']
[0.796s] Level 1:colcon.colcon_core.package_identification:_identify(venv/lib/python3.10/site-packages/pip/_vendor/cachecontrol/caches/__pycache__) by extension 'ros'
[0.796s] Level 1:colcon.colcon_core.package_identification:_identify(venv/lib/python3.10/site-packages/pip/_vendor/cachecontrol/caches/__pycache__) by extensions ['cmake', 'python']
[0.796s] Level 1:colcon.colcon_core.package_identification:_identify(venv/lib/python3.10/site-packages/pip/_vendor/cachecontrol/caches/__pycache__) by extension 'cmake'
[0.796s] Level 1:colcon.colcon_core.package_identification:_identify(venv/lib/python3.10/site-packages/pip/_vendor/cachecontrol/caches/__pycache__) by extension 'python'
[0.796s] Level 1:colcon.colcon_core.package_identification:_identify(venv/lib/python3.10/site-packages/pip/_vendor/cachecontrol/caches/__pycache__) by extensions ['python_setup_py']
[0.796s] Level 1:colcon.colcon_core.package_identification:_identify(venv/lib/python3.10/site-packages/pip/_vendor/cachecontrol/caches/__pycache__) by extension 'python_setup_py'
[0.796s] Level 1:colcon.colcon_core.package_identification:_identify(venv/lib/python3.10/site-packages/pip/_vendor/certifi) by extensions ['ignore', 'ignore_ament_install']
[0.796s] Level 1:colcon.colcon_core.package_identification:_identify(venv/lib/python3.10/site-packages/pip/_vendor/certifi) by extension 'ignore'
[0.796s] Level 1:colcon.colcon_core.package_identification:_identify(venv/lib/python3.10/site-packages/pip/_vendor/certifi) by extension 'ignore_ament_install'
[0.796s] Level 1:colcon.colcon_core.package_identification:_identify(venv/lib/python3.10/site-packages/pip/_vendor/certifi) by extensions ['colcon_pkg']
[0.796s] Level 1:colcon.colcon_core.package_identification:_identify(venv/lib/python3.10/site-packages/pip/_vendor/certifi) by extension 'colcon_pkg'
[0.796s] Level 1:colcon.colcon_core.package_identification:_identify(venv/lib/python3.10/site-packages/pip/_vendor/certifi) by extensions ['colcon_meta']
[0.796s] Level 1:colcon.colcon_core.package_identification:_identify(venv/lib/python3.10/site-packages/pip/_vendor/certifi) by extension 'colcon_meta'
[0.796s] Level 1:colcon.colcon_core.package_identification:_identify(venv/lib/python3.10/site-packages/pip/_vendor/certifi) by extensions ['ros']
[0.796s] Level 1:colcon.colcon_core.package_identification:_identify(venv/lib/python3.10/site-packages/pip/_vendor/certifi) by extension 'ros'
[0.796s] Level 1:colcon.colcon_core.package_identification:_identify(venv/lib/python3.10/site-packages/pip/_vendor/certifi) by extensions ['cmake', 'python']
[0.796s] Level 1:colcon.colcon_core.package_identification:_identify(venv/lib/python3.10/site-packages/pip/_vendor/certifi) by extension 'cmake'
[0.796s] Level 1:colcon.colcon_core.package_identification:_identify(venv/lib/python3.10/site-packages/pip/_vendor/certifi) by extension 'python'
[0.796s] Level 1:colcon.colcon_core.package_identification:_identify(venv/lib/python3.10/site-packages/pip/_vendor/certifi) by extensions ['python_setup_py']
[0.796s] Level 1:colcon.colcon_core.package_identification:_identify(venv/lib/python3.10/site-packages/pip/_vendor/certifi) by extension 'python_setup_py'
[0.796s] Level 1:colcon.colcon_core.package_identification:_identify(venv/lib/python3.10/site-packages/pip/_vendor/certifi/__pycache__) by extensions ['ignore', 'ignore_ament_install']
[0.796s] Level 1:colcon.colcon_core.package_identification:_identify(venv/lib/python3.10/site-packages/pip/_vendor/certifi/__pycache__) by extension 'ignore'
[0.796s] Level 1:colcon.colcon_core.package_identification:_identify(venv/lib/python3.10/site-packages/pip/_vendor/certifi/__pycache__) by extension 'ignore_ament_install'
[0.796s] Level 1:colcon.colcon_core.package_identification:_identify(venv/lib/python3.10/site-packages/pip/_vendor/certifi/__pycache__) by extensions ['colcon_pkg']
[0.796s] Level 1:colcon.colcon_core.package_identification:_identify(venv/lib/python3.10/site-packages/pip/_vendor/certifi/__pycache__) by extension 'colcon_pkg'
[0.796s] Level 1:colcon.colcon_core.package_identification:_identify(venv/lib/python3.10/site-packages/pip/_vendor/certifi/__pycache__) by extensions ['colcon_meta']
[0.796s] Level 1:colcon.colcon_core.package_identification:_identify(venv/lib/python3.10/site-packages/pip/_vendor/certifi/__pycache__) by extension 'colcon_meta'
[0.797s] Level 1:colcon.colcon_core.package_identification:_identify(venv/lib/python3.10/site-packages/pip/_vendor/certifi/__pycache__) by extensions ['ros']
[0.797s] Level 1:colcon.colcon_core.package_identification:_identify(venv/lib/python3.10/site-packages/pip/_vendor/certifi/__pycache__) by extension 'ros'
[0.797s] Level 1:colcon.colcon_core.package_identification:_identify(venv/lib/python3.10/site-packages/pip/_vendor/certifi/__pycache__) by extensions ['cmake', 'python']
[0.797s] Level 1:colcon.colcon_core.package_identification:_identify(venv/lib/python3.10/site-packages/pip/_vendor/certifi/__pycache__) by extension 'cmake'
[0.797s] Level 1:colcon.colcon_core.package_identification:_identify(venv/lib/python3.10/site-packages/pip/_vendor/certifi/__pycache__) by extension 'python'
[0.797s] Level 1:colcon.colcon_core.package_identification:_identify(venv/lib/python3.10/site-packages/pip/_vendor/certifi/__pycache__) by extensions ['python_setup_py']
[0.797s] Level 1:colcon.colcon_core.package_identification:_identify(venv/lib/python3.10/site-packages/pip/_vendor/certifi/__pycache__) by extension 'python_setup_py'
[0.797s] Level 1:colcon.colcon_core.package_identification:_identify(venv/lib/python3.10/site-packages/pip/_vendor/chardet) by extensions ['ignore', 'ignore_ament_install']
[0.797s] Level 1:colcon.colcon_core.package_identification:_identify(venv/lib/python3.10/site-packages/pip/_vendor/chardet) by extension 'ignore'
[0.797s] Level 1:colcon.colcon_core.package_identification:_identify(venv/lib/python3.10/site-packages/pip/_vendor/chardet) by extension 'ignore_ament_install'
[0.797s] Level 1:colcon.colcon_core.package_identification:_identify(venv/lib/python3.10/site-packages/pip/_vendor/chardet) by extensions ['colcon_pkg']
[0.797s] Level 1:colcon.colcon_core.package_identification:_identify(venv/lib/python3.10/site-packages/pip/_vendor/chardet) by extension 'colcon_pkg'
[0.797s] Level 1:colcon.colcon_core.package_identification:_identify(venv/lib/python3.10/site-packages/pip/_vendor/chardet) by extensions ['colcon_meta']
[0.797s] Level 1:colcon.colcon_core.package_identification:_identify(venv/lib/python3.10/site-packages/pip/_vendor/chardet) by extension 'colcon_meta'
[0.797s] Level 1:colcon.colcon_core.package_identification:_identify(venv/lib/python3.10/site-packages/pip/_vendor/chardet) by extensions ['ros']
[0.797s] Level 1:colcon.colcon_core.package_identification:_identify(venv/lib/python3.10/site-packages/pip/_vendor/chardet) by extension 'ros'
[0.797s] Level 1:colcon.colcon_core.package_identification:_identify(venv/lib/python3.10/site-packages/pip/_vendor/chardet) by extensions ['cmake', 'python']
[0.797s] Level 1:colcon.colcon_core.package_identification:_identify(venv/lib/python3.10/site-packages/pip/_vendor/chardet) by extension 'cmake'
[0.797s] Level 1:colcon.colcon_core.package_identification:_identify(venv/lib/python3.10/site-packages/pip/_vendor/chardet) by extension 'python'
[0.797s] Level 1:colcon.colcon_core.package_identification:_identify(venv/lib/python3.10/site-packages/pip/_vendor/chardet) by extensions ['python_setup_py']
[0.797s] Level 1:colcon.colcon_core.package_identification:_identify(venv/lib/python3.10/site-packages/pip/_vendor/chardet) by extension 'python_setup_py'
[0.797s] Level 1:colcon.colcon_core.package_identification:_identify(venv/lib/python3.10/site-packages/pip/_vendor/chardet/__pycache__) by extensions ['ignore', 'ignore_ament_install']
[0.797s] Level 1:colcon.colcon_core.package_identification:_identify(venv/lib/python3.10/site-packages/pip/_vendor/chardet/__pycache__) by extension 'ignore'
[0.797s] Level 1:colcon.colcon_core.package_identification:_identify(venv/lib/python3.10/site-packages/pip/_vendor/chardet/__pycache__) by extension 'ignore_ament_install'
[0.797s] Level 1:colcon.colcon_core.package_identification:_identify(venv/lib/python3.10/site-packages/pip/_vendor/chardet/__pycache__) by extensions ['colcon_pkg']
[0.797s] Level 1:colcon.colcon_core.package_identification:_identify(venv/lib/python3.10/site-packages/pip/_vendor/chardet/__pycache__) by extension 'colcon_pkg'
[0.797s] Level 1:colcon.colcon_core.package_identification:_identify(venv/lib/python3.10/site-packages/pip/_vendor/chardet/__pycache__) by extensions ['colcon_meta']
[0.797s] Level 1:colcon.colcon_core.package_identification:_identify(venv/lib/python3.10/site-packages/pip/_vendor/chardet/__pycache__) by extension 'colcon_meta'
[0.797s] Level 1:colcon.colcon_core.package_identification:_identify(venv/lib/python3.10/site-packages/pip/_vendor/chardet/__pycache__) by extensions ['ros']
[0.797s] Level 1:colcon.colcon_core.package_identification:_identify(venv/lib/python3.10/site-packages/pip/_vendor/chardet/__pycache__) by extension 'ros'
[0.797s] Level 1:colcon.colcon_core.package_identification:_identify(venv/lib/python3.10/site-packages/pip/_vendor/chardet/__pycache__) by extensions ['cmake', 'python']
[0.798s] Level 1:colcon.colcon_core.package_identification:_identify(venv/lib/python3.10/site-packages/pip/_vendor/chardet/__pycache__) by extension 'cmake'
[0.798s] Level 1:colcon.colcon_core.package_identification:_identify(venv/lib/python3.10/site-packages/pip/_vendor/chardet/__pycache__) by extension 'python'
[0.798s] Level 1:colcon.colcon_core.package_identification:_identify(venv/lib/python3.10/site-packages/pip/_vendor/chardet/__pycache__) by extensions ['python_setup_py']
[0.798s] Level 1:colcon.colcon_core.package_identification:_identify(venv/lib/python3.10/site-packages/pip/_vendor/chardet/__pycache__) by extension 'python_setup_py'
[0.798s] Level 1:colcon.colcon_core.package_identification:_identify(venv/lib/python3.10/site-packages/pip/_vendor/chardet/cli) by extensions ['ignore', 'ignore_ament_install']
[0.798s] Level 1:colcon.colcon_core.package_identification:_identify(venv/lib/python3.10/site-packages/pip/_vendor/chardet/cli) by extension 'ignore'
[0.798s] Level 1:colcon.colcon_core.package_identification:_identify(venv/lib/python3.10/site-packages/pip/_vendor/chardet/cli) by extension 'ignore_ament_install'
[0.798s] Level 1:colcon.colcon_core.package_identification:_identify(venv/lib/python3.10/site-packages/pip/_vendor/chardet/cli) by extensions ['colcon_pkg']
[0.798s] Level 1:colcon.colcon_core.package_identification:_identify(venv/lib/python3.10/site-packages/pip/_vendor/chardet/cli) by extension 'colcon_pkg'
[0.798s] Level 1:colcon.colcon_core.package_identification:_identify(venv/lib/python3.10/site-packages/pip/_vendor/chardet/cli) by extensions ['colcon_meta']
[0.798s] Level 1:colcon.colcon_core.package_identification:_identify(venv/lib/python3.10/site-packages/pip/_vendor/chardet/cli) by extension 'colcon_meta'
[0.798s] Level 1:colcon.colcon_core.package_identification:_identify(venv/lib/python3.10/site-packages/pip/_vendor/chardet/cli) by extensions ['ros']
[0.798s] Level 1:colcon.colcon_core.package_identification:_identify(venv/lib/python3.10/site-packages/pip/_vendor/chardet/cli) by extension 'ros'
[0.798s] Level 1:colcon.colcon_core.package_identification:_identify(venv/lib/python3.10/site-packages/pip/_vendor/chardet/cli) by extensions ['cmake', 'python']
[0.798s] Level 1:colcon.colcon_core.package_identification:_identify(venv/lib/python3.10/site-packages/pip/_vendor/chardet/cli) by extension 'cmake'
[0.798s] Level 1:colcon.colcon_core.package_identification:_identify(venv/lib/python3.10/site-packages/pip/_vendor/chardet/cli) by extension 'python'
[0.798s] Level 1:colcon.colcon_core.package_identification:_identify(venv/lib/python3.10/site-packages/pip/_vendor/chardet/cli) by extensions ['python_setup_py']
[0.798s] Level 1:colcon.colcon_core.package_identification:_identify(venv/lib/python3.10/site-packages/pip/_vendor/chardet/cli) by extension 'python_setup_py'
[0.798s] Level 1:colcon.colcon_core.package_identification:_identify(venv/lib/python3.10/site-packages/pip/_vendor/chardet/cli/__pycache__) by extensions ['ignore', 'ignore_ament_install']
[0.798s] Level 1:colcon.colcon_core.package_identification:_identify(venv/lib/python3.10/site-packages/pip/_vendor/chardet/cli/__pycache__) by extension 'ignore'
[0.798s] Level 1:colcon.colcon_core.package_identification:_identify(venv/lib/python3.10/site-packages/pip/_vendor/chardet/cli/__pycache__) by extension 'ignore_ament_install'
[0.798s] Level 1:colcon.colcon_core.package_identification:_identify(venv/lib/python3.10/site-packages/pip/_vendor/chardet/cli/__pycache__) by extensions ['colcon_pkg']
[0.798s] Level 1:colcon.colcon_core.package_identification:_identify(venv/lib/python3.10/site-packages/pip/_vendor/chardet/cli/__pycache__) by extension 'colcon_pkg'
[0.798s] Level 1:colcon.colcon_core.package_identification:_identify(venv/lib/python3.10/site-packages/pip/_vendor/chardet/cli/__pycache__) by extensions ['colcon_meta']
[0.798s] Level 1:colcon.colcon_core.package_identification:_identify(venv/lib/python3.10/site-packages/pip/_vendor/chardet/cli/__pycache__) by extension 'colcon_meta'
[0.798s] Level 1:colcon.colcon_core.package_identification:_identify(venv/lib/python3.10/site-packages/pip/_vendor/chardet/cli/__pycache__) by extensions ['ros']
[0.798s] Level 1:colcon.colcon_core.package_identification:_identify(venv/lib/python3.10/site-packages/pip/_vendor/chardet/cli/__pycache__) by extension 'ros'
[0.798s] Level 1:colcon.colcon_core.package_identification:_identify(venv/lib/python3.10/site-packages/pip/_vendor/chardet/cli/__pycache__) by extensions ['cmake', 'python']
[0.798s] Level 1:colcon.colcon_core.package_identification:_identify(venv/lib/python3.10/site-packages/pip/_vendor/chardet/cli/__pycache__) by extension 'cmake'
[0.798s] Level 1:colcon.colcon_core.package_identification:_identify(venv/lib/python3.10/site-packages/pip/_vendor/chardet/cli/__pycache__) by extension 'python'
[0.798s] Level 1:colcon.colcon_core.package_identification:_identify(venv/lib/python3.10/site-packages/pip/_vendor/chardet/cli/__pycache__) by extensions ['python_setup_py']
[0.798s] Level 1:colcon.colcon_core.package_identification:_identify(venv/lib/python3.10/site-packages/pip/_vendor/chardet/cli/__pycache__) by extension 'python_setup_py'
[0.798s] Level 1:colcon.colcon_core.package_identification:_identify(venv/lib/python3.10/site-packages/pip/_vendor/chardet/metadata) by extensions ['ignore', 'ignore_ament_install']
[0.799s] Level 1:colcon.colcon_core.package_identification:_identify(venv/lib/python3.10/site-packages/pip/_vendor/chardet/metadata) by extension 'ignore'
[0.799s] Level 1:colcon.colcon_core.package_identification:_identify(venv/lib/python3.10/site-packages/pip/_vendor/chardet/metadata) by extension 'ignore_ament_install'
[0.799s] Level 1:colcon.colcon_core.package_identification:_identify(venv/lib/python3.10/site-packages/pip/_vendor/chardet/metadata) by extensions ['colcon_pkg']
[0.799s] Level 1:colcon.colcon_core.package_identification:_identify(venv/lib/python3.10/site-packages/pip/_vendor/chardet/metadata) by extension 'colcon_pkg'
[0.799s] Level 1:colcon.colcon_core.package_identification:_identify(venv/lib/python3.10/site-packages/pip/_vendor/chardet/metadata) by extensions ['colcon_meta']
[0.799s] Level 1:colcon.colcon_core.package_identification:_identify(venv/lib/python3.10/site-packages/pip/_vendor/chardet/metadata) by extension 'colcon_meta'
[0.799s] Level 1:colcon.colcon_core.package_identification:_identify(venv/lib/python3.10/site-packages/pip/_vendor/chardet/metadata) by extensions ['ros']
[0.799s] Level 1:colcon.colcon_core.package_identification:_identify(venv/lib/python3.10/site-packages/pip/_vendor/chardet/metadata) by extension 'ros'
[0.799s] Level 1:colcon.colcon_core.package_identification:_identify(venv/lib/python3.10/site-packages/pip/_vendor/chardet/metadata) by extensions ['cmake', 'python']
[0.799s] Level 1:colcon.colcon_core.package_identification:_identify(venv/lib/python3.10/site-packages/pip/_vendor/chardet/metadata) by extension 'cmake'
[0.799s] Level 1:colcon.colcon_core.package_identification:_identify(venv/lib/python3.10/site-packages/pip/_vendor/chardet/metadata) by extension 'python'
[0.799s] Level 1:colcon.colcon_core.package_identification:_identify(venv/lib/python3.10/site-packages/pip/_vendor/chardet/metadata) by extensions ['python_setup_py']
[0.799s] Level 1:colcon.colcon_core.package_identification:_identify(venv/lib/python3.10/site-packages/pip/_vendor/chardet/metadata) by extension 'python_setup_py'
[0.799s] Level 1:colcon.colcon_core.package_identification:_identify(venv/lib/python3.10/site-packages/pip/_vendor/chardet/metadata/__pycache__) by extensions ['ignore', 'ignore_ament_install']
[0.799s] Level 1:colcon.colcon_core.package_identification:_identify(venv/lib/python3.10/site-packages/pip/_vendor/chardet/metadata/__pycache__) by extension 'ignore'
[0.799s] Level 1:colcon.colcon_core.package_identification:_identify(venv/lib/python3.10/site-packages/pip/_vendor/chardet/metadata/__pycache__) by extension 'ignore_ament_install'
[0.799s] Level 1:colcon.colcon_core.package_identification:_identify(venv/lib/python3.10/site-packages/pip/_vendor/chardet/metadata/__pycache__) by extensions ['colcon_pkg']
[0.799s] Level 1:colcon.colcon_core.package_identification:_identify(venv/lib/python3.10/site-packages/pip/_vendor/chardet/metadata/__pycache__) by extension 'colcon_pkg'
[0.799s] Level 1:colcon.colcon_core.package_identification:_identify(venv/lib/python3.10/site-packages/pip/_vendor/chardet/metadata/__pycache__) by extensions ['colcon_meta']
[0.799s] Level 1:colcon.colcon_core.package_identification:_identify(venv/lib/python3.10/site-packages/pip/_vendor/chardet/metadata/__pycache__) by extension 'colcon_meta'
[0.799s] Level 1:colcon.colcon_core.package_identification:_identify(venv/lib/python3.10/site-packages/pip/_vendor/chardet/metadata/__pycache__) by extensions ['ros']
[0.799s] Level 1:colcon.colcon_core.package_identification:_identify(venv/lib/python3.10/site-packages/pip/_vendor/chardet/metadata/__pycache__) by extension 'ros'
[0.799s] Level 1:colcon.colcon_core.package_identification:_identify(venv/lib/python3.10/site-packages/pip/_vendor/chardet/metadata/__pycache__) by extensions ['cmake', 'python']
[0.799s] Level 1:colcon.colcon_core.package_identification:_identify(venv/lib/python3.10/site-packages/pip/_vendor/chardet/metadata/__pycache__) by extension 'cmake'
[0.799s] Level 1:colcon.colcon_core.package_identification:_identify(venv/lib/python3.10/site-packages/pip/_vendor/chardet/metadata/__pycache__) by extension 'python'
[0.799s] Level 1:colcon.colcon_core.package_identification:_identify(venv/lib/python3.10/site-packages/pip/_vendor/chardet/metadata/__pycache__) by extensions ['python_setup_py']
[0.799s] Level 1:colcon.colcon_core.package_identification:_identify(venv/lib/python3.10/site-packages/pip/_vendor/chardet/metadata/__pycache__) by extension 'python_setup_py'
[0.799s] Level 1:colcon.colcon_core.package_identification:_identify(venv/lib/python3.10/site-packages/pip/_vendor/colorama) by extensions ['ignore', 'ignore_ament_install']
[0.799s] Level 1:colcon.colcon_core.package_identification:_identify(venv/lib/python3.10/site-packages/pip/_vendor/colorama) by extension 'ignore'
[0.799s] Level 1:colcon.colcon_core.package_identification:_identify(venv/lib/python3.10/site-packages/pip/_vendor/colorama) by extension 'ignore_ament_install'
[0.799s] Level 1:colcon.colcon_core.package_identification:_identify(venv/lib/python3.10/site-packages/pip/_vendor/colorama) by extensions ['colcon_pkg']
[0.799s] Level 1:colcon.colcon_core.package_identification:_identify(venv/lib/python3.10/site-packages/pip/_vendor/colorama) by extension 'colcon_pkg'
[0.800s] Level 1:colcon.colcon_core.package_identification:_identify(venv/lib/python3.10/site-packages/pip/_vendor/colorama) by extensions ['colcon_meta']
[0.800s] Level 1:colcon.colcon_core.package_identification:_identify(venv/lib/python3.10/site-packages/pip/_vendor/colorama) by extension 'colcon_meta'
[0.800s] Level 1:colcon.colcon_core.package_identification:_identify(venv/lib/python3.10/site-packages/pip/_vendor/colorama) by extensions ['ros']
[0.800s] Level 1:colcon.colcon_core.package_identification:_identify(venv/lib/python3.10/site-packages/pip/_vendor/colorama) by extension 'ros'
[0.800s] Level 1:colcon.colcon_core.package_identification:_identify(venv/lib/python3.10/site-packages/pip/_vendor/colorama) by extensions ['cmake', 'python']
[0.800s] Level 1:colcon.colcon_core.package_identification:_identify(venv/lib/python3.10/site-packages/pip/_vendor/colorama) by extension 'cmake'
[0.800s] Level 1:colcon.colcon_core.package_identification:_identify(venv/lib/python3.10/site-packages/pip/_vendor/colorama) by extension 'python'
[0.800s] Level 1:colcon.colcon_core.package_identification:_identify(venv/lib/python3.10/site-packages/pip/_vendor/colorama) by extensions ['python_setup_py']
[0.800s] Level 1:colcon.colcon_core.package_identification:_identify(venv/lib/python3.10/site-packages/pip/_vendor/colorama) by extension 'python_setup_py'
[0.800s] Level 1:colcon.colcon_core.package_identification:_identify(venv/lib/python3.10/site-packages/pip/_vendor/colorama/__pycache__) by extensions ['ignore', 'ignore_ament_install']
[0.800s] Level 1:colcon.colcon_core.package_identification:_identify(venv/lib/python3.10/site-packages/pip/_vendor/colorama/__pycache__) by extension 'ignore'
[0.800s] Level 1:colcon.colcon_core.package_identification:_identify(venv/lib/python3.10/site-packages/pip/_vendor/colorama/__pycache__) by extension 'ignore_ament_install'
[0.800s] Level 1:colcon.colcon_core.package_identification:_identify(venv/lib/python3.10/site-packages/pip/_vendor/colorama/__pycache__) by extensions ['colcon_pkg']
[0.800s] Level 1:colcon.colcon_core.package_identification:_identify(venv/lib/python3.10/site-packages/pip/_vendor/colorama/__pycache__) by extension 'colcon_pkg'
[0.800s] Level 1:colcon.colcon_core.package_identification:_identify(venv/lib/python3.10/site-packages/pip/_vendor/colorama/__pycache__) by extensions ['colcon_meta']
[0.800s] Level 1:colcon.colcon_core.package_identification:_identify(venv/lib/python3.10/site-packages/pip/_vendor/colorama/__pycache__) by extension 'colcon_meta'
[0.800s] Level 1:colcon.colcon_core.package_identification:_identify(venv/lib/python3.10/site-packages/pip/_vendor/colorama/__pycache__) by extensions ['ros']
[0.800s] Level 1:colcon.colcon_core.package_identification:_identify(venv/lib/python3.10/site-packages/pip/_vendor/colorama/__pycache__) by extension 'ros'
[0.800s] Level 1:colcon.colcon_core.package_identification:_identify(venv/lib/python3.10/site-packages/pip/_vendor/colorama/__pycache__) by extensions ['cmake', 'python']
[0.800s] Level 1:colcon.colcon_core.package_identification:_identify(venv/lib/python3.10/site-packages/pip/_vendor/colorama/__pycache__) by extension 'cmake'
[0.800s] Level 1:colcon.colcon_core.package_identification:_identify(venv/lib/python3.10/site-packages/pip/_vendor/colorama/__pycache__) by extension 'python'
[0.800s] Level 1:colcon.colcon_core.package_identification:_identify(venv/lib/python3.10/site-packages/pip/_vendor/colorama/__pycache__) by extensions ['python_setup_py']
[0.800s] Level 1:colcon.colcon_core.package_identification:_identify(venv/lib/python3.10/site-packages/pip/_vendor/colorama/__pycache__) by extension 'python_setup_py'
[0.800s] Level 1:colcon.colcon_core.package_identification:_identify(venv/lib/python3.10/site-packages/pip/_vendor/distlib) by extensions ['ignore', 'ignore_ament_install']
[0.800s] Level 1:colcon.colcon_core.package_identification:_identify(venv/lib/python3.10/site-packages/pip/_vendor/distlib) by extension 'ignore'
[0.800s] Level 1:colcon.colcon_core.package_identification:_identify(venv/lib/python3.10/site-packages/pip/_vendor/distlib) by extension 'ignore_ament_install'
[0.800s] Level 1:colcon.colcon_core.package_identification:_identify(venv/lib/python3.10/site-packages/pip/_vendor/distlib) by extensions ['colcon_pkg']
[0.800s] Level 1:colcon.colcon_core.package_identification:_identify(venv/lib/python3.10/site-packages/pip/_vendor/distlib) by extension 'colcon_pkg'
[0.800s] Level 1:colcon.colcon_core.package_identification:_identify(venv/lib/python3.10/site-packages/pip/_vendor/distlib) by extensions ['colcon_meta']
[0.800s] Level 1:colcon.colcon_core.package_identification:_identify(venv/lib/python3.10/site-packages/pip/_vendor/distlib) by extension 'colcon_meta'
[0.800s] Level 1:colcon.colcon_core.package_identification:_identify(venv/lib/python3.10/site-packages/pip/_vendor/distlib) by extensions ['ros']
[0.800s] Level 1:colcon.colcon_core.package_identification:_identify(venv/lib/python3.10/site-packages/pip/_vendor/distlib) by extension 'ros'
[0.800s] Level 1:colcon.colcon_core.package_identification:_identify(venv/lib/python3.10/site-packages/pip/_vendor/distlib) by extensions ['cmake', 'python']
[0.801s] Level 1:colcon.colcon_core.package_identification:_identify(venv/lib/python3.10/site-packages/pip/_vendor/distlib) by extension 'cmake'
[0.801s] Level 1:colcon.colcon_core.package_identification:_identify(venv/lib/python3.10/site-packages/pip/_vendor/distlib) by extension 'python'
[0.801s] Level 1:colcon.colcon_core.package_identification:_identify(venv/lib/python3.10/site-packages/pip/_vendor/distlib) by extensions ['python_setup_py']
[0.801s] Level 1:colcon.colcon_core.package_identification:_identify(venv/lib/python3.10/site-packages/pip/_vendor/distlib) by extension 'python_setup_py'
[0.801s] Level 1:colcon.colcon_core.package_identification:_identify(venv/lib/python3.10/site-packages/pip/_vendor/distlib/__pycache__) by extensions ['ignore', 'ignore_ament_install']
[0.801s] Level 1:colcon.colcon_core.package_identification:_identify(venv/lib/python3.10/site-packages/pip/_vendor/distlib/__pycache__) by extension 'ignore'
[0.801s] Level 1:colcon.colcon_core.package_identification:_identify(venv/lib/python3.10/site-packages/pip/_vendor/distlib/__pycache__) by extension 'ignore_ament_install'
[0.801s] Level 1:colcon.colcon_core.package_identification:_identify(venv/lib/python3.10/site-packages/pip/_vendor/distlib/__pycache__) by extensions ['colcon_pkg']
[0.801s] Level 1:colcon.colcon_core.package_identification:_identify(venv/lib/python3.10/site-packages/pip/_vendor/distlib/__pycache__) by extension 'colcon_pkg'
[0.801s] Level 1:colcon.colcon_core.package_identification:_identify(venv/lib/python3.10/site-packages/pip/_vendor/distlib/__pycache__) by extensions ['colcon_meta']
[0.801s] Level 1:colcon.colcon_core.package_identification:_identify(venv/lib/python3.10/site-packages/pip/_vendor/distlib/__pycache__) by extension 'colcon_meta'
[0.801s] Level 1:colcon.colcon_core.package_identification:_identify(venv/lib/python3.10/site-packages/pip/_vendor/distlib/__pycache__) by extensions ['ros']
[0.801s] Level 1:colcon.colcon_core.package_identification:_identify(venv/lib/python3.10/site-packages/pip/_vendor/distlib/__pycache__) by extension 'ros'
[0.801s] Level 1:colcon.colcon_core.package_identification:_identify(venv/lib/python3.10/site-packages/pip/_vendor/distlib/__pycache__) by extensions ['cmake', 'python']
[0.801s] Level 1:colcon.colcon_core.package_identification:_identify(venv/lib/python3.10/site-packages/pip/_vendor/distlib/__pycache__) by extension 'cmake'
[0.801s] Level 1:colcon.colcon_core.package_identification:_identify(venv/lib/python3.10/site-packages/pip/_vendor/distlib/__pycache__) by extension 'python'
[0.801s] Level 1:colcon.colcon_core.package_identification:_identify(venv/lib/python3.10/site-packages/pip/_vendor/distlib/__pycache__) by extensions ['python_setup_py']
[0.801s] Level 1:colcon.colcon_core.package_identification:_identify(venv/lib/python3.10/site-packages/pip/_vendor/distlib/__pycache__) by extension 'python_setup_py'
[0.801s] Level 1:colcon.colcon_core.package_identification:_identify(venv/lib/python3.10/site-packages/pip/_vendor/html5lib) by extensions ['ignore', 'ignore_ament_install']
[0.801s] Level 1:colcon.colcon_core.package_identification:_identify(venv/lib/python3.10/site-packages/pip/_vendor/html5lib) by extension 'ignore'
[0.801s] Level 1:colcon.colcon_core.package_identification:_identify(venv/lib/python3.10/site-packages/pip/_vendor/html5lib) by extension 'ignore_ament_install'
[0.801s] Level 1:colcon.colcon_core.package_identification:_identify(venv/lib/python3.10/site-packages/pip/_vendor/html5lib) by extensions ['colcon_pkg']
[0.801s] Level 1:colcon.colcon_core.package_identification:_identify(venv/lib/python3.10/site-packages/pip/_vendor/html5lib) by extension 'colcon_pkg'
[0.801s] Level 1:colcon.colcon_core.package_identification:_identify(venv/lib/python3.10/site-packages/pip/_vendor/html5lib) by extensions ['colcon_meta']
[0.801s] Level 1:colcon.colcon_core.package_identification:_identify(venv/lib/python3.10/site-packages/pip/_vendor/html5lib) by extension 'colcon_meta'
[0.801s] Level 1:colcon.colcon_core.package_identification:_identify(venv/lib/python3.10/site-packages/pip/_vendor/html5lib) by extensions ['ros']
[0.801s] Level 1:colcon.colcon_core.package_identification:_identify(venv/lib/python3.10/site-packages/pip/_vendor/html5lib) by extension 'ros'
[0.801s] Level 1:colcon.colcon_core.package_identification:_identify(venv/lib/python3.10/site-packages/pip/_vendor/html5lib) by extensions ['cmake', 'python']
[0.801s] Level 1:colcon.colcon_core.package_identification:_identify(venv/lib/python3.10/site-packages/pip/_vendor/html5lib) by extension 'cmake'
[0.801s] Level 1:colcon.colcon_core.package_identification:_identify(venv/lib/python3.10/site-packages/pip/_vendor/html5lib) by extension 'python'
[0.801s] Level 1:colcon.colcon_core.package_identification:_identify(venv/lib/python3.10/site-packages/pip/_vendor/html5lib) by extensions ['python_setup_py']
[0.801s] Level 1:colcon.colcon_core.package_identification:_identify(venv/lib/python3.10/site-packages/pip/_vendor/html5lib) by extension 'python_setup_py'
[0.802s] Level 1:colcon.colcon_core.package_identification:_identify(venv/lib/python3.10/site-packages/pip/_vendor/html5lib/__pycache__) by extensions ['ignore', 'ignore_ament_install']
[0.802s] Level 1:colcon.colcon_core.package_identification:_identify(venv/lib/python3.10/site-packages/pip/_vendor/html5lib/__pycache__) by extension 'ignore'
[0.802s] Level 1:colcon.colcon_core.package_identification:_identify(venv/lib/python3.10/site-packages/pip/_vendor/html5lib/__pycache__) by extension 'ignore_ament_install'
[0.802s] Level 1:colcon.colcon_core.package_identification:_identify(venv/lib/python3.10/site-packages/pip/_vendor/html5lib/__pycache__) by extensions ['colcon_pkg']
[0.802s] Level 1:colcon.colcon_core.package_identification:_identify(venv/lib/python3.10/site-packages/pip/_vendor/html5lib/__pycache__) by extension 'colcon_pkg'
[0.802s] Level 1:colcon.colcon_core.package_identification:_identify(venv/lib/python3.10/site-packages/pip/_vendor/html5lib/__pycache__) by extensions ['colcon_meta']
[0.802s] Level 1:colcon.colcon_core.package_identification:_identify(venv/lib/python3.10/site-packages/pip/_vendor/html5lib/__pycache__) by extension 'colcon_meta'
[0.802s] Level 1:colcon.colcon_core.package_identification:_identify(venv/lib/python3.10/site-packages/pip/_vendor/html5lib/__pycache__) by extensions ['ros']
[0.802s] Level 1:colcon.colcon_core.package_identification:_identify(venv/lib/python3.10/site-packages/pip/_vendor/html5lib/__pycache__) by extension 'ros'
[0.802s] Level 1:colcon.colcon_core.package_identification:_identify(venv/lib/python3.10/site-packages/pip/_vendor/html5lib/__pycache__) by extensions ['cmake', 'python']
[0.802s] Level 1:colcon.colcon_core.package_identification:_identify(venv/lib/python3.10/site-packages/pip/_vendor/html5lib/__pycache__) by extension 'cmake'
[0.802s] Level 1:colcon.colcon_core.package_identification:_identify(venv/lib/python3.10/site-packages/pip/_vendor/html5lib/__pycache__) by extension 'python'
[0.802s] Level 1:colcon.colcon_core.package_identification:_identify(venv/lib/python3.10/site-packages/pip/_vendor/html5lib/__pycache__) by extensions ['python_setup_py']
[0.802s] Level 1:colcon.colcon_core.package_identification:_identify(venv/lib/python3.10/site-packages/pip/_vendor/html5lib/__pycache__) by extension 'python_setup_py'
[0.802s] Level 1:colcon.colcon_core.package_identification:_identify(venv/lib/python3.10/site-packages/pip/_vendor/html5lib/_trie) by extensions ['ignore', 'ignore_ament_install']
[0.802s] Level 1:colcon.colcon_core.package_identification:_identify(venv/lib/python3.10/site-packages/pip/_vendor/html5lib/_trie) by extension 'ignore'
[0.802s] Level 1:colcon.colcon_core.package_identification:_identify(venv/lib/python3.10/site-packages/pip/_vendor/html5lib/_trie) by extension 'ignore_ament_install'
[0.802s] Level 1:colcon.colcon_core.package_identification:_identify(venv/lib/python3.10/site-packages/pip/_vendor/html5lib/_trie) by extensions ['colcon_pkg']
[0.802s] Level 1:colcon.colcon_core.package_identification:_identify(venv/lib/python3.10/site-packages/pip/_vendor/html5lib/_trie) by extension 'colcon_pkg'
[0.802s] Level 1:colcon.colcon_core.package_identification:_identify(venv/lib/python3.10/site-packages/pip/_vendor/html5lib/_trie) by extensions ['colcon_meta']
[0.802s] Level 1:colcon.colcon_core.package_identification:_identify(venv/lib/python3.10/site-packages/pip/_vendor/html5lib/_trie) by extension 'colcon_meta'
[0.802s] Level 1:colcon.colcon_core.package_identification:_identify(venv/lib/python3.10/site-packages/pip/_vendor/html5lib/_trie) by extensions ['ros']
[0.802s] Level 1:colcon.colcon_core.package_identification:_identify(venv/lib/python3.10/site-packages/pip/_vendor/html5lib/_trie) by extension 'ros'
[0.802s] Level 1:colcon.colcon_core.package_identification:_identify(venv/lib/python3.10/site-packages/pip/_vendor/html5lib/_trie) by extensions ['cmake', 'python']
[0.802s] Level 1:colcon.colcon_core.package_identification:_identify(venv/lib/python3.10/site-packages/pip/_vendor/html5lib/_trie) by extension 'cmake'
[0.802s] Level 1:colcon.colcon_core.package_identification:_identify(venv/lib/python3.10/site-packages/pip/_vendor/html5lib/_trie) by extension 'python'
[0.802s] Level 1:colcon.colcon_core.package_identification:_identify(venv/lib/python3.10/site-packages/pip/_vendor/html5lib/_trie) by extensions ['python_setup_py']
[0.802s] Level 1:colcon.colcon_core.package_identification:_identify(venv/lib/python3.10/site-packages/pip/_vendor/html5lib/_trie) by extension 'python_setup_py'
[0.802s] Level 1:colcon.colcon_core.package_identification:_identify(venv/lib/python3.10/site-packages/pip/_vendor/html5lib/_trie/__pycache__) by extensions ['ignore', 'ignore_ament_install']
[0.802s] Level 1:colcon.colcon_core.package_identification:_identify(venv/lib/python3.10/site-packages/pip/_vendor/html5lib/_trie/__pycache__) by extension 'ignore'
[0.802s] Level 1:colcon.colcon_core.package_identification:_identify(venv/lib/python3.10/site-packages/pip/_vendor/html5lib/_trie/__pycache__) by extension 'ignore_ament_install'
[0.802s] Level 1:colcon.colcon_core.package_identification:_identify(venv/lib/python3.10/site-packages/pip/_vendor/html5lib/_trie/__pycache__) by extensions ['colcon_pkg']
[0.802s] Level 1:colcon.colcon_core.package_identification:_identify(venv/lib/python3.10/site-packages/pip/_vendor/html5lib/_trie/__pycache__) by extension 'colcon_pkg'
[0.803s] Level 1:colcon.colcon_core.package_identification:_identify(venv/lib/python3.10/site-packages/pip/_vendor/html5lib/_trie/__pycache__) by extensions ['colcon_meta']
[0.803s] Level 1:colcon.colcon_core.package_identification:_identify(venv/lib/python3.10/site-packages/pip/_vendor/html5lib/_trie/__pycache__) by extension 'colcon_meta'
[0.803s] Level 1:colcon.colcon_core.package_identification:_identify(venv/lib/python3.10/site-packages/pip/_vendor/html5lib/_trie/__pycache__) by extensions ['ros']
[0.803s] Level 1:colcon.colcon_core.package_identification:_identify(venv/lib/python3.10/site-packages/pip/_vendor/html5lib/_trie/__pycache__) by extension 'ros'
[0.803s] Level 1:colcon.colcon_core.package_identification:_identify(venv/lib/python3.10/site-packages/pip/_vendor/html5lib/_trie/__pycache__) by extensions ['cmake', 'python']
[0.803s] Level 1:colcon.colcon_core.package_identification:_identify(venv/lib/python3.10/site-packages/pip/_vendor/html5lib/_trie/__pycache__) by extension 'cmake'
[0.803s] Level 1:colcon.colcon_core.package_identification:_identify(venv/lib/python3.10/site-packages/pip/_vendor/html5lib/_trie/__pycache__) by extension 'python'
[0.803s] Level 1:colcon.colcon_core.package_identification:_identify(venv/lib/python3.10/site-packages/pip/_vendor/html5lib/_trie/__pycache__) by extensions ['python_setup_py']
[0.803s] Level 1:colcon.colcon_core.package_identification:_identify(venv/lib/python3.10/site-packages/pip/_vendor/html5lib/_trie/__pycache__) by extension 'python_setup_py'
[0.803s] Level 1:colcon.colcon_core.package_identification:_identify(venv/lib/python3.10/site-packages/pip/_vendor/html5lib/filters) by extensions ['ignore', 'ignore_ament_install']
[0.803s] Level 1:colcon.colcon_core.package_identification:_identify(venv/lib/python3.10/site-packages/pip/_vendor/html5lib/filters) by extension 'ignore'
[0.803s] Level 1:colcon.colcon_core.package_identification:_identify(venv/lib/python3.10/site-packages/pip/_vendor/html5lib/filters) by extension 'ignore_ament_install'
[0.803s] Level 1:colcon.colcon_core.package_identification:_identify(venv/lib/python3.10/site-packages/pip/_vendor/html5lib/filters) by extensions ['colcon_pkg']
[0.803s] Level 1:colcon.colcon_core.package_identification:_identify(venv/lib/python3.10/site-packages/pip/_vendor/html5lib/filters) by extension 'colcon_pkg'
[0.803s] Level 1:colcon.colcon_core.package_identification:_identify(venv/lib/python3.10/site-packages/pip/_vendor/html5lib/filters) by extensions ['colcon_meta']
[0.803s] Level 1:colcon.colcon_core.package_identification:_identify(venv/lib/python3.10/site-packages/pip/_vendor/html5lib/filters) by extension 'colcon_meta'
[0.803s] Level 1:colcon.colcon_core.package_identification:_identify(venv/lib/python3.10/site-packages/pip/_vendor/html5lib/filters) by extensions ['ros']
[0.803s] Level 1:colcon.colcon_core.package_identification:_identify(venv/lib/python3.10/site-packages/pip/_vendor/html5lib/filters) by extension 'ros'
[0.803s] Level 1:colcon.colcon_core.package_identification:_identify(venv/lib/python3.10/site-packages/pip/_vendor/html5lib/filters) by extensions ['cmake', 'python']
[0.803s] Level 1:colcon.colcon_core.package_identification:_identify(venv/lib/python3.10/site-packages/pip/_vendor/html5lib/filters) by extension 'cmake'
[0.803s] Level 1:colcon.colcon_core.package_identification:_identify(venv/lib/python3.10/site-packages/pip/_vendor/html5lib/filters) by extension 'python'
[0.803s] Level 1:colcon.colcon_core.package_identification:_identify(venv/lib/python3.10/site-packages/pip/_vendor/html5lib/filters) by extensions ['python_setup_py']
[0.803s] Level 1:colcon.colcon_core.package_identification:_identify(venv/lib/python3.10/site-packages/pip/_vendor/html5lib/filters) by extension 'python_setup_py'
[0.803s] Level 1:colcon.colcon_core.package_identification:_identify(venv/lib/python3.10/site-packages/pip/_vendor/html5lib/filters/__pycache__) by extensions ['ignore', 'ignore_ament_install']
[0.803s] Level 1:colcon.colcon_core.package_identification:_identify(venv/lib/python3.10/site-packages/pip/_vendor/html5lib/filters/__pycache__) by extension 'ignore'
[0.803s] Level 1:colcon.colcon_core.package_identification:_identify(venv/lib/python3.10/site-packages/pip/_vendor/html5lib/filters/__pycache__) by extension 'ignore_ament_install'
[0.803s] Level 1:colcon.colcon_core.package_identification:_identify(venv/lib/python3.10/site-packages/pip/_vendor/html5lib/filters/__pycache__) by extensions ['colcon_pkg']
[0.803s] Level 1:colcon.colcon_core.package_identification:_identify(venv/lib/python3.10/site-packages/pip/_vendor/html5lib/filters/__pycache__) by extension 'colcon_pkg'
[0.803s] Level 1:colcon.colcon_core.package_identification:_identify(venv/lib/python3.10/site-packages/pip/_vendor/html5lib/filters/__pycache__) by extensions ['colcon_meta']
[0.803s] Level 1:colcon.colcon_core.package_identification:_identify(venv/lib/python3.10/site-packages/pip/_vendor/html5lib/filters/__pycache__) by extension 'colcon_meta'
[0.803s] Level 1:colcon.colcon_core.package_identification:_identify(venv/lib/python3.10/site-packages/pip/_vendor/html5lib/filters/__pycache__) by extensions ['ros']
[0.803s] Level 1:colcon.colcon_core.package_identification:_identify(venv/lib/python3.10/site-packages/pip/_vendor/html5lib/filters/__pycache__) by extension 'ros'
[0.804s] Level 1:colcon.colcon_core.package_identification:_identify(venv/lib/python3.10/site-packages/pip/_vendor/html5lib/filters/__pycache__) by extensions ['cmake', 'python']
[0.804s] Level 1:colcon.colcon_core.package_identification:_identify(venv/lib/python3.10/site-packages/pip/_vendor/html5lib/filters/__pycache__) by extension 'cmake'
[0.804s] Level 1:colcon.colcon_core.package_identification:_identify(venv/lib/python3.10/site-packages/pip/_vendor/html5lib/filters/__pycache__) by extension 'python'
[0.804s] Level 1:colcon.colcon_core.package_identification:_identify(venv/lib/python3.10/site-packages/pip/_vendor/html5lib/filters/__pycache__) by extensions ['python_setup_py']
[0.804s] Level 1:colcon.colcon_core.package_identification:_identify(venv/lib/python3.10/site-packages/pip/_vendor/html5lib/filters/__pycache__) by extension 'python_setup_py'
[0.804s] Level 1:colcon.colcon_core.package_identification:_identify(venv/lib/python3.10/site-packages/pip/_vendor/html5lib/treeadapters) by extensions ['ignore', 'ignore_ament_install']
[0.804s] Level 1:colcon.colcon_core.package_identification:_identify(venv/lib/python3.10/site-packages/pip/_vendor/html5lib/treeadapters) by extension 'ignore'
[0.804s] Level 1:colcon.colcon_core.package_identification:_identify(venv/lib/python3.10/site-packages/pip/_vendor/html5lib/treeadapters) by extension 'ignore_ament_install'
[0.804s] Level 1:colcon.colcon_core.package_identification:_identify(venv/lib/python3.10/site-packages/pip/_vendor/html5lib/treeadapters) by extensions ['colcon_pkg']
[0.804s] Level 1:colcon.colcon_core.package_identification:_identify(venv/lib/python3.10/site-packages/pip/_vendor/html5lib/treeadapters) by extension 'colcon_pkg'
[0.804s] Level 1:colcon.colcon_core.package_identification:_identify(venv/lib/python3.10/site-packages/pip/_vendor/html5lib/treeadapters) by extensions ['colcon_meta']
[0.804s] Level 1:colcon.colcon_core.package_identification:_identify(venv/lib/python3.10/site-packages/pip/_vendor/html5lib/treeadapters) by extension 'colcon_meta'
[0.804s] Level 1:colcon.colcon_core.package_identification:_identify(venv/lib/python3.10/site-packages/pip/_vendor/html5lib/treeadapters) by extensions ['ros']
[0.804s] Level 1:colcon.colcon_core.package_identification:_identify(venv/lib/python3.10/site-packages/pip/_vendor/html5lib/treeadapters) by extension 'ros'
[0.804s] Level 1:colcon.colcon_core.package_identification:_identify(venv/lib/python3.10/site-packages/pip/_vendor/html5lib/treeadapters) by extensions ['cmake', 'python']
[0.804s] Level 1:colcon.colcon_core.package_identification:_identify(venv/lib/python3.10/site-packages/pip/_vendor/html5lib/treeadapters) by extension 'cmake'
[0.804s] Level 1:colcon.colcon_core.package_identification:_identify(venv/lib/python3.10/site-packages/pip/_vendor/html5lib/treeadapters) by extension 'python'
[0.804s] Level 1:colcon.colcon_core.package_identification:_identify(venv/lib/python3.10/site-packages/pip/_vendor/html5lib/treeadapters) by extensions ['python_setup_py']
[0.804s] Level 1:colcon.colcon_core.package_identification:_identify(venv/lib/python3.10/site-packages/pip/_vendor/html5lib/treeadapters) by extension 'python_setup_py'
[0.804s] Level 1:colcon.colcon_core.package_identification:_identify(venv/lib/python3.10/site-packages/pip/_vendor/html5lib/treeadapters/__pycache__) by extensions ['ignore', 'ignore_ament_install']
[0.804s] Level 1:colcon.colcon_core.package_identification:_identify(venv/lib/python3.10/site-packages/pip/_vendor/html5lib/treeadapters/__pycache__) by extension 'ignore'
[0.804s] Level 1:colcon.colcon_core.package_identification:_identify(venv/lib/python3.10/site-packages/pip/_vendor/html5lib/treeadapters/__pycache__) by extension 'ignore_ament_install'
[0.804s] Level 1:colcon.colcon_core.package_identification:_identify(venv/lib/python3.10/site-packages/pip/_vendor/html5lib/treeadapters/__pycache__) by extensions ['colcon_pkg']
[0.804s] Level 1:colcon.colcon_core.package_identification:_identify(venv/lib/python3.10/site-packages/pip/_vendor/html5lib/treeadapters/__pycache__) by extension 'colcon_pkg'
[0.804s] Level 1:colcon.colcon_core.package_identification:_identify(venv/lib/python3.10/site-packages/pip/_vendor/html5lib/treeadapters/__pycache__) by extensions ['colcon_meta']
[0.804s] Level 1:colcon.colcon_core.package_identification:_identify(venv/lib/python3.10/site-packages/pip/_vendor/html5lib/treeadapters/__pycache__) by extension 'colcon_meta'
[0.804s] Level 1:colcon.colcon_core.package_identification:_identify(venv/lib/python3.10/site-packages/pip/_vendor/html5lib/treeadapters/__pycache__) by extensions ['ros']
[0.804s] Level 1:colcon.colcon_core.package_identification:_identify(venv/lib/python3.10/site-packages/pip/_vendor/html5lib/treeadapters/__pycache__) by extension 'ros'
[0.804s] Level 1:colcon.colcon_core.package_identification:_identify(venv/lib/python3.10/site-packages/pip/_vendor/html5lib/treeadapters/__pycache__) by extensions ['cmake', 'python']
[0.804s] Level 1:colcon.colcon_core.package_identification:_identify(venv/lib/python3.10/site-packages/pip/_vendor/html5lib/treeadapters/__pycache__) by extension 'cmake'
[0.804s] Level 1:colcon.colcon_core.package_identification:_identify(venv/lib/python3.10/site-packages/pip/_vendor/html5lib/treeadapters/__pycache__) by extension 'python'
[0.804s] Level 1:colcon.colcon_core.package_identification:_identify(venv/lib/python3.10/site-packages/pip/_vendor/html5lib/treeadapters/__pycache__) by extensions ['python_setup_py']
[0.804s] Level 1:colcon.colcon_core.package_identification:_identify(venv/lib/python3.10/site-packages/pip/_vendor/html5lib/treeadapters/__pycache__) by extension 'python_setup_py'
[0.805s] Level 1:colcon.colcon_core.package_identification:_identify(venv/lib/python3.10/site-packages/pip/_vendor/html5lib/treebuilders) by extensions ['ignore', 'ignore_ament_install']
[0.805s] Level 1:colcon.colcon_core.package_identification:_identify(venv/lib/python3.10/site-packages/pip/_vendor/html5lib/treebuilders) by extension 'ignore'
[0.805s] Level 1:colcon.colcon_core.package_identification:_identify(venv/lib/python3.10/site-packages/pip/_vendor/html5lib/treebuilders) by extension 'ignore_ament_install'
[0.805s] Level 1:colcon.colcon_core.package_identification:_identify(venv/lib/python3.10/site-packages/pip/_vendor/html5lib/treebuilders) by extensions ['colcon_pkg']
[0.805s] Level 1:colcon.colcon_core.package_identification:_identify(venv/lib/python3.10/site-packages/pip/_vendor/html5lib/treebuilders) by extension 'colcon_pkg'
[0.805s] Level 1:colcon.colcon_core.package_identification:_identify(venv/lib/python3.10/site-packages/pip/_vendor/html5lib/treebuilders) by extensions ['colcon_meta']
[0.805s] Level 1:colcon.colcon_core.package_identification:_identify(venv/lib/python3.10/site-packages/pip/_vendor/html5lib/treebuilders) by extension 'colcon_meta'
[0.805s] Level 1:colcon.colcon_core.package_identification:_identify(venv/lib/python3.10/site-packages/pip/_vendor/html5lib/treebuilders) by extensions ['ros']
[0.805s] Level 1:colcon.colcon_core.package_identification:_identify(venv/lib/python3.10/site-packages/pip/_vendor/html5lib/treebuilders) by extension 'ros'
[0.805s] Level 1:colcon.colcon_core.package_identification:_identify(venv/lib/python3.10/site-packages/pip/_vendor/html5lib/treebuilders) by extensions ['cmake', 'python']
[0.805s] Level 1:colcon.colcon_core.package_identification:_identify(venv/lib/python3.10/site-packages/pip/_vendor/html5lib/treebuilders) by extension 'cmake'
[0.805s] Level 1:colcon.colcon_core.package_identification:_identify(venv/lib/python3.10/site-packages/pip/_vendor/html5lib/treebuilders) by extension 'python'
[0.805s] Level 1:colcon.colcon_core.package_identification:_identify(venv/lib/python3.10/site-packages/pip/_vendor/html5lib/treebuilders) by extensions ['python_setup_py']
[0.805s] Level 1:colcon.colcon_core.package_identification:_identify(venv/lib/python3.10/site-packages/pip/_vendor/html5lib/treebuilders) by extension 'python_setup_py'
[0.805s] Level 1:colcon.colcon_core.package_identification:_identify(venv/lib/python3.10/site-packages/pip/_vendor/html5lib/treebuilders/__pycache__) by extensions ['ignore', 'ignore_ament_install']
[0.805s] Level 1:colcon.colcon_core.package_identification:_identify(venv/lib/python3.10/site-packages/pip/_vendor/html5lib/treebuilders/__pycache__) by extension 'ignore'
[0.805s] Level 1:colcon.colcon_core.package_identification:_identify(venv/lib/python3.10/site-packages/pip/_vendor/html5lib/treebuilders/__pycache__) by extension 'ignore_ament_install'
[0.805s] Level 1:colcon.colcon_core.package_identification:_identify(venv/lib/python3.10/site-packages/pip/_vendor/html5lib/treebuilders/__pycache__) by extensions ['colcon_pkg']
[0.805s] Level 1:colcon.colcon_core.package_identification:_identify(venv/lib/python3.10/site-packages/pip/_vendor/html5lib/treebuilders/__pycache__) by extension 'colcon_pkg'
[0.805s] Level 1:colcon.colcon_core.package_identification:_identify(venv/lib/python3.10/site-packages/pip/_vendor/html5lib/treebuilders/__pycache__) by extensions ['colcon_meta']
[0.805s] Level 1:colcon.colcon_core.package_identification:_identify(venv/lib/python3.10/site-packages/pip/_vendor/html5lib/treebuilders/__pycache__) by extension 'colcon_meta'
[0.805s] Level 1:colcon.colcon_core.package_identification:_identify(venv/lib/python3.10/site-packages/pip/_vendor/html5lib/treebuilders/__pycache__) by extensions ['ros']
[0.805s] Level 1:colcon.colcon_core.package_identification:_identify(venv/lib/python3.10/site-packages/pip/_vendor/html5lib/treebuilders/__pycache__) by extension 'ros'
[0.805s] Level 1:colcon.colcon_core.package_identification:_identify(venv/lib/python3.10/site-packages/pip/_vendor/html5lib/treebuilders/__pycache__) by extensions ['cmake', 'python']
[0.805s] Level 1:colcon.colcon_core.package_identification:_identify(venv/lib/python3.10/site-packages/pip/_vendor/html5lib/treebuilders/__pycache__) by extension 'cmake'
[0.805s] Level 1:colcon.colcon_core.package_identification:_identify(venv/lib/python3.10/site-packages/pip/_vendor/html5lib/treebuilders/__pycache__) by extension 'python'
[0.805s] Level 1:colcon.colcon_core.package_identification:_identify(venv/lib/python3.10/site-packages/pip/_vendor/html5lib/treebuilders/__pycache__) by extensions ['python_setup_py']
[0.805s] Level 1:colcon.colcon_core.package_identification:_identify(venv/lib/python3.10/site-packages/pip/_vendor/html5lib/treebuilders/__pycache__) by extension 'python_setup_py'
[0.805s] Level 1:colcon.colcon_core.package_identification:_identify(venv/lib/python3.10/site-packages/pip/_vendor/html5lib/treewalkers) by extensions ['ignore', 'ignore_ament_install']
[0.805s] Level 1:colcon.colcon_core.package_identification:_identify(venv/lib/python3.10/site-packages/pip/_vendor/html5lib/treewalkers) by extension 'ignore'
[0.805s] Level 1:colcon.colcon_core.package_identification:_identify(venv/lib/python3.10/site-packages/pip/_vendor/html5lib/treewalkers) by extension 'ignore_ament_install'
[0.806s] Level 1:colcon.colcon_core.package_identification:_identify(venv/lib/python3.10/site-packages/pip/_vendor/html5lib/treewalkers) by extensions ['colcon_pkg']
[0.806s] Level 1:colcon.colcon_core.package_identification:_identify(venv/lib/python3.10/site-packages/pip/_vendor/html5lib/treewalkers) by extension 'colcon_pkg'
[0.806s] Level 1:colcon.colcon_core.package_identification:_identify(venv/lib/python3.10/site-packages/pip/_vendor/html5lib/treewalkers) by extensions ['colcon_meta']
[0.806s] Level 1:colcon.colcon_core.package_identification:_identify(venv/lib/python3.10/site-packages/pip/_vendor/html5lib/treewalkers) by extension 'colcon_meta'
[0.806s] Level 1:colcon.colcon_core.package_identification:_identify(venv/lib/python3.10/site-packages/pip/_vendor/html5lib/treewalkers) by extensions ['ros']
[0.806s] Level 1:colcon.colcon_core.package_identification:_identify(venv/lib/python3.10/site-packages/pip/_vendor/html5lib/treewalkers) by extension 'ros'
[0.806s] Level 1:colcon.colcon_core.package_identification:_identify(venv/lib/python3.10/site-packages/pip/_vendor/html5lib/treewalkers) by extensions ['cmake', 'python']
[0.806s] Level 1:colcon.colcon_core.package_identification:_identify(venv/lib/python3.10/site-packages/pip/_vendor/html5lib/treewalkers) by extension 'cmake'
[0.806s] Level 1:colcon.colcon_core.package_identification:_identify(venv/lib/python3.10/site-packages/pip/_vendor/html5lib/treewalkers) by extension 'python'
[0.806s] Level 1:colcon.colcon_core.package_identification:_identify(venv/lib/python3.10/site-packages/pip/_vendor/html5lib/treewalkers) by extensions ['python_setup_py']
[0.806s] Level 1:colcon.colcon_core.package_identification:_identify(venv/lib/python3.10/site-packages/pip/_vendor/html5lib/treewalkers) by extension 'python_setup_py'
[0.806s] Level 1:colcon.colcon_core.package_identification:_identify(venv/lib/python3.10/site-packages/pip/_vendor/html5lib/treewalkers/__pycache__) by extensions ['ignore', 'ignore_ament_install']
[0.806s] Level 1:colcon.colcon_core.package_identification:_identify(venv/lib/python3.10/site-packages/pip/_vendor/html5lib/treewalkers/__pycache__) by extension 'ignore'
[0.806s] Level 1:colcon.colcon_core.package_identification:_identify(venv/lib/python3.10/site-packages/pip/_vendor/html5lib/treewalkers/__pycache__) by extension 'ignore_ament_install'
[0.806s] Level 1:colcon.colcon_core.package_identification:_identify(venv/lib/python3.10/site-packages/pip/_vendor/html5lib/treewalkers/__pycache__) by extensions ['colcon_pkg']
[0.806s] Level 1:colcon.colcon_core.package_identification:_identify(venv/lib/python3.10/site-packages/pip/_vendor/html5lib/treewalkers/__pycache__) by extension 'colcon_pkg'
[0.806s] Level 1:colcon.colcon_core.package_identification:_identify(venv/lib/python3.10/site-packages/pip/_vendor/html5lib/treewalkers/__pycache__) by extensions ['colcon_meta']
[0.806s] Level 1:colcon.colcon_core.package_identification:_identify(venv/lib/python3.10/site-packages/pip/_vendor/html5lib/treewalkers/__pycache__) by extension 'colcon_meta'
[0.806s] Level 1:colcon.colcon_core.package_identification:_identify(venv/lib/python3.10/site-packages/pip/_vendor/html5lib/treewalkers/__pycache__) by extensions ['ros']
[0.806s] Level 1:colcon.colcon_core.package_identification:_identify(venv/lib/python3.10/site-packages/pip/_vendor/html5lib/treewalkers/__pycache__) by extension 'ros'
[0.806s] Level 1:colcon.colcon_core.package_identification:_identify(venv/lib/python3.10/site-packages/pip/_vendor/html5lib/treewalkers/__pycache__) by extensions ['cmake', 'python']
[0.806s] Level 1:colcon.colcon_core.package_identification:_identify(venv/lib/python3.10/site-packages/pip/_vendor/html5lib/treewalkers/__pycache__) by extension 'cmake'
[0.806s] Level 1:colcon.colcon_core.package_identification:_identify(venv/lib/python3.10/site-packages/pip/_vendor/html5lib/treewalkers/__pycache__) by extension 'python'
[0.806s] Level 1:colcon.colcon_core.package_identification:_identify(venv/lib/python3.10/site-packages/pip/_vendor/html5lib/treewalkers/__pycache__) by extensions ['python_setup_py']
[0.806s] Level 1:colcon.colcon_core.package_identification:_identify(venv/lib/python3.10/site-packages/pip/_vendor/html5lib/treewalkers/__pycache__) by extension 'python_setup_py'
[0.806s] Level 1:colcon.colcon_core.package_identification:_identify(venv/lib/python3.10/site-packages/pip/_vendor/idna) by extensions ['ignore', 'ignore_ament_install']
[0.806s] Level 1:colcon.colcon_core.package_identification:_identify(venv/lib/python3.10/site-packages/pip/_vendor/idna) by extension 'ignore'
[0.806s] Level 1:colcon.colcon_core.package_identification:_identify(venv/lib/python3.10/site-packages/pip/_vendor/idna) by extension 'ignore_ament_install'
[0.806s] Level 1:colcon.colcon_core.package_identification:_identify(venv/lib/python3.10/site-packages/pip/_vendor/idna) by extensions ['colcon_pkg']
[0.806s] Level 1:colcon.colcon_core.package_identification:_identify(venv/lib/python3.10/site-packages/pip/_vendor/idna) by extension 'colcon_pkg'
[0.806s] Level 1:colcon.colcon_core.package_identification:_identify(venv/lib/python3.10/site-packages/pip/_vendor/idna) by extensions ['colcon_meta']
[0.806s] Level 1:colcon.colcon_core.package_identification:_identify(venv/lib/python3.10/site-packages/pip/_vendor/idna) by extension 'colcon_meta'
[0.806s] Level 1:colcon.colcon_core.package_identification:_identify(venv/lib/python3.10/site-packages/pip/_vendor/idna) by extensions ['ros']
[0.806s] Level 1:colcon.colcon_core.package_identification:_identify(venv/lib/python3.10/site-packages/pip/_vendor/idna) by extension 'ros'
[0.807s] Level 1:colcon.colcon_core.package_identification:_identify(venv/lib/python3.10/site-packages/pip/_vendor/idna) by extensions ['cmake', 'python']
[0.807s] Level 1:colcon.colcon_core.package_identification:_identify(venv/lib/python3.10/site-packages/pip/_vendor/idna) by extension 'cmake'
[0.807s] Level 1:colcon.colcon_core.package_identification:_identify(venv/lib/python3.10/site-packages/pip/_vendor/idna) by extension 'python'
[0.807s] Level 1:colcon.colcon_core.package_identification:_identify(venv/lib/python3.10/site-packages/pip/_vendor/idna) by extensions ['python_setup_py']
[0.807s] Level 1:colcon.colcon_core.package_identification:_identify(venv/lib/python3.10/site-packages/pip/_vendor/idna) by extension 'python_setup_py'
[0.807s] Level 1:colcon.colcon_core.package_identification:_identify(venv/lib/python3.10/site-packages/pip/_vendor/idna/__pycache__) by extensions ['ignore', 'ignore_ament_install']
[0.807s] Level 1:colcon.colcon_core.package_identification:_identify(venv/lib/python3.10/site-packages/pip/_vendor/idna/__pycache__) by extension 'ignore'
[0.807s] Level 1:colcon.colcon_core.package_identification:_identify(venv/lib/python3.10/site-packages/pip/_vendor/idna/__pycache__) by extension 'ignore_ament_install'
[0.807s] Level 1:colcon.colcon_core.package_identification:_identify(venv/lib/python3.10/site-packages/pip/_vendor/idna/__pycache__) by extensions ['colcon_pkg']
[0.807s] Level 1:colcon.colcon_core.package_identification:_identify(venv/lib/python3.10/site-packages/pip/_vendor/idna/__pycache__) by extension 'colcon_pkg'
[0.807s] Level 1:colcon.colcon_core.package_identification:_identify(venv/lib/python3.10/site-packages/pip/_vendor/idna/__pycache__) by extensions ['colcon_meta']
[0.807s] Level 1:colcon.colcon_core.package_identification:_identify(venv/lib/python3.10/site-packages/pip/_vendor/idna/__pycache__) by extension 'colcon_meta'
[0.807s] Level 1:colcon.colcon_core.package_identification:_identify(venv/lib/python3.10/site-packages/pip/_vendor/idna/__pycache__) by extensions ['ros']
[0.807s] Level 1:colcon.colcon_core.package_identification:_identify(venv/lib/python3.10/site-packages/pip/_vendor/idna/__pycache__) by extension 'ros'
[0.807s] Level 1:colcon.colcon_core.package_identification:_identify(venv/lib/python3.10/site-packages/pip/_vendor/idna/__pycache__) by extensions ['cmake', 'python']
[0.807s] Level 1:colcon.colcon_core.package_identification:_identify(venv/lib/python3.10/site-packages/pip/_vendor/idna/__pycache__) by extension 'cmake'
[0.807s] Level 1:colcon.colcon_core.package_identification:_identify(venv/lib/python3.10/site-packages/pip/_vendor/idna/__pycache__) by extension 'python'
[0.807s] Level 1:colcon.colcon_core.package_identification:_identify(venv/lib/python3.10/site-packages/pip/_vendor/idna/__pycache__) by extensions ['python_setup_py']
[0.807s] Level 1:colcon.colcon_core.package_identification:_identify(venv/lib/python3.10/site-packages/pip/_vendor/idna/__pycache__) by extension 'python_setup_py'
[0.807s] Level 1:colcon.colcon_core.package_identification:_identify(venv/lib/python3.10/site-packages/pip/_vendor/msgpack) by extensions ['ignore', 'ignore_ament_install']
[0.807s] Level 1:colcon.colcon_core.package_identification:_identify(venv/lib/python3.10/site-packages/pip/_vendor/msgpack) by extension 'ignore'
[0.807s] Level 1:colcon.colcon_core.package_identification:_identify(venv/lib/python3.10/site-packages/pip/_vendor/msgpack) by extension 'ignore_ament_install'
[0.807s] Level 1:colcon.colcon_core.package_identification:_identify(venv/lib/python3.10/site-packages/pip/_vendor/msgpack) by extensions ['colcon_pkg']
[0.807s] Level 1:colcon.colcon_core.package_identification:_identify(venv/lib/python3.10/site-packages/pip/_vendor/msgpack) by extension 'colcon_pkg'
[0.807s] Level 1:colcon.colcon_core.package_identification:_identify(venv/lib/python3.10/site-packages/pip/_vendor/msgpack) by extensions ['colcon_meta']
[0.807s] Level 1:colcon.colcon_core.package_identification:_identify(venv/lib/python3.10/site-packages/pip/_vendor/msgpack) by extension 'colcon_meta'
[0.807s] Level 1:colcon.colcon_core.package_identification:_identify(venv/lib/python3.10/site-packages/pip/_vendor/msgpack) by extensions ['ros']
[0.807s] Level 1:colcon.colcon_core.package_identification:_identify(venv/lib/python3.10/site-packages/pip/_vendor/msgpack) by extension 'ros'
[0.807s] Level 1:colcon.colcon_core.package_identification:_identify(venv/lib/python3.10/site-packages/pip/_vendor/msgpack) by extensions ['cmake', 'python']
[0.807s] Level 1:colcon.colcon_core.package_identification:_identify(venv/lib/python3.10/site-packages/pip/_vendor/msgpack) by extension 'cmake'
[0.807s] Level 1:colcon.colcon_core.package_identification:_identify(venv/lib/python3.10/site-packages/pip/_vendor/msgpack) by extension 'python'
[0.807s] Level 1:colcon.colcon_core.package_identification:_identify(venv/lib/python3.10/site-packages/pip/_vendor/msgpack) by extensions ['python_setup_py']
[0.807s] Level 1:colcon.colcon_core.package_identification:_identify(venv/lib/python3.10/site-packages/pip/_vendor/msgpack) by extension 'python_setup_py'
[0.808s] Level 1:colcon.colcon_core.package_identification:_identify(venv/lib/python3.10/site-packages/pip/_vendor/msgpack/__pycache__) by extensions ['ignore', 'ignore_ament_install']
[0.808s] Level 1:colcon.colcon_core.package_identification:_identify(venv/lib/python3.10/site-packages/pip/_vendor/msgpack/__pycache__) by extension 'ignore'
[0.808s] Level 1:colcon.colcon_core.package_identification:_identify(venv/lib/python3.10/site-packages/pip/_vendor/msgpack/__pycache__) by extension 'ignore_ament_install'
[0.808s] Level 1:colcon.colcon_core.package_identification:_identify(venv/lib/python3.10/site-packages/pip/_vendor/msgpack/__pycache__) by extensions ['colcon_pkg']
[0.808s] Level 1:colcon.colcon_core.package_identification:_identify(venv/lib/python3.10/site-packages/pip/_vendor/msgpack/__pycache__) by extension 'colcon_pkg'
[0.808s] Level 1:colcon.colcon_core.package_identification:_identify(venv/lib/python3.10/site-packages/pip/_vendor/msgpack/__pycache__) by extensions ['colcon_meta']
[0.808s] Level 1:colcon.colcon_core.package_identification:_identify(venv/lib/python3.10/site-packages/pip/_vendor/msgpack/__pycache__) by extension 'colcon_meta'
[0.808s] Level 1:colcon.colcon_core.package_identification:_identify(venv/lib/python3.10/site-packages/pip/_vendor/msgpack/__pycache__) by extensions ['ros']
[0.808s] Level 1:colcon.colcon_core.package_identification:_identify(venv/lib/python3.10/site-packages/pip/_vendor/msgpack/__pycache__) by extension 'ros'
[0.808s] Level 1:colcon.colcon_core.package_identification:_identify(venv/lib/python3.10/site-packages/pip/_vendor/msgpack/__pycache__) by extensions ['cmake', 'python']
[0.808s] Level 1:colcon.colcon_core.package_identification:_identify(venv/lib/python3.10/site-packages/pip/_vendor/msgpack/__pycache__) by extension 'cmake'
[0.808s] Level 1:colcon.colcon_core.package_identification:_identify(venv/lib/python3.10/site-packages/pip/_vendor/msgpack/__pycache__) by extension 'python'
[0.808s] Level 1:colcon.colcon_core.package_identification:_identify(venv/lib/python3.10/site-packages/pip/_vendor/msgpack/__pycache__) by extensions ['python_setup_py']
[0.808s] Level 1:colcon.colcon_core.package_identification:_identify(venv/lib/python3.10/site-packages/pip/_vendor/msgpack/__pycache__) by extension 'python_setup_py'
[0.808s] Level 1:colcon.colcon_core.package_identification:_identify(venv/lib/python3.10/site-packages/pip/_vendor/packaging) by extensions ['ignore', 'ignore_ament_install']
[0.808s] Level 1:colcon.colcon_core.package_identification:_identify(venv/lib/python3.10/site-packages/pip/_vendor/packaging) by extension 'ignore'
[0.808s] Level 1:colcon.colcon_core.package_identification:_identify(venv/lib/python3.10/site-packages/pip/_vendor/packaging) by extension 'ignore_ament_install'
[0.808s] Level 1:colcon.colcon_core.package_identification:_identify(venv/lib/python3.10/site-packages/pip/_vendor/packaging) by extensions ['colcon_pkg']
[0.808s] Level 1:colcon.colcon_core.package_identification:_identify(venv/lib/python3.10/site-packages/pip/_vendor/packaging) by extension 'colcon_pkg'
[0.808s] Level 1:colcon.colcon_core.package_identification:_identify(venv/lib/python3.10/site-packages/pip/_vendor/packaging) by extensions ['colcon_meta']
[0.808s] Level 1:colcon.colcon_core.package_identification:_identify(venv/lib/python3.10/site-packages/pip/_vendor/packaging) by extension 'colcon_meta'
[0.808s] Level 1:colcon.colcon_core.package_identification:_identify(venv/lib/python3.10/site-packages/pip/_vendor/packaging) by extensions ['ros']
[0.808s] Level 1:colcon.colcon_core.package_identification:_identify(venv/lib/python3.10/site-packages/pip/_vendor/packaging) by extension 'ros'
[0.808s] Level 1:colcon.colcon_core.package_identification:_identify(venv/lib/python3.10/site-packages/pip/_vendor/packaging) by extensions ['cmake', 'python']
[0.808s] Level 1:colcon.colcon_core.package_identification:_identify(venv/lib/python3.10/site-packages/pip/_vendor/packaging) by extension 'cmake'
[0.808s] Level 1:colcon.colcon_core.package_identification:_identify(venv/lib/python3.10/site-packages/pip/_vendor/packaging) by extension 'python'
[0.808s] Level 1:colcon.colcon_core.package_identification:_identify(venv/lib/python3.10/site-packages/pip/_vendor/packaging) by extensions ['python_setup_py']
[0.808s] Level 1:colcon.colcon_core.package_identification:_identify(venv/lib/python3.10/site-packages/pip/_vendor/packaging) by extension 'python_setup_py'
[0.808s] Level 1:colcon.colcon_core.package_identification:_identify(venv/lib/python3.10/site-packages/pip/_vendor/packaging/__pycache__) by extensions ['ignore', 'ignore_ament_install']
[0.808s] Level 1:colcon.colcon_core.package_identification:_identify(venv/lib/python3.10/site-packages/pip/_vendor/packaging/__pycache__) by extension 'ignore'
[0.808s] Level 1:colcon.colcon_core.package_identification:_identify(venv/lib/python3.10/site-packages/pip/_vendor/packaging/__pycache__) by extension 'ignore_ament_install'
[0.809s] Level 1:colcon.colcon_core.package_identification:_identify(venv/lib/python3.10/site-packages/pip/_vendor/packaging/__pycache__) by extensions ['colcon_pkg']
[0.809s] Level 1:colcon.colcon_core.package_identification:_identify(venv/lib/python3.10/site-packages/pip/_vendor/packaging/__pycache__) by extension 'colcon_pkg'
[0.809s] Level 1:colcon.colcon_core.package_identification:_identify(venv/lib/python3.10/site-packages/pip/_vendor/packaging/__pycache__) by extensions ['colcon_meta']
[0.809s] Level 1:colcon.colcon_core.package_identification:_identify(venv/lib/python3.10/site-packages/pip/_vendor/packaging/__pycache__) by extension 'colcon_meta'
[0.809s] Level 1:colcon.colcon_core.package_identification:_identify(venv/lib/python3.10/site-packages/pip/_vendor/packaging/__pycache__) by extensions ['ros']
[0.809s] Level 1:colcon.colcon_core.package_identification:_identify(venv/lib/python3.10/site-packages/pip/_vendor/packaging/__pycache__) by extension 'ros'
[0.809s] Level 1:colcon.colcon_core.package_identification:_identify(venv/lib/python3.10/site-packages/pip/_vendor/packaging/__pycache__) by extensions ['cmake', 'python']
[0.809s] Level 1:colcon.colcon_core.package_identification:_identify(venv/lib/python3.10/site-packages/pip/_vendor/packaging/__pycache__) by extension 'cmake'
[0.809s] Level 1:colcon.colcon_core.package_identification:_identify(venv/lib/python3.10/site-packages/pip/_vendor/packaging/__pycache__) by extension 'python'
[0.809s] Level 1:colcon.colcon_core.package_identification:_identify(venv/lib/python3.10/site-packages/pip/_vendor/packaging/__pycache__) by extensions ['python_setup_py']
[0.809s] Level 1:colcon.colcon_core.package_identification:_identify(venv/lib/python3.10/site-packages/pip/_vendor/packaging/__pycache__) by extension 'python_setup_py'
[0.809s] Level 1:colcon.colcon_core.package_identification:_identify(venv/lib/python3.10/site-packages/pip/_vendor/pep517) by extensions ['ignore', 'ignore_ament_install']
[0.809s] Level 1:colcon.colcon_core.package_identification:_identify(venv/lib/python3.10/site-packages/pip/_vendor/pep517) by extension 'ignore'
[0.809s] Level 1:colcon.colcon_core.package_identification:_identify(venv/lib/python3.10/site-packages/pip/_vendor/pep517) by extension 'ignore_ament_install'
[0.809s] Level 1:colcon.colcon_core.package_identification:_identify(venv/lib/python3.10/site-packages/pip/_vendor/pep517) by extensions ['colcon_pkg']
[0.809s] Level 1:colcon.colcon_core.package_identification:_identify(venv/lib/python3.10/site-packages/pip/_vendor/pep517) by extension 'colcon_pkg'
[0.809s] Level 1:colcon.colcon_core.package_identification:_identify(venv/lib/python3.10/site-packages/pip/_vendor/pep517) by extensions ['colcon_meta']
[0.809s] Level 1:colcon.colcon_core.package_identification:_identify(venv/lib/python3.10/site-packages/pip/_vendor/pep517) by extension 'colcon_meta'
[0.809s] Level 1:colcon.colcon_core.package_identification:_identify(venv/lib/python3.10/site-packages/pip/_vendor/pep517) by extensions ['ros']
[0.809s] Level 1:colcon.colcon_core.package_identification:_identify(venv/lib/python3.10/site-packages/pip/_vendor/pep517) by extension 'ros'
[0.809s] Level 1:colcon.colcon_core.package_identification:_identify(venv/lib/python3.10/site-packages/pip/_vendor/pep517) by extensions ['cmake', 'python']
[0.809s] Level 1:colcon.colcon_core.package_identification:_identify(venv/lib/python3.10/site-packages/pip/_vendor/pep517) by extension 'cmake'
[0.809s] Level 1:colcon.colcon_core.package_identification:_identify(venv/lib/python3.10/site-packages/pip/_vendor/pep517) by extension 'python'
[0.809s] Level 1:colcon.colcon_core.package_identification:_identify(venv/lib/python3.10/site-packages/pip/_vendor/pep517) by extensions ['python_setup_py']
[0.809s] Level 1:colcon.colcon_core.package_identification:_identify(venv/lib/python3.10/site-packages/pip/_vendor/pep517) by extension 'python_setup_py'
[0.809s] Level 1:colcon.colcon_core.package_identification:_identify(venv/lib/python3.10/site-packages/pip/_vendor/pep517/__pycache__) by extensions ['ignore', 'ignore_ament_install']
[0.809s] Level 1:colcon.colcon_core.package_identification:_identify(venv/lib/python3.10/site-packages/pip/_vendor/pep517/__pycache__) by extension 'ignore'
[0.809s] Level 1:colcon.colcon_core.package_identification:_identify(venv/lib/python3.10/site-packages/pip/_vendor/pep517/__pycache__) by extension 'ignore_ament_install'
[0.809s] Level 1:colcon.colcon_core.package_identification:_identify(venv/lib/python3.10/site-packages/pip/_vendor/pep517/__pycache__) by extensions ['colcon_pkg']
[0.809s] Level 1:colcon.colcon_core.package_identification:_identify(venv/lib/python3.10/site-packages/pip/_vendor/pep517/__pycache__) by extension 'colcon_pkg'
[0.809s] Level 1:colcon.colcon_core.package_identification:_identify(venv/lib/python3.10/site-packages/pip/_vendor/pep517/__pycache__) by extensions ['colcon_meta']
[0.809s] Level 1:colcon.colcon_core.package_identification:_identify(venv/lib/python3.10/site-packages/pip/_vendor/pep517/__pycache__) by extension 'colcon_meta'
[0.809s] Level 1:colcon.colcon_core.package_identification:_identify(venv/lib/python3.10/site-packages/pip/_vendor/pep517/__pycache__) by extensions ['ros']
[0.809s] Level 1:colcon.colcon_core.package_identification:_identify(venv/lib/python3.10/site-packages/pip/_vendor/pep517/__pycache__) by extension 'ros'
[0.810s] Level 1:colcon.colcon_core.package_identification:_identify(venv/lib/python3.10/site-packages/pip/_vendor/pep517/__pycache__) by extensions ['cmake', 'python']
[0.810s] Level 1:colcon.colcon_core.package_identification:_identify(venv/lib/python3.10/site-packages/pip/_vendor/pep517/__pycache__) by extension 'cmake'
[0.810s] Level 1:colcon.colcon_core.package_identification:_identify(venv/lib/python3.10/site-packages/pip/_vendor/pep517/__pycache__) by extension 'python'
[0.810s] Level 1:colcon.colcon_core.package_identification:_identify(venv/lib/python3.10/site-packages/pip/_vendor/pep517/__pycache__) by extensions ['python_setup_py']
[0.810s] Level 1:colcon.colcon_core.package_identification:_identify(venv/lib/python3.10/site-packages/pip/_vendor/pep517/__pycache__) by extension 'python_setup_py'
[0.810s] Level 1:colcon.colcon_core.package_identification:_identify(venv/lib/python3.10/site-packages/pip/_vendor/pep517/in_process) by extensions ['ignore', 'ignore_ament_install']
[0.810s] Level 1:colcon.colcon_core.package_identification:_identify(venv/lib/python3.10/site-packages/pip/_vendor/pep517/in_process) by extension 'ignore'
[0.810s] Level 1:colcon.colcon_core.package_identification:_identify(venv/lib/python3.10/site-packages/pip/_vendor/pep517/in_process) by extension 'ignore_ament_install'
[0.810s] Level 1:colcon.colcon_core.package_identification:_identify(venv/lib/python3.10/site-packages/pip/_vendor/pep517/in_process) by extensions ['colcon_pkg']
[0.810s] Level 1:colcon.colcon_core.package_identification:_identify(venv/lib/python3.10/site-packages/pip/_vendor/pep517/in_process) by extension 'colcon_pkg'
[0.810s] Level 1:colcon.colcon_core.package_identification:_identify(venv/lib/python3.10/site-packages/pip/_vendor/pep517/in_process) by extensions ['colcon_meta']
[0.810s] Level 1:colcon.colcon_core.package_identification:_identify(venv/lib/python3.10/site-packages/pip/_vendor/pep517/in_process) by extension 'colcon_meta'
[0.810s] Level 1:colcon.colcon_core.package_identification:_identify(venv/lib/python3.10/site-packages/pip/_vendor/pep517/in_process) by extensions ['ros']
[0.810s] Level 1:colcon.colcon_core.package_identification:_identify(venv/lib/python3.10/site-packages/pip/_vendor/pep517/in_process) by extension 'ros'
[0.810s] Level 1:colcon.colcon_core.package_identification:_identify(venv/lib/python3.10/site-packages/pip/_vendor/pep517/in_process) by extensions ['cmake', 'python']
[0.810s] Level 1:colcon.colcon_core.package_identification:_identify(venv/lib/python3.10/site-packages/pip/_vendor/pep517/in_process) by extension 'cmake'
[0.810s] Level 1:colcon.colcon_core.package_identification:_identify(venv/lib/python3.10/site-packages/pip/_vendor/pep517/in_process) by extension 'python'
[0.810s] Level 1:colcon.colcon_core.package_identification:_identify(venv/lib/python3.10/site-packages/pip/_vendor/pep517/in_process) by extensions ['python_setup_py']
[0.810s] Level 1:colcon.colcon_core.package_identification:_identify(venv/lib/python3.10/site-packages/pip/_vendor/pep517/in_process) by extension 'python_setup_py'
[0.810s] Level 1:colcon.colcon_core.package_identification:_identify(venv/lib/python3.10/site-packages/pip/_vendor/pep517/in_process/__pycache__) by extensions ['ignore', 'ignore_ament_install']
[0.810s] Level 1:colcon.colcon_core.package_identification:_identify(venv/lib/python3.10/site-packages/pip/_vendor/pep517/in_process/__pycache__) by extension 'ignore'
[0.810s] Level 1:colcon.colcon_core.package_identification:_identify(venv/lib/python3.10/site-packages/pip/_vendor/pep517/in_process/__pycache__) by extension 'ignore_ament_install'
[0.810s] Level 1:colcon.colcon_core.package_identification:_identify(venv/lib/python3.10/site-packages/pip/_vendor/pep517/in_process/__pycache__) by extensions ['colcon_pkg']
[0.810s] Level 1:colcon.colcon_core.package_identification:_identify(venv/lib/python3.10/site-packages/pip/_vendor/pep517/in_process/__pycache__) by extension 'colcon_pkg'
[0.810s] Level 1:colcon.colcon_core.package_identification:_identify(venv/lib/python3.10/site-packages/pip/_vendor/pep517/in_process/__pycache__) by extensions ['colcon_meta']
[0.810s] Level 1:colcon.colcon_core.package_identification:_identify(venv/lib/python3.10/site-packages/pip/_vendor/pep517/in_process/__pycache__) by extension 'colcon_meta'
[0.810s] Level 1:colcon.colcon_core.package_identification:_identify(venv/lib/python3.10/site-packages/pip/_vendor/pep517/in_process/__pycache__) by extensions ['ros']
[0.810s] Level 1:colcon.colcon_core.package_identification:_identify(venv/lib/python3.10/site-packages/pip/_vendor/pep517/in_process/__pycache__) by extension 'ros'
[0.810s] Level 1:colcon.colcon_core.package_identification:_identify(venv/lib/python3.10/site-packages/pip/_vendor/pep517/in_process/__pycache__) by extensions ['cmake', 'python']
[0.810s] Level 1:colcon.colcon_core.package_identification:_identify(venv/lib/python3.10/site-packages/pip/_vendor/pep517/in_process/__pycache__) by extension 'cmake'
[0.810s] Level 1:colcon.colcon_core.package_identification:_identify(venv/lib/python3.10/site-packages/pip/_vendor/pep517/in_process/__pycache__) by extension 'python'
[0.810s] Level 1:colcon.colcon_core.package_identification:_identify(venv/lib/python3.10/site-packages/pip/_vendor/pep517/in_process/__pycache__) by extensions ['python_setup_py']
[0.810s] Level 1:colcon.colcon_core.package_identification:_identify(venv/lib/python3.10/site-packages/pip/_vendor/pep517/in_process/__pycache__) by extension 'python_setup_py'
[0.811s] Level 1:colcon.colcon_core.package_identification:_identify(venv/lib/python3.10/site-packages/pip/_vendor/pkg_resources) by extensions ['ignore', 'ignore_ament_install']
[0.811s] Level 1:colcon.colcon_core.package_identification:_identify(venv/lib/python3.10/site-packages/pip/_vendor/pkg_resources) by extension 'ignore'
[0.811s] Level 1:colcon.colcon_core.package_identification:_identify(venv/lib/python3.10/site-packages/pip/_vendor/pkg_resources) by extension 'ignore_ament_install'
[0.811s] Level 1:colcon.colcon_core.package_identification:_identify(venv/lib/python3.10/site-packages/pip/_vendor/pkg_resources) by extensions ['colcon_pkg']
[0.811s] Level 1:colcon.colcon_core.package_identification:_identify(venv/lib/python3.10/site-packages/pip/_vendor/pkg_resources) by extension 'colcon_pkg'
[0.811s] Level 1:colcon.colcon_core.package_identification:_identify(venv/lib/python3.10/site-packages/pip/_vendor/pkg_resources) by extensions ['colcon_meta']
[0.811s] Level 1:colcon.colcon_core.package_identification:_identify(venv/lib/python3.10/site-packages/pip/_vendor/pkg_resources) by extension 'colcon_meta'
[0.811s] Level 1:colcon.colcon_core.package_identification:_identify(venv/lib/python3.10/site-packages/pip/_vendor/pkg_resources) by extensions ['ros']
[0.811s] Level 1:colcon.colcon_core.package_identification:_identify(venv/lib/python3.10/site-packages/pip/_vendor/pkg_resources) by extension 'ros'
[0.811s] Level 1:colcon.colcon_core.package_identification:_identify(venv/lib/python3.10/site-packages/pip/_vendor/pkg_resources) by extensions ['cmake', 'python']
[0.811s] Level 1:colcon.colcon_core.package_identification:_identify(venv/lib/python3.10/site-packages/pip/_vendor/pkg_resources) by extension 'cmake'
[0.811s] Level 1:colcon.colcon_core.package_identification:_identify(venv/lib/python3.10/site-packages/pip/_vendor/pkg_resources) by extension 'python'
[0.811s] Level 1:colcon.colcon_core.package_identification:_identify(venv/lib/python3.10/site-packages/pip/_vendor/pkg_resources) by extensions ['python_setup_py']
[0.811s] Level 1:colcon.colcon_core.package_identification:_identify(venv/lib/python3.10/site-packages/pip/_vendor/pkg_resources) by extension 'python_setup_py'
[0.811s] Level 1:colcon.colcon_core.package_identification:_identify(venv/lib/python3.10/site-packages/pip/_vendor/pkg_resources/__pycache__) by extensions ['ignore', 'ignore_ament_install']
[0.811s] Level 1:colcon.colcon_core.package_identification:_identify(venv/lib/python3.10/site-packages/pip/_vendor/pkg_resources/__pycache__) by extension 'ignore'
[0.811s] Level 1:colcon.colcon_core.package_identification:_identify(venv/lib/python3.10/site-packages/pip/_vendor/pkg_resources/__pycache__) by extension 'ignore_ament_install'
[0.811s] Level 1:colcon.colcon_core.package_identification:_identify(venv/lib/python3.10/site-packages/pip/_vendor/pkg_resources/__pycache__) by extensions ['colcon_pkg']
[0.811s] Level 1:colcon.colcon_core.package_identification:_identify(venv/lib/python3.10/site-packages/pip/_vendor/pkg_resources/__pycache__) by extension 'colcon_pkg'
[0.811s] Level 1:colcon.colcon_core.package_identification:_identify(venv/lib/python3.10/site-packages/pip/_vendor/pkg_resources/__pycache__) by extensions ['colcon_meta']
[0.811s] Level 1:colcon.colcon_core.package_identification:_identify(venv/lib/python3.10/site-packages/pip/_vendor/pkg_resources/__pycache__) by extension 'colcon_meta'
[0.811s] Level 1:colcon.colcon_core.package_identification:_identify(venv/lib/python3.10/site-packages/pip/_vendor/pkg_resources/__pycache__) by extensions ['ros']
[0.811s] Level 1:colcon.colcon_core.package_identification:_identify(venv/lib/python3.10/site-packages/pip/_vendor/pkg_resources/__pycache__) by extension 'ros'
[0.811s] Level 1:colcon.colcon_core.package_identification:_identify(venv/lib/python3.10/site-packages/pip/_vendor/pkg_resources/__pycache__) by extensions ['cmake', 'python']
[0.811s] Level 1:colcon.colcon_core.package_identification:_identify(venv/lib/python3.10/site-packages/pip/_vendor/pkg_resources/__pycache__) by extension 'cmake'
[0.811s] Level 1:colcon.colcon_core.package_identification:_identify(venv/lib/python3.10/site-packages/pip/_vendor/pkg_resources/__pycache__) by extension 'python'
[0.811s] Level 1:colcon.colcon_core.package_identification:_identify(venv/lib/python3.10/site-packages/pip/_vendor/pkg_resources/__pycache__) by extensions ['python_setup_py']
[0.811s] Level 1:colcon.colcon_core.package_identification:_identify(venv/lib/python3.10/site-packages/pip/_vendor/pkg_resources/__pycache__) by extension 'python_setup_py'
[0.811s] Level 1:colcon.colcon_core.package_identification:_identify(venv/lib/python3.10/site-packages/pip/_vendor/platformdirs) by extensions ['ignore', 'ignore_ament_install']
[0.811s] Level 1:colcon.colcon_core.package_identification:_identify(venv/lib/python3.10/site-packages/pip/_vendor/platformdirs) by extension 'ignore'
[0.812s] Level 1:colcon.colcon_core.package_identification:_identify(venv/lib/python3.10/site-packages/pip/_vendor/platformdirs) by extension 'ignore_ament_install'
[0.812s] Level 1:colcon.colcon_core.package_identification:_identify(venv/lib/python3.10/site-packages/pip/_vendor/platformdirs) by extensions ['colcon_pkg']
[0.812s] Level 1:colcon.colcon_core.package_identification:_identify(venv/lib/python3.10/site-packages/pip/_vendor/platformdirs) by extension 'colcon_pkg'
[0.812s] Level 1:colcon.colcon_core.package_identification:_identify(venv/lib/python3.10/site-packages/pip/_vendor/platformdirs) by extensions ['colcon_meta']
[0.812s] Level 1:colcon.colcon_core.package_identification:_identify(venv/lib/python3.10/site-packages/pip/_vendor/platformdirs) by extension 'colcon_meta'
[0.812s] Level 1:colcon.colcon_core.package_identification:_identify(venv/lib/python3.10/site-packages/pip/_vendor/platformdirs) by extensions ['ros']
[0.812s] Level 1:colcon.colcon_core.package_identification:_identify(venv/lib/python3.10/site-packages/pip/_vendor/platformdirs) by extension 'ros'
[0.812s] Level 1:colcon.colcon_core.package_identification:_identify(venv/lib/python3.10/site-packages/pip/_vendor/platformdirs) by extensions ['cmake', 'python']
[0.812s] Level 1:colcon.colcon_core.package_identification:_identify(venv/lib/python3.10/site-packages/pip/_vendor/platformdirs) by extension 'cmake'
[0.812s] Level 1:colcon.colcon_core.package_identification:_identify(venv/lib/python3.10/site-packages/pip/_vendor/platformdirs) by extension 'python'
[0.812s] Level 1:colcon.colcon_core.package_identification:_identify(venv/lib/python3.10/site-packages/pip/_vendor/platformdirs) by extensions ['python_setup_py']
[0.812s] Level 1:colcon.colcon_core.package_identification:_identify(venv/lib/python3.10/site-packages/pip/_vendor/platformdirs) by extension 'python_setup_py'
[0.812s] Level 1:colcon.colcon_core.package_identification:_identify(venv/lib/python3.10/site-packages/pip/_vendor/platformdirs/__pycache__) by extensions ['ignore', 'ignore_ament_install']
[0.812s] Level 1:colcon.colcon_core.package_identification:_identify(venv/lib/python3.10/site-packages/pip/_vendor/platformdirs/__pycache__) by extension 'ignore'
[0.812s] Level 1:colcon.colcon_core.package_identification:_identify(venv/lib/python3.10/site-packages/pip/_vendor/platformdirs/__pycache__) by extension 'ignore_ament_install'
[0.812s] Level 1:colcon.colcon_core.package_identification:_identify(venv/lib/python3.10/site-packages/pip/_vendor/platformdirs/__pycache__) by extensions ['colcon_pkg']
[0.812s] Level 1:colcon.colcon_core.package_identification:_identify(venv/lib/python3.10/site-packages/pip/_vendor/platformdirs/__pycache__) by extension 'colcon_pkg'
[0.812s] Level 1:colcon.colcon_core.package_identification:_identify(venv/lib/python3.10/site-packages/pip/_vendor/platformdirs/__pycache__) by extensions ['colcon_meta']
[0.812s] Level 1:colcon.colcon_core.package_identification:_identify(venv/lib/python3.10/site-packages/pip/_vendor/platformdirs/__pycache__) by extension 'colcon_meta'
[0.812s] Level 1:colcon.colcon_core.package_identification:_identify(venv/lib/python3.10/site-packages/pip/_vendor/platformdirs/__pycache__) by extensions ['ros']
[0.812s] Level 1:colcon.colcon_core.package_identification:_identify(venv/lib/python3.10/site-packages/pip/_vendor/platformdirs/__pycache__) by extension 'ros'
[0.812s] Level 1:colcon.colcon_core.package_identification:_identify(venv/lib/python3.10/site-packages/pip/_vendor/platformdirs/__pycache__) by extensions ['cmake', 'python']
[0.812s] Level 1:colcon.colcon_core.package_identification:_identify(venv/lib/python3.10/site-packages/pip/_vendor/platformdirs/__pycache__) by extension 'cmake'
[0.812s] Level 1:colcon.colcon_core.package_identification:_identify(venv/lib/python3.10/site-packages/pip/_vendor/platformdirs/__pycache__) by extension 'python'
[0.812s] Level 1:colcon.colcon_core.package_identification:_identify(venv/lib/python3.10/site-packages/pip/_vendor/platformdirs/__pycache__) by extensions ['python_setup_py']
[0.812s] Level 1:colcon.colcon_core.package_identification:_identify(venv/lib/python3.10/site-packages/pip/_vendor/platformdirs/__pycache__) by extension 'python_setup_py'
[0.812s] Level 1:colcon.colcon_core.package_identification:_identify(venv/lib/python3.10/site-packages/pip/_vendor/progress) by extensions ['ignore', 'ignore_ament_install']
[0.812s] Level 1:colcon.colcon_core.package_identification:_identify(venv/lib/python3.10/site-packages/pip/_vendor/progress) by extension 'ignore'
[0.812s] Level 1:colcon.colcon_core.package_identification:_identify(venv/lib/python3.10/site-packages/pip/_vendor/progress) by extension 'ignore_ament_install'
[0.812s] Level 1:colcon.colcon_core.package_identification:_identify(venv/lib/python3.10/site-packages/pip/_vendor/progress) by extensions ['colcon_pkg']
[0.812s] Level 1:colcon.colcon_core.package_identification:_identify(venv/lib/python3.10/site-packages/pip/_vendor/progress) by extension 'colcon_pkg'
[0.812s] Level 1:colcon.colcon_core.package_identification:_identify(venv/lib/python3.10/site-packages/pip/_vendor/progress) by extensions ['colcon_meta']
[0.812s] Level 1:colcon.colcon_core.package_identification:_identify(venv/lib/python3.10/site-packages/pip/_vendor/progress) by extension 'colcon_meta'
[0.813s] Level 1:colcon.colcon_core.package_identification:_identify(venv/lib/python3.10/site-packages/pip/_vendor/progress) by extensions ['ros']
[0.813s] Level 1:colcon.colcon_core.package_identification:_identify(venv/lib/python3.10/site-packages/pip/_vendor/progress) by extension 'ros'
[0.813s] Level 1:colcon.colcon_core.package_identification:_identify(venv/lib/python3.10/site-packages/pip/_vendor/progress) by extensions ['cmake', 'python']
[0.813s] Level 1:colcon.colcon_core.package_identification:_identify(venv/lib/python3.10/site-packages/pip/_vendor/progress) by extension 'cmake'
[0.813s] Level 1:colcon.colcon_core.package_identification:_identify(venv/lib/python3.10/site-packages/pip/_vendor/progress) by extension 'python'
[0.813s] Level 1:colcon.colcon_core.package_identification:_identify(venv/lib/python3.10/site-packages/pip/_vendor/progress) by extensions ['python_setup_py']
[0.813s] Level 1:colcon.colcon_core.package_identification:_identify(venv/lib/python3.10/site-packages/pip/_vendor/progress) by extension 'python_setup_py'
[0.813s] Level 1:colcon.colcon_core.package_identification:_identify(venv/lib/python3.10/site-packages/pip/_vendor/progress/__pycache__) by extensions ['ignore', 'ignore_ament_install']
[0.813s] Level 1:colcon.colcon_core.package_identification:_identify(venv/lib/python3.10/site-packages/pip/_vendor/progress/__pycache__) by extension 'ignore'
[0.813s] Level 1:colcon.colcon_core.package_identification:_identify(venv/lib/python3.10/site-packages/pip/_vendor/progress/__pycache__) by extension 'ignore_ament_install'
[0.813s] Level 1:colcon.colcon_core.package_identification:_identify(venv/lib/python3.10/site-packages/pip/_vendor/progress/__pycache__) by extensions ['colcon_pkg']
[0.813s] Level 1:colcon.colcon_core.package_identification:_identify(venv/lib/python3.10/site-packages/pip/_vendor/progress/__pycache__) by extension 'colcon_pkg'
[0.813s] Level 1:colcon.colcon_core.package_identification:_identify(venv/lib/python3.10/site-packages/pip/_vendor/progress/__pycache__) by extensions ['colcon_meta']
[0.813s] Level 1:colcon.colcon_core.package_identification:_identify(venv/lib/python3.10/site-packages/pip/_vendor/progress/__pycache__) by extension 'colcon_meta'
[0.813s] Level 1:colcon.colcon_core.package_identification:_identify(venv/lib/python3.10/site-packages/pip/_vendor/progress/__pycache__) by extensions ['ros']
[0.813s] Level 1:colcon.colcon_core.package_identification:_identify(venv/lib/python3.10/site-packages/pip/_vendor/progress/__pycache__) by extension 'ros'
[0.813s] Level 1:colcon.colcon_core.package_identification:_identify(venv/lib/python3.10/site-packages/pip/_vendor/progress/__pycache__) by extensions ['cmake', 'python']
[0.813s] Level 1:colcon.colcon_core.package_identification:_identify(venv/lib/python3.10/site-packages/pip/_vendor/progress/__pycache__) by extension 'cmake'
[0.813s] Level 1:colcon.colcon_core.package_identification:_identify(venv/lib/python3.10/site-packages/pip/_vendor/progress/__pycache__) by extension 'python'
[0.813s] Level 1:colcon.colcon_core.package_identification:_identify(venv/lib/python3.10/site-packages/pip/_vendor/progress/__pycache__) by extensions ['python_setup_py']
[0.813s] Level 1:colcon.colcon_core.package_identification:_identify(venv/lib/python3.10/site-packages/pip/_vendor/progress/__pycache__) by extension 'python_setup_py'
[0.813s] Level 1:colcon.colcon_core.package_identification:_identify(venv/lib/python3.10/site-packages/pip/_vendor/pygments) by extensions ['ignore', 'ignore_ament_install']
[0.813s] Level 1:colcon.colcon_core.package_identification:_identify(venv/lib/python3.10/site-packages/pip/_vendor/pygments) by extension 'ignore'
[0.813s] Level 1:colcon.colcon_core.package_identification:_identify(venv/lib/python3.10/site-packages/pip/_vendor/pygments) by extension 'ignore_ament_install'
[0.813s] Level 1:colcon.colcon_core.package_identification:_identify(venv/lib/python3.10/site-packages/pip/_vendor/pygments) by extensions ['colcon_pkg']
[0.813s] Level 1:colcon.colcon_core.package_identification:_identify(venv/lib/python3.10/site-packages/pip/_vendor/pygments) by extension 'colcon_pkg'
[0.813s] Level 1:colcon.colcon_core.package_identification:_identify(venv/lib/python3.10/site-packages/pip/_vendor/pygments) by extensions ['colcon_meta']
[0.813s] Level 1:colcon.colcon_core.package_identification:_identify(venv/lib/python3.10/site-packages/pip/_vendor/pygments) by extension 'colcon_meta'
[0.813s] Level 1:colcon.colcon_core.package_identification:_identify(venv/lib/python3.10/site-packages/pip/_vendor/pygments) by extensions ['ros']
[0.813s] Level 1:colcon.colcon_core.package_identification:_identify(venv/lib/python3.10/site-packages/pip/_vendor/pygments) by extension 'ros'
[0.813s] Level 1:colcon.colcon_core.package_identification:_identify(venv/lib/python3.10/site-packages/pip/_vendor/pygments) by extensions ['cmake', 'python']
[0.813s] Level 1:colcon.colcon_core.package_identification:_identify(venv/lib/python3.10/site-packages/pip/_vendor/pygments) by extension 'cmake'
[0.813s] Level 1:colcon.colcon_core.package_identification:_identify(venv/lib/python3.10/site-packages/pip/_vendor/pygments) by extension 'python'
[0.813s] Level 1:colcon.colcon_core.package_identification:_identify(venv/lib/python3.10/site-packages/pip/_vendor/pygments) by extensions ['python_setup_py']
[0.814s] Level 1:colcon.colcon_core.package_identification:_identify(venv/lib/python3.10/site-packages/pip/_vendor/pygments) by extension 'python_setup_py'
[0.814s] Level 1:colcon.colcon_core.package_identification:_identify(venv/lib/python3.10/site-packages/pip/_vendor/pygments/__pycache__) by extensions ['ignore', 'ignore_ament_install']
[0.814s] Level 1:colcon.colcon_core.package_identification:_identify(venv/lib/python3.10/site-packages/pip/_vendor/pygments/__pycache__) by extension 'ignore'
[0.814s] Level 1:colcon.colcon_core.package_identification:_identify(venv/lib/python3.10/site-packages/pip/_vendor/pygments/__pycache__) by extension 'ignore_ament_install'
[0.814s] Level 1:colcon.colcon_core.package_identification:_identify(venv/lib/python3.10/site-packages/pip/_vendor/pygments/__pycache__) by extensions ['colcon_pkg']
[0.814s] Level 1:colcon.colcon_core.package_identification:_identify(venv/lib/python3.10/site-packages/pip/_vendor/pygments/__pycache__) by extension 'colcon_pkg'
[0.814s] Level 1:colcon.colcon_core.package_identification:_identify(venv/lib/python3.10/site-packages/pip/_vendor/pygments/__pycache__) by extensions ['colcon_meta']
[0.814s] Level 1:colcon.colcon_core.package_identification:_identify(venv/lib/python3.10/site-packages/pip/_vendor/pygments/__pycache__) by extension 'colcon_meta'
[0.814s] Level 1:colcon.colcon_core.package_identification:_identify(venv/lib/python3.10/site-packages/pip/_vendor/pygments/__pycache__) by extensions ['ros']
[0.814s] Level 1:colcon.colcon_core.package_identification:_identify(venv/lib/python3.10/site-packages/pip/_vendor/pygments/__pycache__) by extension 'ros'
[0.814s] Level 1:colcon.colcon_core.package_identification:_identify(venv/lib/python3.10/site-packages/pip/_vendor/pygments/__pycache__) by extensions ['cmake', 'python']
[0.814s] Level 1:colcon.colcon_core.package_identification:_identify(venv/lib/python3.10/site-packages/pip/_vendor/pygments/__pycache__) by extension 'cmake'
[0.814s] Level 1:colcon.colcon_core.package_identification:_identify(venv/lib/python3.10/site-packages/pip/_vendor/pygments/__pycache__) by extension 'python'
[0.814s] Level 1:colcon.colcon_core.package_identification:_identify(venv/lib/python3.10/site-packages/pip/_vendor/pygments/__pycache__) by extensions ['python_setup_py']
[0.814s] Level 1:colcon.colcon_core.package_identification:_identify(venv/lib/python3.10/site-packages/pip/_vendor/pygments/__pycache__) by extension 'python_setup_py'
[0.814s] Level 1:colcon.colcon_core.package_identification:_identify(venv/lib/python3.10/site-packages/pip/_vendor/pygments/filters) by extensions ['ignore', 'ignore_ament_install']
[0.814s] Level 1:colcon.colcon_core.package_identification:_identify(venv/lib/python3.10/site-packages/pip/_vendor/pygments/filters) by extension 'ignore'
[0.814s] Level 1:colcon.colcon_core.package_identification:_identify(venv/lib/python3.10/site-packages/pip/_vendor/pygments/filters) by extension 'ignore_ament_install'
[0.814s] Level 1:colcon.colcon_core.package_identification:_identify(venv/lib/python3.10/site-packages/pip/_vendor/pygments/filters) by extensions ['colcon_pkg']
[0.814s] Level 1:colcon.colcon_core.package_identification:_identify(venv/lib/python3.10/site-packages/pip/_vendor/pygments/filters) by extension 'colcon_pkg'
[0.814s] Level 1:colcon.colcon_core.package_identification:_identify(venv/lib/python3.10/site-packages/pip/_vendor/pygments/filters) by extensions ['colcon_meta']
[0.814s] Level 1:colcon.colcon_core.package_identification:_identify(venv/lib/python3.10/site-packages/pip/_vendor/pygments/filters) by extension 'colcon_meta'
[0.814s] Level 1:colcon.colcon_core.package_identification:_identify(venv/lib/python3.10/site-packages/pip/_vendor/pygments/filters) by extensions ['ros']
[0.814s] Level 1:colcon.colcon_core.package_identification:_identify(venv/lib/python3.10/site-packages/pip/_vendor/pygments/filters) by extension 'ros'
[0.814s] Level 1:colcon.colcon_core.package_identification:_identify(venv/lib/python3.10/site-packages/pip/_vendor/pygments/filters) by extensions ['cmake', 'python']
[0.814s] Level 1:colcon.colcon_core.package_identification:_identify(venv/lib/python3.10/site-packages/pip/_vendor/pygments/filters) by extension 'cmake'
[0.814s] Level 1:colcon.colcon_core.package_identification:_identify(venv/lib/python3.10/site-packages/pip/_vendor/pygments/filters) by extension 'python'
[0.814s] Level 1:colcon.colcon_core.package_identification:_identify(venv/lib/python3.10/site-packages/pip/_vendor/pygments/filters) by extensions ['python_setup_py']
[0.814s] Level 1:colcon.colcon_core.package_identification:_identify(venv/lib/python3.10/site-packages/pip/_vendor/pygments/filters) by extension 'python_setup_py'
[0.814s] Level 1:colcon.colcon_core.package_identification:_identify(venv/lib/python3.10/site-packages/pip/_vendor/pygments/filters/__pycache__) by extensions ['ignore', 'ignore_ament_install']
[0.814s] Level 1:colcon.colcon_core.package_identification:_identify(venv/lib/python3.10/site-packages/pip/_vendor/pygments/filters/__pycache__) by extension 'ignore'
[0.815s] Level 1:colcon.colcon_core.package_identification:_identify(venv/lib/python3.10/site-packages/pip/_vendor/pygments/filters/__pycache__) by extension 'ignore_ament_install'
[0.815s] Level 1:colcon.colcon_core.package_identification:_identify(venv/lib/python3.10/site-packages/pip/_vendor/pygments/filters/__pycache__) by extensions ['colcon_pkg']
[0.815s] Level 1:colcon.colcon_core.package_identification:_identify(venv/lib/python3.10/site-packages/pip/_vendor/pygments/filters/__pycache__) by extension 'colcon_pkg'
[0.815s] Level 1:colcon.colcon_core.package_identification:_identify(venv/lib/python3.10/site-packages/pip/_vendor/pygments/filters/__pycache__) by extensions ['colcon_meta']
[0.815s] Level 1:colcon.colcon_core.package_identification:_identify(venv/lib/python3.10/site-packages/pip/_vendor/pygments/filters/__pycache__) by extension 'colcon_meta'
[0.815s] Level 1:colcon.colcon_core.package_identification:_identify(venv/lib/python3.10/site-packages/pip/_vendor/pygments/filters/__pycache__) by extensions ['ros']
[0.815s] Level 1:colcon.colcon_core.package_identification:_identify(venv/lib/python3.10/site-packages/pip/_vendor/pygments/filters/__pycache__) by extension 'ros'
[0.815s] Level 1:colcon.colcon_core.package_identification:_identify(venv/lib/python3.10/site-packages/pip/_vendor/pygments/filters/__pycache__) by extensions ['cmake', 'python']
[0.815s] Level 1:colcon.colcon_core.package_identification:_identify(venv/lib/python3.10/site-packages/pip/_vendor/pygments/filters/__pycache__) by extension 'cmake'
[0.815s] Level 1:colcon.colcon_core.package_identification:_identify(venv/lib/python3.10/site-packages/pip/_vendor/pygments/filters/__pycache__) by extension 'python'
[0.815s] Level 1:colcon.colcon_core.package_identification:_identify(venv/lib/python3.10/site-packages/pip/_vendor/pygments/filters/__pycache__) by extensions ['python_setup_py']
[0.815s] Level 1:colcon.colcon_core.package_identification:_identify(venv/lib/python3.10/site-packages/pip/_vendor/pygments/filters/__pycache__) by extension 'python_setup_py'
[0.815s] Level 1:colcon.colcon_core.package_identification:_identify(venv/lib/python3.10/site-packages/pip/_vendor/pygments/formatters) by extensions ['ignore', 'ignore_ament_install']
[0.815s] Level 1:colcon.colcon_core.package_identification:_identify(venv/lib/python3.10/site-packages/pip/_vendor/pygments/formatters) by extension 'ignore'
[0.815s] Level 1:colcon.colcon_core.package_identification:_identify(venv/lib/python3.10/site-packages/pip/_vendor/pygments/formatters) by extension 'ignore_ament_install'
[0.815s] Level 1:colcon.colcon_core.package_identification:_identify(venv/lib/python3.10/site-packages/pip/_vendor/pygments/formatters) by extensions ['colcon_pkg']
[0.815s] Level 1:colcon.colcon_core.package_identification:_identify(venv/lib/python3.10/site-packages/pip/_vendor/pygments/formatters) by extension 'colcon_pkg'
[0.815s] Level 1:colcon.colcon_core.package_identification:_identify(venv/lib/python3.10/site-packages/pip/_vendor/pygments/formatters) by extensions ['colcon_meta']
[0.815s] Level 1:colcon.colcon_core.package_identification:_identify(venv/lib/python3.10/site-packages/pip/_vendor/pygments/formatters) by extension 'colcon_meta'
[0.815s] Level 1:colcon.colcon_core.package_identification:_identify(venv/lib/python3.10/site-packages/pip/_vendor/pygments/formatters) by extensions ['ros']
[0.815s] Level 1:colcon.colcon_core.package_identification:_identify(venv/lib/python3.10/site-packages/pip/_vendor/pygments/formatters) by extension 'ros'
[0.815s] Level 1:colcon.colcon_core.package_identification:_identify(venv/lib/python3.10/site-packages/pip/_vendor/pygments/formatters) by extensions ['cmake', 'python']
[0.815s] Level 1:colcon.colcon_core.package_identification:_identify(venv/lib/python3.10/site-packages/pip/_vendor/pygments/formatters) by extension 'cmake'
[0.815s] Level 1:colcon.colcon_core.package_identification:_identify(venv/lib/python3.10/site-packages/pip/_vendor/pygments/formatters) by extension 'python'
[0.815s] Level 1:colcon.colcon_core.package_identification:_identify(venv/lib/python3.10/site-packages/pip/_vendor/pygments/formatters) by extensions ['python_setup_py']
[0.815s] Level 1:colcon.colcon_core.package_identification:_identify(venv/lib/python3.10/site-packages/pip/_vendor/pygments/formatters) by extension 'python_setup_py'
[0.815s] Level 1:colcon.colcon_core.package_identification:_identify(venv/lib/python3.10/site-packages/pip/_vendor/pygments/formatters/__pycache__) by extensions ['ignore', 'ignore_ament_install']
[0.815s] Level 1:colcon.colcon_core.package_identification:_identify(venv/lib/python3.10/site-packages/pip/_vendor/pygments/formatters/__pycache__) by extension 'ignore'
[0.815s] Level 1:colcon.colcon_core.package_identification:_identify(venv/lib/python3.10/site-packages/pip/_vendor/pygments/formatters/__pycache__) by extension 'ignore_ament_install'
[0.815s] Level 1:colcon.colcon_core.package_identification:_identify(venv/lib/python3.10/site-packages/pip/_vendor/pygments/formatters/__pycache__) by extensions ['colcon_pkg']
[0.815s] Level 1:colcon.colcon_core.package_identification:_identify(venv/lib/python3.10/site-packages/pip/_vendor/pygments/formatters/__pycache__) by extension 'colcon_pkg'
[0.815s] Level 1:colcon.colcon_core.package_identification:_identify(venv/lib/python3.10/site-packages/pip/_vendor/pygments/formatters/__pycache__) by extensions ['colcon_meta']
[0.815s] Level 1:colcon.colcon_core.package_identification:_identify(venv/lib/python3.10/site-packages/pip/_vendor/pygments/formatters/__pycache__) by extension 'colcon_meta'
[0.816s] Level 1:colcon.colcon_core.package_identification:_identify(venv/lib/python3.10/site-packages/pip/_vendor/pygments/formatters/__pycache__) by extensions ['ros']
[0.816s] Level 1:colcon.colcon_core.package_identification:_identify(venv/lib/python3.10/site-packages/pip/_vendor/pygments/formatters/__pycache__) by extension 'ros'
[0.816s] Level 1:colcon.colcon_core.package_identification:_identify(venv/lib/python3.10/site-packages/pip/_vendor/pygments/formatters/__pycache__) by extensions ['cmake', 'python']
[0.816s] Level 1:colcon.colcon_core.package_identification:_identify(venv/lib/python3.10/site-packages/pip/_vendor/pygments/formatters/__pycache__) by extension 'cmake'
[0.816s] Level 1:colcon.colcon_core.package_identification:_identify(venv/lib/python3.10/site-packages/pip/_vendor/pygments/formatters/__pycache__) by extension 'python'
[0.816s] Level 1:colcon.colcon_core.package_identification:_identify(venv/lib/python3.10/site-packages/pip/_vendor/pygments/formatters/__pycache__) by extensions ['python_setup_py']
[0.816s] Level 1:colcon.colcon_core.package_identification:_identify(venv/lib/python3.10/site-packages/pip/_vendor/pygments/formatters/__pycache__) by extension 'python_setup_py'
[0.816s] Level 1:colcon.colcon_core.package_identification:_identify(venv/lib/python3.10/site-packages/pip/_vendor/pygments/lexers) by extensions ['ignore', 'ignore_ament_install']
[0.816s] Level 1:colcon.colcon_core.package_identification:_identify(venv/lib/python3.10/site-packages/pip/_vendor/pygments/lexers) by extension 'ignore'
[0.816s] Level 1:colcon.colcon_core.package_identification:_identify(venv/lib/python3.10/site-packages/pip/_vendor/pygments/lexers) by extension 'ignore_ament_install'
[0.816s] Level 1:colcon.colcon_core.package_identification:_identify(venv/lib/python3.10/site-packages/pip/_vendor/pygments/lexers) by extensions ['colcon_pkg']
[0.816s] Level 1:colcon.colcon_core.package_identification:_identify(venv/lib/python3.10/site-packages/pip/_vendor/pygments/lexers) by extension 'colcon_pkg'
[0.816s] Level 1:colcon.colcon_core.package_identification:_identify(venv/lib/python3.10/site-packages/pip/_vendor/pygments/lexers) by extensions ['colcon_meta']
[0.816s] Level 1:colcon.colcon_core.package_identification:_identify(venv/lib/python3.10/site-packages/pip/_vendor/pygments/lexers) by extension 'colcon_meta'
[0.816s] Level 1:colcon.colcon_core.package_identification:_identify(venv/lib/python3.10/site-packages/pip/_vendor/pygments/lexers) by extensions ['ros']
[0.816s] Level 1:colcon.colcon_core.package_identification:_identify(venv/lib/python3.10/site-packages/pip/_vendor/pygments/lexers) by extension 'ros'
[0.816s] Level 1:colcon.colcon_core.package_identification:_identify(venv/lib/python3.10/site-packages/pip/_vendor/pygments/lexers) by extensions ['cmake', 'python']
[0.816s] Level 1:colcon.colcon_core.package_identification:_identify(venv/lib/python3.10/site-packages/pip/_vendor/pygments/lexers) by extension 'cmake'
[0.816s] Level 1:colcon.colcon_core.package_identification:_identify(venv/lib/python3.10/site-packages/pip/_vendor/pygments/lexers) by extension 'python'
[0.816s] Level 1:colcon.colcon_core.package_identification:_identify(venv/lib/python3.10/site-packages/pip/_vendor/pygments/lexers) by extensions ['python_setup_py']
[0.816s] Level 1:colcon.colcon_core.package_identification:_identify(venv/lib/python3.10/site-packages/pip/_vendor/pygments/lexers) by extension 'python_setup_py'
[0.816s] Level 1:colcon.colcon_core.package_identification:_identify(venv/lib/python3.10/site-packages/pip/_vendor/pygments/lexers/__pycache__) by extensions ['ignore', 'ignore_ament_install']
[0.816s] Level 1:colcon.colcon_core.package_identification:_identify(venv/lib/python3.10/site-packages/pip/_vendor/pygments/lexers/__pycache__) by extension 'ignore'
[0.816s] Level 1:colcon.colcon_core.package_identification:_identify(venv/lib/python3.10/site-packages/pip/_vendor/pygments/lexers/__pycache__) by extension 'ignore_ament_install'
[0.816s] Level 1:colcon.colcon_core.package_identification:_identify(venv/lib/python3.10/site-packages/pip/_vendor/pygments/lexers/__pycache__) by extensions ['colcon_pkg']
[0.816s] Level 1:colcon.colcon_core.package_identification:_identify(venv/lib/python3.10/site-packages/pip/_vendor/pygments/lexers/__pycache__) by extension 'colcon_pkg'
[0.816s] Level 1:colcon.colcon_core.package_identification:_identify(venv/lib/python3.10/site-packages/pip/_vendor/pygments/lexers/__pycache__) by extensions ['colcon_meta']
[0.816s] Level 1:colcon.colcon_core.package_identification:_identify(venv/lib/python3.10/site-packages/pip/_vendor/pygments/lexers/__pycache__) by extension 'colcon_meta'
[0.816s] Level 1:colcon.colcon_core.package_identification:_identify(venv/lib/python3.10/site-packages/pip/_vendor/pygments/lexers/__pycache__) by extensions ['ros']
[0.816s] Level 1:colcon.colcon_core.package_identification:_identify(venv/lib/python3.10/site-packages/pip/_vendor/pygments/lexers/__pycache__) by extension 'ros'
[0.816s] Level 1:colcon.colcon_core.package_identification:_identify(venv/lib/python3.10/site-packages/pip/_vendor/pygments/lexers/__pycache__) by extensions ['cmake', 'python']
[0.816s] Level 1:colcon.colcon_core.package_identification:_identify(venv/lib/python3.10/site-packages/pip/_vendor/pygments/lexers/__pycache__) by extension 'cmake'
[0.816s] Level 1:colcon.colcon_core.package_identification:_identify(venv/lib/python3.10/site-packages/pip/_vendor/pygments/lexers/__pycache__) by extension 'python'
[0.817s] Level 1:colcon.colcon_core.package_identification:_identify(venv/lib/python3.10/site-packages/pip/_vendor/pygments/lexers/__pycache__) by extensions ['python_setup_py']
[0.817s] Level 1:colcon.colcon_core.package_identification:_identify(venv/lib/python3.10/site-packages/pip/_vendor/pygments/lexers/__pycache__) by extension 'python_setup_py'
[0.817s] Level 1:colcon.colcon_core.package_identification:_identify(venv/lib/python3.10/site-packages/pip/_vendor/pygments/styles) by extensions ['ignore', 'ignore_ament_install']
[0.817s] Level 1:colcon.colcon_core.package_identification:_identify(venv/lib/python3.10/site-packages/pip/_vendor/pygments/styles) by extension 'ignore'
[0.817s] Level 1:colcon.colcon_core.package_identification:_identify(venv/lib/python3.10/site-packages/pip/_vendor/pygments/styles) by extension 'ignore_ament_install'
[0.817s] Level 1:colcon.colcon_core.package_identification:_identify(venv/lib/python3.10/site-packages/pip/_vendor/pygments/styles) by extensions ['colcon_pkg']
[0.817s] Level 1:colcon.colcon_core.package_identification:_identify(venv/lib/python3.10/site-packages/pip/_vendor/pygments/styles) by extension 'colcon_pkg'
[0.817s] Level 1:colcon.colcon_core.package_identification:_identify(venv/lib/python3.10/site-packages/pip/_vendor/pygments/styles) by extensions ['colcon_meta']
[0.817s] Level 1:colcon.colcon_core.package_identification:_identify(venv/lib/python3.10/site-packages/pip/_vendor/pygments/styles) by extension 'colcon_meta'
[0.817s] Level 1:colcon.colcon_core.package_identification:_identify(venv/lib/python3.10/site-packages/pip/_vendor/pygments/styles) by extensions ['ros']
[0.817s] Level 1:colcon.colcon_core.package_identification:_identify(venv/lib/python3.10/site-packages/pip/_vendor/pygments/styles) by extension 'ros'
[0.817s] Level 1:colcon.colcon_core.package_identification:_identify(venv/lib/python3.10/site-packages/pip/_vendor/pygments/styles) by extensions ['cmake', 'python']
[0.817s] Level 1:colcon.colcon_core.package_identification:_identify(venv/lib/python3.10/site-packages/pip/_vendor/pygments/styles) by extension 'cmake'
[0.817s] Level 1:colcon.colcon_core.package_identification:_identify(venv/lib/python3.10/site-packages/pip/_vendor/pygments/styles) by extension 'python'
[0.817s] Level 1:colcon.colcon_core.package_identification:_identify(venv/lib/python3.10/site-packages/pip/_vendor/pygments/styles) by extensions ['python_setup_py']
[0.817s] Level 1:colcon.colcon_core.package_identification:_identify(venv/lib/python3.10/site-packages/pip/_vendor/pygments/styles) by extension 'python_setup_py'
[0.817s] Level 1:colcon.colcon_core.package_identification:_identify(venv/lib/python3.10/site-packages/pip/_vendor/pygments/styles/__pycache__) by extensions ['ignore', 'ignore_ament_install']
[0.817s] Level 1:colcon.colcon_core.package_identification:_identify(venv/lib/python3.10/site-packages/pip/_vendor/pygments/styles/__pycache__) by extension 'ignore'
[0.817s] Level 1:colcon.colcon_core.package_identification:_identify(venv/lib/python3.10/site-packages/pip/_vendor/pygments/styles/__pycache__) by extension 'ignore_ament_install'
[0.817s] Level 1:colcon.colcon_core.package_identification:_identify(venv/lib/python3.10/site-packages/pip/_vendor/pygments/styles/__pycache__) by extensions ['colcon_pkg']
[0.817s] Level 1:colcon.colcon_core.package_identification:_identify(venv/lib/python3.10/site-packages/pip/_vendor/pygments/styles/__pycache__) by extension 'colcon_pkg'
[0.817s] Level 1:colcon.colcon_core.package_identification:_identify(venv/lib/python3.10/site-packages/pip/_vendor/pygments/styles/__pycache__) by extensions ['colcon_meta']
[0.817s] Level 1:colcon.colcon_core.package_identification:_identify(venv/lib/python3.10/site-packages/pip/_vendor/pygments/styles/__pycache__) by extension 'colcon_meta'
[0.817s] Level 1:colcon.colcon_core.package_identification:_identify(venv/lib/python3.10/site-packages/pip/_vendor/pygments/styles/__pycache__) by extensions ['ros']
[0.817s] Level 1:colcon.colcon_core.package_identification:_identify(venv/lib/python3.10/site-packages/pip/_vendor/pygments/styles/__pycache__) by extension 'ros'
[0.817s] Level 1:colcon.colcon_core.package_identification:_identify(venv/lib/python3.10/site-packages/pip/_vendor/pygments/styles/__pycache__) by extensions ['cmake', 'python']
[0.817s] Level 1:colcon.colcon_core.package_identification:_identify(venv/lib/python3.10/site-packages/pip/_vendor/pygments/styles/__pycache__) by extension 'cmake'
[0.817s] Level 1:colcon.colcon_core.package_identification:_identify(venv/lib/python3.10/site-packages/pip/_vendor/pygments/styles/__pycache__) by extension 'python'
[0.817s] Level 1:colcon.colcon_core.package_identification:_identify(venv/lib/python3.10/site-packages/pip/_vendor/pygments/styles/__pycache__) by extensions ['python_setup_py']
[0.817s] Level 1:colcon.colcon_core.package_identification:_identify(venv/lib/python3.10/site-packages/pip/_vendor/pygments/styles/__pycache__) by extension 'python_setup_py'
[0.817s] Level 1:colcon.colcon_core.package_identification:_identify(venv/lib/python3.10/site-packages/pip/_vendor/pyparsing) by extensions ['ignore', 'ignore_ament_install']
[0.818s] Level 1:colcon.colcon_core.package_identification:_identify(venv/lib/python3.10/site-packages/pip/_vendor/pyparsing) by extension 'ignore'
[0.818s] Level 1:colcon.colcon_core.package_identification:_identify(venv/lib/python3.10/site-packages/pip/_vendor/pyparsing) by extension 'ignore_ament_install'
[0.818s] Level 1:colcon.colcon_core.package_identification:_identify(venv/lib/python3.10/site-packages/pip/_vendor/pyparsing) by extensions ['colcon_pkg']
[0.818s] Level 1:colcon.colcon_core.package_identification:_identify(venv/lib/python3.10/site-packages/pip/_vendor/pyparsing) by extension 'colcon_pkg'
[0.818s] Level 1:colcon.colcon_core.package_identification:_identify(venv/lib/python3.10/site-packages/pip/_vendor/pyparsing) by extensions ['colcon_meta']
[0.818s] Level 1:colcon.colcon_core.package_identification:_identify(venv/lib/python3.10/site-packages/pip/_vendor/pyparsing) by extension 'colcon_meta'
[0.818s] Level 1:colcon.colcon_core.package_identification:_identify(venv/lib/python3.10/site-packages/pip/_vendor/pyparsing) by extensions ['ros']
[0.818s] Level 1:colcon.colcon_core.package_identification:_identify(venv/lib/python3.10/site-packages/pip/_vendor/pyparsing) by extension 'ros'
[0.818s] Level 1:colcon.colcon_core.package_identification:_identify(venv/lib/python3.10/site-packages/pip/_vendor/pyparsing) by extensions ['cmake', 'python']
[0.818s] Level 1:colcon.colcon_core.package_identification:_identify(venv/lib/python3.10/site-packages/pip/_vendor/pyparsing) by extension 'cmake'
[0.818s] Level 1:colcon.colcon_core.package_identification:_identify(venv/lib/python3.10/site-packages/pip/_vendor/pyparsing) by extension 'python'
[0.818s] Level 1:colcon.colcon_core.package_identification:_identify(venv/lib/python3.10/site-packages/pip/_vendor/pyparsing) by extensions ['python_setup_py']
[0.818s] Level 1:colcon.colcon_core.package_identification:_identify(venv/lib/python3.10/site-packages/pip/_vendor/pyparsing) by extension 'python_setup_py'
[0.818s] Level 1:colcon.colcon_core.package_identification:_identify(venv/lib/python3.10/site-packages/pip/_vendor/pyparsing/__pycache__) by extensions ['ignore', 'ignore_ament_install']
[0.818s] Level 1:colcon.colcon_core.package_identification:_identify(venv/lib/python3.10/site-packages/pip/_vendor/pyparsing/__pycache__) by extension 'ignore'
[0.818s] Level 1:colcon.colcon_core.package_identification:_identify(venv/lib/python3.10/site-packages/pip/_vendor/pyparsing/__pycache__) by extension 'ignore_ament_install'
[0.818s] Level 1:colcon.colcon_core.package_identification:_identify(venv/lib/python3.10/site-packages/pip/_vendor/pyparsing/__pycache__) by extensions ['colcon_pkg']
[0.818s] Level 1:colcon.colcon_core.package_identification:_identify(venv/lib/python3.10/site-packages/pip/_vendor/pyparsing/__pycache__) by extension 'colcon_pkg'
[0.818s] Level 1:colcon.colcon_core.package_identification:_identify(venv/lib/python3.10/site-packages/pip/_vendor/pyparsing/__pycache__) by extensions ['colcon_meta']
[0.818s] Level 1:colcon.colcon_core.package_identification:_identify(venv/lib/python3.10/site-packages/pip/_vendor/pyparsing/__pycache__) by extension 'colcon_meta'
[0.818s] Level 1:colcon.colcon_core.package_identification:_identify(venv/lib/python3.10/site-packages/pip/_vendor/pyparsing/__pycache__) by extensions ['ros']
[0.818s] Level 1:colcon.colcon_core.package_identification:_identify(venv/lib/python3.10/site-packages/pip/_vendor/pyparsing/__pycache__) by extension 'ros'
[0.818s] Level 1:colcon.colcon_core.package_identification:_identify(venv/lib/python3.10/site-packages/pip/_vendor/pyparsing/__pycache__) by extensions ['cmake', 'python']
[0.818s] Level 1:colcon.colcon_core.package_identification:_identify(venv/lib/python3.10/site-packages/pip/_vendor/pyparsing/__pycache__) by extension 'cmake'
[0.818s] Level 1:colcon.colcon_core.package_identification:_identify(venv/lib/python3.10/site-packages/pip/_vendor/pyparsing/__pycache__) by extension 'python'
[0.818s] Level 1:colcon.colcon_core.package_identification:_identify(venv/lib/python3.10/site-packages/pip/_vendor/pyparsing/__pycache__) by extensions ['python_setup_py']
[0.818s] Level 1:colcon.colcon_core.package_identification:_identify(venv/lib/python3.10/site-packages/pip/_vendor/pyparsing/__pycache__) by extension 'python_setup_py'
[0.818s] Level 1:colcon.colcon_core.package_identification:_identify(venv/lib/python3.10/site-packages/pip/_vendor/pyparsing/diagram) by extensions ['ignore', 'ignore_ament_install']
[0.818s] Level 1:colcon.colcon_core.package_identification:_identify(venv/lib/python3.10/site-packages/pip/_vendor/pyparsing/diagram) by extension 'ignore'
[0.818s] Level 1:colcon.colcon_core.package_identification:_identify(venv/lib/python3.10/site-packages/pip/_vendor/pyparsing/diagram) by extension 'ignore_ament_install'
[0.818s] Level 1:colcon.colcon_core.package_identification:_identify(venv/lib/python3.10/site-packages/pip/_vendor/pyparsing/diagram) by extensions ['colcon_pkg']
[0.819s] Level 1:colcon.colcon_core.package_identification:_identify(venv/lib/python3.10/site-packages/pip/_vendor/pyparsing/diagram) by extension 'colcon_pkg'
[0.819s] Level 1:colcon.colcon_core.package_identification:_identify(venv/lib/python3.10/site-packages/pip/_vendor/pyparsing/diagram) by extensions ['colcon_meta']
[0.819s] Level 1:colcon.colcon_core.package_identification:_identify(venv/lib/python3.10/site-packages/pip/_vendor/pyparsing/diagram) by extension 'colcon_meta'
[0.819s] Level 1:colcon.colcon_core.package_identification:_identify(venv/lib/python3.10/site-packages/pip/_vendor/pyparsing/diagram) by extensions ['ros']
[0.819s] Level 1:colcon.colcon_core.package_identification:_identify(venv/lib/python3.10/site-packages/pip/_vendor/pyparsing/diagram) by extension 'ros'
[0.819s] Level 1:colcon.colcon_core.package_identification:_identify(venv/lib/python3.10/site-packages/pip/_vendor/pyparsing/diagram) by extensions ['cmake', 'python']
[0.819s] Level 1:colcon.colcon_core.package_identification:_identify(venv/lib/python3.10/site-packages/pip/_vendor/pyparsing/diagram) by extension 'cmake'
[0.819s] Level 1:colcon.colcon_core.package_identification:_identify(venv/lib/python3.10/site-packages/pip/_vendor/pyparsing/diagram) by extension 'python'
[0.819s] Level 1:colcon.colcon_core.package_identification:_identify(venv/lib/python3.10/site-packages/pip/_vendor/pyparsing/diagram) by extensions ['python_setup_py']
[0.819s] Level 1:colcon.colcon_core.package_identification:_identify(venv/lib/python3.10/site-packages/pip/_vendor/pyparsing/diagram) by extension 'python_setup_py'
[0.819s] Level 1:colcon.colcon_core.package_identification:_identify(venv/lib/python3.10/site-packages/pip/_vendor/pyparsing/diagram/__pycache__) by extensions ['ignore', 'ignore_ament_install']
[0.819s] Level 1:colcon.colcon_core.package_identification:_identify(venv/lib/python3.10/site-packages/pip/_vendor/pyparsing/diagram/__pycache__) by extension 'ignore'
[0.819s] Level 1:colcon.colcon_core.package_identification:_identify(venv/lib/python3.10/site-packages/pip/_vendor/pyparsing/diagram/__pycache__) by extension 'ignore_ament_install'
[0.819s] Level 1:colcon.colcon_core.package_identification:_identify(venv/lib/python3.10/site-packages/pip/_vendor/pyparsing/diagram/__pycache__) by extensions ['colcon_pkg']
[0.819s] Level 1:colcon.colcon_core.package_identification:_identify(venv/lib/python3.10/site-packages/pip/_vendor/pyparsing/diagram/__pycache__) by extension 'colcon_pkg'
[0.819s] Level 1:colcon.colcon_core.package_identification:_identify(venv/lib/python3.10/site-packages/pip/_vendor/pyparsing/diagram/__pycache__) by extensions ['colcon_meta']
[0.819s] Level 1:colcon.colcon_core.package_identification:_identify(venv/lib/python3.10/site-packages/pip/_vendor/pyparsing/diagram/__pycache__) by extension 'colcon_meta'
[0.819s] Level 1:colcon.colcon_core.package_identification:_identify(venv/lib/python3.10/site-packages/pip/_vendor/pyparsing/diagram/__pycache__) by extensions ['ros']
[0.819s] Level 1:colcon.colcon_core.package_identification:_identify(venv/lib/python3.10/site-packages/pip/_vendor/pyparsing/diagram/__pycache__) by extension 'ros'
[0.819s] Level 1:colcon.colcon_core.package_identification:_identify(venv/lib/python3.10/site-packages/pip/_vendor/pyparsing/diagram/__pycache__) by extensions ['cmake', 'python']
[0.819s] Level 1:colcon.colcon_core.package_identification:_identify(venv/lib/python3.10/site-packages/pip/_vendor/pyparsing/diagram/__pycache__) by extension 'cmake'
[0.819s] Level 1:colcon.colcon_core.package_identification:_identify(venv/lib/python3.10/site-packages/pip/_vendor/pyparsing/diagram/__pycache__) by extension 'python'
[0.819s] Level 1:colcon.colcon_core.package_identification:_identify(venv/lib/python3.10/site-packages/pip/_vendor/pyparsing/diagram/__pycache__) by extensions ['python_setup_py']
[0.819s] Level 1:colcon.colcon_core.package_identification:_identify(venv/lib/python3.10/site-packages/pip/_vendor/pyparsing/diagram/__pycache__) by extension 'python_setup_py'
[0.819s] Level 1:colcon.colcon_core.package_identification:_identify(venv/lib/python3.10/site-packages/pip/_vendor/requests) by extensions ['ignore', 'ignore_ament_install']
[0.819s] Level 1:colcon.colcon_core.package_identification:_identify(venv/lib/python3.10/site-packages/pip/_vendor/requests) by extension 'ignore'
[0.819s] Level 1:colcon.colcon_core.package_identification:_identify(venv/lib/python3.10/site-packages/pip/_vendor/requests) by extension 'ignore_ament_install'
[0.819s] Level 1:colcon.colcon_core.package_identification:_identify(venv/lib/python3.10/site-packages/pip/_vendor/requests) by extensions ['colcon_pkg']
[0.819s] Level 1:colcon.colcon_core.package_identification:_identify(venv/lib/python3.10/site-packages/pip/_vendor/requests) by extension 'colcon_pkg'
[0.819s] Level 1:colcon.colcon_core.package_identification:_identify(venv/lib/python3.10/site-packages/pip/_vendor/requests) by extensions ['colcon_meta']
[0.819s] Level 1:colcon.colcon_core.package_identification:_identify(venv/lib/python3.10/site-packages/pip/_vendor/requests) by extension 'colcon_meta'
[0.819s] Level 1:colcon.colcon_core.package_identification:_identify(venv/lib/python3.10/site-packages/pip/_vendor/requests) by extensions ['ros']
[0.819s] Level 1:colcon.colcon_core.package_identification:_identify(venv/lib/python3.10/site-packages/pip/_vendor/requests) by extension 'ros'
[0.820s] Level 1:colcon.colcon_core.package_identification:_identify(venv/lib/python3.10/site-packages/pip/_vendor/requests) by extensions ['cmake', 'python']
[0.820s] Level 1:colcon.colcon_core.package_identification:_identify(venv/lib/python3.10/site-packages/pip/_vendor/requests) by extension 'cmake'
[0.820s] Level 1:colcon.colcon_core.package_identification:_identify(venv/lib/python3.10/site-packages/pip/_vendor/requests) by extension 'python'
[0.820s] Level 1:colcon.colcon_core.package_identification:_identify(venv/lib/python3.10/site-packages/pip/_vendor/requests) by extensions ['python_setup_py']
[0.820s] Level 1:colcon.colcon_core.package_identification:_identify(venv/lib/python3.10/site-packages/pip/_vendor/requests) by extension 'python_setup_py'
[0.820s] Level 1:colcon.colcon_core.package_identification:_identify(venv/lib/python3.10/site-packages/pip/_vendor/requests/__pycache__) by extensions ['ignore', 'ignore_ament_install']
[0.820s] Level 1:colcon.colcon_core.package_identification:_identify(venv/lib/python3.10/site-packages/pip/_vendor/requests/__pycache__) by extension 'ignore'
[0.820s] Level 1:colcon.colcon_core.package_identification:_identify(venv/lib/python3.10/site-packages/pip/_vendor/requests/__pycache__) by extension 'ignore_ament_install'
[0.820s] Level 1:colcon.colcon_core.package_identification:_identify(venv/lib/python3.10/site-packages/pip/_vendor/requests/__pycache__) by extensions ['colcon_pkg']
[0.820s] Level 1:colcon.colcon_core.package_identification:_identify(venv/lib/python3.10/site-packages/pip/_vendor/requests/__pycache__) by extension 'colcon_pkg'
[0.820s] Level 1:colcon.colcon_core.package_identification:_identify(venv/lib/python3.10/site-packages/pip/_vendor/requests/__pycache__) by extensions ['colcon_meta']
[0.820s] Level 1:colcon.colcon_core.package_identification:_identify(venv/lib/python3.10/site-packages/pip/_vendor/requests/__pycache__) by extension 'colcon_meta'
[0.820s] Level 1:colcon.colcon_core.package_identification:_identify(venv/lib/python3.10/site-packages/pip/_vendor/requests/__pycache__) by extensions ['ros']
[0.820s] Level 1:colcon.colcon_core.package_identification:_identify(venv/lib/python3.10/site-packages/pip/_vendor/requests/__pycache__) by extension 'ros'
[0.820s] Level 1:colcon.colcon_core.package_identification:_identify(venv/lib/python3.10/site-packages/pip/_vendor/requests/__pycache__) by extensions ['cmake', 'python']
[0.820s] Level 1:colcon.colcon_core.package_identification:_identify(venv/lib/python3.10/site-packages/pip/_vendor/requests/__pycache__) by extension 'cmake'
[0.820s] Level 1:colcon.colcon_core.package_identification:_identify(venv/lib/python3.10/site-packages/pip/_vendor/requests/__pycache__) by extension 'python'
[0.820s] Level 1:colcon.colcon_core.package_identification:_identify(venv/lib/python3.10/site-packages/pip/_vendor/requests/__pycache__) by extensions ['python_setup_py']
[0.820s] Level 1:colcon.colcon_core.package_identification:_identify(venv/lib/python3.10/site-packages/pip/_vendor/requests/__pycache__) by extension 'python_setup_py'
[0.820s] Level 1:colcon.colcon_core.package_identification:_identify(venv/lib/python3.10/site-packages/pip/_vendor/resolvelib) by extensions ['ignore', 'ignore_ament_install']
[0.820s] Level 1:colcon.colcon_core.package_identification:_identify(venv/lib/python3.10/site-packages/pip/_vendor/resolvelib) by extension 'ignore'
[0.820s] Level 1:colcon.colcon_core.package_identification:_identify(venv/lib/python3.10/site-packages/pip/_vendor/resolvelib) by extension 'ignore_ament_install'
[0.820s] Level 1:colcon.colcon_core.package_identification:_identify(venv/lib/python3.10/site-packages/pip/_vendor/resolvelib) by extensions ['colcon_pkg']
[0.820s] Level 1:colcon.colcon_core.package_identification:_identify(venv/lib/python3.10/site-packages/pip/_vendor/resolvelib) by extension 'colcon_pkg'
[0.820s] Level 1:colcon.colcon_core.package_identification:_identify(venv/lib/python3.10/site-packages/pip/_vendor/resolvelib) by extensions ['colcon_meta']
[0.820s] Level 1:colcon.colcon_core.package_identification:_identify(venv/lib/python3.10/site-packages/pip/_vendor/resolvelib) by extension 'colcon_meta'
[0.820s] Level 1:colcon.colcon_core.package_identification:_identify(venv/lib/python3.10/site-packages/pip/_vendor/resolvelib) by extensions ['ros']
[0.820s] Level 1:colcon.colcon_core.package_identification:_identify(venv/lib/python3.10/site-packages/pip/_vendor/resolvelib) by extension 'ros'
[0.820s] Level 1:colcon.colcon_core.package_identification:_identify(venv/lib/python3.10/site-packages/pip/_vendor/resolvelib) by extensions ['cmake', 'python']
[0.820s] Level 1:colcon.colcon_core.package_identification:_identify(venv/lib/python3.10/site-packages/pip/_vendor/resolvelib) by extension 'cmake'
[0.820s] Level 1:colcon.colcon_core.package_identification:_identify(venv/lib/python3.10/site-packages/pip/_vendor/resolvelib) by extension 'python'
[0.820s] Level 1:colcon.colcon_core.package_identification:_identify(venv/lib/python3.10/site-packages/pip/_vendor/resolvelib) by extensions ['python_setup_py']
[0.820s] Level 1:colcon.colcon_core.package_identification:_identify(venv/lib/python3.10/site-packages/pip/_vendor/resolvelib) by extension 'python_setup_py'
[0.821s] Level 1:colcon.colcon_core.package_identification:_identify(venv/lib/python3.10/site-packages/pip/_vendor/resolvelib/__pycache__) by extensions ['ignore', 'ignore_ament_install']
[0.821s] Level 1:colcon.colcon_core.package_identification:_identify(venv/lib/python3.10/site-packages/pip/_vendor/resolvelib/__pycache__) by extension 'ignore'
[0.821s] Level 1:colcon.colcon_core.package_identification:_identify(venv/lib/python3.10/site-packages/pip/_vendor/resolvelib/__pycache__) by extension 'ignore_ament_install'
[0.821s] Level 1:colcon.colcon_core.package_identification:_identify(venv/lib/python3.10/site-packages/pip/_vendor/resolvelib/__pycache__) by extensions ['colcon_pkg']
[0.821s] Level 1:colcon.colcon_core.package_identification:_identify(venv/lib/python3.10/site-packages/pip/_vendor/resolvelib/__pycache__) by extension 'colcon_pkg'
[0.821s] Level 1:colcon.colcon_core.package_identification:_identify(venv/lib/python3.10/site-packages/pip/_vendor/resolvelib/__pycache__) by extensions ['colcon_meta']
[0.821s] Level 1:colcon.colcon_core.package_identification:_identify(venv/lib/python3.10/site-packages/pip/_vendor/resolvelib/__pycache__) by extension 'colcon_meta'
[0.821s] Level 1:colcon.colcon_core.package_identification:_identify(venv/lib/python3.10/site-packages/pip/_vendor/resolvelib/__pycache__) by extensions ['ros']
[0.821s] Level 1:colcon.colcon_core.package_identification:_identify(venv/lib/python3.10/site-packages/pip/_vendor/resolvelib/__pycache__) by extension 'ros'
[0.821s] Level 1:colcon.colcon_core.package_identification:_identify(venv/lib/python3.10/site-packages/pip/_vendor/resolvelib/__pycache__) by extensions ['cmake', 'python']
[0.821s] Level 1:colcon.colcon_core.package_identification:_identify(venv/lib/python3.10/site-packages/pip/_vendor/resolvelib/__pycache__) by extension 'cmake'
[0.821s] Level 1:colcon.colcon_core.package_identification:_identify(venv/lib/python3.10/site-packages/pip/_vendor/resolvelib/__pycache__) by extension 'python'
[0.821s] Level 1:colcon.colcon_core.package_identification:_identify(venv/lib/python3.10/site-packages/pip/_vendor/resolvelib/__pycache__) by extensions ['python_setup_py']
[0.821s] Level 1:colcon.colcon_core.package_identification:_identify(venv/lib/python3.10/site-packages/pip/_vendor/resolvelib/__pycache__) by extension 'python_setup_py'
[0.821s] Level 1:colcon.colcon_core.package_identification:_identify(venv/lib/python3.10/site-packages/pip/_vendor/resolvelib/compat) by extensions ['ignore', 'ignore_ament_install']
[0.821s] Level 1:colcon.colcon_core.package_identification:_identify(venv/lib/python3.10/site-packages/pip/_vendor/resolvelib/compat) by extension 'ignore'
[0.821s] Level 1:colcon.colcon_core.package_identification:_identify(venv/lib/python3.10/site-packages/pip/_vendor/resolvelib/compat) by extension 'ignore_ament_install'
[0.821s] Level 1:colcon.colcon_core.package_identification:_identify(venv/lib/python3.10/site-packages/pip/_vendor/resolvelib/compat) by extensions ['colcon_pkg']
[0.821s] Level 1:colcon.colcon_core.package_identification:_identify(venv/lib/python3.10/site-packages/pip/_vendor/resolvelib/compat) by extension 'colcon_pkg'
[0.821s] Level 1:colcon.colcon_core.package_identification:_identify(venv/lib/python3.10/site-packages/pip/_vendor/resolvelib/compat) by extensions ['colcon_meta']
[0.821s] Level 1:colcon.colcon_core.package_identification:_identify(venv/lib/python3.10/site-packages/pip/_vendor/resolvelib/compat) by extension 'colcon_meta'
[0.821s] Level 1:colcon.colcon_core.package_identification:_identify(venv/lib/python3.10/site-packages/pip/_vendor/resolvelib/compat) by extensions ['ros']
[0.821s] Level 1:colcon.colcon_core.package_identification:_identify(venv/lib/python3.10/site-packages/pip/_vendor/resolvelib/compat) by extension 'ros'
[0.821s] Level 1:colcon.colcon_core.package_identification:_identify(venv/lib/python3.10/site-packages/pip/_vendor/resolvelib/compat) by extensions ['cmake', 'python']
[0.821s] Level 1:colcon.colcon_core.package_identification:_identify(venv/lib/python3.10/site-packages/pip/_vendor/resolvelib/compat) by extension 'cmake'
[0.821s] Level 1:colcon.colcon_core.package_identification:_identify(venv/lib/python3.10/site-packages/pip/_vendor/resolvelib/compat) by extension 'python'
[0.821s] Level 1:colcon.colcon_core.package_identification:_identify(venv/lib/python3.10/site-packages/pip/_vendor/resolvelib/compat) by extensions ['python_setup_py']
[0.821s] Level 1:colcon.colcon_core.package_identification:_identify(venv/lib/python3.10/site-packages/pip/_vendor/resolvelib/compat) by extension 'python_setup_py'
[0.821s] Level 1:colcon.colcon_core.package_identification:_identify(venv/lib/python3.10/site-packages/pip/_vendor/resolvelib/compat/__pycache__) by extensions ['ignore', 'ignore_ament_install']
[0.821s] Level 1:colcon.colcon_core.package_identification:_identify(venv/lib/python3.10/site-packages/pip/_vendor/resolvelib/compat/__pycache__) by extension 'ignore'
[0.822s] Level 1:colcon.colcon_core.package_identification:_identify(venv/lib/python3.10/site-packages/pip/_vendor/resolvelib/compat/__pycache__) by extension 'ignore_ament_install'
[0.822s] Level 1:colcon.colcon_core.package_identification:_identify(venv/lib/python3.10/site-packages/pip/_vendor/resolvelib/compat/__pycache__) by extensions ['colcon_pkg']
[0.822s] Level 1:colcon.colcon_core.package_identification:_identify(venv/lib/python3.10/site-packages/pip/_vendor/resolvelib/compat/__pycache__) by extension 'colcon_pkg'
[0.822s] Level 1:colcon.colcon_core.package_identification:_identify(venv/lib/python3.10/site-packages/pip/_vendor/resolvelib/compat/__pycache__) by extensions ['colcon_meta']
[0.822s] Level 1:colcon.colcon_core.package_identification:_identify(venv/lib/python3.10/site-packages/pip/_vendor/resolvelib/compat/__pycache__) by extension 'colcon_meta'
[0.822s] Level 1:colcon.colcon_core.package_identification:_identify(venv/lib/python3.10/site-packages/pip/_vendor/resolvelib/compat/__pycache__) by extensions ['ros']
[0.822s] Level 1:colcon.colcon_core.package_identification:_identify(venv/lib/python3.10/site-packages/pip/_vendor/resolvelib/compat/__pycache__) by extension 'ros'
[0.822s] Level 1:colcon.colcon_core.package_identification:_identify(venv/lib/python3.10/site-packages/pip/_vendor/resolvelib/compat/__pycache__) by extensions ['cmake', 'python']
[0.822s] Level 1:colcon.colcon_core.package_identification:_identify(venv/lib/python3.10/site-packages/pip/_vendor/resolvelib/compat/__pycache__) by extension 'cmake'
[0.822s] Level 1:colcon.colcon_core.package_identification:_identify(venv/lib/python3.10/site-packages/pip/_vendor/resolvelib/compat/__pycache__) by extension 'python'
[0.822s] Level 1:colcon.colcon_core.package_identification:_identify(venv/lib/python3.10/site-packages/pip/_vendor/resolvelib/compat/__pycache__) by extensions ['python_setup_py']
[0.822s] Level 1:colcon.colcon_core.package_identification:_identify(venv/lib/python3.10/site-packages/pip/_vendor/resolvelib/compat/__pycache__) by extension 'python_setup_py'
[0.822s] Level 1:colcon.colcon_core.package_identification:_identify(venv/lib/python3.10/site-packages/pip/_vendor/rich) by extensions ['ignore', 'ignore_ament_install']
[0.822s] Level 1:colcon.colcon_core.package_identification:_identify(venv/lib/python3.10/site-packages/pip/_vendor/rich) by extension 'ignore'
[0.822s] Level 1:colcon.colcon_core.package_identification:_identify(venv/lib/python3.10/site-packages/pip/_vendor/rich) by extension 'ignore_ament_install'
[0.822s] Level 1:colcon.colcon_core.package_identification:_identify(venv/lib/python3.10/site-packages/pip/_vendor/rich) by extensions ['colcon_pkg']
[0.822s] Level 1:colcon.colcon_core.package_identification:_identify(venv/lib/python3.10/site-packages/pip/_vendor/rich) by extension 'colcon_pkg'
[0.822s] Level 1:colcon.colcon_core.package_identification:_identify(venv/lib/python3.10/site-packages/pip/_vendor/rich) by extensions ['colcon_meta']
[0.822s] Level 1:colcon.colcon_core.package_identification:_identify(venv/lib/python3.10/site-packages/pip/_vendor/rich) by extension 'colcon_meta'
[0.822s] Level 1:colcon.colcon_core.package_identification:_identify(venv/lib/python3.10/site-packages/pip/_vendor/rich) by extensions ['ros']
[0.822s] Level 1:colcon.colcon_core.package_identification:_identify(venv/lib/python3.10/site-packages/pip/_vendor/rich) by extension 'ros'
[0.822s] Level 1:colcon.colcon_core.package_identification:_identify(venv/lib/python3.10/site-packages/pip/_vendor/rich) by extensions ['cmake', 'python']
[0.822s] Level 1:colcon.colcon_core.package_identification:_identify(venv/lib/python3.10/site-packages/pip/_vendor/rich) by extension 'cmake'
[0.822s] Level 1:colcon.colcon_core.package_identification:_identify(venv/lib/python3.10/site-packages/pip/_vendor/rich) by extension 'python'
[0.822s] Level 1:colcon.colcon_core.package_identification:_identify(venv/lib/python3.10/site-packages/pip/_vendor/rich) by extensions ['python_setup_py']
[0.822s] Level 1:colcon.colcon_core.package_identification:_identify(venv/lib/python3.10/site-packages/pip/_vendor/rich) by extension 'python_setup_py'
[0.822s] Level 1:colcon.colcon_core.package_identification:_identify(venv/lib/python3.10/site-packages/pip/_vendor/rich/__pycache__) by extensions ['ignore', 'ignore_ament_install']
[0.822s] Level 1:colcon.colcon_core.package_identification:_identify(venv/lib/python3.10/site-packages/pip/_vendor/rich/__pycache__) by extension 'ignore'
[0.822s] Level 1:colcon.colcon_core.package_identification:_identify(venv/lib/python3.10/site-packages/pip/_vendor/rich/__pycache__) by extension 'ignore_ament_install'
[0.822s] Level 1:colcon.colcon_core.package_identification:_identify(venv/lib/python3.10/site-packages/pip/_vendor/rich/__pycache__) by extensions ['colcon_pkg']
[0.823s] Level 1:colcon.colcon_core.package_identification:_identify(venv/lib/python3.10/site-packages/pip/_vendor/rich/__pycache__) by extension 'colcon_pkg'
[0.823s] Level 1:colcon.colcon_core.package_identification:_identify(venv/lib/python3.10/site-packages/pip/_vendor/rich/__pycache__) by extensions ['colcon_meta']
[0.823s] Level 1:colcon.colcon_core.package_identification:_identify(venv/lib/python3.10/site-packages/pip/_vendor/rich/__pycache__) by extension 'colcon_meta'
[0.823s] Level 1:colcon.colcon_core.package_identification:_identify(venv/lib/python3.10/site-packages/pip/_vendor/rich/__pycache__) by extensions ['ros']
[0.823s] Level 1:colcon.colcon_core.package_identification:_identify(venv/lib/python3.10/site-packages/pip/_vendor/rich/__pycache__) by extension 'ros'
[0.823s] Level 1:colcon.colcon_core.package_identification:_identify(venv/lib/python3.10/site-packages/pip/_vendor/rich/__pycache__) by extensions ['cmake', 'python']
[0.823s] Level 1:colcon.colcon_core.package_identification:_identify(venv/lib/python3.10/site-packages/pip/_vendor/rich/__pycache__) by extension 'cmake'
[0.823s] Level 1:colcon.colcon_core.package_identification:_identify(venv/lib/python3.10/site-packages/pip/_vendor/rich/__pycache__) by extension 'python'
[0.823s] Level 1:colcon.colcon_core.package_identification:_identify(venv/lib/python3.10/site-packages/pip/_vendor/rich/__pycache__) by extensions ['python_setup_py']
[0.823s] Level 1:colcon.colcon_core.package_identification:_identify(venv/lib/python3.10/site-packages/pip/_vendor/rich/__pycache__) by extension 'python_setup_py'
[0.823s] Level 1:colcon.colcon_core.package_identification:_identify(venv/lib/python3.10/site-packages/pip/_vendor/tenacity) by extensions ['ignore', 'ignore_ament_install']
[0.823s] Level 1:colcon.colcon_core.package_identification:_identify(venv/lib/python3.10/site-packages/pip/_vendor/tenacity) by extension 'ignore'
[0.823s] Level 1:colcon.colcon_core.package_identification:_identify(venv/lib/python3.10/site-packages/pip/_vendor/tenacity) by extension 'ignore_ament_install'
[0.823s] Level 1:colcon.colcon_core.package_identification:_identify(venv/lib/python3.10/site-packages/pip/_vendor/tenacity) by extensions ['colcon_pkg']
[0.823s] Level 1:colcon.colcon_core.package_identification:_identify(venv/lib/python3.10/site-packages/pip/_vendor/tenacity) by extension 'colcon_pkg'
[0.823s] Level 1:colcon.colcon_core.package_identification:_identify(venv/lib/python3.10/site-packages/pip/_vendor/tenacity) by extensions ['colcon_meta']
[0.823s] Level 1:colcon.colcon_core.package_identification:_identify(venv/lib/python3.10/site-packages/pip/_vendor/tenacity) by extension 'colcon_meta'
[0.823s] Level 1:colcon.colcon_core.package_identification:_identify(venv/lib/python3.10/site-packages/pip/_vendor/tenacity) by extensions ['ros']
[0.823s] Level 1:colcon.colcon_core.package_identification:_identify(venv/lib/python3.10/site-packages/pip/_vendor/tenacity) by extension 'ros'
[0.823s] Level 1:colcon.colcon_core.package_identification:_identify(venv/lib/python3.10/site-packages/pip/_vendor/tenacity) by extensions ['cmake', 'python']
[0.823s] Level 1:colcon.colcon_core.package_identification:_identify(venv/lib/python3.10/site-packages/pip/_vendor/tenacity) by extension 'cmake'
[0.823s] Level 1:colcon.colcon_core.package_identification:_identify(venv/lib/python3.10/site-packages/pip/_vendor/tenacity) by extension 'python'
[0.823s] Level 1:colcon.colcon_core.package_identification:_identify(venv/lib/python3.10/site-packages/pip/_vendor/tenacity) by extensions ['python_setup_py']
[0.823s] Level 1:colcon.colcon_core.package_identification:_identify(venv/lib/python3.10/site-packages/pip/_vendor/tenacity) by extension 'python_setup_py'
[0.823s] Level 1:colcon.colcon_core.package_identification:_identify(venv/lib/python3.10/site-packages/pip/_vendor/tenacity/__pycache__) by extensions ['ignore', 'ignore_ament_install']
[0.823s] Level 1:colcon.colcon_core.package_identification:_identify(venv/lib/python3.10/site-packages/pip/_vendor/tenacity/__pycache__) by extension 'ignore'
[0.823s] Level 1:colcon.colcon_core.package_identification:_identify(venv/lib/python3.10/site-packages/pip/_vendor/tenacity/__pycache__) by extension 'ignore_ament_install'
[0.823s] Level 1:colcon.colcon_core.package_identification:_identify(venv/lib/python3.10/site-packages/pip/_vendor/tenacity/__pycache__) by extensions ['colcon_pkg']
[0.823s] Level 1:colcon.colcon_core.package_identification:_identify(venv/lib/python3.10/site-packages/pip/_vendor/tenacity/__pycache__) by extension 'colcon_pkg'
[0.823s] Level 1:colcon.colcon_core.package_identification:_identify(venv/lib/python3.10/site-packages/pip/_vendor/tenacity/__pycache__) by extensions ['colcon_meta']
[0.823s] Level 1:colcon.colcon_core.package_identification:_identify(venv/lib/python3.10/site-packages/pip/_vendor/tenacity/__pycache__) by extension 'colcon_meta'
[0.823s] Level 1:colcon.colcon_core.package_identification:_identify(venv/lib/python3.10/site-packages/pip/_vendor/tenacity/__pycache__) by extensions ['ros']
[0.823s] Level 1:colcon.colcon_core.package_identification:_identify(venv/lib/python3.10/site-packages/pip/_vendor/tenacity/__pycache__) by extension 'ros'
[0.824s] Level 1:colcon.colcon_core.package_identification:_identify(venv/lib/python3.10/site-packages/pip/_vendor/tenacity/__pycache__) by extensions ['cmake', 'python']
[0.824s] Level 1:colcon.colcon_core.package_identification:_identify(venv/lib/python3.10/site-packages/pip/_vendor/tenacity/__pycache__) by extension 'cmake'
[0.824s] Level 1:colcon.colcon_core.package_identification:_identify(venv/lib/python3.10/site-packages/pip/_vendor/tenacity/__pycache__) by extension 'python'
[0.824s] Level 1:colcon.colcon_core.package_identification:_identify(venv/lib/python3.10/site-packages/pip/_vendor/tenacity/__pycache__) by extensions ['python_setup_py']
[0.824s] Level 1:colcon.colcon_core.package_identification:_identify(venv/lib/python3.10/site-packages/pip/_vendor/tenacity/__pycache__) by extension 'python_setup_py'
[0.824s] Level 1:colcon.colcon_core.package_identification:_identify(venv/lib/python3.10/site-packages/pip/_vendor/tomli) by extensions ['ignore', 'ignore_ament_install']
[0.824s] Level 1:colcon.colcon_core.package_identification:_identify(venv/lib/python3.10/site-packages/pip/_vendor/tomli) by extension 'ignore'
[0.824s] Level 1:colcon.colcon_core.package_identification:_identify(venv/lib/python3.10/site-packages/pip/_vendor/tomli) by extension 'ignore_ament_install'
[0.824s] Level 1:colcon.colcon_core.package_identification:_identify(venv/lib/python3.10/site-packages/pip/_vendor/tomli) by extensions ['colcon_pkg']
[0.824s] Level 1:colcon.colcon_core.package_identification:_identify(venv/lib/python3.10/site-packages/pip/_vendor/tomli) by extension 'colcon_pkg'
[0.824s] Level 1:colcon.colcon_core.package_identification:_identify(venv/lib/python3.10/site-packages/pip/_vendor/tomli) by extensions ['colcon_meta']
[0.824s] Level 1:colcon.colcon_core.package_identification:_identify(venv/lib/python3.10/site-packages/pip/_vendor/tomli) by extension 'colcon_meta'
[0.824s] Level 1:colcon.colcon_core.package_identification:_identify(venv/lib/python3.10/site-packages/pip/_vendor/tomli) by extensions ['ros']
[0.824s] Level 1:colcon.colcon_core.package_identification:_identify(venv/lib/python3.10/site-packages/pip/_vendor/tomli) by extension 'ros'
[0.824s] Level 1:colcon.colcon_core.package_identification:_identify(venv/lib/python3.10/site-packages/pip/_vendor/tomli) by extensions ['cmake', 'python']
[0.824s] Level 1:colcon.colcon_core.package_identification:_identify(venv/lib/python3.10/site-packages/pip/_vendor/tomli) by extension 'cmake'
[0.824s] Level 1:colcon.colcon_core.package_identification:_identify(venv/lib/python3.10/site-packages/pip/_vendor/tomli) by extension 'python'
[0.824s] Level 1:colcon.colcon_core.package_identification:_identify(venv/lib/python3.10/site-packages/pip/_vendor/tomli) by extensions ['python_setup_py']
[0.824s] Level 1:colcon.colcon_core.package_identification:_identify(venv/lib/python3.10/site-packages/pip/_vendor/tomli) by extension 'python_setup_py'
[0.824s] Level 1:colcon.colcon_core.package_identification:_identify(venv/lib/python3.10/site-packages/pip/_vendor/tomli/__pycache__) by extensions ['ignore', 'ignore_ament_install']
[0.824s] Level 1:colcon.colcon_core.package_identification:_identify(venv/lib/python3.10/site-packages/pip/_vendor/tomli/__pycache__) by extension 'ignore'
[0.824s] Level 1:colcon.colcon_core.package_identification:_identify(venv/lib/python3.10/site-packages/pip/_vendor/tomli/__pycache__) by extension 'ignore_ament_install'
[0.824s] Level 1:colcon.colcon_core.package_identification:_identify(venv/lib/python3.10/site-packages/pip/_vendor/tomli/__pycache__) by extensions ['colcon_pkg']
[0.824s] Level 1:colcon.colcon_core.package_identification:_identify(venv/lib/python3.10/site-packages/pip/_vendor/tomli/__pycache__) by extension 'colcon_pkg'
[0.824s] Level 1:colcon.colcon_core.package_identification:_identify(venv/lib/python3.10/site-packages/pip/_vendor/tomli/__pycache__) by extensions ['colcon_meta']
[0.824s] Level 1:colcon.colcon_core.package_identification:_identify(venv/lib/python3.10/site-packages/pip/_vendor/tomli/__pycache__) by extension 'colcon_meta'
[0.824s] Level 1:colcon.colcon_core.package_identification:_identify(venv/lib/python3.10/site-packages/pip/_vendor/tomli/__pycache__) by extensions ['ros']
[0.824s] Level 1:colcon.colcon_core.package_identification:_identify(venv/lib/python3.10/site-packages/pip/_vendor/tomli/__pycache__) by extension 'ros'
[0.824s] Level 1:colcon.colcon_core.package_identification:_identify(venv/lib/python3.10/site-packages/pip/_vendor/tomli/__pycache__) by extensions ['cmake', 'python']
[0.824s] Level 1:colcon.colcon_core.package_identification:_identify(venv/lib/python3.10/site-packages/pip/_vendor/tomli/__pycache__) by extension 'cmake'
[0.824s] Level 1:colcon.colcon_core.package_identification:_identify(venv/lib/python3.10/site-packages/pip/_vendor/tomli/__pycache__) by extension 'python'
[0.824s] Level 1:colcon.colcon_core.package_identification:_identify(venv/lib/python3.10/site-packages/pip/_vendor/tomli/__pycache__) by extensions ['python_setup_py']
[0.824s] Level 1:colcon.colcon_core.package_identification:_identify(venv/lib/python3.10/site-packages/pip/_vendor/tomli/__pycache__) by extension 'python_setup_py'
[0.825s] Level 1:colcon.colcon_core.package_identification:_identify(venv/lib/python3.10/site-packages/pip/_vendor/urllib3) by extensions ['ignore', 'ignore_ament_install']
[0.825s] Level 1:colcon.colcon_core.package_identification:_identify(venv/lib/python3.10/site-packages/pip/_vendor/urllib3) by extension 'ignore'
[0.825s] Level 1:colcon.colcon_core.package_identification:_identify(venv/lib/python3.10/site-packages/pip/_vendor/urllib3) by extension 'ignore_ament_install'
[0.825s] Level 1:colcon.colcon_core.package_identification:_identify(venv/lib/python3.10/site-packages/pip/_vendor/urllib3) by extensions ['colcon_pkg']
[0.825s] Level 1:colcon.colcon_core.package_identification:_identify(venv/lib/python3.10/site-packages/pip/_vendor/urllib3) by extension 'colcon_pkg'
[0.825s] Level 1:colcon.colcon_core.package_identification:_identify(venv/lib/python3.10/site-packages/pip/_vendor/urllib3) by extensions ['colcon_meta']
[0.825s] Level 1:colcon.colcon_core.package_identification:_identify(venv/lib/python3.10/site-packages/pip/_vendor/urllib3) by extension 'colcon_meta'
[0.825s] Level 1:colcon.colcon_core.package_identification:_identify(venv/lib/python3.10/site-packages/pip/_vendor/urllib3) by extensions ['ros']
[0.825s] Level 1:colcon.colcon_core.package_identification:_identify(venv/lib/python3.10/site-packages/pip/_vendor/urllib3) by extension 'ros'
[0.825s] Level 1:colcon.colcon_core.package_identification:_identify(venv/lib/python3.10/site-packages/pip/_vendor/urllib3) by extensions ['cmake', 'python']
[0.825s] Level 1:colcon.colcon_core.package_identification:_identify(venv/lib/python3.10/site-packages/pip/_vendor/urllib3) by extension 'cmake'
[0.825s] Level 1:colcon.colcon_core.package_identification:_identify(venv/lib/python3.10/site-packages/pip/_vendor/urllib3) by extension 'python'
[0.825s] Level 1:colcon.colcon_core.package_identification:_identify(venv/lib/python3.10/site-packages/pip/_vendor/urllib3) by extensions ['python_setup_py']
[0.825s] Level 1:colcon.colcon_core.package_identification:_identify(venv/lib/python3.10/site-packages/pip/_vendor/urllib3) by extension 'python_setup_py'
[0.825s] Level 1:colcon.colcon_core.package_identification:_identify(venv/lib/python3.10/site-packages/pip/_vendor/urllib3/__pycache__) by extensions ['ignore', 'ignore_ament_install']
[0.825s] Level 1:colcon.colcon_core.package_identification:_identify(venv/lib/python3.10/site-packages/pip/_vendor/urllib3/__pycache__) by extension 'ignore'
[0.825s] Level 1:colcon.colcon_core.package_identification:_identify(venv/lib/python3.10/site-packages/pip/_vendor/urllib3/__pycache__) by extension 'ignore_ament_install'
[0.825s] Level 1:colcon.colcon_core.package_identification:_identify(venv/lib/python3.10/site-packages/pip/_vendor/urllib3/__pycache__) by extensions ['colcon_pkg']
[0.825s] Level 1:colcon.colcon_core.package_identification:_identify(venv/lib/python3.10/site-packages/pip/_vendor/urllib3/__pycache__) by extension 'colcon_pkg'
[0.825s] Level 1:colcon.colcon_core.package_identification:_identify(venv/lib/python3.10/site-packages/pip/_vendor/urllib3/__pycache__) by extensions ['colcon_meta']
[0.825s] Level 1:colcon.colcon_core.package_identification:_identify(venv/lib/python3.10/site-packages/pip/_vendor/urllib3/__pycache__) by extension 'colcon_meta'
[0.825s] Level 1:colcon.colcon_core.package_identification:_identify(venv/lib/python3.10/site-packages/pip/_vendor/urllib3/__pycache__) by extensions ['ros']
[0.825s] Level 1:colcon.colcon_core.package_identification:_identify(venv/lib/python3.10/site-packages/pip/_vendor/urllib3/__pycache__) by extension 'ros'
[0.825s] Level 1:colcon.colcon_core.package_identification:_identify(venv/lib/python3.10/site-packages/pip/_vendor/urllib3/__pycache__) by extensions ['cmake', 'python']
[0.825s] Level 1:colcon.colcon_core.package_identification:_identify(venv/lib/python3.10/site-packages/pip/_vendor/urllib3/__pycache__) by extension 'cmake'
[0.825s] Level 1:colcon.colcon_core.package_identification:_identify(venv/lib/python3.10/site-packages/pip/_vendor/urllib3/__pycache__) by extension 'python'
[0.825s] Level 1:colcon.colcon_core.package_identification:_identify(venv/lib/python3.10/site-packages/pip/_vendor/urllib3/__pycache__) by extensions ['python_setup_py']
[0.825s] Level 1:colcon.colcon_core.package_identification:_identify(venv/lib/python3.10/site-packages/pip/_vendor/urllib3/__pycache__) by extension 'python_setup_py'
[0.825s] Level 1:colcon.colcon_core.package_identification:_identify(venv/lib/python3.10/site-packages/pip/_vendor/urllib3/contrib) by extensions ['ignore', 'ignore_ament_install']
[0.825s] Level 1:colcon.colcon_core.package_identification:_identify(venv/lib/python3.10/site-packages/pip/_vendor/urllib3/contrib) by extension 'ignore'
[0.825s] Level 1:colcon.colcon_core.package_identification:_identify(venv/lib/python3.10/site-packages/pip/_vendor/urllib3/contrib) by extension 'ignore_ament_install'
[0.826s] Level 1:colcon.colcon_core.package_identification:_identify(venv/lib/python3.10/site-packages/pip/_vendor/urllib3/contrib) by extensions ['colcon_pkg']
[0.826s] Level 1:colcon.colcon_core.package_identification:_identify(venv/lib/python3.10/site-packages/pip/_vendor/urllib3/contrib) by extension 'colcon_pkg'
[0.826s] Level 1:colcon.colcon_core.package_identification:_identify(venv/lib/python3.10/site-packages/pip/_vendor/urllib3/contrib) by extensions ['colcon_meta']
[0.826s] Level 1:colcon.colcon_core.package_identification:_identify(venv/lib/python3.10/site-packages/pip/_vendor/urllib3/contrib) by extension 'colcon_meta'
[0.826s] Level 1:colcon.colcon_core.package_identification:_identify(venv/lib/python3.10/site-packages/pip/_vendor/urllib3/contrib) by extensions ['ros']
[0.826s] Level 1:colcon.colcon_core.package_identification:_identify(venv/lib/python3.10/site-packages/pip/_vendor/urllib3/contrib) by extension 'ros'
[0.826s] Level 1:colcon.colcon_core.package_identification:_identify(venv/lib/python3.10/site-packages/pip/_vendor/urllib3/contrib) by extensions ['cmake', 'python']
[0.826s] Level 1:colcon.colcon_core.package_identification:_identify(venv/lib/python3.10/site-packages/pip/_vendor/urllib3/contrib) by extension 'cmake'
[0.826s] Level 1:colcon.colcon_core.package_identification:_identify(venv/lib/python3.10/site-packages/pip/_vendor/urllib3/contrib) by extension 'python'
[0.826s] Level 1:colcon.colcon_core.package_identification:_identify(venv/lib/python3.10/site-packages/pip/_vendor/urllib3/contrib) by extensions ['python_setup_py']
[0.826s] Level 1:colcon.colcon_core.package_identification:_identify(venv/lib/python3.10/site-packages/pip/_vendor/urllib3/contrib) by extension 'python_setup_py'
[0.826s] Level 1:colcon.colcon_core.package_identification:_identify(venv/lib/python3.10/site-packages/pip/_vendor/urllib3/contrib/__pycache__) by extensions ['ignore', 'ignore_ament_install']
[0.826s] Level 1:colcon.colcon_core.package_identification:_identify(venv/lib/python3.10/site-packages/pip/_vendor/urllib3/contrib/__pycache__) by extension 'ignore'
[0.826s] Level 1:colcon.colcon_core.package_identification:_identify(venv/lib/python3.10/site-packages/pip/_vendor/urllib3/contrib/__pycache__) by extension 'ignore_ament_install'
[0.826s] Level 1:colcon.colcon_core.package_identification:_identify(venv/lib/python3.10/site-packages/pip/_vendor/urllib3/contrib/__pycache__) by extensions ['colcon_pkg']
[0.826s] Level 1:colcon.colcon_core.package_identification:_identify(venv/lib/python3.10/site-packages/pip/_vendor/urllib3/contrib/__pycache__) by extension 'colcon_pkg'
[0.826s] Level 1:colcon.colcon_core.package_identification:_identify(venv/lib/python3.10/site-packages/pip/_vendor/urllib3/contrib/__pycache__) by extensions ['colcon_meta']
[0.826s] Level 1:colcon.colcon_core.package_identification:_identify(venv/lib/python3.10/site-packages/pip/_vendor/urllib3/contrib/__pycache__) by extension 'colcon_meta'
[0.826s] Level 1:colcon.colcon_core.package_identification:_identify(venv/lib/python3.10/site-packages/pip/_vendor/urllib3/contrib/__pycache__) by extensions ['ros']
[0.826s] Level 1:colcon.colcon_core.package_identification:_identify(venv/lib/python3.10/site-packages/pip/_vendor/urllib3/contrib/__pycache__) by extension 'ros'
[0.826s] Level 1:colcon.colcon_core.package_identification:_identify(venv/lib/python3.10/site-packages/pip/_vendor/urllib3/contrib/__pycache__) by extensions ['cmake', 'python']
[0.826s] Level 1:colcon.colcon_core.package_identification:_identify(venv/lib/python3.10/site-packages/pip/_vendor/urllib3/contrib/__pycache__) by extension 'cmake'
[0.826s] Level 1:colcon.colcon_core.package_identification:_identify(venv/lib/python3.10/site-packages/pip/_vendor/urllib3/contrib/__pycache__) by extension 'python'
[0.826s] Level 1:colcon.colcon_core.package_identification:_identify(venv/lib/python3.10/site-packages/pip/_vendor/urllib3/contrib/__pycache__) by extensions ['python_setup_py']
[0.826s] Level 1:colcon.colcon_core.package_identification:_identify(venv/lib/python3.10/site-packages/pip/_vendor/urllib3/contrib/__pycache__) by extension 'python_setup_py'
[0.826s] Level 1:colcon.colcon_core.package_identification:_identify(venv/lib/python3.10/site-packages/pip/_vendor/urllib3/contrib/_securetransport) by extensions ['ignore', 'ignore_ament_install']
[0.826s] Level 1:colcon.colcon_core.package_identification:_identify(venv/lib/python3.10/site-packages/pip/_vendor/urllib3/contrib/_securetransport) by extension 'ignore'
[0.826s] Level 1:colcon.colcon_core.package_identification:_identify(venv/lib/python3.10/site-packages/pip/_vendor/urllib3/contrib/_securetransport) by extension 'ignore_ament_install'
[0.826s] Level 1:colcon.colcon_core.package_identification:_identify(venv/lib/python3.10/site-packages/pip/_vendor/urllib3/contrib/_securetransport) by extensions ['colcon_pkg']
[0.826s] Level 1:colcon.colcon_core.package_identification:_identify(venv/lib/python3.10/site-packages/pip/_vendor/urllib3/contrib/_securetransport) by extension 'colcon_pkg'
[0.826s] Level 1:colcon.colcon_core.package_identification:_identify(venv/lib/python3.10/site-packages/pip/_vendor/urllib3/contrib/_securetransport) by extensions ['colcon_meta']
[0.826s] Level 1:colcon.colcon_core.package_identification:_identify(venv/lib/python3.10/site-packages/pip/_vendor/urllib3/contrib/_securetransport) by extension 'colcon_meta'
[0.826s] Level 1:colcon.colcon_core.package_identification:_identify(venv/lib/python3.10/site-packages/pip/_vendor/urllib3/contrib/_securetransport) by extensions ['ros']
[0.827s] Level 1:colcon.colcon_core.package_identification:_identify(venv/lib/python3.10/site-packages/pip/_vendor/urllib3/contrib/_securetransport) by extension 'ros'
[0.827s] Level 1:colcon.colcon_core.package_identification:_identify(venv/lib/python3.10/site-packages/pip/_vendor/urllib3/contrib/_securetransport) by extensions ['cmake', 'python']
[0.827s] Level 1:colcon.colcon_core.package_identification:_identify(venv/lib/python3.10/site-packages/pip/_vendor/urllib3/contrib/_securetransport) by extension 'cmake'
[0.827s] Level 1:colcon.colcon_core.package_identification:_identify(venv/lib/python3.10/site-packages/pip/_vendor/urllib3/contrib/_securetransport) by extension 'python'
[0.827s] Level 1:colcon.colcon_core.package_identification:_identify(venv/lib/python3.10/site-packages/pip/_vendor/urllib3/contrib/_securetransport) by extensions ['python_setup_py']
[0.827s] Level 1:colcon.colcon_core.package_identification:_identify(venv/lib/python3.10/site-packages/pip/_vendor/urllib3/contrib/_securetransport) by extension 'python_setup_py'
[0.827s] Level 1:colcon.colcon_core.package_identification:_identify(venv/lib/python3.10/site-packages/pip/_vendor/urllib3/contrib/_securetransport/__pycache__) by extensions ['ignore', 'ignore_ament_install']
[0.827s] Level 1:colcon.colcon_core.package_identification:_identify(venv/lib/python3.10/site-packages/pip/_vendor/urllib3/contrib/_securetransport/__pycache__) by extension 'ignore'
[0.827s] Level 1:colcon.colcon_core.package_identification:_identify(venv/lib/python3.10/site-packages/pip/_vendor/urllib3/contrib/_securetransport/__pycache__) by extension 'ignore_ament_install'
[0.827s] Level 1:colcon.colcon_core.package_identification:_identify(venv/lib/python3.10/site-packages/pip/_vendor/urllib3/contrib/_securetransport/__pycache__) by extensions ['colcon_pkg']
[0.827s] Level 1:colcon.colcon_core.package_identification:_identify(venv/lib/python3.10/site-packages/pip/_vendor/urllib3/contrib/_securetransport/__pycache__) by extension 'colcon_pkg'
[0.827s] Level 1:colcon.colcon_core.package_identification:_identify(venv/lib/python3.10/site-packages/pip/_vendor/urllib3/contrib/_securetransport/__pycache__) by extensions ['colcon_meta']
[0.827s] Level 1:colcon.colcon_core.package_identification:_identify(venv/lib/python3.10/site-packages/pip/_vendor/urllib3/contrib/_securetransport/__pycache__) by extension 'colcon_meta'
[0.827s] Level 1:colcon.colcon_core.package_identification:_identify(venv/lib/python3.10/site-packages/pip/_vendor/urllib3/contrib/_securetransport/__pycache__) by extensions ['ros']
[0.827s] Level 1:colcon.colcon_core.package_identification:_identify(venv/lib/python3.10/site-packages/pip/_vendor/urllib3/contrib/_securetransport/__pycache__) by extension 'ros'
[0.827s] Level 1:colcon.colcon_core.package_identification:_identify(venv/lib/python3.10/site-packages/pip/_vendor/urllib3/contrib/_securetransport/__pycache__) by extensions ['cmake', 'python']
[0.827s] Level 1:colcon.colcon_core.package_identification:_identify(venv/lib/python3.10/site-packages/pip/_vendor/urllib3/contrib/_securetransport/__pycache__) by extension 'cmake'
[0.827s] Level 1:colcon.colcon_core.package_identification:_identify(venv/lib/python3.10/site-packages/pip/_vendor/urllib3/contrib/_securetransport/__pycache__) by extension 'python'
[0.827s] Level 1:colcon.colcon_core.package_identification:_identify(venv/lib/python3.10/site-packages/pip/_vendor/urllib3/contrib/_securetransport/__pycache__) by extensions ['python_setup_py']
[0.827s] Level 1:colcon.colcon_core.package_identification:_identify(venv/lib/python3.10/site-packages/pip/_vendor/urllib3/contrib/_securetransport/__pycache__) by extension 'python_setup_py'
[0.827s] Level 1:colcon.colcon_core.package_identification:_identify(venv/lib/python3.10/site-packages/pip/_vendor/urllib3/packages) by extensions ['ignore', 'ignore_ament_install']
[0.827s] Level 1:colcon.colcon_core.package_identification:_identify(venv/lib/python3.10/site-packages/pip/_vendor/urllib3/packages) by extension 'ignore'
[0.827s] Level 1:colcon.colcon_core.package_identification:_identify(venv/lib/python3.10/site-packages/pip/_vendor/urllib3/packages) by extension 'ignore_ament_install'
[0.827s] Level 1:colcon.colcon_core.package_identification:_identify(venv/lib/python3.10/site-packages/pip/_vendor/urllib3/packages) by extensions ['colcon_pkg']
[0.827s] Level 1:colcon.colcon_core.package_identification:_identify(venv/lib/python3.10/site-packages/pip/_vendor/urllib3/packages) by extension 'colcon_pkg'
[0.827s] Level 1:colcon.colcon_core.package_identification:_identify(venv/lib/python3.10/site-packages/pip/_vendor/urllib3/packages) by extensions ['colcon_meta']
[0.827s] Level 1:colcon.colcon_core.package_identification:_identify(venv/lib/python3.10/site-packages/pip/_vendor/urllib3/packages) by extension 'colcon_meta'
[0.827s] Level 1:colcon.colcon_core.package_identification:_identify(venv/lib/python3.10/site-packages/pip/_vendor/urllib3/packages) by extensions ['ros']
[0.827s] Level 1:colcon.colcon_core.package_identification:_identify(venv/lib/python3.10/site-packages/pip/_vendor/urllib3/packages) by extension 'ros'
[0.827s] Level 1:colcon.colcon_core.package_identification:_identify(venv/lib/python3.10/site-packages/pip/_vendor/urllib3/packages) by extensions ['cmake', 'python']
[0.827s] Level 1:colcon.colcon_core.package_identification:_identify(venv/lib/python3.10/site-packages/pip/_vendor/urllib3/packages) by extension 'cmake'
[0.827s] Level 1:colcon.colcon_core.package_identification:_identify(venv/lib/python3.10/site-packages/pip/_vendor/urllib3/packages) by extension 'python'
[0.828s] Level 1:colcon.colcon_core.package_identification:_identify(venv/lib/python3.10/site-packages/pip/_vendor/urllib3/packages) by extensions ['python_setup_py']
[0.828s] Level 1:colcon.colcon_core.package_identification:_identify(venv/lib/python3.10/site-packages/pip/_vendor/urllib3/packages) by extension 'python_setup_py'
[0.828s] Level 1:colcon.colcon_core.package_identification:_identify(venv/lib/python3.10/site-packages/pip/_vendor/urllib3/packages/__pycache__) by extensions ['ignore', 'ignore_ament_install']
[0.828s] Level 1:colcon.colcon_core.package_identification:_identify(venv/lib/python3.10/site-packages/pip/_vendor/urllib3/packages/__pycache__) by extension 'ignore'
[0.828s] Level 1:colcon.colcon_core.package_identification:_identify(venv/lib/python3.10/site-packages/pip/_vendor/urllib3/packages/__pycache__) by extension 'ignore_ament_install'
[0.828s] Level 1:colcon.colcon_core.package_identification:_identify(venv/lib/python3.10/site-packages/pip/_vendor/urllib3/packages/__pycache__) by extensions ['colcon_pkg']
[0.828s] Level 1:colcon.colcon_core.package_identification:_identify(venv/lib/python3.10/site-packages/pip/_vendor/urllib3/packages/__pycache__) by extension 'colcon_pkg'
[0.828s] Level 1:colcon.colcon_core.package_identification:_identify(venv/lib/python3.10/site-packages/pip/_vendor/urllib3/packages/__pycache__) by extensions ['colcon_meta']
[0.828s] Level 1:colcon.colcon_core.package_identification:_identify(venv/lib/python3.10/site-packages/pip/_vendor/urllib3/packages/__pycache__) by extension 'colcon_meta'
[0.828s] Level 1:colcon.colcon_core.package_identification:_identify(venv/lib/python3.10/site-packages/pip/_vendor/urllib3/packages/__pycache__) by extensions ['ros']
[0.828s] Level 1:colcon.colcon_core.package_identification:_identify(venv/lib/python3.10/site-packages/pip/_vendor/urllib3/packages/__pycache__) by extension 'ros'
[0.828s] Level 1:colcon.colcon_core.package_identification:_identify(venv/lib/python3.10/site-packages/pip/_vendor/urllib3/packages/__pycache__) by extensions ['cmake', 'python']
[0.828s] Level 1:colcon.colcon_core.package_identification:_identify(venv/lib/python3.10/site-packages/pip/_vendor/urllib3/packages/__pycache__) by extension 'cmake'
[0.828s] Level 1:colcon.colcon_core.package_identification:_identify(venv/lib/python3.10/site-packages/pip/_vendor/urllib3/packages/__pycache__) by extension 'python'
[0.828s] Level 1:colcon.colcon_core.package_identification:_identify(venv/lib/python3.10/site-packages/pip/_vendor/urllib3/packages/__pycache__) by extensions ['python_setup_py']
[0.828s] Level 1:colcon.colcon_core.package_identification:_identify(venv/lib/python3.10/site-packages/pip/_vendor/urllib3/packages/__pycache__) by extension 'python_setup_py'
[0.828s] Level 1:colcon.colcon_core.package_identification:_identify(venv/lib/python3.10/site-packages/pip/_vendor/urllib3/packages/backports) by extensions ['ignore', 'ignore_ament_install']
[0.828s] Level 1:colcon.colcon_core.package_identification:_identify(venv/lib/python3.10/site-packages/pip/_vendor/urllib3/packages/backports) by extension 'ignore'
[0.828s] Level 1:colcon.colcon_core.package_identification:_identify(venv/lib/python3.10/site-packages/pip/_vendor/urllib3/packages/backports) by extension 'ignore_ament_install'
[0.828s] Level 1:colcon.colcon_core.package_identification:_identify(venv/lib/python3.10/site-packages/pip/_vendor/urllib3/packages/backports) by extensions ['colcon_pkg']
[0.828s] Level 1:colcon.colcon_core.package_identification:_identify(venv/lib/python3.10/site-packages/pip/_vendor/urllib3/packages/backports) by extension 'colcon_pkg'
[0.828s] Level 1:colcon.colcon_core.package_identification:_identify(venv/lib/python3.10/site-packages/pip/_vendor/urllib3/packages/backports) by extensions ['colcon_meta']
[0.828s] Level 1:colcon.colcon_core.package_identification:_identify(venv/lib/python3.10/site-packages/pip/_vendor/urllib3/packages/backports) by extension 'colcon_meta'
[0.828s] Level 1:colcon.colcon_core.package_identification:_identify(venv/lib/python3.10/site-packages/pip/_vendor/urllib3/packages/backports) by extensions ['ros']
[0.828s] Level 1:colcon.colcon_core.package_identification:_identify(venv/lib/python3.10/site-packages/pip/_vendor/urllib3/packages/backports) by extension 'ros'
[0.828s] Level 1:colcon.colcon_core.package_identification:_identify(venv/lib/python3.10/site-packages/pip/_vendor/urllib3/packages/backports) by extensions ['cmake', 'python']
[0.828s] Level 1:colcon.colcon_core.package_identification:_identify(venv/lib/python3.10/site-packages/pip/_vendor/urllib3/packages/backports) by extension 'cmake'
[0.828s] Level 1:colcon.colcon_core.package_identification:_identify(venv/lib/python3.10/site-packages/pip/_vendor/urllib3/packages/backports) by extension 'python'
[0.828s] Level 1:colcon.colcon_core.package_identification:_identify(venv/lib/python3.10/site-packages/pip/_vendor/urllib3/packages/backports) by extensions ['python_setup_py']
[0.828s] Level 1:colcon.colcon_core.package_identification:_identify(venv/lib/python3.10/site-packages/pip/_vendor/urllib3/packages/backports) by extension 'python_setup_py'
[0.828s] Level 1:colcon.colcon_core.package_identification:_identify(venv/lib/python3.10/site-packages/pip/_vendor/urllib3/packages/backports/__pycache__) by extensions ['ignore', 'ignore_ament_install']
[0.829s] Level 1:colcon.colcon_core.package_identification:_identify(venv/lib/python3.10/site-packages/pip/_vendor/urllib3/packages/backports/__pycache__) by extension 'ignore'
[0.829s] Level 1:colcon.colcon_core.package_identification:_identify(venv/lib/python3.10/site-packages/pip/_vendor/urllib3/packages/backports/__pycache__) by extension 'ignore_ament_install'
[0.829s] Level 1:colcon.colcon_core.package_identification:_identify(venv/lib/python3.10/site-packages/pip/_vendor/urllib3/packages/backports/__pycache__) by extensions ['colcon_pkg']
[0.829s] Level 1:colcon.colcon_core.package_identification:_identify(venv/lib/python3.10/site-packages/pip/_vendor/urllib3/packages/backports/__pycache__) by extension 'colcon_pkg'
[0.829s] Level 1:colcon.colcon_core.package_identification:_identify(venv/lib/python3.10/site-packages/pip/_vendor/urllib3/packages/backports/__pycache__) by extensions ['colcon_meta']
[0.829s] Level 1:colcon.colcon_core.package_identification:_identify(venv/lib/python3.10/site-packages/pip/_vendor/urllib3/packages/backports/__pycache__) by extension 'colcon_meta'
[0.829s] Level 1:colcon.colcon_core.package_identification:_identify(venv/lib/python3.10/site-packages/pip/_vendor/urllib3/packages/backports/__pycache__) by extensions ['ros']
[0.829s] Level 1:colcon.colcon_core.package_identification:_identify(venv/lib/python3.10/site-packages/pip/_vendor/urllib3/packages/backports/__pycache__) by extension 'ros'
[0.829s] Level 1:colcon.colcon_core.package_identification:_identify(venv/lib/python3.10/site-packages/pip/_vendor/urllib3/packages/backports/__pycache__) by extensions ['cmake', 'python']
[0.829s] Level 1:colcon.colcon_core.package_identification:_identify(venv/lib/python3.10/site-packages/pip/_vendor/urllib3/packages/backports/__pycache__) by extension 'cmake'
[0.829s] Level 1:colcon.colcon_core.package_identification:_identify(venv/lib/python3.10/site-packages/pip/_vendor/urllib3/packages/backports/__pycache__) by extension 'python'
[0.829s] Level 1:colcon.colcon_core.package_identification:_identify(venv/lib/python3.10/site-packages/pip/_vendor/urllib3/packages/backports/__pycache__) by extensions ['python_setup_py']
[0.829s] Level 1:colcon.colcon_core.package_identification:_identify(venv/lib/python3.10/site-packages/pip/_vendor/urllib3/packages/backports/__pycache__) by extension 'python_setup_py'
[0.829s] Level 1:colcon.colcon_core.package_identification:_identify(venv/lib/python3.10/site-packages/pip/_vendor/urllib3/util) by extensions ['ignore', 'ignore_ament_install']
[0.829s] Level 1:colcon.colcon_core.package_identification:_identify(venv/lib/python3.10/site-packages/pip/_vendor/urllib3/util) by extension 'ignore'
[0.829s] Level 1:colcon.colcon_core.package_identification:_identify(venv/lib/python3.10/site-packages/pip/_vendor/urllib3/util) by extension 'ignore_ament_install'
[0.829s] Level 1:colcon.colcon_core.package_identification:_identify(venv/lib/python3.10/site-packages/pip/_vendor/urllib3/util) by extensions ['colcon_pkg']
[0.829s] Level 1:colcon.colcon_core.package_identification:_identify(venv/lib/python3.10/site-packages/pip/_vendor/urllib3/util) by extension 'colcon_pkg'
[0.829s] Level 1:colcon.colcon_core.package_identification:_identify(venv/lib/python3.10/site-packages/pip/_vendor/urllib3/util) by extensions ['colcon_meta']
[0.829s] Level 1:colcon.colcon_core.package_identification:_identify(venv/lib/python3.10/site-packages/pip/_vendor/urllib3/util) by extension 'colcon_meta'
[0.829s] Level 1:colcon.colcon_core.package_identification:_identify(venv/lib/python3.10/site-packages/pip/_vendor/urllib3/util) by extensions ['ros']
[0.829s] Level 1:colcon.colcon_core.package_identification:_identify(venv/lib/python3.10/site-packages/pip/_vendor/urllib3/util) by extension 'ros'
[0.829s] Level 1:colcon.colcon_core.package_identification:_identify(venv/lib/python3.10/site-packages/pip/_vendor/urllib3/util) by extensions ['cmake', 'python']
[0.829s] Level 1:colcon.colcon_core.package_identification:_identify(venv/lib/python3.10/site-packages/pip/_vendor/urllib3/util) by extension 'cmake'
[0.829s] Level 1:colcon.colcon_core.package_identification:_identify(venv/lib/python3.10/site-packages/pip/_vendor/urllib3/util) by extension 'python'
[0.829s] Level 1:colcon.colcon_core.package_identification:_identify(venv/lib/python3.10/site-packages/pip/_vendor/urllib3/util) by extensions ['python_setup_py']
[0.829s] Level 1:colcon.colcon_core.package_identification:_identify(venv/lib/python3.10/site-packages/pip/_vendor/urllib3/util) by extension 'python_setup_py'
[0.829s] Level 1:colcon.colcon_core.package_identification:_identify(venv/lib/python3.10/site-packages/pip/_vendor/urllib3/util/__pycache__) by extensions ['ignore', 'ignore_ament_install']
[0.829s] Level 1:colcon.colcon_core.package_identification:_identify(venv/lib/python3.10/site-packages/pip/_vendor/urllib3/util/__pycache__) by extension 'ignore'
[0.829s] Level 1:colcon.colcon_core.package_identification:_identify(venv/lib/python3.10/site-packages/pip/_vendor/urllib3/util/__pycache__) by extension 'ignore_ament_install'
[0.829s] Level 1:colcon.colcon_core.package_identification:_identify(venv/lib/python3.10/site-packages/pip/_vendor/urllib3/util/__pycache__) by extensions ['colcon_pkg']
[0.829s] Level 1:colcon.colcon_core.package_identification:_identify(venv/lib/python3.10/site-packages/pip/_vendor/urllib3/util/__pycache__) by extension 'colcon_pkg'
[0.829s] Level 1:colcon.colcon_core.package_identification:_identify(venv/lib/python3.10/site-packages/pip/_vendor/urllib3/util/__pycache__) by extensions ['colcon_meta']
[0.830s] Level 1:colcon.colcon_core.package_identification:_identify(venv/lib/python3.10/site-packages/pip/_vendor/urllib3/util/__pycache__) by extension 'colcon_meta'
[0.830s] Level 1:colcon.colcon_core.package_identification:_identify(venv/lib/python3.10/site-packages/pip/_vendor/urllib3/util/__pycache__) by extensions ['ros']
[0.830s] Level 1:colcon.colcon_core.package_identification:_identify(venv/lib/python3.10/site-packages/pip/_vendor/urllib3/util/__pycache__) by extension 'ros'
[0.830s] Level 1:colcon.colcon_core.package_identification:_identify(venv/lib/python3.10/site-packages/pip/_vendor/urllib3/util/__pycache__) by extensions ['cmake', 'python']
[0.830s] Level 1:colcon.colcon_core.package_identification:_identify(venv/lib/python3.10/site-packages/pip/_vendor/urllib3/util/__pycache__) by extension 'cmake'
[0.830s] Level 1:colcon.colcon_core.package_identification:_identify(venv/lib/python3.10/site-packages/pip/_vendor/urllib3/util/__pycache__) by extension 'python'
[0.830s] Level 1:colcon.colcon_core.package_identification:_identify(venv/lib/python3.10/site-packages/pip/_vendor/urllib3/util/__pycache__) by extensions ['python_setup_py']
[0.830s] Level 1:colcon.colcon_core.package_identification:_identify(venv/lib/python3.10/site-packages/pip/_vendor/urllib3/util/__pycache__) by extension 'python_setup_py'
[0.830s] Level 1:colcon.colcon_core.package_identification:_identify(venv/lib/python3.10/site-packages/pip/_vendor/webencodings) by extensions ['ignore', 'ignore_ament_install']
[0.830s] Level 1:colcon.colcon_core.package_identification:_identify(venv/lib/python3.10/site-packages/pip/_vendor/webencodings) by extension 'ignore'
[0.830s] Level 1:colcon.colcon_core.package_identification:_identify(venv/lib/python3.10/site-packages/pip/_vendor/webencodings) by extension 'ignore_ament_install'
[0.830s] Level 1:colcon.colcon_core.package_identification:_identify(venv/lib/python3.10/site-packages/pip/_vendor/webencodings) by extensions ['colcon_pkg']
[0.830s] Level 1:colcon.colcon_core.package_identification:_identify(venv/lib/python3.10/site-packages/pip/_vendor/webencodings) by extension 'colcon_pkg'
[0.830s] Level 1:colcon.colcon_core.package_identification:_identify(venv/lib/python3.10/site-packages/pip/_vendor/webencodings) by extensions ['colcon_meta']
[0.830s] Level 1:colcon.colcon_core.package_identification:_identify(venv/lib/python3.10/site-packages/pip/_vendor/webencodings) by extension 'colcon_meta'
[0.830s] Level 1:colcon.colcon_core.package_identification:_identify(venv/lib/python3.10/site-packages/pip/_vendor/webencodings) by extensions ['ros']
[0.830s] Level 1:colcon.colcon_core.package_identification:_identify(venv/lib/python3.10/site-packages/pip/_vendor/webencodings) by extension 'ros'
[0.830s] Level 1:colcon.colcon_core.package_identification:_identify(venv/lib/python3.10/site-packages/pip/_vendor/webencodings) by extensions ['cmake', 'python']
[0.830s] Level 1:colcon.colcon_core.package_identification:_identify(venv/lib/python3.10/site-packages/pip/_vendor/webencodings) by extension 'cmake'
[0.830s] Level 1:colcon.colcon_core.package_identification:_identify(venv/lib/python3.10/site-packages/pip/_vendor/webencodings) by extension 'python'
[0.830s] Level 1:colcon.colcon_core.package_identification:_identify(venv/lib/python3.10/site-packages/pip/_vendor/webencodings) by extensions ['python_setup_py']
[0.830s] Level 1:colcon.colcon_core.package_identification:_identify(venv/lib/python3.10/site-packages/pip/_vendor/webencodings) by extension 'python_setup_py'
[0.830s] Level 1:colcon.colcon_core.package_identification:_identify(venv/lib/python3.10/site-packages/pip/_vendor/webencodings/__pycache__) by extensions ['ignore', 'ignore_ament_install']
[0.830s] Level 1:colcon.colcon_core.package_identification:_identify(venv/lib/python3.10/site-packages/pip/_vendor/webencodings/__pycache__) by extension 'ignore'
[0.830s] Level 1:colcon.colcon_core.package_identification:_identify(venv/lib/python3.10/site-packages/pip/_vendor/webencodings/__pycache__) by extension 'ignore_ament_install'
[0.830s] Level 1:colcon.colcon_core.package_identification:_identify(venv/lib/python3.10/site-packages/pip/_vendor/webencodings/__pycache__) by extensions ['colcon_pkg']
[0.830s] Level 1:colcon.colcon_core.package_identification:_identify(venv/lib/python3.10/site-packages/pip/_vendor/webencodings/__pycache__) by extension 'colcon_pkg'
[0.830s] Level 1:colcon.colcon_core.package_identification:_identify(venv/lib/python3.10/site-packages/pip/_vendor/webencodings/__pycache__) by extensions ['colcon_meta']
[0.830s] Level 1:colcon.colcon_core.package_identification:_identify(venv/lib/python3.10/site-packages/pip/_vendor/webencodings/__pycache__) by extension 'colcon_meta'
[0.830s] Level 1:colcon.colcon_core.package_identification:_identify(venv/lib/python3.10/site-packages/pip/_vendor/webencodings/__pycache__) by extensions ['ros']
[0.830s] Level 1:colcon.colcon_core.package_identification:_identify(venv/lib/python3.10/site-packages/pip/_vendor/webencodings/__pycache__) by extension 'ros'
[0.830s] Level 1:colcon.colcon_core.package_identification:_identify(venv/lib/python3.10/site-packages/pip/_vendor/webencodings/__pycache__) by extensions ['cmake', 'python']
[0.830s] Level 1:colcon.colcon_core.package_identification:_identify(venv/lib/python3.10/site-packages/pip/_vendor/webencodings/__pycache__) by extension 'cmake'
[0.831s] Level 1:colcon.colcon_core.package_identification:_identify(venv/lib/python3.10/site-packages/pip/_vendor/webencodings/__pycache__) by extension 'python'
[0.831s] Level 1:colcon.colcon_core.package_identification:_identify(venv/lib/python3.10/site-packages/pip/_vendor/webencodings/__pycache__) by extensions ['python_setup_py']
[0.831s] Level 1:colcon.colcon_core.package_identification:_identify(venv/lib/python3.10/site-packages/pip/_vendor/webencodings/__pycache__) by extension 'python_setup_py'
[0.831s] Level 1:colcon.colcon_core.package_identification:_identify(venv/lib/python3.10/site-packages/pip-22.0.2.dist-info) by extensions ['ignore', 'ignore_ament_install']
[0.831s] Level 1:colcon.colcon_core.package_identification:_identify(venv/lib/python3.10/site-packages/pip-22.0.2.dist-info) by extension 'ignore'
[0.831s] Level 1:colcon.colcon_core.package_identification:_identify(venv/lib/python3.10/site-packages/pip-22.0.2.dist-info) by extension 'ignore_ament_install'
[0.831s] Level 1:colcon.colcon_core.package_identification:_identify(venv/lib/python3.10/site-packages/pip-22.0.2.dist-info) by extensions ['colcon_pkg']
[0.831s] Level 1:colcon.colcon_core.package_identification:_identify(venv/lib/python3.10/site-packages/pip-22.0.2.dist-info) by extension 'colcon_pkg'
[0.831s] Level 1:colcon.colcon_core.package_identification:_identify(venv/lib/python3.10/site-packages/pip-22.0.2.dist-info) by extensions ['colcon_meta']
[0.831s] Level 1:colcon.colcon_core.package_identification:_identify(venv/lib/python3.10/site-packages/pip-22.0.2.dist-info) by extension 'colcon_meta'
[0.831s] Level 1:colcon.colcon_core.package_identification:_identify(venv/lib/python3.10/site-packages/pip-22.0.2.dist-info) by extensions ['ros']
[0.831s] Level 1:colcon.colcon_core.package_identification:_identify(venv/lib/python3.10/site-packages/pip-22.0.2.dist-info) by extension 'ros'
[0.831s] Level 1:colcon.colcon_core.package_identification:_identify(venv/lib/python3.10/site-packages/pip-22.0.2.dist-info) by extensions ['cmake', 'python']
[0.831s] Level 1:colcon.colcon_core.package_identification:_identify(venv/lib/python3.10/site-packages/pip-22.0.2.dist-info) by extension 'cmake'
[0.831s] Level 1:colcon.colcon_core.package_identification:_identify(venv/lib/python3.10/site-packages/pip-22.0.2.dist-info) by extension 'python'
[0.831s] Level 1:colcon.colcon_core.package_identification:_identify(venv/lib/python3.10/site-packages/pip-22.0.2.dist-info) by extensions ['python_setup_py']
[0.831s] Level 1:colcon.colcon_core.package_identification:_identify(venv/lib/python3.10/site-packages/pip-22.0.2.dist-info) by extension 'python_setup_py'
[0.831s] Level 1:colcon.colcon_core.package_identification:_identify(venv/lib/python3.10/site-packages/pkg_resources) by extensions ['ignore', 'ignore_ament_install']
[0.831s] Level 1:colcon.colcon_core.package_identification:_identify(venv/lib/python3.10/site-packages/pkg_resources) by extension 'ignore'
[0.831s] Level 1:colcon.colcon_core.package_identification:_identify(venv/lib/python3.10/site-packages/pkg_resources) by extension 'ignore_ament_install'
[0.831s] Level 1:colcon.colcon_core.package_identification:_identify(venv/lib/python3.10/site-packages/pkg_resources) by extensions ['colcon_pkg']
[0.831s] Level 1:colcon.colcon_core.package_identification:_identify(venv/lib/python3.10/site-packages/pkg_resources) by extension 'colcon_pkg'
[0.831s] Level 1:colcon.colcon_core.package_identification:_identify(venv/lib/python3.10/site-packages/pkg_resources) by extensions ['colcon_meta']
[0.831s] Level 1:colcon.colcon_core.package_identification:_identify(venv/lib/python3.10/site-packages/pkg_resources) by extension 'colcon_meta'
[0.831s] Level 1:colcon.colcon_core.package_identification:_identify(venv/lib/python3.10/site-packages/pkg_resources) by extensions ['ros']
[0.831s] Level 1:colcon.colcon_core.package_identification:_identify(venv/lib/python3.10/site-packages/pkg_resources) by extension 'ros'
[0.831s] Level 1:colcon.colcon_core.package_identification:_identify(venv/lib/python3.10/site-packages/pkg_resources) by extensions ['cmake', 'python']
[0.831s] Level 1:colcon.colcon_core.package_identification:_identify(venv/lib/python3.10/site-packages/pkg_resources) by extension 'cmake'
[0.831s] Level 1:colcon.colcon_core.package_identification:_identify(venv/lib/python3.10/site-packages/pkg_resources) by extension 'python'
[0.831s] Level 1:colcon.colcon_core.package_identification:_identify(venv/lib/python3.10/site-packages/pkg_resources) by extensions ['python_setup_py']
[0.831s] Level 1:colcon.colcon_core.package_identification:_identify(venv/lib/python3.10/site-packages/pkg_resources) by extension 'python_setup_py'
[0.831s] Level 1:colcon.colcon_core.package_identification:_identify(venv/lib/python3.10/site-packages/pkg_resources/__pycache__) by extensions ['ignore', 'ignore_ament_install']
[0.832s] Level 1:colcon.colcon_core.package_identification:_identify(venv/lib/python3.10/site-packages/pkg_resources/__pycache__) by extension 'ignore'
[0.832s] Level 1:colcon.colcon_core.package_identification:_identify(venv/lib/python3.10/site-packages/pkg_resources/__pycache__) by extension 'ignore_ament_install'
[0.832s] Level 1:colcon.colcon_core.package_identification:_identify(venv/lib/python3.10/site-packages/pkg_resources/__pycache__) by extensions ['colcon_pkg']
[0.832s] Level 1:colcon.colcon_core.package_identification:_identify(venv/lib/python3.10/site-packages/pkg_resources/__pycache__) by extension 'colcon_pkg'
[0.832s] Level 1:colcon.colcon_core.package_identification:_identify(venv/lib/python3.10/site-packages/pkg_resources/__pycache__) by extensions ['colcon_meta']
[0.832s] Level 1:colcon.colcon_core.package_identification:_identify(venv/lib/python3.10/site-packages/pkg_resources/__pycache__) by extension 'colcon_meta'
[0.832s] Level 1:colcon.colcon_core.package_identification:_identify(venv/lib/python3.10/site-packages/pkg_resources/__pycache__) by extensions ['ros']
[0.832s] Level 1:colcon.colcon_core.package_identification:_identify(venv/lib/python3.10/site-packages/pkg_resources/__pycache__) by extension 'ros'
[0.832s] Level 1:colcon.colcon_core.package_identification:_identify(venv/lib/python3.10/site-packages/pkg_resources/__pycache__) by extensions ['cmake', 'python']
[0.832s] Level 1:colcon.colcon_core.package_identification:_identify(venv/lib/python3.10/site-packages/pkg_resources/__pycache__) by extension 'cmake'
[0.832s] Level 1:colcon.colcon_core.package_identification:_identify(venv/lib/python3.10/site-packages/pkg_resources/__pycache__) by extension 'python'
[0.832s] Level 1:colcon.colcon_core.package_identification:_identify(venv/lib/python3.10/site-packages/pkg_resources/__pycache__) by extensions ['python_setup_py']
[0.832s] Level 1:colcon.colcon_core.package_identification:_identify(venv/lib/python3.10/site-packages/pkg_resources/__pycache__) by extension 'python_setup_py'
[0.832s] Level 1:colcon.colcon_core.package_identification:_identify(venv/lib/python3.10/site-packages/pkg_resources/_vendor) by extensions ['ignore', 'ignore_ament_install']
[0.832s] Level 1:colcon.colcon_core.package_identification:_identify(venv/lib/python3.10/site-packages/pkg_resources/_vendor) by extension 'ignore'
[0.832s] Level 1:colcon.colcon_core.package_identification:_identify(venv/lib/python3.10/site-packages/pkg_resources/_vendor) by extension 'ignore_ament_install'
[0.832s] Level 1:colcon.colcon_core.package_identification:_identify(venv/lib/python3.10/site-packages/pkg_resources/_vendor) by extensions ['colcon_pkg']
[0.832s] Level 1:colcon.colcon_core.package_identification:_identify(venv/lib/python3.10/site-packages/pkg_resources/_vendor) by extension 'colcon_pkg'
[0.832s] Level 1:colcon.colcon_core.package_identification:_identify(venv/lib/python3.10/site-packages/pkg_resources/_vendor) by extensions ['colcon_meta']
[0.832s] Level 1:colcon.colcon_core.package_identification:_identify(venv/lib/python3.10/site-packages/pkg_resources/_vendor) by extension 'colcon_meta'
[0.832s] Level 1:colcon.colcon_core.package_identification:_identify(venv/lib/python3.10/site-packages/pkg_resources/_vendor) by extensions ['ros']
[0.832s] Level 1:colcon.colcon_core.package_identification:_identify(venv/lib/python3.10/site-packages/pkg_resources/_vendor) by extension 'ros'
[0.832s] Level 1:colcon.colcon_core.package_identification:_identify(venv/lib/python3.10/site-packages/pkg_resources/_vendor) by extensions ['cmake', 'python']
[0.832s] Level 1:colcon.colcon_core.package_identification:_identify(venv/lib/python3.10/site-packages/pkg_resources/_vendor) by extension 'cmake'
[0.832s] Level 1:colcon.colcon_core.package_identification:_identify(venv/lib/python3.10/site-packages/pkg_resources/_vendor) by extension 'python'
[0.832s] Level 1:colcon.colcon_core.package_identification:_identify(venv/lib/python3.10/site-packages/pkg_resources/_vendor) by extensions ['python_setup_py']
[0.832s] Level 1:colcon.colcon_core.package_identification:_identify(venv/lib/python3.10/site-packages/pkg_resources/_vendor) by extension 'python_setup_py'
[0.832s] Level 1:colcon.colcon_core.package_identification:_identify(venv/lib/python3.10/site-packages/pkg_resources/_vendor/__pycache__) by extensions ['ignore', 'ignore_ament_install']
[0.832s] Level 1:colcon.colcon_core.package_identification:_identify(venv/lib/python3.10/site-packages/pkg_resources/_vendor/__pycache__) by extension 'ignore'
[0.832s] Level 1:colcon.colcon_core.package_identification:_identify(venv/lib/python3.10/site-packages/pkg_resources/_vendor/__pycache__) by extension 'ignore_ament_install'
[0.832s] Level 1:colcon.colcon_core.package_identification:_identify(venv/lib/python3.10/site-packages/pkg_resources/_vendor/__pycache__) by extensions ['colcon_pkg']
[0.832s] Level 1:colcon.colcon_core.package_identification:_identify(venv/lib/python3.10/site-packages/pkg_resources/_vendor/__pycache__) by extension 'colcon_pkg'
[0.832s] Level 1:colcon.colcon_core.package_identification:_identify(venv/lib/python3.10/site-packages/pkg_resources/_vendor/__pycache__) by extensions ['colcon_meta']
[0.832s] Level 1:colcon.colcon_core.package_identification:_identify(venv/lib/python3.10/site-packages/pkg_resources/_vendor/__pycache__) by extension 'colcon_meta'
[0.833s] Level 1:colcon.colcon_core.package_identification:_identify(venv/lib/python3.10/site-packages/pkg_resources/_vendor/__pycache__) by extensions ['ros']
[0.833s] Level 1:colcon.colcon_core.package_identification:_identify(venv/lib/python3.10/site-packages/pkg_resources/_vendor/__pycache__) by extension 'ros'
[0.833s] Level 1:colcon.colcon_core.package_identification:_identify(venv/lib/python3.10/site-packages/pkg_resources/_vendor/__pycache__) by extensions ['cmake', 'python']
[0.833s] Level 1:colcon.colcon_core.package_identification:_identify(venv/lib/python3.10/site-packages/pkg_resources/_vendor/__pycache__) by extension 'cmake'
[0.833s] Level 1:colcon.colcon_core.package_identification:_identify(venv/lib/python3.10/site-packages/pkg_resources/_vendor/__pycache__) by extension 'python'
[0.833s] Level 1:colcon.colcon_core.package_identification:_identify(venv/lib/python3.10/site-packages/pkg_resources/_vendor/__pycache__) by extensions ['python_setup_py']
[0.833s] Level 1:colcon.colcon_core.package_identification:_identify(venv/lib/python3.10/site-packages/pkg_resources/_vendor/__pycache__) by extension 'python_setup_py'
[0.833s] Level 1:colcon.colcon_core.package_identification:_identify(venv/lib/python3.10/site-packages/pkg_resources/_vendor/packaging) by extensions ['ignore', 'ignore_ament_install']
[0.833s] Level 1:colcon.colcon_core.package_identification:_identify(venv/lib/python3.10/site-packages/pkg_resources/_vendor/packaging) by extension 'ignore'
[0.833s] Level 1:colcon.colcon_core.package_identification:_identify(venv/lib/python3.10/site-packages/pkg_resources/_vendor/packaging) by extension 'ignore_ament_install'
[0.833s] Level 1:colcon.colcon_core.package_identification:_identify(venv/lib/python3.10/site-packages/pkg_resources/_vendor/packaging) by extensions ['colcon_pkg']
[0.833s] Level 1:colcon.colcon_core.package_identification:_identify(venv/lib/python3.10/site-packages/pkg_resources/_vendor/packaging) by extension 'colcon_pkg'
[0.833s] Level 1:colcon.colcon_core.package_identification:_identify(venv/lib/python3.10/site-packages/pkg_resources/_vendor/packaging) by extensions ['colcon_meta']
[0.833s] Level 1:colcon.colcon_core.package_identification:_identify(venv/lib/python3.10/site-packages/pkg_resources/_vendor/packaging) by extension 'colcon_meta'
[0.833s] Level 1:colcon.colcon_core.package_identification:_identify(venv/lib/python3.10/site-packages/pkg_resources/_vendor/packaging) by extensions ['ros']
[0.833s] Level 1:colcon.colcon_core.package_identification:_identify(venv/lib/python3.10/site-packages/pkg_resources/_vendor/packaging) by extension 'ros'
[0.833s] Level 1:colcon.colcon_core.package_identification:_identify(venv/lib/python3.10/site-packages/pkg_resources/_vendor/packaging) by extensions ['cmake', 'python']
[0.833s] Level 1:colcon.colcon_core.package_identification:_identify(venv/lib/python3.10/site-packages/pkg_resources/_vendor/packaging) by extension 'cmake'
[0.833s] Level 1:colcon.colcon_core.package_identification:_identify(venv/lib/python3.10/site-packages/pkg_resources/_vendor/packaging) by extension 'python'
[0.833s] Level 1:colcon.colcon_core.package_identification:_identify(venv/lib/python3.10/site-packages/pkg_resources/_vendor/packaging) by extensions ['python_setup_py']
[0.833s] Level 1:colcon.colcon_core.package_identification:_identify(venv/lib/python3.10/site-packages/pkg_resources/_vendor/packaging) by extension 'python_setup_py'
[0.833s] Level 1:colcon.colcon_core.package_identification:_identify(venv/lib/python3.10/site-packages/pkg_resources/_vendor/packaging/__pycache__) by extensions ['ignore', 'ignore_ament_install']
[0.833s] Level 1:colcon.colcon_core.package_identification:_identify(venv/lib/python3.10/site-packages/pkg_resources/_vendor/packaging/__pycache__) by extension 'ignore'
[0.833s] Level 1:colcon.colcon_core.package_identification:_identify(venv/lib/python3.10/site-packages/pkg_resources/_vendor/packaging/__pycache__) by extension 'ignore_ament_install'
[0.833s] Level 1:colcon.colcon_core.package_identification:_identify(venv/lib/python3.10/site-packages/pkg_resources/_vendor/packaging/__pycache__) by extensions ['colcon_pkg']
[0.833s] Level 1:colcon.colcon_core.package_identification:_identify(venv/lib/python3.10/site-packages/pkg_resources/_vendor/packaging/__pycache__) by extension 'colcon_pkg'
[0.833s] Level 1:colcon.colcon_core.package_identification:_identify(venv/lib/python3.10/site-packages/pkg_resources/_vendor/packaging/__pycache__) by extensions ['colcon_meta']
[0.833s] Level 1:colcon.colcon_core.package_identification:_identify(venv/lib/python3.10/site-packages/pkg_resources/_vendor/packaging/__pycache__) by extension 'colcon_meta'
[0.833s] Level 1:colcon.colcon_core.package_identification:_identify(venv/lib/python3.10/site-packages/pkg_resources/_vendor/packaging/__pycache__) by extensions ['ros']
[0.833s] Level 1:colcon.colcon_core.package_identification:_identify(venv/lib/python3.10/site-packages/pkg_resources/_vendor/packaging/__pycache__) by extension 'ros'
[0.833s] Level 1:colcon.colcon_core.package_identification:_identify(venv/lib/python3.10/site-packages/pkg_resources/_vendor/packaging/__pycache__) by extensions ['cmake', 'python']
[0.833s] Level 1:colcon.colcon_core.package_identification:_identify(venv/lib/python3.10/site-packages/pkg_resources/_vendor/packaging/__pycache__) by extension 'cmake'
[0.833s] Level 1:colcon.colcon_core.package_identification:_identify(venv/lib/python3.10/site-packages/pkg_resources/_vendor/packaging/__pycache__) by extension 'python'
[0.834s] Level 1:colcon.colcon_core.package_identification:_identify(venv/lib/python3.10/site-packages/pkg_resources/_vendor/packaging/__pycache__) by extensions ['python_setup_py']
[0.834s] Level 1:colcon.colcon_core.package_identification:_identify(venv/lib/python3.10/site-packages/pkg_resources/_vendor/packaging/__pycache__) by extension 'python_setup_py'
[0.834s] Level 1:colcon.colcon_core.package_identification:_identify(venv/lib/python3.10/site-packages/pkg_resources/extern) by extensions ['ignore', 'ignore_ament_install']
[0.834s] Level 1:colcon.colcon_core.package_identification:_identify(venv/lib/python3.10/site-packages/pkg_resources/extern) by extension 'ignore'
[0.834s] Level 1:colcon.colcon_core.package_identification:_identify(venv/lib/python3.10/site-packages/pkg_resources/extern) by extension 'ignore_ament_install'
[0.834s] Level 1:colcon.colcon_core.package_identification:_identify(venv/lib/python3.10/site-packages/pkg_resources/extern) by extensions ['colcon_pkg']
[0.834s] Level 1:colcon.colcon_core.package_identification:_identify(venv/lib/python3.10/site-packages/pkg_resources/extern) by extension 'colcon_pkg'
[0.834s] Level 1:colcon.colcon_core.package_identification:_identify(venv/lib/python3.10/site-packages/pkg_resources/extern) by extensions ['colcon_meta']
[0.834s] Level 1:colcon.colcon_core.package_identification:_identify(venv/lib/python3.10/site-packages/pkg_resources/extern) by extension 'colcon_meta'
[0.834s] Level 1:colcon.colcon_core.package_identification:_identify(venv/lib/python3.10/site-packages/pkg_resources/extern) by extensions ['ros']
[0.834s] Level 1:colcon.colcon_core.package_identification:_identify(venv/lib/python3.10/site-packages/pkg_resources/extern) by extension 'ros'
[0.834s] Level 1:colcon.colcon_core.package_identification:_identify(venv/lib/python3.10/site-packages/pkg_resources/extern) by extensions ['cmake', 'python']
[0.834s] Level 1:colcon.colcon_core.package_identification:_identify(venv/lib/python3.10/site-packages/pkg_resources/extern) by extension 'cmake'
[0.834s] Level 1:colcon.colcon_core.package_identification:_identify(venv/lib/python3.10/site-packages/pkg_resources/extern) by extension 'python'
[0.834s] Level 1:colcon.colcon_core.package_identification:_identify(venv/lib/python3.10/site-packages/pkg_resources/extern) by extensions ['python_setup_py']
[0.834s] Level 1:colcon.colcon_core.package_identification:_identify(venv/lib/python3.10/site-packages/pkg_resources/extern) by extension 'python_setup_py'
[0.834s] Level 1:colcon.colcon_core.package_identification:_identify(venv/lib/python3.10/site-packages/pkg_resources/extern/__pycache__) by extensions ['ignore', 'ignore_ament_install']
[0.834s] Level 1:colcon.colcon_core.package_identification:_identify(venv/lib/python3.10/site-packages/pkg_resources/extern/__pycache__) by extension 'ignore'
[0.834s] Level 1:colcon.colcon_core.package_identification:_identify(venv/lib/python3.10/site-packages/pkg_resources/extern/__pycache__) by extension 'ignore_ament_install'
[0.834s] Level 1:colcon.colcon_core.package_identification:_identify(venv/lib/python3.10/site-packages/pkg_resources/extern/__pycache__) by extensions ['colcon_pkg']
[0.834s] Level 1:colcon.colcon_core.package_identification:_identify(venv/lib/python3.10/site-packages/pkg_resources/extern/__pycache__) by extension 'colcon_pkg'
[0.834s] Level 1:colcon.colcon_core.package_identification:_identify(venv/lib/python3.10/site-packages/pkg_resources/extern/__pycache__) by extensions ['colcon_meta']
[0.834s] Level 1:colcon.colcon_core.package_identification:_identify(venv/lib/python3.10/site-packages/pkg_resources/extern/__pycache__) by extension 'colcon_meta'
[0.834s] Level 1:colcon.colcon_core.package_identification:_identify(venv/lib/python3.10/site-packages/pkg_resources/extern/__pycache__) by extensions ['ros']
[0.834s] Level 1:colcon.colcon_core.package_identification:_identify(venv/lib/python3.10/site-packages/pkg_resources/extern/__pycache__) by extension 'ros'
[0.834s] Level 1:colcon.colcon_core.package_identification:_identify(venv/lib/python3.10/site-packages/pkg_resources/extern/__pycache__) by extensions ['cmake', 'python']
[0.834s] Level 1:colcon.colcon_core.package_identification:_identify(venv/lib/python3.10/site-packages/pkg_resources/extern/__pycache__) by extension 'cmake'
[0.834s] Level 1:colcon.colcon_core.package_identification:_identify(venv/lib/python3.10/site-packages/pkg_resources/extern/__pycache__) by extension 'python'
[0.834s] Level 1:colcon.colcon_core.package_identification:_identify(venv/lib/python3.10/site-packages/pkg_resources/extern/__pycache__) by extensions ['python_setup_py']
[0.834s] Level 1:colcon.colcon_core.package_identification:_identify(venv/lib/python3.10/site-packages/pkg_resources/extern/__pycache__) by extension 'python_setup_py'
[0.834s] Level 1:colcon.colcon_core.package_identification:_identify(venv/lib/python3.10/site-packages/pkg_resources/tests) by extensions ['ignore', 'ignore_ament_install']
[0.834s] Level 1:colcon.colcon_core.package_identification:_identify(venv/lib/python3.10/site-packages/pkg_resources/tests) by extension 'ignore'
[0.835s] Level 1:colcon.colcon_core.package_identification:_identify(venv/lib/python3.10/site-packages/pkg_resources/tests) by extension 'ignore_ament_install'
[0.835s] Level 1:colcon.colcon_core.package_identification:_identify(venv/lib/python3.10/site-packages/pkg_resources/tests) by extensions ['colcon_pkg']
[0.835s] Level 1:colcon.colcon_core.package_identification:_identify(venv/lib/python3.10/site-packages/pkg_resources/tests) by extension 'colcon_pkg'
[0.835s] Level 1:colcon.colcon_core.package_identification:_identify(venv/lib/python3.10/site-packages/pkg_resources/tests) by extensions ['colcon_meta']
[0.835s] Level 1:colcon.colcon_core.package_identification:_identify(venv/lib/python3.10/site-packages/pkg_resources/tests) by extension 'colcon_meta'
[0.835s] Level 1:colcon.colcon_core.package_identification:_identify(venv/lib/python3.10/site-packages/pkg_resources/tests) by extensions ['ros']
[0.835s] Level 1:colcon.colcon_core.package_identification:_identify(venv/lib/python3.10/site-packages/pkg_resources/tests) by extension 'ros'
[0.835s] Level 1:colcon.colcon_core.package_identification:_identify(venv/lib/python3.10/site-packages/pkg_resources/tests) by extensions ['cmake', 'python']
[0.835s] Level 1:colcon.colcon_core.package_identification:_identify(venv/lib/python3.10/site-packages/pkg_resources/tests) by extension 'cmake'
[0.835s] Level 1:colcon.colcon_core.package_identification:_identify(venv/lib/python3.10/site-packages/pkg_resources/tests) by extension 'python'
[0.835s] Level 1:colcon.colcon_core.package_identification:_identify(venv/lib/python3.10/site-packages/pkg_resources/tests) by extensions ['python_setup_py']
[0.835s] Level 1:colcon.colcon_core.package_identification:_identify(venv/lib/python3.10/site-packages/pkg_resources/tests) by extension 'python_setup_py'
[0.835s] Level 1:colcon.colcon_core.package_identification:_identify(venv/lib/python3.10/site-packages/pkg_resources/tests/data) by extensions ['ignore', 'ignore_ament_install']
[0.835s] Level 1:colcon.colcon_core.package_identification:_identify(venv/lib/python3.10/site-packages/pkg_resources/tests/data) by extension 'ignore'
[0.835s] Level 1:colcon.colcon_core.package_identification:_identify(venv/lib/python3.10/site-packages/pkg_resources/tests/data) by extension 'ignore_ament_install'
[0.835s] Level 1:colcon.colcon_core.package_identification:_identify(venv/lib/python3.10/site-packages/pkg_resources/tests/data) by extensions ['colcon_pkg']
[0.835s] Level 1:colcon.colcon_core.package_identification:_identify(venv/lib/python3.10/site-packages/pkg_resources/tests/data) by extension 'colcon_pkg'
[0.835s] Level 1:colcon.colcon_core.package_identification:_identify(venv/lib/python3.10/site-packages/pkg_resources/tests/data) by extensions ['colcon_meta']
[0.835s] Level 1:colcon.colcon_core.package_identification:_identify(venv/lib/python3.10/site-packages/pkg_resources/tests/data) by extension 'colcon_meta'
[0.835s] Level 1:colcon.colcon_core.package_identification:_identify(venv/lib/python3.10/site-packages/pkg_resources/tests/data) by extensions ['ros']
[0.835s] Level 1:colcon.colcon_core.package_identification:_identify(venv/lib/python3.10/site-packages/pkg_resources/tests/data) by extension 'ros'
[0.835s] Level 1:colcon.colcon_core.package_identification:_identify(venv/lib/python3.10/site-packages/pkg_resources/tests/data) by extensions ['cmake', 'python']
[0.835s] Level 1:colcon.colcon_core.package_identification:_identify(venv/lib/python3.10/site-packages/pkg_resources/tests/data) by extension 'cmake'
[0.835s] Level 1:colcon.colcon_core.package_identification:_identify(venv/lib/python3.10/site-packages/pkg_resources/tests/data) by extension 'python'
[0.835s] Level 1:colcon.colcon_core.package_identification:_identify(venv/lib/python3.10/site-packages/pkg_resources/tests/data) by extensions ['python_setup_py']
[0.835s] Level 1:colcon.colcon_core.package_identification:_identify(venv/lib/python3.10/site-packages/pkg_resources/tests/data) by extension 'python_setup_py'
[0.835s] Level 1:colcon.colcon_core.package_identification:_identify(venv/lib/python3.10/site-packages/pkg_resources/tests/data/my-test-package-source) by extensions ['ignore', 'ignore_ament_install']
[0.835s] Level 1:colcon.colcon_core.package_identification:_identify(venv/lib/python3.10/site-packages/pkg_resources/tests/data/my-test-package-source) by extension 'ignore'
[0.835s] Level 1:colcon.colcon_core.package_identification:_identify(venv/lib/python3.10/site-packages/pkg_resources/tests/data/my-test-package-source) by extension 'ignore_ament_install'
[0.835s] Level 1:colcon.colcon_core.package_identification:_identify(venv/lib/python3.10/site-packages/pkg_resources/tests/data/my-test-package-source) by extensions ['colcon_pkg']
[0.835s] Level 1:colcon.colcon_core.package_identification:_identify(venv/lib/python3.10/site-packages/pkg_resources/tests/data/my-test-package-source) by extension 'colcon_pkg'
[0.835s] Level 1:colcon.colcon_core.package_identification:_identify(venv/lib/python3.10/site-packages/pkg_resources/tests/data/my-test-package-source) by extensions ['colcon_meta']
[0.835s] Level 1:colcon.colcon_core.package_identification:_identify(venv/lib/python3.10/site-packages/pkg_resources/tests/data/my-test-package-source) by extension 'colcon_meta'
[0.835s] Level 1:colcon.colcon_core.package_identification:_identify(venv/lib/python3.10/site-packages/pkg_resources/tests/data/my-test-package-source) by extensions ['ros']
[0.835s] Level 1:colcon.colcon_core.package_identification:_identify(venv/lib/python3.10/site-packages/pkg_resources/tests/data/my-test-package-source) by extension 'ros'
[0.836s] Level 1:colcon.colcon_core.package_identification:_identify(venv/lib/python3.10/site-packages/pkg_resources/tests/data/my-test-package-source) by extensions ['cmake', 'python']
[0.836s] Level 1:colcon.colcon_core.package_identification:_identify(venv/lib/python3.10/site-packages/pkg_resources/tests/data/my-test-package-source) by extension 'cmake'
[0.836s] Level 1:colcon.colcon_core.package_identification:_identify(venv/lib/python3.10/site-packages/pkg_resources/tests/data/my-test-package-source) by extension 'python'
[0.836s] Level 1:colcon.colcon_core.package_identification:_identify(venv/lib/python3.10/site-packages/pkg_resources/tests/data/my-test-package-source) by extensions ['python_setup_py']
[0.836s] Level 1:colcon.colcon_core.package_identification:_identify(venv/lib/python3.10/site-packages/pkg_resources/tests/data/my-test-package-source) by extension 'python_setup_py'
[1.012s] DEBUG:colcon.colcon_core.package_identification:Package 'venv/lib/python3.10/site-packages/pkg_resources/tests/data/my-test-package-source' with type 'python' and name 'my-test-package'
[1.012s] Level 1:colcon.colcon_core.package_identification:_identify(venv/lib/python3.10/site-packages/setuptools) by extensions ['ignore', 'ignore_ament_install']
[1.012s] Level 1:colcon.colcon_core.package_identification:_identify(venv/lib/python3.10/site-packages/setuptools) by extension 'ignore'
[1.012s] Level 1:colcon.colcon_core.package_identification:_identify(venv/lib/python3.10/site-packages/setuptools) by extension 'ignore_ament_install'
[1.012s] Level 1:colcon.colcon_core.package_identification:_identify(venv/lib/python3.10/site-packages/setuptools) by extensions ['colcon_pkg']
[1.012s] Level 1:colcon.colcon_core.package_identification:_identify(venv/lib/python3.10/site-packages/setuptools) by extension 'colcon_pkg'
[1.012s] Level 1:colcon.colcon_core.package_identification:_identify(venv/lib/python3.10/site-packages/setuptools) by extensions ['colcon_meta']
[1.012s] Level 1:colcon.colcon_core.package_identification:_identify(venv/lib/python3.10/site-packages/setuptools) by extension 'colcon_meta'
[1.012s] Level 1:colcon.colcon_core.package_identification:_identify(venv/lib/python3.10/site-packages/setuptools) by extensions ['ros']
[1.012s] Level 1:colcon.colcon_core.package_identification:_identify(venv/lib/python3.10/site-packages/setuptools) by extension 'ros'
[1.012s] Level 1:colcon.colcon_core.package_identification:_identify(venv/lib/python3.10/site-packages/setuptools) by extensions ['cmake', 'python']
[1.012s] Level 1:colcon.colcon_core.package_identification:_identify(venv/lib/python3.10/site-packages/setuptools) by extension 'cmake'
[1.012s] Level 1:colcon.colcon_core.package_identification:_identify(venv/lib/python3.10/site-packages/setuptools) by extension 'python'
[1.012s] Level 1:colcon.colcon_core.package_identification:_identify(venv/lib/python3.10/site-packages/setuptools) by extensions ['python_setup_py']
[1.012s] Level 1:colcon.colcon_core.package_identification:_identify(venv/lib/python3.10/site-packages/setuptools) by extension 'python_setup_py'
[1.013s] Level 1:colcon.colcon_core.package_identification:_identify(venv/lib/python3.10/site-packages/setuptools/__pycache__) by extensions ['ignore', 'ignore_ament_install']
[1.013s] Level 1:colcon.colcon_core.package_identification:_identify(venv/lib/python3.10/site-packages/setuptools/__pycache__) by extension 'ignore'
[1.013s] Level 1:colcon.colcon_core.package_identification:_identify(venv/lib/python3.10/site-packages/setuptools/__pycache__) by extension 'ignore_ament_install'
[1.013s] Level 1:colcon.colcon_core.package_identification:_identify(venv/lib/python3.10/site-packages/setuptools/__pycache__) by extensions ['colcon_pkg']
[1.013s] Level 1:colcon.colcon_core.package_identification:_identify(venv/lib/python3.10/site-packages/setuptools/__pycache__) by extension 'colcon_pkg'
[1.013s] Level 1:colcon.colcon_core.package_identification:_identify(venv/lib/python3.10/site-packages/setuptools/__pycache__) by extensions ['colcon_meta']
[1.013s] Level 1:colcon.colcon_core.package_identification:_identify(venv/lib/python3.10/site-packages/setuptools/__pycache__) by extension 'colcon_meta'
[1.013s] Level 1:colcon.colcon_core.package_identification:_identify(venv/lib/python3.10/site-packages/setuptools/__pycache__) by extensions ['ros']
[1.013s] Level 1:colcon.colcon_core.package_identification:_identify(venv/lib/python3.10/site-packages/setuptools/__pycache__) by extension 'ros'
[1.013s] Level 1:colcon.colcon_core.package_identification:_identify(venv/lib/python3.10/site-packages/setuptools/__pycache__) by extensions ['cmake', 'python']
[1.013s] Level 1:colcon.colcon_core.package_identification:_identify(venv/lib/python3.10/site-packages/setuptools/__pycache__) by extension 'cmake'
[1.013s] Level 1:colcon.colcon_core.package_identification:_identify(venv/lib/python3.10/site-packages/setuptools/__pycache__) by extension 'python'
[1.013s] Level 1:colcon.colcon_core.package_identification:_identify(venv/lib/python3.10/site-packages/setuptools/__pycache__) by extensions ['python_setup_py']
[1.013s] Level 1:colcon.colcon_core.package_identification:_identify(venv/lib/python3.10/site-packages/setuptools/__pycache__) by extension 'python_setup_py'
[1.013s] Level 1:colcon.colcon_core.package_identification:_identify(venv/lib/python3.10/site-packages/setuptools/_distutils) by extensions ['ignore', 'ignore_ament_install']
[1.013s] Level 1:colcon.colcon_core.package_identification:_identify(venv/lib/python3.10/site-packages/setuptools/_distutils) by extension 'ignore'
[1.013s] Level 1:colcon.colcon_core.package_identification:_identify(venv/lib/python3.10/site-packages/setuptools/_distutils) by extension 'ignore_ament_install'
[1.013s] Level 1:colcon.colcon_core.package_identification:_identify(venv/lib/python3.10/site-packages/setuptools/_distutils) by extensions ['colcon_pkg']
[1.013s] Level 1:colcon.colcon_core.package_identification:_identify(venv/lib/python3.10/site-packages/setuptools/_distutils) by extension 'colcon_pkg'
[1.013s] Level 1:colcon.colcon_core.package_identification:_identify(venv/lib/python3.10/site-packages/setuptools/_distutils) by extensions ['colcon_meta']
[1.013s] Level 1:colcon.colcon_core.package_identification:_identify(venv/lib/python3.10/site-packages/setuptools/_distutils) by extension 'colcon_meta'
[1.013s] Level 1:colcon.colcon_core.package_identification:_identify(venv/lib/python3.10/site-packages/setuptools/_distutils) by extensions ['ros']
[1.013s] Level 1:colcon.colcon_core.package_identification:_identify(venv/lib/python3.10/site-packages/setuptools/_distutils) by extension 'ros'
[1.013s] Level 1:colcon.colcon_core.package_identification:_identify(venv/lib/python3.10/site-packages/setuptools/_distutils) by extensions ['cmake', 'python']
[1.013s] Level 1:colcon.colcon_core.package_identification:_identify(venv/lib/python3.10/site-packages/setuptools/_distutils) by extension 'cmake'
[1.013s] Level 1:colcon.colcon_core.package_identification:_identify(venv/lib/python3.10/site-packages/setuptools/_distutils) by extension 'python'
[1.013s] Level 1:colcon.colcon_core.package_identification:_identify(venv/lib/python3.10/site-packages/setuptools/_distutils) by extensions ['python_setup_py']
[1.013s] Level 1:colcon.colcon_core.package_identification:_identify(venv/lib/python3.10/site-packages/setuptools/_distutils) by extension 'python_setup_py'
[1.013s] Level 1:colcon.colcon_core.package_identification:_identify(venv/lib/python3.10/site-packages/setuptools/_distutils/__pycache__) by extensions ['ignore', 'ignore_ament_install']
[1.014s] Level 1:colcon.colcon_core.package_identification:_identify(venv/lib/python3.10/site-packages/setuptools/_distutils/__pycache__) by extension 'ignore'
[1.014s] Level 1:colcon.colcon_core.package_identification:_identify(venv/lib/python3.10/site-packages/setuptools/_distutils/__pycache__) by extension 'ignore_ament_install'
[1.014s] Level 1:colcon.colcon_core.package_identification:_identify(venv/lib/python3.10/site-packages/setuptools/_distutils/__pycache__) by extensions ['colcon_pkg']
[1.014s] Level 1:colcon.colcon_core.package_identification:_identify(venv/lib/python3.10/site-packages/setuptools/_distutils/__pycache__) by extension 'colcon_pkg'
[1.014s] Level 1:colcon.colcon_core.package_identification:_identify(venv/lib/python3.10/site-packages/setuptools/_distutils/__pycache__) by extensions ['colcon_meta']
[1.014s] Level 1:colcon.colcon_core.package_identification:_identify(venv/lib/python3.10/site-packages/setuptools/_distutils/__pycache__) by extension 'colcon_meta'
[1.014s] Level 1:colcon.colcon_core.package_identification:_identify(venv/lib/python3.10/site-packages/setuptools/_distutils/__pycache__) by extensions ['ros']
[1.014s] Level 1:colcon.colcon_core.package_identification:_identify(venv/lib/python3.10/site-packages/setuptools/_distutils/__pycache__) by extension 'ros'
[1.014s] Level 1:colcon.colcon_core.package_identification:_identify(venv/lib/python3.10/site-packages/setuptools/_distutils/__pycache__) by extensions ['cmake', 'python']
[1.014s] Level 1:colcon.colcon_core.package_identification:_identify(venv/lib/python3.10/site-packages/setuptools/_distutils/__pycache__) by extension 'cmake'
[1.014s] Level 1:colcon.colcon_core.package_identification:_identify(venv/lib/python3.10/site-packages/setuptools/_distutils/__pycache__) by extension 'python'
[1.014s] Level 1:colcon.colcon_core.package_identification:_identify(venv/lib/python3.10/site-packages/setuptools/_distutils/__pycache__) by extensions ['python_setup_py']
[1.014s] Level 1:colcon.colcon_core.package_identification:_identify(venv/lib/python3.10/site-packages/setuptools/_distutils/__pycache__) by extension 'python_setup_py'
[1.014s] Level 1:colcon.colcon_core.package_identification:_identify(venv/lib/python3.10/site-packages/setuptools/_distutils/command) by extensions ['ignore', 'ignore_ament_install']
[1.014s] Level 1:colcon.colcon_core.package_identification:_identify(venv/lib/python3.10/site-packages/setuptools/_distutils/command) by extension 'ignore'
[1.014s] Level 1:colcon.colcon_core.package_identification:_identify(venv/lib/python3.10/site-packages/setuptools/_distutils/command) by extension 'ignore_ament_install'
[1.014s] Level 1:colcon.colcon_core.package_identification:_identify(venv/lib/python3.10/site-packages/setuptools/_distutils/command) by extensions ['colcon_pkg']
[1.014s] Level 1:colcon.colcon_core.package_identification:_identify(venv/lib/python3.10/site-packages/setuptools/_distutils/command) by extension 'colcon_pkg'
[1.014s] Level 1:colcon.colcon_core.package_identification:_identify(venv/lib/python3.10/site-packages/setuptools/_distutils/command) by extensions ['colcon_meta']
[1.014s] Level 1:colcon.colcon_core.package_identification:_identify(venv/lib/python3.10/site-packages/setuptools/_distutils/command) by extension 'colcon_meta'
[1.014s] Level 1:colcon.colcon_core.package_identification:_identify(venv/lib/python3.10/site-packages/setuptools/_distutils/command) by extensions ['ros']
[1.014s] Level 1:colcon.colcon_core.package_identification:_identify(venv/lib/python3.10/site-packages/setuptools/_distutils/command) by extension 'ros'
[1.014s] Level 1:colcon.colcon_core.package_identification:_identify(venv/lib/python3.10/site-packages/setuptools/_distutils/command) by extensions ['cmake', 'python']
[1.014s] Level 1:colcon.colcon_core.package_identification:_identify(venv/lib/python3.10/site-packages/setuptools/_distutils/command) by extension 'cmake'
[1.014s] Level 1:colcon.colcon_core.package_identification:_identify(venv/lib/python3.10/site-packages/setuptools/_distutils/command) by extension 'python'
[1.014s] Level 1:colcon.colcon_core.package_identification:_identify(venv/lib/python3.10/site-packages/setuptools/_distutils/command) by extensions ['python_setup_py']
[1.014s] Level 1:colcon.colcon_core.package_identification:_identify(venv/lib/python3.10/site-packages/setuptools/_distutils/command) by extension 'python_setup_py'
[1.014s] Level 1:colcon.colcon_core.package_identification:_identify(venv/lib/python3.10/site-packages/setuptools/_distutils/command/__pycache__) by extensions ['ignore', 'ignore_ament_install']
[1.014s] Level 1:colcon.colcon_core.package_identification:_identify(venv/lib/python3.10/site-packages/setuptools/_distutils/command/__pycache__) by extension 'ignore'
[1.014s] Level 1:colcon.colcon_core.package_identification:_identify(venv/lib/python3.10/site-packages/setuptools/_distutils/command/__pycache__) by extension 'ignore_ament_install'
[1.014s] Level 1:colcon.colcon_core.package_identification:_identify(venv/lib/python3.10/site-packages/setuptools/_distutils/command/__pycache__) by extensions ['colcon_pkg']
[1.014s] Level 1:colcon.colcon_core.package_identification:_identify(venv/lib/python3.10/site-packages/setuptools/_distutils/command/__pycache__) by extension 'colcon_pkg'
[1.014s] Level 1:colcon.colcon_core.package_identification:_identify(venv/lib/python3.10/site-packages/setuptools/_distutils/command/__pycache__) by extensions ['colcon_meta']
[1.015s] Level 1:colcon.colcon_core.package_identification:_identify(venv/lib/python3.10/site-packages/setuptools/_distutils/command/__pycache__) by extension 'colcon_meta'
[1.015s] Level 1:colcon.colcon_core.package_identification:_identify(venv/lib/python3.10/site-packages/setuptools/_distutils/command/__pycache__) by extensions ['ros']
[1.015s] Level 1:colcon.colcon_core.package_identification:_identify(venv/lib/python3.10/site-packages/setuptools/_distutils/command/__pycache__) by extension 'ros'
[1.015s] Level 1:colcon.colcon_core.package_identification:_identify(venv/lib/python3.10/site-packages/setuptools/_distutils/command/__pycache__) by extensions ['cmake', 'python']
[1.015s] Level 1:colcon.colcon_core.package_identification:_identify(venv/lib/python3.10/site-packages/setuptools/_distutils/command/__pycache__) by extension 'cmake'
[1.015s] Level 1:colcon.colcon_core.package_identification:_identify(venv/lib/python3.10/site-packages/setuptools/_distutils/command/__pycache__) by extension 'python'
[1.015s] Level 1:colcon.colcon_core.package_identification:_identify(venv/lib/python3.10/site-packages/setuptools/_distutils/command/__pycache__) by extensions ['python_setup_py']
[1.015s] Level 1:colcon.colcon_core.package_identification:_identify(venv/lib/python3.10/site-packages/setuptools/_distutils/command/__pycache__) by extension 'python_setup_py'
[1.015s] Level 1:colcon.colcon_core.package_identification:_identify(venv/lib/python3.10/site-packages/setuptools/_vendor) by extensions ['ignore', 'ignore_ament_install']
[1.015s] Level 1:colcon.colcon_core.package_identification:_identify(venv/lib/python3.10/site-packages/setuptools/_vendor) by extension 'ignore'
[1.015s] Level 1:colcon.colcon_core.package_identification:_identify(venv/lib/python3.10/site-packages/setuptools/_vendor) by extension 'ignore_ament_install'
[1.015s] Level 1:colcon.colcon_core.package_identification:_identify(venv/lib/python3.10/site-packages/setuptools/_vendor) by extensions ['colcon_pkg']
[1.015s] Level 1:colcon.colcon_core.package_identification:_identify(venv/lib/python3.10/site-packages/setuptools/_vendor) by extension 'colcon_pkg'
[1.015s] Level 1:colcon.colcon_core.package_identification:_identify(venv/lib/python3.10/site-packages/setuptools/_vendor) by extensions ['colcon_meta']
[1.015s] Level 1:colcon.colcon_core.package_identification:_identify(venv/lib/python3.10/site-packages/setuptools/_vendor) by extension 'colcon_meta'
[1.015s] Level 1:colcon.colcon_core.package_identification:_identify(venv/lib/python3.10/site-packages/setuptools/_vendor) by extensions ['ros']
[1.015s] Level 1:colcon.colcon_core.package_identification:_identify(venv/lib/python3.10/site-packages/setuptools/_vendor) by extension 'ros'
[1.015s] Level 1:colcon.colcon_core.package_identification:_identify(venv/lib/python3.10/site-packages/setuptools/_vendor) by extensions ['cmake', 'python']
[1.015s] Level 1:colcon.colcon_core.package_identification:_identify(venv/lib/python3.10/site-packages/setuptools/_vendor) by extension 'cmake'
[1.015s] Level 1:colcon.colcon_core.package_identification:_identify(venv/lib/python3.10/site-packages/setuptools/_vendor) by extension 'python'
[1.015s] Level 1:colcon.colcon_core.package_identification:_identify(venv/lib/python3.10/site-packages/setuptools/_vendor) by extensions ['python_setup_py']
[1.015s] Level 1:colcon.colcon_core.package_identification:_identify(venv/lib/python3.10/site-packages/setuptools/_vendor) by extension 'python_setup_py'
[1.015s] Level 1:colcon.colcon_core.package_identification:_identify(venv/lib/python3.10/site-packages/setuptools/_vendor/__pycache__) by extensions ['ignore', 'ignore_ament_install']
[1.015s] Level 1:colcon.colcon_core.package_identification:_identify(venv/lib/python3.10/site-packages/setuptools/_vendor/__pycache__) by extension 'ignore'
[1.015s] Level 1:colcon.colcon_core.package_identification:_identify(venv/lib/python3.10/site-packages/setuptools/_vendor/__pycache__) by extension 'ignore_ament_install'
[1.015s] Level 1:colcon.colcon_core.package_identification:_identify(venv/lib/python3.10/site-packages/setuptools/_vendor/__pycache__) by extensions ['colcon_pkg']
[1.015s] Level 1:colcon.colcon_core.package_identification:_identify(venv/lib/python3.10/site-packages/setuptools/_vendor/__pycache__) by extension 'colcon_pkg'
[1.015s] Level 1:colcon.colcon_core.package_identification:_identify(venv/lib/python3.10/site-packages/setuptools/_vendor/__pycache__) by extensions ['colcon_meta']
[1.015s] Level 1:colcon.colcon_core.package_identification:_identify(venv/lib/python3.10/site-packages/setuptools/_vendor/__pycache__) by extension 'colcon_meta'
[1.015s] Level 1:colcon.colcon_core.package_identification:_identify(venv/lib/python3.10/site-packages/setuptools/_vendor/__pycache__) by extensions ['ros']
[1.015s] Level 1:colcon.colcon_core.package_identification:_identify(venv/lib/python3.10/site-packages/setuptools/_vendor/__pycache__) by extension 'ros'
[1.015s] Level 1:colcon.colcon_core.package_identification:_identify(venv/lib/python3.10/site-packages/setuptools/_vendor/__pycache__) by extensions ['cmake', 'python']
[1.015s] Level 1:colcon.colcon_core.package_identification:_identify(venv/lib/python3.10/site-packages/setuptools/_vendor/__pycache__) by extension 'cmake'
[1.016s] Level 1:colcon.colcon_core.package_identification:_identify(venv/lib/python3.10/site-packages/setuptools/_vendor/__pycache__) by extension 'python'
[1.016s] Level 1:colcon.colcon_core.package_identification:_identify(venv/lib/python3.10/site-packages/setuptools/_vendor/__pycache__) by extensions ['python_setup_py']
[1.016s] Level 1:colcon.colcon_core.package_identification:_identify(venv/lib/python3.10/site-packages/setuptools/_vendor/__pycache__) by extension 'python_setup_py'
[1.016s] Level 1:colcon.colcon_core.package_identification:_identify(venv/lib/python3.10/site-packages/setuptools/_vendor/more_itertools) by extensions ['ignore', 'ignore_ament_install']
[1.016s] Level 1:colcon.colcon_core.package_identification:_identify(venv/lib/python3.10/site-packages/setuptools/_vendor/more_itertools) by extension 'ignore'
[1.016s] Level 1:colcon.colcon_core.package_identification:_identify(venv/lib/python3.10/site-packages/setuptools/_vendor/more_itertools) by extension 'ignore_ament_install'
[1.016s] Level 1:colcon.colcon_core.package_identification:_identify(venv/lib/python3.10/site-packages/setuptools/_vendor/more_itertools) by extensions ['colcon_pkg']
[1.016s] Level 1:colcon.colcon_core.package_identification:_identify(venv/lib/python3.10/site-packages/setuptools/_vendor/more_itertools) by extension 'colcon_pkg'
[1.016s] Level 1:colcon.colcon_core.package_identification:_identify(venv/lib/python3.10/site-packages/setuptools/_vendor/more_itertools) by extensions ['colcon_meta']
[1.016s] Level 1:colcon.colcon_core.package_identification:_identify(venv/lib/python3.10/site-packages/setuptools/_vendor/more_itertools) by extension 'colcon_meta'
[1.016s] Level 1:colcon.colcon_core.package_identification:_identify(venv/lib/python3.10/site-packages/setuptools/_vendor/more_itertools) by extensions ['ros']
[1.016s] Level 1:colcon.colcon_core.package_identification:_identify(venv/lib/python3.10/site-packages/setuptools/_vendor/more_itertools) by extension 'ros'
[1.016s] Level 1:colcon.colcon_core.package_identification:_identify(venv/lib/python3.10/site-packages/setuptools/_vendor/more_itertools) by extensions ['cmake', 'python']
[1.016s] Level 1:colcon.colcon_core.package_identification:_identify(venv/lib/python3.10/site-packages/setuptools/_vendor/more_itertools) by extension 'cmake'
[1.016s] Level 1:colcon.colcon_core.package_identification:_identify(venv/lib/python3.10/site-packages/setuptools/_vendor/more_itertools) by extension 'python'
[1.016s] Level 1:colcon.colcon_core.package_identification:_identify(venv/lib/python3.10/site-packages/setuptools/_vendor/more_itertools) by extensions ['python_setup_py']
[1.016s] Level 1:colcon.colcon_core.package_identification:_identify(venv/lib/python3.10/site-packages/setuptools/_vendor/more_itertools) by extension 'python_setup_py'
[1.016s] Level 1:colcon.colcon_core.package_identification:_identify(venv/lib/python3.10/site-packages/setuptools/_vendor/more_itertools/__pycache__) by extensions ['ignore', 'ignore_ament_install']
[1.016s] Level 1:colcon.colcon_core.package_identification:_identify(venv/lib/python3.10/site-packages/setuptools/_vendor/more_itertools/__pycache__) by extension 'ignore'
[1.016s] Level 1:colcon.colcon_core.package_identification:_identify(venv/lib/python3.10/site-packages/setuptools/_vendor/more_itertools/__pycache__) by extension 'ignore_ament_install'
[1.016s] Level 1:colcon.colcon_core.package_identification:_identify(venv/lib/python3.10/site-packages/setuptools/_vendor/more_itertools/__pycache__) by extensions ['colcon_pkg']
[1.016s] Level 1:colcon.colcon_core.package_identification:_identify(venv/lib/python3.10/site-packages/setuptools/_vendor/more_itertools/__pycache__) by extension 'colcon_pkg'
[1.016s] Level 1:colcon.colcon_core.package_identification:_identify(venv/lib/python3.10/site-packages/setuptools/_vendor/more_itertools/__pycache__) by extensions ['colcon_meta']
[1.016s] Level 1:colcon.colcon_core.package_identification:_identify(venv/lib/python3.10/site-packages/setuptools/_vendor/more_itertools/__pycache__) by extension 'colcon_meta'
[1.016s] Level 1:colcon.colcon_core.package_identification:_identify(venv/lib/python3.10/site-packages/setuptools/_vendor/more_itertools/__pycache__) by extensions ['ros']
[1.016s] Level 1:colcon.colcon_core.package_identification:_identify(venv/lib/python3.10/site-packages/setuptools/_vendor/more_itertools/__pycache__) by extension 'ros'
[1.016s] Level 1:colcon.colcon_core.package_identification:_identify(venv/lib/python3.10/site-packages/setuptools/_vendor/more_itertools/__pycache__) by extensions ['cmake', 'python']
[1.016s] Level 1:colcon.colcon_core.package_identification:_identify(venv/lib/python3.10/site-packages/setuptools/_vendor/more_itertools/__pycache__) by extension 'cmake'
[1.016s] Level 1:colcon.colcon_core.package_identification:_identify(venv/lib/python3.10/site-packages/setuptools/_vendor/more_itertools/__pycache__) by extension 'python'
[1.016s] Level 1:colcon.colcon_core.package_identification:_identify(venv/lib/python3.10/site-packages/setuptools/_vendor/more_itertools/__pycache__) by extensions ['python_setup_py']
[1.016s] Level 1:colcon.colcon_core.package_identification:_identify(venv/lib/python3.10/site-packages/setuptools/_vendor/more_itertools/__pycache__) by extension 'python_setup_py'
[1.016s] Level 1:colcon.colcon_core.package_identification:_identify(venv/lib/python3.10/site-packages/setuptools/_vendor/packaging) by extensions ['ignore', 'ignore_ament_install']
[1.017s] Level 1:colcon.colcon_core.package_identification:_identify(venv/lib/python3.10/site-packages/setuptools/_vendor/packaging) by extension 'ignore'
[1.017s] Level 1:colcon.colcon_core.package_identification:_identify(venv/lib/python3.10/site-packages/setuptools/_vendor/packaging) by extension 'ignore_ament_install'
[1.017s] Level 1:colcon.colcon_core.package_identification:_identify(venv/lib/python3.10/site-packages/setuptools/_vendor/packaging) by extensions ['colcon_pkg']
[1.017s] Level 1:colcon.colcon_core.package_identification:_identify(venv/lib/python3.10/site-packages/setuptools/_vendor/packaging) by extension 'colcon_pkg'
[1.017s] Level 1:colcon.colcon_core.package_identification:_identify(venv/lib/python3.10/site-packages/setuptools/_vendor/packaging) by extensions ['colcon_meta']
[1.017s] Level 1:colcon.colcon_core.package_identification:_identify(venv/lib/python3.10/site-packages/setuptools/_vendor/packaging) by extension 'colcon_meta'
[1.017s] Level 1:colcon.colcon_core.package_identification:_identify(venv/lib/python3.10/site-packages/setuptools/_vendor/packaging) by extensions ['ros']
[1.017s] Level 1:colcon.colcon_core.package_identification:_identify(venv/lib/python3.10/site-packages/setuptools/_vendor/packaging) by extension 'ros'
[1.017s] Level 1:colcon.colcon_core.package_identification:_identify(venv/lib/python3.10/site-packages/setuptools/_vendor/packaging) by extensions ['cmake', 'python']
[1.017s] Level 1:colcon.colcon_core.package_identification:_identify(venv/lib/python3.10/site-packages/setuptools/_vendor/packaging) by extension 'cmake'
[1.017s] Level 1:colcon.colcon_core.package_identification:_identify(venv/lib/python3.10/site-packages/setuptools/_vendor/packaging) by extension 'python'
[1.017s] Level 1:colcon.colcon_core.package_identification:_identify(venv/lib/python3.10/site-packages/setuptools/_vendor/packaging) by extensions ['python_setup_py']
[1.017s] Level 1:colcon.colcon_core.package_identification:_identify(venv/lib/python3.10/site-packages/setuptools/_vendor/packaging) by extension 'python_setup_py'
[1.017s] Level 1:colcon.colcon_core.package_identification:_identify(venv/lib/python3.10/site-packages/setuptools/_vendor/packaging/__pycache__) by extensions ['ignore', 'ignore_ament_install']
[1.017s] Level 1:colcon.colcon_core.package_identification:_identify(venv/lib/python3.10/site-packages/setuptools/_vendor/packaging/__pycache__) by extension 'ignore'
[1.017s] Level 1:colcon.colcon_core.package_identification:_identify(venv/lib/python3.10/site-packages/setuptools/_vendor/packaging/__pycache__) by extension 'ignore_ament_install'
[1.017s] Level 1:colcon.colcon_core.package_identification:_identify(venv/lib/python3.10/site-packages/setuptools/_vendor/packaging/__pycache__) by extensions ['colcon_pkg']
[1.017s] Level 1:colcon.colcon_core.package_identification:_identify(venv/lib/python3.10/site-packages/setuptools/_vendor/packaging/__pycache__) by extension 'colcon_pkg'
[1.017s] Level 1:colcon.colcon_core.package_identification:_identify(venv/lib/python3.10/site-packages/setuptools/_vendor/packaging/__pycache__) by extensions ['colcon_meta']
[1.017s] Level 1:colcon.colcon_core.package_identification:_identify(venv/lib/python3.10/site-packages/setuptools/_vendor/packaging/__pycache__) by extension 'colcon_meta'
[1.017s] Level 1:colcon.colcon_core.package_identification:_identify(venv/lib/python3.10/site-packages/setuptools/_vendor/packaging/__pycache__) by extensions ['ros']
[1.017s] Level 1:colcon.colcon_core.package_identification:_identify(venv/lib/python3.10/site-packages/setuptools/_vendor/packaging/__pycache__) by extension 'ros'
[1.017s] Level 1:colcon.colcon_core.package_identification:_identify(venv/lib/python3.10/site-packages/setuptools/_vendor/packaging/__pycache__) by extensions ['cmake', 'python']
[1.017s] Level 1:colcon.colcon_core.package_identification:_identify(venv/lib/python3.10/site-packages/setuptools/_vendor/packaging/__pycache__) by extension 'cmake'
[1.017s] Level 1:colcon.colcon_core.package_identification:_identify(venv/lib/python3.10/site-packages/setuptools/_vendor/packaging/__pycache__) by extension 'python'
[1.017s] Level 1:colcon.colcon_core.package_identification:_identify(venv/lib/python3.10/site-packages/setuptools/_vendor/packaging/__pycache__) by extensions ['python_setup_py']
[1.017s] Level 1:colcon.colcon_core.package_identification:_identify(venv/lib/python3.10/site-packages/setuptools/_vendor/packaging/__pycache__) by extension 'python_setup_py'
[1.017s] Level 1:colcon.colcon_core.package_identification:_identify(venv/lib/python3.10/site-packages/setuptools/command) by extensions ['ignore', 'ignore_ament_install']
[1.017s] Level 1:colcon.colcon_core.package_identification:_identify(venv/lib/python3.10/site-packages/setuptools/command) by extension 'ignore'
[1.017s] Level 1:colcon.colcon_core.package_identification:_identify(venv/lib/python3.10/site-packages/setuptools/command) by extension 'ignore_ament_install'
[1.017s] Level 1:colcon.colcon_core.package_identification:_identify(venv/lib/python3.10/site-packages/setuptools/command) by extensions ['colcon_pkg']
[1.017s] Level 1:colcon.colcon_core.package_identification:_identify(venv/lib/python3.10/site-packages/setuptools/command) by extension 'colcon_pkg'
[1.017s] Level 1:colcon.colcon_core.package_identification:_identify(venv/lib/python3.10/site-packages/setuptools/command) by extensions ['colcon_meta']
[1.017s] Level 1:colcon.colcon_core.package_identification:_identify(venv/lib/python3.10/site-packages/setuptools/command) by extension 'colcon_meta'
[1.018s] Level 1:colcon.colcon_core.package_identification:_identify(venv/lib/python3.10/site-packages/setuptools/command) by extensions ['ros']
[1.018s] Level 1:colcon.colcon_core.package_identification:_identify(venv/lib/python3.10/site-packages/setuptools/command) by extension 'ros'
[1.018s] Level 1:colcon.colcon_core.package_identification:_identify(venv/lib/python3.10/site-packages/setuptools/command) by extensions ['cmake', 'python']
[1.018s] Level 1:colcon.colcon_core.package_identification:_identify(venv/lib/python3.10/site-packages/setuptools/command) by extension 'cmake'
[1.018s] Level 1:colcon.colcon_core.package_identification:_identify(venv/lib/python3.10/site-packages/setuptools/command) by extension 'python'
[1.018s] Level 1:colcon.colcon_core.package_identification:_identify(venv/lib/python3.10/site-packages/setuptools/command) by extensions ['python_setup_py']
[1.018s] Level 1:colcon.colcon_core.package_identification:_identify(venv/lib/python3.10/site-packages/setuptools/command) by extension 'python_setup_py'
[1.018s] Level 1:colcon.colcon_core.package_identification:_identify(venv/lib/python3.10/site-packages/setuptools/command/__pycache__) by extensions ['ignore', 'ignore_ament_install']
[1.018s] Level 1:colcon.colcon_core.package_identification:_identify(venv/lib/python3.10/site-packages/setuptools/command/__pycache__) by extension 'ignore'
[1.018s] Level 1:colcon.colcon_core.package_identification:_identify(venv/lib/python3.10/site-packages/setuptools/command/__pycache__) by extension 'ignore_ament_install'
[1.018s] Level 1:colcon.colcon_core.package_identification:_identify(venv/lib/python3.10/site-packages/setuptools/command/__pycache__) by extensions ['colcon_pkg']
[1.018s] Level 1:colcon.colcon_core.package_identification:_identify(venv/lib/python3.10/site-packages/setuptools/command/__pycache__) by extension 'colcon_pkg'
[1.018s] Level 1:colcon.colcon_core.package_identification:_identify(venv/lib/python3.10/site-packages/setuptools/command/__pycache__) by extensions ['colcon_meta']
[1.018s] Level 1:colcon.colcon_core.package_identification:_identify(venv/lib/python3.10/site-packages/setuptools/command/__pycache__) by extension 'colcon_meta'
[1.018s] Level 1:colcon.colcon_core.package_identification:_identify(venv/lib/python3.10/site-packages/setuptools/command/__pycache__) by extensions ['ros']
[1.018s] Level 1:colcon.colcon_core.package_identification:_identify(venv/lib/python3.10/site-packages/setuptools/command/__pycache__) by extension 'ros'
[1.018s] Level 1:colcon.colcon_core.package_identification:_identify(venv/lib/python3.10/site-packages/setuptools/command/__pycache__) by extensions ['cmake', 'python']
[1.018s] Level 1:colcon.colcon_core.package_identification:_identify(venv/lib/python3.10/site-packages/setuptools/command/__pycache__) by extension 'cmake'
[1.018s] Level 1:colcon.colcon_core.package_identification:_identify(venv/lib/python3.10/site-packages/setuptools/command/__pycache__) by extension 'python'
[1.018s] Level 1:colcon.colcon_core.package_identification:_identify(venv/lib/python3.10/site-packages/setuptools/command/__pycache__) by extensions ['python_setup_py']
[1.018s] Level 1:colcon.colcon_core.package_identification:_identify(venv/lib/python3.10/site-packages/setuptools/command/__pycache__) by extension 'python_setup_py'
[1.018s] Level 1:colcon.colcon_core.package_identification:_identify(venv/lib/python3.10/site-packages/setuptools/extern) by extensions ['ignore', 'ignore_ament_install']
[1.018s] Level 1:colcon.colcon_core.package_identification:_identify(venv/lib/python3.10/site-packages/setuptools/extern) by extension 'ignore'
[1.018s] Level 1:colcon.colcon_core.package_identification:_identify(venv/lib/python3.10/site-packages/setuptools/extern) by extension 'ignore_ament_install'
[1.018s] Level 1:colcon.colcon_core.package_identification:_identify(venv/lib/python3.10/site-packages/setuptools/extern) by extensions ['colcon_pkg']
[1.018s] Level 1:colcon.colcon_core.package_identification:_identify(venv/lib/python3.10/site-packages/setuptools/extern) by extension 'colcon_pkg'
[1.018s] Level 1:colcon.colcon_core.package_identification:_identify(venv/lib/python3.10/site-packages/setuptools/extern) by extensions ['colcon_meta']
[1.018s] Level 1:colcon.colcon_core.package_identification:_identify(venv/lib/python3.10/site-packages/setuptools/extern) by extension 'colcon_meta'
[1.018s] Level 1:colcon.colcon_core.package_identification:_identify(venv/lib/python3.10/site-packages/setuptools/extern) by extensions ['ros']
[1.018s] Level 1:colcon.colcon_core.package_identification:_identify(venv/lib/python3.10/site-packages/setuptools/extern) by extension 'ros'
[1.018s] Level 1:colcon.colcon_core.package_identification:_identify(venv/lib/python3.10/site-packages/setuptools/extern) by extensions ['cmake', 'python']
[1.018s] Level 1:colcon.colcon_core.package_identification:_identify(venv/lib/python3.10/site-packages/setuptools/extern) by extension 'cmake'
[1.018s] Level 1:colcon.colcon_core.package_identification:_identify(venv/lib/python3.10/site-packages/setuptools/extern) by extension 'python'
[1.018s] Level 1:colcon.colcon_core.package_identification:_identify(venv/lib/python3.10/site-packages/setuptools/extern) by extensions ['python_setup_py']
[1.019s] Level 1:colcon.colcon_core.package_identification:_identify(venv/lib/python3.10/site-packages/setuptools/extern) by extension 'python_setup_py'
[1.019s] Level 1:colcon.colcon_core.package_identification:_identify(venv/lib/python3.10/site-packages/setuptools/extern/__pycache__) by extensions ['ignore', 'ignore_ament_install']
[1.019s] Level 1:colcon.colcon_core.package_identification:_identify(venv/lib/python3.10/site-packages/setuptools/extern/__pycache__) by extension 'ignore'
[1.019s] Level 1:colcon.colcon_core.package_identification:_identify(venv/lib/python3.10/site-packages/setuptools/extern/__pycache__) by extension 'ignore_ament_install'
[1.019s] Level 1:colcon.colcon_core.package_identification:_identify(venv/lib/python3.10/site-packages/setuptools/extern/__pycache__) by extensions ['colcon_pkg']
[1.019s] Level 1:colcon.colcon_core.package_identification:_identify(venv/lib/python3.10/site-packages/setuptools/extern/__pycache__) by extension 'colcon_pkg'
[1.019s] Level 1:colcon.colcon_core.package_identification:_identify(venv/lib/python3.10/site-packages/setuptools/extern/__pycache__) by extensions ['colcon_meta']
[1.019s] Level 1:colcon.colcon_core.package_identification:_identify(venv/lib/python3.10/site-packages/setuptools/extern/__pycache__) by extension 'colcon_meta'
[1.019s] Level 1:colcon.colcon_core.package_identification:_identify(venv/lib/python3.10/site-packages/setuptools/extern/__pycache__) by extensions ['ros']
[1.019s] Level 1:colcon.colcon_core.package_identification:_identify(venv/lib/python3.10/site-packages/setuptools/extern/__pycache__) by extension 'ros'
[1.019s] Level 1:colcon.colcon_core.package_identification:_identify(venv/lib/python3.10/site-packages/setuptools/extern/__pycache__) by extensions ['cmake', 'python']
[1.019s] Level 1:colcon.colcon_core.package_identification:_identify(venv/lib/python3.10/site-packages/setuptools/extern/__pycache__) by extension 'cmake'
[1.019s] Level 1:colcon.colcon_core.package_identification:_identify(venv/lib/python3.10/site-packages/setuptools/extern/__pycache__) by extension 'python'
[1.019s] Level 1:colcon.colcon_core.package_identification:_identify(venv/lib/python3.10/site-packages/setuptools/extern/__pycache__) by extensions ['python_setup_py']
[1.019s] Level 1:colcon.colcon_core.package_identification:_identify(venv/lib/python3.10/site-packages/setuptools/extern/__pycache__) by extension 'python_setup_py'
[1.019s] Level 1:colcon.colcon_core.package_identification:_identify(venv/lib/python3.10/site-packages/setuptools-59.6.0.dist-info) by extensions ['ignore', 'ignore_ament_install']
[1.019s] Level 1:colcon.colcon_core.package_identification:_identify(venv/lib/python3.10/site-packages/setuptools-59.6.0.dist-info) by extension 'ignore'
[1.019s] Level 1:colcon.colcon_core.package_identification:_identify(venv/lib/python3.10/site-packages/setuptools-59.6.0.dist-info) by extension 'ignore_ament_install'
[1.019s] Level 1:colcon.colcon_core.package_identification:_identify(venv/lib/python3.10/site-packages/setuptools-59.6.0.dist-info) by extensions ['colcon_pkg']
[1.019s] Level 1:colcon.colcon_core.package_identification:_identify(venv/lib/python3.10/site-packages/setuptools-59.6.0.dist-info) by extension 'colcon_pkg'
[1.019s] Level 1:colcon.colcon_core.package_identification:_identify(venv/lib/python3.10/site-packages/setuptools-59.6.0.dist-info) by extensions ['colcon_meta']
[1.019s] Level 1:colcon.colcon_core.package_identification:_identify(venv/lib/python3.10/site-packages/setuptools-59.6.0.dist-info) by extension 'colcon_meta'
[1.019s] Level 1:colcon.colcon_core.package_identification:_identify(venv/lib/python3.10/site-packages/setuptools-59.6.0.dist-info) by extensions ['ros']
[1.019s] Level 1:colcon.colcon_core.package_identification:_identify(venv/lib/python3.10/site-packages/setuptools-59.6.0.dist-info) by extension 'ros'
[1.019s] Level 1:colcon.colcon_core.package_identification:_identify(venv/lib/python3.10/site-packages/setuptools-59.6.0.dist-info) by extensions ['cmake', 'python']
[1.019s] Level 1:colcon.colcon_core.package_identification:_identify(venv/lib/python3.10/site-packages/setuptools-59.6.0.dist-info) by extension 'cmake'
[1.019s] Level 1:colcon.colcon_core.package_identification:_identify(venv/lib/python3.10/site-packages/setuptools-59.6.0.dist-info) by extension 'python'
[1.019s] Level 1:colcon.colcon_core.package_identification:_identify(venv/lib/python3.10/site-packages/setuptools-59.6.0.dist-info) by extensions ['python_setup_py']
[1.019s] Level 1:colcon.colcon_core.package_identification:_identify(venv/lib/python3.10/site-packages/setuptools-59.6.0.dist-info) by extension 'python_setup_py'
[1.019s] Level 1:colcon.colcon_core.package_discovery:discover_packages(recursive) using defaults
[1.019s] Level 1:colcon.colcon_core.package_discovery:discover_packages(ignore) discover
[1.020s] Level 1:colcon.colcon_core.package_discovery:discover_packages(ignore) using defaults
[1.020s] Level 1:colcon.colcon_core.package_discovery:discover_packages(path) discover
[1.020s] Level 1:colcon.colcon_core.package_discovery:discover_packages(path) using defaults
[1.036s] Level 1:colcon.colcon_core.package_discovery:discover_packages(prefix_path) check parameters
[1.036s] Level 1:colcon.colcon_core.package_discovery:discover_packages(prefix_path) discover
[1.038s] DEBUG:colcon.colcon_installed_package_information.package_discovery:Found 384 installed packages in /opt/ros/humble
[1.040s] Level 1:colcon.colcon_core.package_discovery:discover_packages(prefix_path) using defaults
[1.070s] WARNING:colcon.colcon_core.package_selection:Some selected packages are already built in one or more underlay workspaces:
	'turtlesim' is in: /opt/ros/humble
If a package in a merged underlay workspace is overridden and it installs headers, then all packages in the overlay must sort their include directories by workspace order. Failure to do so may result in build failures or undefined behavior at run time.
If the overridden package is used by another package in any underlay, then the overriding package in the overlay must be API and ABI compatible or undefined behavior at run time may occur.

If you understand the risks and want to override a package anyways, add the following to the command line:
	--allow-overriding turtlesim

This may be promoted to an error in a future release of colcon-override-check.
[1.071s] Level 5:colcon.colcon_core.verb:set package 'bumperbot_firmware' build argument 'cmake_args' from command line to 'None'
[1.071s] Level 5:colcon.colcon_core.verb:set package 'bumperbot_firmware' build argument 'cmake_target' from command line to 'None'
[1.071s] Level 5:colcon.colcon_core.verb:set package 'bumperbot_firmware' build argument 'cmake_target_skip_unavailable' from command line to 'False'
[1.071s] Level 5:colcon.colcon_core.verb:set package 'bumperbot_firmware' build argument 'cmake_clean_cache' from command line to 'False'
[1.071s] Level 5:colcon.colcon_core.verb:set package 'bumperbot_firmware' build argument 'cmake_clean_first' from command line to 'False'
[1.071s] Level 5:colcon.colcon_core.verb:set package 'bumperbot_firmware' build argument 'cmake_force_configure' from command line to 'False'
[1.071s] Level 5:colcon.colcon_core.verb:set package 'bumperbot_firmware' build argument 'ament_cmake_args' from command line to 'None'
[1.071s] Level 5:colcon.colcon_core.verb:set package 'bumperbot_firmware' build argument 'catkin_cmake_args' from command line to 'None'
[1.071s] Level 5:colcon.colcon_core.verb:set package 'bumperbot_firmware' build argument 'catkin_skip_building_tests' from command line to 'False'
[1.071s] DEBUG:colcon.colcon_core.verb:Building package 'bumperbot_firmware' with the following arguments: {'ament_cmake_args': None, 'build_base': '/home/aihemel/ros2_ws/build/bumperbot_firmware', 'catkin_cmake_args': None, 'catkin_skip_building_tests': False, 'cmake_args': None, 'cmake_clean_cache': False, 'cmake_clean_first': False, 'cmake_force_configure': False, 'cmake_target': None, 'cmake_target_skip_unavailable': False, 'install_base': '/home/aihemel/ros2_ws/install/bumperbot_firmware', 'merge_install': False, 'path': '/home/aihemel/ros2_ws/src/bumperbot_firmware', 'symlink_install': False, 'test_result_base': None}
[1.071s] Level 5:colcon.colcon_core.verb:set package 'bumperbot_localization' build argument 'cmake_args' from command line to 'None'
[1.071s] Level 5:colcon.colcon_core.verb:set package 'bumperbot_localization' build argument 'cmake_target' from command line to 'None'
[1.071s] Level 5:colcon.colcon_core.verb:set package 'bumperbot_localization' build argument 'cmake_target_skip_unavailable' from command line to 'False'
[1.071s] Level 5:colcon.colcon_core.verb:set package 'bumperbot_localization' build argument 'cmake_clean_cache' from command line to 'False'
[1.071s] Level 5:colcon.colcon_core.verb:set package 'bumperbot_localization' build argument 'cmake_clean_first' from command line to 'False'
[1.071s] Level 5:colcon.colcon_core.verb:set package 'bumperbot_localization' build argument 'cmake_force_configure' from command line to 'False'
[1.071s] Level 5:colcon.colcon_core.verb:set package 'bumperbot_localization' build argument 'ament_cmake_args' from command line to 'None'
[1.071s] Level 5:colcon.colcon_core.verb:set package 'bumperbot_localization' build argument 'catkin_cmake_args' from command line to 'None'
[1.071s] Level 5:colcon.colcon_core.verb:set package 'bumperbot_localization' build argument 'catkin_skip_building_tests' from command line to 'False'
[1.071s] DEBUG:colcon.colcon_core.verb:Building package 'bumperbot_localization' with the following arguments: {'ament_cmake_args': None, 'build_base': '/home/aihemel/ros2_ws/build/bumperbot_localization', 'catkin_cmake_args': None, 'catkin_skip_building_tests': False, 'cmake_args': None, 'cmake_clean_cache': False, 'cmake_clean_first': False, 'cmake_force_configure': False, 'cmake_target': None, 'cmake_target_skip_unavailable': False, 'install_base': '/home/aihemel/ros2_ws/install/bumperbot_localization', 'merge_install': False, 'path': '/home/aihemel/ros2_ws/src/bumperbot_localization', 'symlink_install': False, 'test_result_base': None}
[1.071s] Level 5:colcon.colcon_core.verb:set package 'bumperbot_py_examples' build argument 'cmake_args' from command line to 'None'
[1.071s] Level 5:colcon.colcon_core.verb:set package 'bumperbot_py_examples' build argument 'cmake_target' from command line to 'None'
[1.071s] Level 5:colcon.colcon_core.verb:set package 'bumperbot_py_examples' build argument 'cmake_target_skip_unavailable' from command line to 'False'
[1.071s] Level 5:colcon.colcon_core.verb:set package 'bumperbot_py_examples' build argument 'cmake_clean_cache' from command line to 'False'
[1.071s] Level 5:colcon.colcon_core.verb:set package 'bumperbot_py_examples' build argument 'cmake_clean_first' from command line to 'False'
[1.071s] Level 5:colcon.colcon_core.verb:set package 'bumperbot_py_examples' build argument 'cmake_force_configure' from command line to 'False'
[1.071s] Level 5:colcon.colcon_core.verb:set package 'bumperbot_py_examples' build argument 'ament_cmake_args' from command line to 'None'
[1.071s] Level 5:colcon.colcon_core.verb:set package 'bumperbot_py_examples' build argument 'catkin_cmake_args' from command line to 'None'
[1.071s] Level 5:colcon.colcon_core.verb:set package 'bumperbot_py_examples' build argument 'catkin_skip_building_tests' from command line to 'False'
[1.071s] DEBUG:colcon.colcon_core.verb:Building package 'bumperbot_py_examples' with the following arguments: {'ament_cmake_args': None, 'build_base': '/home/aihemel/ros2_ws/build/bumperbot_py_examples', 'catkin_cmake_args': None, 'catkin_skip_building_tests': False, 'cmake_args': None, 'cmake_clean_cache': False, 'cmake_clean_first': False, 'cmake_force_configure': False, 'cmake_target': None, 'cmake_target_skip_unavailable': False, 'install_base': '/home/aihemel/ros2_ws/install/bumperbot_py_examples', 'merge_install': False, 'path': '/home/aihemel/ros2_ws/src/bumperbot_py_examples', 'symlink_install': False, 'test_result_base': None}
[1.072s] Level 5:colcon.colcon_core.verb:set package 'my-test-package' build argument 'cmake_args' from command line to 'None'
[1.072s] Level 5:colcon.colcon_core.verb:set package 'my-test-package' build argument 'cmake_target' from command line to 'None'
[1.072s] Level 5:colcon.colcon_core.verb:set package 'my-test-package' build argument 'cmake_target_skip_unavailable' from command line to 'False'
[1.072s] Level 5:colcon.colcon_core.verb:set package 'my-test-package' build argument 'cmake_clean_cache' from command line to 'False'
[1.072s] Level 5:colcon.colcon_core.verb:set package 'my-test-package' build argument 'cmake_clean_first' from command line to 'False'
[1.072s] Level 5:colcon.colcon_core.verb:set package 'my-test-package' build argument 'cmake_force_configure' from command line to 'False'
[1.072s] Level 5:colcon.colcon_core.verb:set package 'my-test-package' build argument 'ament_cmake_args' from command line to 'None'
[1.072s] Level 5:colcon.colcon_core.verb:set package 'my-test-package' build argument 'catkin_cmake_args' from command line to 'None'
[1.072s] Level 5:colcon.colcon_core.verb:set package 'my-test-package' build argument 'catkin_skip_building_tests' from command line to 'False'
[1.072s] DEBUG:colcon.colcon_core.verb:Building package 'my-test-package' with the following arguments: {'ament_cmake_args': None, 'build_base': '/home/aihemel/ros2_ws/build/my-test-package', 'catkin_cmake_args': None, 'catkin_skip_building_tests': False, 'cmake_args': None, 'cmake_clean_cache': False, 'cmake_clean_first': False, 'cmake_force_configure': False, 'cmake_target': None, 'cmake_target_skip_unavailable': False, 'install_base': '/home/aihemel/ros2_ws/install/my-test-package', 'merge_install': False, 'path': '/home/aihemel/ros2_ws/venv/lib/python3.10/site-packages/pkg_resources/tests/data/my-test-package-source', 'symlink_install': False, 'test_result_base': None}
[1.072s] Level 5:colcon.colcon_core.verb:set package 'robot_controller' build argument 'cmake_args' from command line to 'None'
[1.072s] Level 5:colcon.colcon_core.verb:set package 'robot_controller' build argument 'cmake_target' from command line to 'None'
[1.072s] Level 5:colcon.colcon_core.verb:set package 'robot_controller' build argument 'cmake_target_skip_unavailable' from command line to 'False'
[1.072s] Level 5:colcon.colcon_core.verb:set package 'robot_controller' build argument 'cmake_clean_cache' from command line to 'False'
[1.072s] Level 5:colcon.colcon_core.verb:set package 'robot_controller' build argument 'cmake_clean_first' from command line to 'False'
[1.072s] Level 5:colcon.colcon_core.verb:set package 'robot_controller' build argument 'cmake_force_configure' from command line to 'False'
[1.072s] Level 5:colcon.colcon_core.verb:set package 'robot_controller' build argument 'ament_cmake_args' from command line to 'None'
[1.072s] Level 5:colcon.colcon_core.verb:set package 'robot_controller' build argument 'catkin_cmake_args' from command line to 'None'
[1.072s] Level 5:colcon.colcon_core.verb:set package 'robot_controller' build argument 'catkin_skip_building_tests' from command line to 'False'
[1.072s] DEBUG:colcon.colcon_core.verb:Building package 'robot_controller' with the following arguments: {'ament_cmake_args': None, 'build_base': '/home/aihemel/ros2_ws/build/robot_controller', 'catkin_cmake_args': None, 'catkin_skip_building_tests': False, 'cmake_args': None, 'cmake_clean_cache': False, 'cmake_clean_first': False, 'cmake_force_configure': False, 'cmake_target': None, 'cmake_target_skip_unavailable': False, 'install_base': '/home/aihemel/ros2_ws/install/robot_controller', 'merge_install': False, 'path': '/home/aihemel/ros2_ws/src/robot_controller', 'symlink_install': False, 'test_result_base': None}
[1.072s] Level 5:colcon.colcon_core.verb:set package 'robot_description' build argument 'cmake_args' from command line to 'None'
[1.072s] Level 5:colcon.colcon_core.verb:set package 'robot_description' build argument 'cmake_target' from command line to 'None'
[1.072s] Level 5:colcon.colcon_core.verb:set package 'robot_description' build argument 'cmake_target_skip_unavailable' from command line to 'False'
[1.072s] Level 5:colcon.colcon_core.verb:set package 'robot_description' build argument 'cmake_clean_cache' from command line to 'False'
[1.072s] Level 5:colcon.colcon_core.verb:set package 'robot_description' build argument 'cmake_clean_first' from command line to 'False'
[1.072s] Level 5:colcon.colcon_core.verb:set package 'robot_description' build argument 'cmake_force_configure' from command line to 'False'
[1.072s] Level 5:colcon.colcon_core.verb:set package 'robot_description' build argument 'ament_cmake_args' from command line to 'None'
[1.072s] Level 5:colcon.colcon_core.verb:set package 'robot_description' build argument 'catkin_cmake_args' from command line to 'None'
[1.072s] Level 5:colcon.colcon_core.verb:set package 'robot_description' build argument 'catkin_skip_building_tests' from command line to 'False'
[1.072s] DEBUG:colcon.colcon_core.verb:Building package 'robot_description' with the following arguments: {'ament_cmake_args': None, 'build_base': '/home/aihemel/ros2_ws/build/robot_description', 'catkin_cmake_args': None, 'catkin_skip_building_tests': False, 'cmake_args': None, 'cmake_clean_cache': False, 'cmake_clean_first': False, 'cmake_force_configure': False, 'cmake_target': None, 'cmake_target_skip_unavailable': False, 'install_base': '/home/aihemel/ros2_ws/install/robot_description', 'merge_install': False, 'path': '/home/aihemel/ros2_ws/src/robot_description', 'symlink_install': False, 'test_result_base': None}
[1.073s] Level 5:colcon.colcon_core.verb:set package 'robot_gazebo' build argument 'cmake_args' from command line to 'None'
[1.073s] Level 5:colcon.colcon_core.verb:set package 'robot_gazebo' build argument 'cmake_target' from command line to 'None'
[1.073s] Level 5:colcon.colcon_core.verb:set package 'robot_gazebo' build argument 'cmake_target_skip_unavailable' from command line to 'False'
[1.073s] Level 5:colcon.colcon_core.verb:set package 'robot_gazebo' build argument 'cmake_clean_cache' from command line to 'False'
[1.073s] Level 5:colcon.colcon_core.verb:set package 'robot_gazebo' build argument 'cmake_clean_first' from command line to 'False'
[1.073s] Level 5:colcon.colcon_core.verb:set package 'robot_gazebo' build argument 'cmake_force_configure' from command line to 'False'
[1.073s] Level 5:colcon.colcon_core.verb:set package 'robot_gazebo' build argument 'ament_cmake_args' from command line to 'None'
[1.073s] Level 5:colcon.colcon_core.verb:set package 'robot_gazebo' build argument 'catkin_cmake_args' from command line to 'None'
[1.073s] Level 5:colcon.colcon_core.verb:set package 'robot_gazebo' build argument 'catkin_skip_building_tests' from command line to 'False'
[1.073s] DEBUG:colcon.colcon_core.verb:Building package 'robot_gazebo' with the following arguments: {'ament_cmake_args': None, 'build_base': '/home/aihemel/ros2_ws/build/robot_gazebo', 'catkin_cmake_args': None, 'catkin_skip_building_tests': False, 'cmake_args': None, 'cmake_clean_cache': False, 'cmake_clean_first': False, 'cmake_force_configure': False, 'cmake_target': None, 'cmake_target_skip_unavailable': False, 'install_base': '/home/aihemel/ros2_ws/install/robot_gazebo', 'merge_install': False, 'path': '/home/aihemel/ros2_ws/src/robot_gazebo', 'symlink_install': False, 'test_result_base': None}
[1.073s] Level 5:colcon.colcon_core.verb:set package 'turtlesim' build argument 'cmake_args' from command line to 'None'
[1.073s] Level 5:colcon.colcon_core.verb:set package 'turtlesim' build argument 'cmake_target' from command line to 'None'
[1.073s] Level 5:colcon.colcon_core.verb:set package 'turtlesim' build argument 'cmake_target_skip_unavailable' from command line to 'False'
[1.073s] Level 5:colcon.colcon_core.verb:set package 'turtlesim' build argument 'cmake_clean_cache' from command line to 'False'
[1.073s] Level 5:colcon.colcon_core.verb:set package 'turtlesim' build argument 'cmake_clean_first' from command line to 'False'
[1.073s] Level 5:colcon.colcon_core.verb:set package 'turtlesim' build argument 'cmake_force_configure' from command line to 'False'
[1.073s] Level 5:colcon.colcon_core.verb:set package 'turtlesim' build argument 'ament_cmake_args' from command line to 'None'
[1.073s] Level 5:colcon.colcon_core.verb:set package 'turtlesim' build argument 'catkin_cmake_args' from command line to 'None'
[1.073s] Level 5:colcon.colcon_core.verb:set package 'turtlesim' build argument 'catkin_skip_building_tests' from command line to 'False'
[1.073s] DEBUG:colcon.colcon_core.verb:Building package 'turtlesim' with the following arguments: {'ament_cmake_args': None, 'build_base': '/home/aihemel/ros2_ws/build/turtlesim', 'catkin_cmake_args': None, 'catkin_skip_building_tests': False, 'cmake_args': None, 'cmake_clean_cache': False, 'cmake_clean_first': False, 'cmake_force_configure': False, 'cmake_target': None, 'cmake_target_skip_unavailable': False, 'install_base': '/home/aihemel/ros2_ws/install/turtlesim', 'merge_install': False, 'path': '/home/aihemel/ros2_ws/src/ros_tutorials/turtlesim', 'symlink_install': False, 'test_result_base': None}
[1.073s] INFO:colcon.colcon_core.executor:Executing jobs using 'parallel' executor
[1.074s] DEBUG:colcon.colcon_parallel_executor.executor.parallel:run_until_complete
[1.074s] INFO:colcon.colcon_ros.task.ament_cmake.build:Building ROS package in '/home/aihemel/ros2_ws/src/bumperbot_firmware' with build type 'ament_cmake'
[1.074s] INFO:colcon.colcon_cmake.task.cmake.build:Building CMake package in '/home/aihemel/ros2_ws/src/bumperbot_firmware'
[1.078s] INFO:colcon.colcon_core.plugin_system:Skipping extension 'colcon_core.shell.bat': Not used on non-Windows systems
[1.078s] INFO:colcon.colcon_core.shell:Skip shell extension 'powershell' for command environment: Not usable outside of PowerShell
[1.078s] DEBUG:colcon.colcon_core.shell:Skip shell extension 'dsv' for command environment
[1.080s] INFO:colcon.colcon_ros.task.ament_cmake.build:Building ROS package in '/home/aihemel/ros2_ws/src/bumperbot_localization' with build type 'ament_cmake'
[1.080s] INFO:colcon.colcon_cmake.task.cmake.build:Building CMake package in '/home/aihemel/ros2_ws/src/bumperbot_localization'
[1.080s] INFO:colcon.colcon_core.shell:Skip shell extension 'powershell' for command environment: Not usable outside of PowerShell
[1.080s] DEBUG:colcon.colcon_core.shell:Skip shell extension 'dsv' for command environment
[1.082s] INFO:colcon.colcon_ros.task.ament_python.build:Building ROS package in '/home/aihemel/ros2_ws/src/bumperbot_py_examples' with build type 'ament_python'
[1.082s] Level 1:colcon.colcon_core.shell:create_environment_hook('bumperbot_py_examples', 'ament_prefix_path')
[1.082s] INFO:colcon.colcon_core.shell:Creating environment hook '/home/aihemel/ros2_ws/install/bumperbot_py_examples/share/bumperbot_py_examples/hook/ament_prefix_path.ps1'
[1.083s] INFO:colcon.colcon_core.shell:Creating environment descriptor '/home/aihemel/ros2_ws/install/bumperbot_py_examples/share/bumperbot_py_examples/hook/ament_prefix_path.dsv'
[1.083s] INFO:colcon.colcon_core.shell:Creating environment hook '/home/aihemel/ros2_ws/install/bumperbot_py_examples/share/bumperbot_py_examples/hook/ament_prefix_path.sh'
[1.084s] INFO:colcon.colcon_core.shell:Skip shell extension 'powershell' for command environment: Not usable outside of PowerShell
[1.084s] DEBUG:colcon.colcon_core.shell:Skip shell extension 'dsv' for command environment
[1.085s] INFO:colcon.colcon_core.task.python.build:Building Python package in '/home/aihemel/ros2_ws/venv/lib/python3.10/site-packages/pkg_resources/tests/data/my-test-package-source'
[1.086s] INFO:colcon.colcon_core.shell:Skip shell extension 'powershell' for command environment: Not usable outside of PowerShell
[1.086s] DEBUG:colcon.colcon_core.shell:Skip shell extension 'dsv' for command environment
[1.087s] INFO:colcon.colcon_ros.task.ament_cmake.build:Building ROS package in '/home/aihemel/ros2_ws/src/robot_controller' with build type 'ament_cmake'
[1.087s] INFO:colcon.colcon_cmake.task.cmake.build:Building CMake package in '/home/aihemel/ros2_ws/src/robot_controller'
[1.088s] INFO:colcon.colcon_core.shell:Skip shell extension 'powershell' for command environment: Not usable outside of PowerShell
[1.088s] DEBUG:colcon.colcon_core.shell:Skip shell extension 'dsv' for command environment
[1.090s] INFO:colcon.colcon_ros.task.ament_cmake.build:Building ROS package in '/home/aihemel/ros2_ws/src/robot_description' with build type 'ament_cmake'
[1.090s] INFO:colcon.colcon_cmake.task.cmake.build:Building CMake package in '/home/aihemel/ros2_ws/src/robot_description'
[1.090s] INFO:colcon.colcon_core.shell:Skip shell extension 'powershell' for command environment: Not usable outside of PowerShell
[1.090s] DEBUG:colcon.colcon_core.shell:Skip shell extension 'dsv' for command environment
[1.092s] INFO:colcon.colcon_ros.task.ament_cmake.build:Building ROS package in '/home/aihemel/ros2_ws/src/robot_gazebo' with build type 'ament_cmake'
[1.092s] INFO:colcon.colcon_cmake.task.cmake.build:Building CMake package in '/home/aihemel/ros2_ws/src/robot_gazebo'
[1.092s] INFO:colcon.colcon_core.shell:Skip shell extension 'powershell' for command environment: Not usable outside of PowerShell
[1.092s] DEBUG:colcon.colcon_core.shell:Skip shell extension 'dsv' for command environment
[1.093s] INFO:colcon.colcon_ros.task.ament_cmake.build:Building ROS package in '/home/aihemel/ros2_ws/src/ros_tutorials/turtlesim' with build type 'ament_cmake'
[1.094s] INFO:colcon.colcon_cmake.task.cmake.build:Building CMake package in '/home/aihemel/ros2_ws/src/ros_tutorials/turtlesim'
[1.094s] INFO:colcon.colcon_core.shell:Skip shell extension 'powershell' for command environment: Not usable outside of PowerShell
[1.094s] DEBUG:colcon.colcon_core.shell:Skip shell extension 'dsv' for command environment
[1.100s] DEBUG:colcon.colcon_core.event_handler.log_command:Invoking command in '/home/aihemel/ros2_ws/build/bumperbot_firmware': CMAKE_PREFIX_PATH=/opt/ros/humble /usr/local/bin/cmake --build /home/aihemel/ros2_ws/build/bumperbot_firmware -- -j12 -l12
[1.101s] DEBUG:colcon.colcon_core.event_handler.log_command:Invoking command in '/home/aihemel/ros2_ws/build/bumperbot_localization': CMAKE_PREFIX_PATH=/opt/ros/humble /usr/local/bin/cmake --build /home/aihemel/ros2_ws/build/bumperbot_localization -- -j12 -l12
[1.427s] INFO:colcon.colcon_core.task.python.build:Building Python package in '/home/aihemel/ros2_ws/src/bumperbot_py_examples'
[1.428s] INFO:colcon.colcon_core.shell:Skip shell extension 'powershell' for command environment: Not usable outside of PowerShell
[1.428s] DEBUG:colcon.colcon_core.shell:Skip shell extension 'dsv' for command environment
[1.617s] DEBUG:colcon.colcon_core.event_handler.log_command:Invoking command in '/home/aihemel/ros2_ws/build/robot_controller': CMAKE_PREFIX_PATH=/opt/ros/humble /usr/local/bin/cmake --build /home/aihemel/ros2_ws/build/robot_controller -- -j12 -l12
[1.619s] DEBUG:colcon.colcon_core.event_handler.log_command:Invoking command in '/home/aihemel/ros2_ws/build/robot_description': CMAKE_PREFIX_PATH=/opt/ros/humble /usr/local/bin/cmake --build /home/aihemel/ros2_ws/build/robot_description -- -j12 -l12
[1.621s] DEBUG:colcon.colcon_core.event_handler.log_command:Invoking command in '/home/aihemel/ros2_ws/build/robot_gazebo': CMAKE_PREFIX_PATH=/opt/ros/humble /usr/local/bin/cmake --build /home/aihemel/ros2_ws/build/robot_gazebo -- -j12 -l12
[1.628s] DEBUG:colcon.colcon_core.event_handler.log_command:Invoking command in '/home/aihemel/ros2_ws/build/turtlesim': CMAKE_PREFIX_PATH=/opt/ros/humble /usr/local/bin/cmake --build /home/aihemel/ros2_ws/build/turtlesim -- -j12 -l12
[1.629s] DEBUG:colcon.colcon_core.event_handler.log_command:Invoked command in '/home/aihemel/ros2_ws/build/bumperbot_localization' returned '0': CMAKE_PREFIX_PATH=/opt/ros/humble /usr/local/bin/cmake --build /home/aihemel/ros2_ws/build/bumperbot_localization -- -j12 -l12
[1.633s] DEBUG:colcon.colcon_core.event_handler.log_command:Invoking command in '/home/aihemel/ros2_ws/build/bumperbot_localization': CMAKE_PREFIX_PATH=/opt/ros/humble /usr/local/bin/cmake --install /home/aihemel/ros2_ws/build/bumperbot_localization
[1.634s] DEBUG:colcon.colcon_core.event_handler.log_command:Invoked command in '/home/aihemel/ros2_ws/build/bumperbot_firmware' returned '2': CMAKE_PREFIX_PATH=/opt/ros/humble /usr/local/bin/cmake --build /home/aihemel/ros2_ws/build/bumperbot_firmware -- -j12 -l12
[1.634s] Level 1:colcon.colcon_core.environment:create_environment_scripts_only(bumperbot_firmware)
[1.639s] Level 1:colcon.colcon_core.environment:checking '/home/aihemel/ros2_ws/install/bumperbot_firmware' for CMake module files
[1.639s] Level 1:colcon.colcon_core.environment:checking '/home/aihemel/ros2_ws/install/bumperbot_firmware' for CMake config files
[1.639s] Level 1:colcon.colcon_core.environment:checking '/home/aihemel/ros2_ws/install/bumperbot_firmware/bin'
[1.640s] Level 1:colcon.colcon_core.environment:checking '/home/aihemel/ros2_ws/install/bumperbot_firmware/lib/pkgconfig/bumperbot_firmware.pc'
[1.640s] Level 1:colcon.colcon_core.environment:checking '/home/aihemel/ros2_ws/install/bumperbot_firmware/lib/python3.10/site-packages'
[1.640s] Level 1:colcon.colcon_core.environment:checking '/home/aihemel/ros2_ws/install/bumperbot_firmware/bin'
[1.640s] INFO:colcon.colcon_core.shell:Creating package script '/home/aihemel/ros2_ws/install/bumperbot_firmware/share/bumperbot_firmware/package.ps1'
[1.641s] INFO:colcon.colcon_core.shell:Creating package descriptor '/home/aihemel/ros2_ws/install/bumperbot_firmware/share/bumperbot_firmware/package.dsv'
[1.642s] INFO:colcon.colcon_core.shell:Creating package script '/home/aihemel/ros2_ws/install/bumperbot_firmware/share/bumperbot_firmware/package.sh'
[1.642s] INFO:colcon.colcon_core.shell:Creating package script '/home/aihemel/ros2_ws/install/bumperbot_firmware/share/bumperbot_firmware/package.bash'
[1.643s] INFO:colcon.colcon_core.shell:Creating package script '/home/aihemel/ros2_ws/install/bumperbot_firmware/share/bumperbot_firmware/package.zsh'
[1.644s] Level 1:colcon.colcon_core.environment:create_file_with_runtime_dependencies(/home/aihemel/ros2_ws/install/bumperbot_firmware/share/colcon-core/packages/bumperbot_firmware)
[1.990s] DEBUG:colcon.colcon_parallel_executor.executor.parallel:closing loop
[1.990s] DEBUG:colcon.colcon_parallel_executor.executor.parallel:loop closed
[1.990s] DEBUG:colcon.colcon_parallel_executor.executor.parallel:run_until_complete finished with '2'
[1.990s] DEBUG:colcon.colcon_core.event_reactor:joining thread
[1.996s] INFO:colcon.colcon_core.plugin_system:Skipping extension 'colcon_notification.desktop_notification.terminal_notifier': Not used on non-Darwin systems
[1.996s] INFO:colcon.colcon_core.plugin_system:Skipping extension 'colcon_notification.desktop_notification.win32': Not used on non-Windows systems
[1.996s] INFO:colcon.colcon_notification.desktop_notification:Sending desktop notification using 'notify2'
[2.006s] DEBUG:colcon.colcon_core.event_reactor:joined thread
[2.006s] INFO:colcon.colcon_core.shell:Creating prefix script '/home/aihemel/ros2_ws/install/local_setup.ps1'
[2.007s] INFO:colcon.colcon_core.shell:Creating prefix util module '/home/aihemel/ros2_ws/install/_local_setup_util_ps1.py'
[2.008s] INFO:colcon.colcon_core.shell:Creating prefix chain script '/home/aihemel/ros2_ws/install/setup.ps1'
[2.009s] INFO:colcon.colcon_core.shell:Creating prefix script '/home/aihemel/ros2_ws/install/local_setup.sh'
[2.009s] INFO:colcon.colcon_core.shell:Creating prefix util module '/home/aihemel/ros2_ws/install/_local_setup_util_sh.py'
[2.009s] INFO:colcon.colcon_core.shell:Creating prefix chain script '/home/aihemel/ros2_ws/install/setup.sh'
[2.010s] INFO:colcon.colcon_core.shell:Creating prefix script '/home/aihemel/ros2_ws/install/local_setup.bash'
[2.011s] INFO:colcon.colcon_core.shell:Creating prefix chain script '/home/aihemel/ros2_ws/install/setup.bash'
[2.011s] INFO:colcon.colcon_core.shell:Creating prefix script '/home/aihemel/ros2_ws/install/local_setup.zsh'
[2.012s] INFO:colcon.colcon_core.shell:Creating prefix chain script '/home/aihemel/ros2_ws/install/setup.zsh'
