[0.167s] DEBUG:colcon:Command line arguments: ['/usr/bin/colcon', 'build']
[0.167s] DEBUG:colcon:Parsed command line arguments: Namespace(log_base=None, log_level=None, verb_name='build', build_base='build', install_base='install', merge_install=False, symlink_install=False, test_result_base=None, continue_on_error=False, executor='parallel', parallel_workers=12, event_handlers=None, ignore_user_meta=False, metas=['./colcon.meta'], base_paths=['.'], packages_ignore=None, packages_ignore_regex=None, paths=None, packages_up_to=None, packages_up_to_regex=None, packages_above=None, packages_above_and_dependencies=None, packages_above_depth=None, packages_select_by_dep=None, packages_skip_by_dep=None, packages_skip_up_to=None, packages_select_build_failed=False, packages_skip_build_finished=False, packages_select_test_failures=False, packages_skip_test_passed=False, packages_select=None, packages_skip=None, packages_select_regex=None, packages_skip_regex=None, packages_start=None, packages_end=None, allow_overriding=[], cmake_args=None, cmake_target=None, cmake_target_skip_unavailable=False, cmake_clean_cache=False, cmake_clean_first=False, cmake_force_configure=False, ament_cmake_args=None, catkin_cmake_args=None, catkin_skip_building_tests=False, mixin_files=None, mixin=None, verb_parser=<colcon_mixin.mixin.mixin_argument.MixinArgumentDecorator object at 0x71d388e578e0>, verb_extension=<colcon_core.verb.build.BuildVerb object at 0x71d388e2b670>, main=<bound method BuildVerb.main of <colcon_core.verb.build.BuildVerb object at 0x71d388e2b670>>, mixin_verb=('build',))
[0.287s] Level 1:colcon.colcon_core.package_discovery:discover_packages(colcon_meta) check parameters
[0.287s] Level 1:colcon.colcon_core.package_discovery:discover_packages(recursive) check parameters
[0.287s] Level 1:colcon.colcon_core.package_discovery:discover_packages(ignore) check parameters
[0.287s] Level 1:colcon.colcon_core.package_discovery:discover_packages(path) check parameters
[0.287s] Level 1:colcon.colcon_core.package_discovery:discover_packages(colcon_meta) discover
[0.287s] Level 1:colcon.colcon_core.package_discovery:discover_packages(recursive) discover
[0.287s] INFO:colcon.colcon_core.package_discovery:Crawling recursively for packages in '/home/aihemel/ros2_ws'
[0.288s] Level 1:colcon.colcon_core.package_identification:_identify(.) by extensions ['ignore', 'ignore_ament_install']
[0.288s] Level 1:colcon.colcon_core.package_identification:_identify(.) by extension 'ignore'
[0.288s] Level 1:colcon.colcon_core.package_identification:_identify(.) by extension 'ignore_ament_install'
[0.288s] Level 1:colcon.colcon_core.package_identification:_identify(.) by extensions ['colcon_pkg']
[0.288s] Level 1:colcon.colcon_core.package_identification:_identify(.) by extension 'colcon_pkg'
[0.288s] Level 1:colcon.colcon_core.package_identification:_identify(.) by extensions ['colcon_meta']
[0.288s] Level 1:colcon.colcon_core.package_identification:_identify(.) by extension 'colcon_meta'
[0.288s] Level 1:colcon.colcon_core.package_identification:_identify(.) by extensions ['ros']
[0.288s] Level 1:colcon.colcon_core.package_identification:_identify(.) by extension 'ros'
[0.295s] Level 1:colcon.colcon_core.package_identification:_identify(.) by extensions ['cmake', 'python']
[0.295s] Level 1:colcon.colcon_core.package_identification:_identify(.) by extension 'cmake'
[0.295s] Level 1:colcon.colcon_core.package_identification:_identify(.) by extension 'python'
[0.295s] Level 1:colcon.colcon_core.package_identification:_identify(.) by extensions ['python_setup_py']
[0.295s] Level 1:colcon.colcon_core.package_identification:_identify(.) by extension 'python_setup_py'
[0.295s] Level 1:colcon.colcon_core.package_identification:_identify(build) by extensions ['ignore', 'ignore_ament_install']
[0.295s] Level 1:colcon.colcon_core.package_identification:_identify(build) by extension 'ignore'
[0.295s] Level 1:colcon.colcon_core.package_identification:_identify(build) ignored
[0.296s] Level 1:colcon.colcon_core.package_identification:_identify(install) by extensions ['ignore', 'ignore_ament_install']
[0.296s] Level 1:colcon.colcon_core.package_identification:_identify(install) by extension 'ignore'
[0.296s] Level 1:colcon.colcon_core.package_identification:_identify(install) ignored
[0.296s] Level 1:colcon.colcon_core.package_identification:_identify(log) by extensions ['ignore', 'ignore_ament_install']
[0.296s] Level 1:colcon.colcon_core.package_identification:_identify(log) by extension 'ignore'
[0.296s] Level 1:colcon.colcon_core.package_identification:_identify(log) ignored
[0.296s] Level 1:colcon.colcon_core.package_identification:_identify(src) by extensions ['ignore', 'ignore_ament_install']
[0.296s] Level 1:colcon.colcon_core.package_identification:_identify(src) by extension 'ignore'
[0.296s] Level 1:colcon.colcon_core.package_identification:_identify(src) by extension 'ignore_ament_install'
[0.296s] Level 1:colcon.colcon_core.package_identification:_identify(src) by extensions ['colcon_pkg']
[0.296s] Level 1:colcon.colcon_core.package_identification:_identify(src) by extension 'colcon_pkg'
[0.296s] Level 1:colcon.colcon_core.package_identification:_identify(src) by extensions ['colcon_meta']
[0.296s] Level 1:colcon.colcon_core.package_identification:_identify(src) by extension 'colcon_meta'
[0.296s] Level 1:colcon.colcon_core.package_identification:_identify(src) by extensions ['ros']
[0.296s] Level 1:colcon.colcon_core.package_identification:_identify(src) by extension 'ros'
[0.296s] Level 1:colcon.colcon_core.package_identification:_identify(src) by extensions ['cmake', 'python']
[0.296s] Level 1:colcon.colcon_core.package_identification:_identify(src) by extension 'cmake'
[0.296s] Level 1:colcon.colcon_core.package_identification:_identify(src) by extension 'python'
[0.296s] Level 1:colcon.colcon_core.package_identification:_identify(src) by extensions ['python_setup_py']
[0.296s] Level 1:colcon.colcon_core.package_identification:_identify(src) by extension 'python_setup_py'
[0.296s] Level 1:colcon.colcon_core.package_identification:_identify(src/bumperbot_localization) by extensions ['ignore', 'ignore_ament_install']
[0.296s] Level 1:colcon.colcon_core.package_identification:_identify(src/bumperbot_localization) by extension 'ignore'
[0.296s] Level 1:colcon.colcon_core.package_identification:_identify(src/bumperbot_localization) by extension 'ignore_ament_install'
[0.296s] Level 1:colcon.colcon_core.package_identification:_identify(src/bumperbot_localization) by extensions ['colcon_pkg']
[0.296s] Level 1:colcon.colcon_core.package_identification:_identify(src/bumperbot_localization) by extension 'colcon_pkg'
[0.296s] Level 1:colcon.colcon_core.package_identification:_identify(src/bumperbot_localization) by extensions ['colcon_meta']
[0.296s] Level 1:colcon.colcon_core.package_identification:_identify(src/bumperbot_localization) by extension 'colcon_meta'
[0.296s] Level 1:colcon.colcon_core.package_identification:_identify(src/bumperbot_localization) by extensions ['ros']
[0.296s] Level 1:colcon.colcon_core.package_identification:_identify(src/bumperbot_localization) by extension 'ros'
[0.298s] DEBUG:colcon.colcon_core.package_identification:Package 'src/bumperbot_localization' with type 'ros.ament_cmake' and name 'bumperbot_localization'
[0.299s] Level 1:colcon.colcon_core.package_identification:_identify(src/bumperbot_py_examples) by extensions ['ignore', 'ignore_ament_install']
[0.299s] Level 1:colcon.colcon_core.package_identification:_identify(src/bumperbot_py_examples) by extension 'ignore'
[0.299s] Level 1:colcon.colcon_core.package_identification:_identify(src/bumperbot_py_examples) by extension 'ignore_ament_install'
[0.299s] Level 1:colcon.colcon_core.package_identification:_identify(src/bumperbot_py_examples) by extensions ['colcon_pkg']
[0.299s] Level 1:colcon.colcon_core.package_identification:_identify(src/bumperbot_py_examples) by extension 'colcon_pkg'
[0.299s] Level 1:colcon.colcon_core.package_identification:_identify(src/bumperbot_py_examples) by extensions ['colcon_meta']
[0.299s] Level 1:colcon.colcon_core.package_identification:_identify(src/bumperbot_py_examples) by extension 'colcon_meta'
[0.299s] Level 1:colcon.colcon_core.package_identification:_identify(src/bumperbot_py_examples) by extensions ['ros']
[0.299s] Level 1:colcon.colcon_core.package_identification:_identify(src/bumperbot_py_examples) by extension 'ros'
[0.306s] DEBUG:colcon.colcon_core.package_identification:Package 'src/bumperbot_py_examples' with type 'ros.ament_python' and name 'bumperbot_py_examples'
[0.306s] Level 1:colcon.colcon_core.package_identification:_identify(src/robot_controller) by extensions ['ignore', 'ignore_ament_install']
[0.306s] Level 1:colcon.colcon_core.package_identification:_identify(src/robot_controller) by extension 'ignore'
[0.306s] Level 1:colcon.colcon_core.package_identification:_identify(src/robot_controller) by extension 'ignore_ament_install'
[0.306s] Level 1:colcon.colcon_core.package_identification:_identify(src/robot_controller) by extensions ['colcon_pkg']
[0.306s] Level 1:colcon.colcon_core.package_identification:_identify(src/robot_controller) by extension 'colcon_pkg'
[0.306s] Level 1:colcon.colcon_core.package_identification:_identify(src/robot_controller) by extensions ['colcon_meta']
[0.306s] Level 1:colcon.colcon_core.package_identification:_identify(src/robot_controller) by extension 'colcon_meta'
[0.306s] Level 1:colcon.colcon_core.package_identification:_identify(src/robot_controller) by extensions ['ros']
[0.306s] Level 1:colcon.colcon_core.package_identification:_identify(src/robot_controller) by extension 'ros'
[0.307s] DEBUG:colcon.colcon_core.package_identification:Package 'src/robot_controller' with type 'ros.ament_cmake' and name 'robot_controller'
[0.307s] Level 1:colcon.colcon_core.package_identification:_identify(src/robot_description) by extensions ['ignore', 'ignore_ament_install']
[0.307s] Level 1:colcon.colcon_core.package_identification:_identify(src/robot_description) by extension 'ignore'
[0.307s] Level 1:colcon.colcon_core.package_identification:_identify(src/robot_description) by extension 'ignore_ament_install'
[0.307s] Level 1:colcon.colcon_core.package_identification:_identify(src/robot_description) by extensions ['colcon_pkg']
[0.307s] Level 1:colcon.colcon_core.package_identification:_identify(src/robot_description) by extension 'colcon_pkg'
[0.307s] Level 1:colcon.colcon_core.package_identification:_identify(src/robot_description) by extensions ['colcon_meta']
[0.307s] Level 1:colcon.colcon_core.package_identification:_identify(src/robot_description) by extension 'colcon_meta'
[0.307s] Level 1:colcon.colcon_core.package_identification:_identify(src/robot_description) by extensions ['ros']
[0.307s] Level 1:colcon.colcon_core.package_identification:_identify(src/robot_description) by extension 'ros'
[0.309s] DEBUG:colcon.colcon_core.package_identification:Package 'src/robot_description' with type 'ros.ament_cmake' and name 'robot_description'
[0.309s] Level 1:colcon.colcon_core.package_identification:_identify(src/robot_firmware) by extensions ['ignore', 'ignore_ament_install']
[0.309s] Level 1:colcon.colcon_core.package_identification:_identify(src/robot_firmware) by extension 'ignore'
[0.309s] Level 1:colcon.colcon_core.package_identification:_identify(src/robot_firmware) by extension 'ignore_ament_install'
[0.309s] Level 1:colcon.colcon_core.package_identification:_identify(src/robot_firmware) by extensions ['colcon_pkg']
[0.309s] Level 1:colcon.colcon_core.package_identification:_identify(src/robot_firmware) by extension 'colcon_pkg'
[0.309s] Level 1:colcon.colcon_core.package_identification:_identify(src/robot_firmware) by extensions ['colcon_meta']
[0.309s] Level 1:colcon.colcon_core.package_identification:_identify(src/robot_firmware) by extension 'colcon_meta'
[0.309s] Level 1:colcon.colcon_core.package_identification:_identify(src/robot_firmware) by extensions ['ros']
[0.309s] Level 1:colcon.colcon_core.package_identification:_identify(src/robot_firmware) by extension 'ros'
[0.310s] DEBUG:colcon.colcon_core.package_identification:Package 'src/robot_firmware' with type 'ros.ament_cmake' and name 'robot_firmware'
[0.310s] Level 1:colcon.colcon_core.package_identification:_identify(src/robot_gazebo) by extensions ['ignore', 'ignore_ament_install']
[0.310s] Level 1:colcon.colcon_core.package_identification:_identify(src/robot_gazebo) by extension 'ignore'
[0.310s] Level 1:colcon.colcon_core.package_identification:_identify(src/robot_gazebo) by extension 'ignore_ament_install'
[0.310s] Level 1:colcon.colcon_core.package_identification:_identify(src/robot_gazebo) by extensions ['colcon_pkg']
[0.310s] Level 1:colcon.colcon_core.package_identification:_identify(src/robot_gazebo) by extension 'colcon_pkg'
[0.310s] Level 1:colcon.colcon_core.package_identification:_identify(src/robot_gazebo) by extensions ['colcon_meta']
[0.310s] Level 1:colcon.colcon_core.package_identification:_identify(src/robot_gazebo) by extension 'colcon_meta'
[0.310s] Level 1:colcon.colcon_core.package_identification:_identify(src/robot_gazebo) by extensions ['ros']
[0.310s] Level 1:colcon.colcon_core.package_identification:_identify(src/robot_gazebo) by extension 'ros'
[0.310s] DEBUG:colcon.colcon_core.package_identification:Package 'src/robot_gazebo' with type 'ros.ament_cmake' and name 'robot_gazebo'
[0.311s] Level 1:colcon.colcon_core.package_identification:_identify(src/ros_tutorials) by extensions ['ignore', 'ignore_ament_install']
[0.311s] Level 1:colcon.colcon_core.package_identification:_identify(src/ros_tutorials) by extension 'ignore'
[0.311s] Level 1:colcon.colcon_core.package_identification:_identify(src/ros_tutorials) by extension 'ignore_ament_install'
[0.311s] Level 1:colcon.colcon_core.package_identification:_identify(src/ros_tutorials) by extensions ['colcon_pkg']
[0.311s] Level 1:colcon.colcon_core.package_identification:_identify(src/ros_tutorials) by extension 'colcon_pkg'
[0.311s] Level 1:colcon.colcon_core.package_identification:_identify(src/ros_tutorials) by extensions ['colcon_meta']
[0.311s] Level 1:colcon.colcon_core.package_identification:_identify(src/ros_tutorials) by extension 'colcon_meta'
[0.311s] Level 1:colcon.colcon_core.package_identification:_identify(src/ros_tutorials) by extensions ['ros']
[0.311s] Level 1:colcon.colcon_core.package_identification:_identify(src/ros_tutorials) by extension 'ros'
[0.311s] Level 1:colcon.colcon_core.package_identification:_identify(src/ros_tutorials) by extensions ['cmake', 'python']
[0.311s] Level 1:colcon.colcon_core.package_identification:_identify(src/ros_tutorials) by extension 'cmake'
[0.311s] Level 1:colcon.colcon_core.package_identification:_identify(src/ros_tutorials) by extension 'python'
[0.311s] Level 1:colcon.colcon_core.package_identification:_identify(src/ros_tutorials) by extensions ['python_setup_py']
[0.311s] Level 1:colcon.colcon_core.package_identification:_identify(src/ros_tutorials) by extension 'python_setup_py'
[0.311s] Level 1:colcon.colcon_core.package_identification:_identify(src/ros_tutorials/ros_tutorials) by extensions ['ignore', 'ignore_ament_install']
[0.311s] Level 1:colcon.colcon_core.package_identification:_identify(src/ros_tutorials/ros_tutorials) by extension 'ignore'
[0.311s] Level 1:colcon.colcon_core.package_identification:_identify(src/ros_tutorials/ros_tutorials) ignored
[0.311s] Level 1:colcon.colcon_core.package_identification:_identify(src/ros_tutorials/roscpp_tutorials) by extensions ['ignore', 'ignore_ament_install']
[0.311s] Level 1:colcon.colcon_core.package_identification:_identify(src/ros_tutorials/roscpp_tutorials) by extension 'ignore'
[0.311s] Level 1:colcon.colcon_core.package_identification:_identify(src/ros_tutorials/roscpp_tutorials) ignored
[0.311s] Level 1:colcon.colcon_core.package_identification:_identify(src/ros_tutorials/rospy_tutorials) by extensions ['ignore', 'ignore_ament_install']
[0.311s] Level 1:colcon.colcon_core.package_identification:_identify(src/ros_tutorials/rospy_tutorials) by extension 'ignore'
[0.311s] Level 1:colcon.colcon_core.package_identification:_identify(src/ros_tutorials/rospy_tutorials) ignored
[0.311s] Level 1:colcon.colcon_core.package_identification:_identify(src/ros_tutorials/turtlesim) by extensions ['ignore', 'ignore_ament_install']
[0.311s] Level 1:colcon.colcon_core.package_identification:_identify(src/ros_tutorials/turtlesim) by extension 'ignore'
[0.311s] Level 1:colcon.colcon_core.package_identification:_identify(src/ros_tutorials/turtlesim) by extension 'ignore_ament_install'
[0.311s] Level 1:colcon.colcon_core.package_identification:_identify(src/ros_tutorials/turtlesim) by extensions ['colcon_pkg']
[0.311s] Level 1:colcon.colcon_core.package_identification:_identify(src/ros_tutorials/turtlesim) by extension 'colcon_pkg'
[0.311s] Level 1:colcon.colcon_core.package_identification:_identify(src/ros_tutorials/turtlesim) by extensions ['colcon_meta']
[0.311s] Level 1:colcon.colcon_core.package_identification:_identify(src/ros_tutorials/turtlesim) by extension 'colcon_meta'
[0.312s] Level 1:colcon.colcon_core.package_identification:_identify(src/ros_tutorials/turtlesim) by extensions ['ros']
[0.312s] Level 1:colcon.colcon_core.package_identification:_identify(src/ros_tutorials/turtlesim) by extension 'ros'
[0.312s] DEBUG:colcon.colcon_core.package_identification:Package 'src/ros_tutorials/turtlesim' with type 'ros.ament_cmake' and name 'turtlesim'
[0.312s] Level 1:colcon.colcon_core.package_identification:_identify(venv) by extensions ['ignore', 'ignore_ament_install']
[0.312s] Level 1:colcon.colcon_core.package_identification:_identify(venv) by extension 'ignore'
[0.312s] Level 1:colcon.colcon_core.package_identification:_identify(venv) by extension 'ignore_ament_install'
[0.312s] Level 1:colcon.colcon_core.package_identification:_identify(venv) by extensions ['colcon_pkg']
[0.312s] Level 1:colcon.colcon_core.package_identification:_identify(venv) by extension 'colcon_pkg'
[0.312s] Level 1:colcon.colcon_core.package_identification:_identify(venv) by extensions ['colcon_meta']
[0.312s] Level 1:colcon.colcon_core.package_identification:_identify(venv) by extension 'colcon_meta'
[0.312s] Level 1:colcon.colcon_core.package_identification:_identify(venv) by extensions ['ros']
[0.312s] Level 1:colcon.colcon_core.package_identification:_identify(venv) by extension 'ros'
[0.313s] Level 1:colcon.colcon_core.package_identification:_identify(venv) by extensions ['cmake', 'python']
[0.313s] Level 1:colcon.colcon_core.package_identification:_identify(venv) by extension 'cmake'
[0.313s] Level 1:colcon.colcon_core.package_identification:_identify(venv) by extension 'python'
[0.313s] Level 1:colcon.colcon_core.package_identification:_identify(venv) by extensions ['python_setup_py']
[0.313s] Level 1:colcon.colcon_core.package_identification:_identify(venv) by extension 'python_setup_py'
[0.313s] Level 1:colcon.colcon_core.package_identification:_identify(venv/bin) by extensions ['ignore', 'ignore_ament_install']
[0.313s] Level 1:colcon.colcon_core.package_identification:_identify(venv/bin) by extension 'ignore'
[0.313s] Level 1:colcon.colcon_core.package_identification:_identify(venv/bin) by extension 'ignore_ament_install'
[0.313s] Level 1:colcon.colcon_core.package_identification:_identify(venv/bin) by extensions ['colcon_pkg']
[0.313s] Level 1:colcon.colcon_core.package_identification:_identify(venv/bin) by extension 'colcon_pkg'
[0.313s] Level 1:colcon.colcon_core.package_identification:_identify(venv/bin) by extensions ['colcon_meta']
[0.313s] Level 1:colcon.colcon_core.package_identification:_identify(venv/bin) by extension 'colcon_meta'
[0.313s] Level 1:colcon.colcon_core.package_identification:_identify(venv/bin) by extensions ['ros']
[0.313s] Level 1:colcon.colcon_core.package_identification:_identify(venv/bin) by extension 'ros'
[0.313s] Level 1:colcon.colcon_core.package_identification:_identify(venv/bin) by extensions ['cmake', 'python']
[0.313s] Level 1:colcon.colcon_core.package_identification:_identify(venv/bin) by extension 'cmake'
[0.313s] Level 1:colcon.colcon_core.package_identification:_identify(venv/bin) by extension 'python'
[0.313s] Level 1:colcon.colcon_core.package_identification:_identify(venv/bin) by extensions ['python_setup_py']
[0.313s] Level 1:colcon.colcon_core.package_identification:_identify(venv/bin) by extension 'python_setup_py'
[0.313s] Level 1:colcon.colcon_core.package_identification:_identify(venv/include) by extensions ['ignore', 'ignore_ament_install']
[0.313s] Level 1:colcon.colcon_core.package_identification:_identify(venv/include) by extension 'ignore'
[0.313s] Level 1:colcon.colcon_core.package_identification:_identify(venv/include) by extension 'ignore_ament_install'
[0.313s] Level 1:colcon.colcon_core.package_identification:_identify(venv/include) by extensions ['colcon_pkg']
[0.313s] Level 1:colcon.colcon_core.package_identification:_identify(venv/include) by extension 'colcon_pkg'
[0.313s] Level 1:colcon.colcon_core.package_identification:_identify(venv/include) by extensions ['colcon_meta']
[0.313s] Level 1:colcon.colcon_core.package_identification:_identify(venv/include) by extension 'colcon_meta'
[0.313s] Level 1:colcon.colcon_core.package_identification:_identify(venv/include) by extensions ['ros']
[0.313s] Level 1:colcon.colcon_core.package_identification:_identify(venv/include) by extension 'ros'
[0.313s] Level 1:colcon.colcon_core.package_identification:_identify(venv/include) by extensions ['cmake', 'python']
[0.313s] Level 1:colcon.colcon_core.package_identification:_identify(venv/include) by extension 'cmake'
[0.313s] Level 1:colcon.colcon_core.package_identification:_identify(venv/include) by extension 'python'
[0.313s] Level 1:colcon.colcon_core.package_identification:_identify(venv/include) by extensions ['python_setup_py']
[0.313s] Level 1:colcon.colcon_core.package_identification:_identify(venv/include) by extension 'python_setup_py'
[0.313s] Level 1:colcon.colcon_core.package_identification:_identify(venv/lib) by extensions ['ignore', 'ignore_ament_install']
[0.314s] Level 1:colcon.colcon_core.package_identification:_identify(venv/lib) by extension 'ignore'
[0.314s] Level 1:colcon.colcon_core.package_identification:_identify(venv/lib) by extension 'ignore_ament_install'
[0.314s] Level 1:colcon.colcon_core.package_identification:_identify(venv/lib) by extensions ['colcon_pkg']
[0.314s] Level 1:colcon.colcon_core.package_identification:_identify(venv/lib) by extension 'colcon_pkg'
[0.314s] Level 1:colcon.colcon_core.package_identification:_identify(venv/lib) by extensions ['colcon_meta']
[0.314s] Level 1:colcon.colcon_core.package_identification:_identify(venv/lib) by extension 'colcon_meta'
[0.314s] Level 1:colcon.colcon_core.package_identification:_identify(venv/lib) by extensions ['ros']
[0.314s] Level 1:colcon.colcon_core.package_identification:_identify(venv/lib) by extension 'ros'
[0.314s] Level 1:colcon.colcon_core.package_identification:_identify(venv/lib) by extensions ['cmake', 'python']
[0.314s] Level 1:colcon.colcon_core.package_identification:_identify(venv/lib) by extension 'cmake'
[0.314s] Level 1:colcon.colcon_core.package_identification:_identify(venv/lib) by extension 'python'
[0.314s] Level 1:colcon.colcon_core.package_identification:_identify(venv/lib) by extensions ['python_setup_py']
[0.314s] Level 1:colcon.colcon_core.package_identification:_identify(venv/lib) by extension 'python_setup_py'
[0.314s] Level 1:colcon.colcon_core.package_identification:_identify(venv/lib/python3.10) by extensions ['ignore', 'ignore_ament_install']
[0.314s] Level 1:colcon.colcon_core.package_identification:_identify(venv/lib/python3.10) by extension 'ignore'
[0.314s] Level 1:colcon.colcon_core.package_identification:_identify(venv/lib/python3.10) by extension 'ignore_ament_install'
[0.314s] Level 1:colcon.colcon_core.package_identification:_identify(venv/lib/python3.10) by extensions ['colcon_pkg']
[0.314s] Level 1:colcon.colcon_core.package_identification:_identify(venv/lib/python3.10) by extension 'colcon_pkg'
[0.314s] Level 1:colcon.colcon_core.package_identification:_identify(venv/lib/python3.10) by extensions ['colcon_meta']
[0.314s] Level 1:colcon.colcon_core.package_identification:_identify(venv/lib/python3.10) by extension 'colcon_meta'
[0.314s] Level 1:colcon.colcon_core.package_identification:_identify(venv/lib/python3.10) by extensions ['ros']
[0.314s] Level 1:colcon.colcon_core.package_identification:_identify(venv/lib/python3.10) by extension 'ros'
[0.314s] Level 1:colcon.colcon_core.package_identification:_identify(venv/lib/python3.10) by extensions ['cmake', 'python']
[0.314s] Level 1:colcon.colcon_core.package_identification:_identify(venv/lib/python3.10) by extension 'cmake'
[0.314s] Level 1:colcon.colcon_core.package_identification:_identify(venv/lib/python3.10) by extension 'python'
[0.314s] Level 1:colcon.colcon_core.package_identification:_identify(venv/lib/python3.10) by extensions ['python_setup_py']
[0.314s] Level 1:colcon.colcon_core.package_identification:_identify(venv/lib/python3.10) by extension 'python_setup_py'
[0.314s] Level 1:colcon.colcon_core.package_identification:_identify(venv/lib/python3.10/site-packages) by extensions ['ignore', 'ignore_ament_install']
[0.314s] Level 1:colcon.colcon_core.package_identification:_identify(venv/lib/python3.10/site-packages) by extension 'ignore'
[0.314s] Level 1:colcon.colcon_core.package_identification:_identify(venv/lib/python3.10/site-packages) by extension 'ignore_ament_install'
[0.314s] Level 1:colcon.colcon_core.package_identification:_identify(venv/lib/python3.10/site-packages) by extensions ['colcon_pkg']
[0.314s] Level 1:colcon.colcon_core.package_identification:_identify(venv/lib/python3.10/site-packages) by extension 'colcon_pkg'
[0.314s] Level 1:colcon.colcon_core.package_identification:_identify(venv/lib/python3.10/site-packages) by extensions ['colcon_meta']
[0.314s] Level 1:colcon.colcon_core.package_identification:_identify(venv/lib/python3.10/site-packages) by extension 'colcon_meta'
[0.314s] Level 1:colcon.colcon_core.package_identification:_identify(venv/lib/python3.10/site-packages) by extensions ['ros']
[0.315s] Level 1:colcon.colcon_core.package_identification:_identify(venv/lib/python3.10/site-packages) by extension 'ros'
[0.315s] Level 1:colcon.colcon_core.package_identification:_identify(venv/lib/python3.10/site-packages) by extensions ['cmake', 'python']
[0.315s] Level 1:colcon.colcon_core.package_identification:_identify(venv/lib/python3.10/site-packages) by extension 'cmake'
[0.315s] Level 1:colcon.colcon_core.package_identification:_identify(venv/lib/python3.10/site-packages) by extension 'python'
[0.315s] Level 1:colcon.colcon_core.package_identification:_identify(venv/lib/python3.10/site-packages) by extensions ['python_setup_py']
[0.315s] Level 1:colcon.colcon_core.package_identification:_identify(venv/lib/python3.10/site-packages) by extension 'python_setup_py'
[0.315s] Level 1:colcon.colcon_core.package_identification:_identify(venv/lib/python3.10/site-packages/_distutils_hack) by extensions ['ignore', 'ignore_ament_install']
[0.315s] Level 1:colcon.colcon_core.package_identification:_identify(venv/lib/python3.10/site-packages/_distutils_hack) by extension 'ignore'
[0.315s] Level 1:colcon.colcon_core.package_identification:_identify(venv/lib/python3.10/site-packages/_distutils_hack) by extension 'ignore_ament_install'
[0.315s] Level 1:colcon.colcon_core.package_identification:_identify(venv/lib/python3.10/site-packages/_distutils_hack) by extensions ['colcon_pkg']
[0.315s] Level 1:colcon.colcon_core.package_identification:_identify(venv/lib/python3.10/site-packages/_distutils_hack) by extension 'colcon_pkg'
[0.315s] Level 1:colcon.colcon_core.package_identification:_identify(venv/lib/python3.10/site-packages/_distutils_hack) by extensions ['colcon_meta']
[0.315s] Level 1:colcon.colcon_core.package_identification:_identify(venv/lib/python3.10/site-packages/_distutils_hack) by extension 'colcon_meta'
[0.315s] Level 1:colcon.colcon_core.package_identification:_identify(venv/lib/python3.10/site-packages/_distutils_hack) by extensions ['ros']
[0.315s] Level 1:colcon.colcon_core.package_identification:_identify(venv/lib/python3.10/site-packages/_distutils_hack) by extension 'ros'
[0.315s] Level 1:colcon.colcon_core.package_identification:_identify(venv/lib/python3.10/site-packages/_distutils_hack) by extensions ['cmake', 'python']
[0.315s] Level 1:colcon.colcon_core.package_identification:_identify(venv/lib/python3.10/site-packages/_distutils_hack) by extension 'cmake'
[0.315s] Level 1:colcon.colcon_core.package_identification:_identify(venv/lib/python3.10/site-packages/_distutils_hack) by extension 'python'
[0.315s] Level 1:colcon.colcon_core.package_identification:_identify(venv/lib/python3.10/site-packages/_distutils_hack) by extensions ['python_setup_py']
[0.315s] Level 1:colcon.colcon_core.package_identification:_identify(venv/lib/python3.10/site-packages/_distutils_hack) by extension 'python_setup_py'
[0.315s] Level 1:colcon.colcon_core.package_identification:_identify(venv/lib/python3.10/site-packages/_distutils_hack/__pycache__) by extensions ['ignore', 'ignore_ament_install']
[0.315s] Level 1:colcon.colcon_core.package_identification:_identify(venv/lib/python3.10/site-packages/_distutils_hack/__pycache__) by extension 'ignore'
[0.315s] Level 1:colcon.colcon_core.package_identification:_identify(venv/lib/python3.10/site-packages/_distutils_hack/__pycache__) by extension 'ignore_ament_install'
[0.315s] Level 1:colcon.colcon_core.package_identification:_identify(venv/lib/python3.10/site-packages/_distutils_hack/__pycache__) by extensions ['colcon_pkg']
[0.315s] Level 1:colcon.colcon_core.package_identification:_identify(venv/lib/python3.10/site-packages/_distutils_hack/__pycache__) by extension 'colcon_pkg'
[0.315s] Level 1:colcon.colcon_core.package_identification:_identify(venv/lib/python3.10/site-packages/_distutils_hack/__pycache__) by extensions ['colcon_meta']
[0.315s] Level 1:colcon.colcon_core.package_identification:_identify(venv/lib/python3.10/site-packages/_distutils_hack/__pycache__) by extension 'colcon_meta'
[0.315s] Level 1:colcon.colcon_core.package_identification:_identify(venv/lib/python3.10/site-packages/_distutils_hack/__pycache__) by extensions ['ros']
[0.315s] Level 1:colcon.colcon_core.package_identification:_identify(venv/lib/python3.10/site-packages/_distutils_hack/__pycache__) by extension 'ros'
[0.315s] Level 1:colcon.colcon_core.package_identification:_identify(venv/lib/python3.10/site-packages/_distutils_hack/__pycache__) by extensions ['cmake', 'python']
[0.315s] Level 1:colcon.colcon_core.package_identification:_identify(venv/lib/python3.10/site-packages/_distutils_hack/__pycache__) by extension 'cmake'
[0.315s] Level 1:colcon.colcon_core.package_identification:_identify(venv/lib/python3.10/site-packages/_distutils_hack/__pycache__) by extension 'python'
[0.315s] Level 1:colcon.colcon_core.package_identification:_identify(venv/lib/python3.10/site-packages/_distutils_hack/__pycache__) by extensions ['python_setup_py']
[0.315s] Level 1:colcon.colcon_core.package_identification:_identify(venv/lib/python3.10/site-packages/_distutils_hack/__pycache__) by extension 'python_setup_py'
[0.316s] Level 1:colcon.colcon_core.package_identification:_identify(venv/lib/python3.10/site-packages/numpy) by extensions ['ignore', 'ignore_ament_install']
[0.316s] Level 1:colcon.colcon_core.package_identification:_identify(venv/lib/python3.10/site-packages/numpy) by extension 'ignore'
[0.316s] Level 1:colcon.colcon_core.package_identification:_identify(venv/lib/python3.10/site-packages/numpy) by extension 'ignore_ament_install'
[0.316s] Level 1:colcon.colcon_core.package_identification:_identify(venv/lib/python3.10/site-packages/numpy) by extensions ['colcon_pkg']
[0.316s] Level 1:colcon.colcon_core.package_identification:_identify(venv/lib/python3.10/site-packages/numpy) by extension 'colcon_pkg'
[0.316s] Level 1:colcon.colcon_core.package_identification:_identify(venv/lib/python3.10/site-packages/numpy) by extensions ['colcon_meta']
[0.316s] Level 1:colcon.colcon_core.package_identification:_identify(venv/lib/python3.10/site-packages/numpy) by extension 'colcon_meta'
[0.316s] Level 1:colcon.colcon_core.package_identification:_identify(venv/lib/python3.10/site-packages/numpy) by extensions ['ros']
[0.316s] Level 1:colcon.colcon_core.package_identification:_identify(venv/lib/python3.10/site-packages/numpy) by extension 'ros'
[0.316s] Level 1:colcon.colcon_core.package_identification:_identify(venv/lib/python3.10/site-packages/numpy) by extensions ['cmake', 'python']
[0.316s] Level 1:colcon.colcon_core.package_identification:_identify(venv/lib/python3.10/site-packages/numpy) by extension 'cmake'
[0.316s] Level 1:colcon.colcon_core.package_identification:_identify(venv/lib/python3.10/site-packages/numpy) by extension 'python'
[0.316s] Level 1:colcon.colcon_core.package_identification:_identify(venv/lib/python3.10/site-packages/numpy) by extensions ['python_setup_py']
[0.316s] Level 1:colcon.colcon_core.package_identification:_identify(venv/lib/python3.10/site-packages/numpy) by extension 'python_setup_py'
[0.316s] Level 1:colcon.colcon_core.package_identification:_identify(venv/lib/python3.10/site-packages/numpy/__pycache__) by extensions ['ignore', 'ignore_ament_install']
[0.316s] Level 1:colcon.colcon_core.package_identification:_identify(venv/lib/python3.10/site-packages/numpy/__pycache__) by extension 'ignore'
[0.316s] Level 1:colcon.colcon_core.package_identification:_identify(venv/lib/python3.10/site-packages/numpy/__pycache__) by extension 'ignore_ament_install'
[0.316s] Level 1:colcon.colcon_core.package_identification:_identify(venv/lib/python3.10/site-packages/numpy/__pycache__) by extensions ['colcon_pkg']
[0.316s] Level 1:colcon.colcon_core.package_identification:_identify(venv/lib/python3.10/site-packages/numpy/__pycache__) by extension 'colcon_pkg'
[0.316s] Level 1:colcon.colcon_core.package_identification:_identify(venv/lib/python3.10/site-packages/numpy/__pycache__) by extensions ['colcon_meta']
[0.316s] Level 1:colcon.colcon_core.package_identification:_identify(venv/lib/python3.10/site-packages/numpy/__pycache__) by extension 'colcon_meta'
[0.316s] Level 1:colcon.colcon_core.package_identification:_identify(venv/lib/python3.10/site-packages/numpy/__pycache__) by extensions ['ros']
[0.316s] Level 1:colcon.colcon_core.package_identification:_identify(venv/lib/python3.10/site-packages/numpy/__pycache__) by extension 'ros'
[0.316s] Level 1:colcon.colcon_core.package_identification:_identify(venv/lib/python3.10/site-packages/numpy/__pycache__) by extensions ['cmake', 'python']
[0.316s] Level 1:colcon.colcon_core.package_identification:_identify(venv/lib/python3.10/site-packages/numpy/__pycache__) by extension 'cmake'
[0.316s] Level 1:colcon.colcon_core.package_identification:_identify(venv/lib/python3.10/site-packages/numpy/__pycache__) by extension 'python'
[0.316s] Level 1:colcon.colcon_core.package_identification:_identify(venv/lib/python3.10/site-packages/numpy/__pycache__) by extensions ['python_setup_py']
[0.316s] Level 1:colcon.colcon_core.package_identification:_identify(venv/lib/python3.10/site-packages/numpy/__pycache__) by extension 'python_setup_py'
[0.316s] Level 1:colcon.colcon_core.package_identification:_identify(venv/lib/python3.10/site-packages/numpy/_core) by extensions ['ignore', 'ignore_ament_install']
[0.316s] Level 1:colcon.colcon_core.package_identification:_identify(venv/lib/python3.10/site-packages/numpy/_core) by extension 'ignore'
[0.317s] Level 1:colcon.colcon_core.package_identification:_identify(venv/lib/python3.10/site-packages/numpy/_core) by extension 'ignore_ament_install'
[0.317s] Level 1:colcon.colcon_core.package_identification:_identify(venv/lib/python3.10/site-packages/numpy/_core) by extensions ['colcon_pkg']
[0.317s] Level 1:colcon.colcon_core.package_identification:_identify(venv/lib/python3.10/site-packages/numpy/_core) by extension 'colcon_pkg'
[0.317s] Level 1:colcon.colcon_core.package_identification:_identify(venv/lib/python3.10/site-packages/numpy/_core) by extensions ['colcon_meta']
[0.317s] Level 1:colcon.colcon_core.package_identification:_identify(venv/lib/python3.10/site-packages/numpy/_core) by extension 'colcon_meta'
[0.317s] Level 1:colcon.colcon_core.package_identification:_identify(venv/lib/python3.10/site-packages/numpy/_core) by extensions ['ros']
[0.317s] Level 1:colcon.colcon_core.package_identification:_identify(venv/lib/python3.10/site-packages/numpy/_core) by extension 'ros'
[0.317s] Level 1:colcon.colcon_core.package_identification:_identify(venv/lib/python3.10/site-packages/numpy/_core) by extensions ['cmake', 'python']
[0.317s] Level 1:colcon.colcon_core.package_identification:_identify(venv/lib/python3.10/site-packages/numpy/_core) by extension 'cmake'
[0.317s] Level 1:colcon.colcon_core.package_identification:_identify(venv/lib/python3.10/site-packages/numpy/_core) by extension 'python'
[0.317s] Level 1:colcon.colcon_core.package_identification:_identify(venv/lib/python3.10/site-packages/numpy/_core) by extensions ['python_setup_py']
[0.317s] Level 1:colcon.colcon_core.package_identification:_identify(venv/lib/python3.10/site-packages/numpy/_core) by extension 'python_setup_py'
[0.317s] Level 1:colcon.colcon_core.package_identification:_identify(venv/lib/python3.10/site-packages/numpy/_core/__pycache__) by extensions ['ignore', 'ignore_ament_install']
[0.317s] Level 1:colcon.colcon_core.package_identification:_identify(venv/lib/python3.10/site-packages/numpy/_core/__pycache__) by extension 'ignore'
[0.317s] Level 1:colcon.colcon_core.package_identification:_identify(venv/lib/python3.10/site-packages/numpy/_core/__pycache__) by extension 'ignore_ament_install'
[0.317s] Level 1:colcon.colcon_core.package_identification:_identify(venv/lib/python3.10/site-packages/numpy/_core/__pycache__) by extensions ['colcon_pkg']
[0.317s] Level 1:colcon.colcon_core.package_identification:_identify(venv/lib/python3.10/site-packages/numpy/_core/__pycache__) by extension 'colcon_pkg'
[0.317s] Level 1:colcon.colcon_core.package_identification:_identify(venv/lib/python3.10/site-packages/numpy/_core/__pycache__) by extensions ['colcon_meta']
[0.317s] Level 1:colcon.colcon_core.package_identification:_identify(venv/lib/python3.10/site-packages/numpy/_core/__pycache__) by extension 'colcon_meta'
[0.317s] Level 1:colcon.colcon_core.package_identification:_identify(venv/lib/python3.10/site-packages/numpy/_core/__pycache__) by extensions ['ros']
[0.317s] Level 1:colcon.colcon_core.package_identification:_identify(venv/lib/python3.10/site-packages/numpy/_core/__pycache__) by extension 'ros'
[0.317s] Level 1:colcon.colcon_core.package_identification:_identify(venv/lib/python3.10/site-packages/numpy/_core/__pycache__) by extensions ['cmake', 'python']
[0.317s] Level 1:colcon.colcon_core.package_identification:_identify(venv/lib/python3.10/site-packages/numpy/_core/__pycache__) by extension 'cmake'
[0.317s] Level 1:colcon.colcon_core.package_identification:_identify(venv/lib/python3.10/site-packages/numpy/_core/__pycache__) by extension 'python'
[0.317s] Level 1:colcon.colcon_core.package_identification:_identify(venv/lib/python3.10/site-packages/numpy/_core/__pycache__) by extensions ['python_setup_py']
[0.317s] Level 1:colcon.colcon_core.package_identification:_identify(venv/lib/python3.10/site-packages/numpy/_core/__pycache__) by extension 'python_setup_py'
[0.317s] Level 1:colcon.colcon_core.package_identification:_identify(venv/lib/python3.10/site-packages/numpy/_core/include) by extensions ['ignore', 'ignore_ament_install']
[0.317s] Level 1:colcon.colcon_core.package_identification:_identify(venv/lib/python3.10/site-packages/numpy/_core/include) by extension 'ignore'
[0.317s] Level 1:colcon.colcon_core.package_identification:_identify(venv/lib/python3.10/site-packages/numpy/_core/include) by extension 'ignore_ament_install'
[0.317s] Level 1:colcon.colcon_core.package_identification:_identify(venv/lib/python3.10/site-packages/numpy/_core/include) by extensions ['colcon_pkg']
[0.317s] Level 1:colcon.colcon_core.package_identification:_identify(venv/lib/python3.10/site-packages/numpy/_core/include) by extension 'colcon_pkg'
[0.317s] Level 1:colcon.colcon_core.package_identification:_identify(venv/lib/python3.10/site-packages/numpy/_core/include) by extensions ['colcon_meta']
[0.317s] Level 1:colcon.colcon_core.package_identification:_identify(venv/lib/python3.10/site-packages/numpy/_core/include) by extension 'colcon_meta'
[0.318s] Level 1:colcon.colcon_core.package_identification:_identify(venv/lib/python3.10/site-packages/numpy/_core/include) by extensions ['ros']
[0.318s] Level 1:colcon.colcon_core.package_identification:_identify(venv/lib/python3.10/site-packages/numpy/_core/include) by extension 'ros'
[0.318s] Level 1:colcon.colcon_core.package_identification:_identify(venv/lib/python3.10/site-packages/numpy/_core/include) by extensions ['cmake', 'python']
[0.318s] Level 1:colcon.colcon_core.package_identification:_identify(venv/lib/python3.10/site-packages/numpy/_core/include) by extension 'cmake'
[0.318s] Level 1:colcon.colcon_core.package_identification:_identify(venv/lib/python3.10/site-packages/numpy/_core/include) by extension 'python'
[0.318s] Level 1:colcon.colcon_core.package_identification:_identify(venv/lib/python3.10/site-packages/numpy/_core/include) by extensions ['python_setup_py']
[0.318s] Level 1:colcon.colcon_core.package_identification:_identify(venv/lib/python3.10/site-packages/numpy/_core/include) by extension 'python_setup_py'
[0.318s] Level 1:colcon.colcon_core.package_identification:_identify(venv/lib/python3.10/site-packages/numpy/_core/include/numpy) by extensions ['ignore', 'ignore_ament_install']
[0.318s] Level 1:colcon.colcon_core.package_identification:_identify(venv/lib/python3.10/site-packages/numpy/_core/include/numpy) by extension 'ignore'
[0.318s] Level 1:colcon.colcon_core.package_identification:_identify(venv/lib/python3.10/site-packages/numpy/_core/include/numpy) by extension 'ignore_ament_install'
[0.318s] Level 1:colcon.colcon_core.package_identification:_identify(venv/lib/python3.10/site-packages/numpy/_core/include/numpy) by extensions ['colcon_pkg']
[0.318s] Level 1:colcon.colcon_core.package_identification:_identify(venv/lib/python3.10/site-packages/numpy/_core/include/numpy) by extension 'colcon_pkg'
[0.318s] Level 1:colcon.colcon_core.package_identification:_identify(venv/lib/python3.10/site-packages/numpy/_core/include/numpy) by extensions ['colcon_meta']
[0.318s] Level 1:colcon.colcon_core.package_identification:_identify(venv/lib/python3.10/site-packages/numpy/_core/include/numpy) by extension 'colcon_meta'
[0.318s] Level 1:colcon.colcon_core.package_identification:_identify(venv/lib/python3.10/site-packages/numpy/_core/include/numpy) by extensions ['ros']
[0.318s] Level 1:colcon.colcon_core.package_identification:_identify(venv/lib/python3.10/site-packages/numpy/_core/include/numpy) by extension 'ros'
[0.318s] Level 1:colcon.colcon_core.package_identification:_identify(venv/lib/python3.10/site-packages/numpy/_core/include/numpy) by extensions ['cmake', 'python']
[0.318s] Level 1:colcon.colcon_core.package_identification:_identify(venv/lib/python3.10/site-packages/numpy/_core/include/numpy) by extension 'cmake'
[0.318s] Level 1:colcon.colcon_core.package_identification:_identify(venv/lib/python3.10/site-packages/numpy/_core/include/numpy) by extension 'python'
[0.318s] Level 1:colcon.colcon_core.package_identification:_identify(venv/lib/python3.10/site-packages/numpy/_core/include/numpy) by extensions ['python_setup_py']
[0.318s] Level 1:colcon.colcon_core.package_identification:_identify(venv/lib/python3.10/site-packages/numpy/_core/include/numpy) by extension 'python_setup_py'
[0.318s] Level 1:colcon.colcon_core.package_identification:_identify(venv/lib/python3.10/site-packages/numpy/_core/include/numpy/random) by extensions ['ignore', 'ignore_ament_install']
[0.318s] Level 1:colcon.colcon_core.package_identification:_identify(venv/lib/python3.10/site-packages/numpy/_core/include/numpy/random) by extension 'ignore'
[0.318s] Level 1:colcon.colcon_core.package_identification:_identify(venv/lib/python3.10/site-packages/numpy/_core/include/numpy/random) by extension 'ignore_ament_install'
[0.318s] Level 1:colcon.colcon_core.package_identification:_identify(venv/lib/python3.10/site-packages/numpy/_core/include/numpy/random) by extensions ['colcon_pkg']
[0.318s] Level 1:colcon.colcon_core.package_identification:_identify(venv/lib/python3.10/site-packages/numpy/_core/include/numpy/random) by extension 'colcon_pkg'
[0.318s] Level 1:colcon.colcon_core.package_identification:_identify(venv/lib/python3.10/site-packages/numpy/_core/include/numpy/random) by extensions ['colcon_meta']
[0.318s] Level 1:colcon.colcon_core.package_identification:_identify(venv/lib/python3.10/site-packages/numpy/_core/include/numpy/random) by extension 'colcon_meta'
[0.318s] Level 1:colcon.colcon_core.package_identification:_identify(venv/lib/python3.10/site-packages/numpy/_core/include/numpy/random) by extensions ['ros']
[0.318s] Level 1:colcon.colcon_core.package_identification:_identify(venv/lib/python3.10/site-packages/numpy/_core/include/numpy/random) by extension 'ros'
[0.318s] Level 1:colcon.colcon_core.package_identification:_identify(venv/lib/python3.10/site-packages/numpy/_core/include/numpy/random) by extensions ['cmake', 'python']
[0.318s] Level 1:colcon.colcon_core.package_identification:_identify(venv/lib/python3.10/site-packages/numpy/_core/include/numpy/random) by extension 'cmake'
[0.319s] Level 1:colcon.colcon_core.package_identification:_identify(venv/lib/python3.10/site-packages/numpy/_core/include/numpy/random) by extension 'python'
[0.319s] Level 1:colcon.colcon_core.package_identification:_identify(venv/lib/python3.10/site-packages/numpy/_core/include/numpy/random) by extensions ['python_setup_py']
[0.319s] Level 1:colcon.colcon_core.package_identification:_identify(venv/lib/python3.10/site-packages/numpy/_core/include/numpy/random) by extension 'python_setup_py'
[0.319s] Level 1:colcon.colcon_core.package_identification:_identify(venv/lib/python3.10/site-packages/numpy/_core/lib) by extensions ['ignore', 'ignore_ament_install']
[0.319s] Level 1:colcon.colcon_core.package_identification:_identify(venv/lib/python3.10/site-packages/numpy/_core/lib) by extension 'ignore'
[0.319s] Level 1:colcon.colcon_core.package_identification:_identify(venv/lib/python3.10/site-packages/numpy/_core/lib) by extension 'ignore_ament_install'
[0.319s] Level 1:colcon.colcon_core.package_identification:_identify(venv/lib/python3.10/site-packages/numpy/_core/lib) by extensions ['colcon_pkg']
[0.319s] Level 1:colcon.colcon_core.package_identification:_identify(venv/lib/python3.10/site-packages/numpy/_core/lib) by extension 'colcon_pkg'
[0.319s] Level 1:colcon.colcon_core.package_identification:_identify(venv/lib/python3.10/site-packages/numpy/_core/lib) by extensions ['colcon_meta']
[0.319s] Level 1:colcon.colcon_core.package_identification:_identify(venv/lib/python3.10/site-packages/numpy/_core/lib) by extension 'colcon_meta'
[0.319s] Level 1:colcon.colcon_core.package_identification:_identify(venv/lib/python3.10/site-packages/numpy/_core/lib) by extensions ['ros']
[0.319s] Level 1:colcon.colcon_core.package_identification:_identify(venv/lib/python3.10/site-packages/numpy/_core/lib) by extension 'ros'
[0.319s] Level 1:colcon.colcon_core.package_identification:_identify(venv/lib/python3.10/site-packages/numpy/_core/lib) by extensions ['cmake', 'python']
[0.319s] Level 1:colcon.colcon_core.package_identification:_identify(venv/lib/python3.10/site-packages/numpy/_core/lib) by extension 'cmake'
[0.319s] Level 1:colcon.colcon_core.package_identification:_identify(venv/lib/python3.10/site-packages/numpy/_core/lib) by extension 'python'
[0.319s] Level 1:colcon.colcon_core.package_identification:_identify(venv/lib/python3.10/site-packages/numpy/_core/lib) by extensions ['python_setup_py']
[0.319s] Level 1:colcon.colcon_core.package_identification:_identify(venv/lib/python3.10/site-packages/numpy/_core/lib) by extension 'python_setup_py'
[0.319s] Level 1:colcon.colcon_core.package_identification:_identify(venv/lib/python3.10/site-packages/numpy/_core/lib/npy-pkg-config) by extensions ['ignore', 'ignore_ament_install']
[0.319s] Level 1:colcon.colcon_core.package_identification:_identify(venv/lib/python3.10/site-packages/numpy/_core/lib/npy-pkg-config) by extension 'ignore'
[0.319s] Level 1:colcon.colcon_core.package_identification:_identify(venv/lib/python3.10/site-packages/numpy/_core/lib/npy-pkg-config) by extension 'ignore_ament_install'
[0.319s] Level 1:colcon.colcon_core.package_identification:_identify(venv/lib/python3.10/site-packages/numpy/_core/lib/npy-pkg-config) by extensions ['colcon_pkg']
[0.319s] Level 1:colcon.colcon_core.package_identification:_identify(venv/lib/python3.10/site-packages/numpy/_core/lib/npy-pkg-config) by extension 'colcon_pkg'
[0.319s] Level 1:colcon.colcon_core.package_identification:_identify(venv/lib/python3.10/site-packages/numpy/_core/lib/npy-pkg-config) by extensions ['colcon_meta']
[0.319s] Level 1:colcon.colcon_core.package_identification:_identify(venv/lib/python3.10/site-packages/numpy/_core/lib/npy-pkg-config) by extension 'colcon_meta'
[0.319s] Level 1:colcon.colcon_core.package_identification:_identify(venv/lib/python3.10/site-packages/numpy/_core/lib/npy-pkg-config) by extensions ['ros']
[0.319s] Level 1:colcon.colcon_core.package_identification:_identify(venv/lib/python3.10/site-packages/numpy/_core/lib/npy-pkg-config) by extension 'ros'
[0.319s] Level 1:colcon.colcon_core.package_identification:_identify(venv/lib/python3.10/site-packages/numpy/_core/lib/npy-pkg-config) by extensions ['cmake', 'python']
[0.319s] Level 1:colcon.colcon_core.package_identification:_identify(venv/lib/python3.10/site-packages/numpy/_core/lib/npy-pkg-config) by extension 'cmake'
[0.319s] Level 1:colcon.colcon_core.package_identification:_identify(venv/lib/python3.10/site-packages/numpy/_core/lib/npy-pkg-config) by extension 'python'
[0.319s] Level 1:colcon.colcon_core.package_identification:_identify(venv/lib/python3.10/site-packages/numpy/_core/lib/npy-pkg-config) by extensions ['python_setup_py']
[0.319s] Level 1:colcon.colcon_core.package_identification:_identify(venv/lib/python3.10/site-packages/numpy/_core/lib/npy-pkg-config) by extension 'python_setup_py'
[0.319s] Level 1:colcon.colcon_core.package_identification:_identify(venv/lib/python3.10/site-packages/numpy/_core/lib/pkgconfig) by extensions ['ignore', 'ignore_ament_install']
[0.319s] Level 1:colcon.colcon_core.package_identification:_identify(venv/lib/python3.10/site-packages/numpy/_core/lib/pkgconfig) by extension 'ignore'
[0.320s] Level 1:colcon.colcon_core.package_identification:_identify(venv/lib/python3.10/site-packages/numpy/_core/lib/pkgconfig) by extension 'ignore_ament_install'
[0.320s] Level 1:colcon.colcon_core.package_identification:_identify(venv/lib/python3.10/site-packages/numpy/_core/lib/pkgconfig) by extensions ['colcon_pkg']
[0.320s] Level 1:colcon.colcon_core.package_identification:_identify(venv/lib/python3.10/site-packages/numpy/_core/lib/pkgconfig) by extension 'colcon_pkg'
[0.320s] Level 1:colcon.colcon_core.package_identification:_identify(venv/lib/python3.10/site-packages/numpy/_core/lib/pkgconfig) by extensions ['colcon_meta']
[0.320s] Level 1:colcon.colcon_core.package_identification:_identify(venv/lib/python3.10/site-packages/numpy/_core/lib/pkgconfig) by extension 'colcon_meta'
[0.320s] Level 1:colcon.colcon_core.package_identification:_identify(venv/lib/python3.10/site-packages/numpy/_core/lib/pkgconfig) by extensions ['ros']
[0.320s] Level 1:colcon.colcon_core.package_identification:_identify(venv/lib/python3.10/site-packages/numpy/_core/lib/pkgconfig) by extension 'ros'
[0.320s] Level 1:colcon.colcon_core.package_identification:_identify(venv/lib/python3.10/site-packages/numpy/_core/lib/pkgconfig) by extensions ['cmake', 'python']
[0.320s] Level 1:colcon.colcon_core.package_identification:_identify(venv/lib/python3.10/site-packages/numpy/_core/lib/pkgconfig) by extension 'cmake'
[0.320s] Level 1:colcon.colcon_core.package_identification:_identify(venv/lib/python3.10/site-packages/numpy/_core/lib/pkgconfig) by extension 'python'
[0.320s] Level 1:colcon.colcon_core.package_identification:_identify(venv/lib/python3.10/site-packages/numpy/_core/lib/pkgconfig) by extensions ['python_setup_py']
[0.320s] Level 1:colcon.colcon_core.package_identification:_identify(venv/lib/python3.10/site-packages/numpy/_core/lib/pkgconfig) by extension 'python_setup_py'
[0.320s] Level 1:colcon.colcon_core.package_identification:_identify(venv/lib/python3.10/site-packages/numpy/_core/tests) by extensions ['ignore', 'ignore_ament_install']
[0.320s] Level 1:colcon.colcon_core.package_identification:_identify(venv/lib/python3.10/site-packages/numpy/_core/tests) by extension 'ignore'
[0.320s] Level 1:colcon.colcon_core.package_identification:_identify(venv/lib/python3.10/site-packages/numpy/_core/tests) by extension 'ignore_ament_install'
[0.320s] Level 1:colcon.colcon_core.package_identification:_identify(venv/lib/python3.10/site-packages/numpy/_core/tests) by extensions ['colcon_pkg']
[0.320s] Level 1:colcon.colcon_core.package_identification:_identify(venv/lib/python3.10/site-packages/numpy/_core/tests) by extension 'colcon_pkg'
[0.320s] Level 1:colcon.colcon_core.package_identification:_identify(venv/lib/python3.10/site-packages/numpy/_core/tests) by extensions ['colcon_meta']
[0.320s] Level 1:colcon.colcon_core.package_identification:_identify(venv/lib/python3.10/site-packages/numpy/_core/tests) by extension 'colcon_meta'
[0.320s] Level 1:colcon.colcon_core.package_identification:_identify(venv/lib/python3.10/site-packages/numpy/_core/tests) by extensions ['ros']
[0.320s] Level 1:colcon.colcon_core.package_identification:_identify(venv/lib/python3.10/site-packages/numpy/_core/tests) by extension 'ros'
[0.320s] Level 1:colcon.colcon_core.package_identification:_identify(venv/lib/python3.10/site-packages/numpy/_core/tests) by extensions ['cmake', 'python']
[0.320s] Level 1:colcon.colcon_core.package_identification:_identify(venv/lib/python3.10/site-packages/numpy/_core/tests) by extension 'cmake'
[0.320s] Level 1:colcon.colcon_core.package_identification:_identify(venv/lib/python3.10/site-packages/numpy/_core/tests) by extension 'python'
[0.320s] Level 1:colcon.colcon_core.package_identification:_identify(venv/lib/python3.10/site-packages/numpy/_core/tests) by extensions ['python_setup_py']
[0.320s] Level 1:colcon.colcon_core.package_identification:_identify(venv/lib/python3.10/site-packages/numpy/_core/tests) by extension 'python_setup_py'
[0.320s] Level 1:colcon.colcon_core.package_identification:_identify(venv/lib/python3.10/site-packages/numpy/_core/tests/__pycache__) by extensions ['ignore', 'ignore_ament_install']
[0.320s] Level 1:colcon.colcon_core.package_identification:_identify(venv/lib/python3.10/site-packages/numpy/_core/tests/__pycache__) by extension 'ignore'
[0.320s] Level 1:colcon.colcon_core.package_identification:_identify(venv/lib/python3.10/site-packages/numpy/_core/tests/__pycache__) by extension 'ignore_ament_install'
[0.320s] Level 1:colcon.colcon_core.package_identification:_identify(venv/lib/python3.10/site-packages/numpy/_core/tests/__pycache__) by extensions ['colcon_pkg']
[0.321s] Level 1:colcon.colcon_core.package_identification:_identify(venv/lib/python3.10/site-packages/numpy/_core/tests/__pycache__) by extension 'colcon_pkg'
[0.321s] Level 1:colcon.colcon_core.package_identification:_identify(venv/lib/python3.10/site-packages/numpy/_core/tests/__pycache__) by extensions ['colcon_meta']
[0.321s] Level 1:colcon.colcon_core.package_identification:_identify(venv/lib/python3.10/site-packages/numpy/_core/tests/__pycache__) by extension 'colcon_meta'
[0.321s] Level 1:colcon.colcon_core.package_identification:_identify(venv/lib/python3.10/site-packages/numpy/_core/tests/__pycache__) by extensions ['ros']
[0.321s] Level 1:colcon.colcon_core.package_identification:_identify(venv/lib/python3.10/site-packages/numpy/_core/tests/__pycache__) by extension 'ros'
[0.321s] Level 1:colcon.colcon_core.package_identification:_identify(venv/lib/python3.10/site-packages/numpy/_core/tests/__pycache__) by extensions ['cmake', 'python']
[0.321s] Level 1:colcon.colcon_core.package_identification:_identify(venv/lib/python3.10/site-packages/numpy/_core/tests/__pycache__) by extension 'cmake'
[0.321s] Level 1:colcon.colcon_core.package_identification:_identify(venv/lib/python3.10/site-packages/numpy/_core/tests/__pycache__) by extension 'python'
[0.321s] Level 1:colcon.colcon_core.package_identification:_identify(venv/lib/python3.10/site-packages/numpy/_core/tests/__pycache__) by extensions ['python_setup_py']
[0.321s] Level 1:colcon.colcon_core.package_identification:_identify(venv/lib/python3.10/site-packages/numpy/_core/tests/__pycache__) by extension 'python_setup_py'
[0.321s] Level 1:colcon.colcon_core.package_identification:_identify(venv/lib/python3.10/site-packages/numpy/_core/tests/data) by extensions ['ignore', 'ignore_ament_install']
[0.321s] Level 1:colcon.colcon_core.package_identification:_identify(venv/lib/python3.10/site-packages/numpy/_core/tests/data) by extension 'ignore'
[0.321s] Level 1:colcon.colcon_core.package_identification:_identify(venv/lib/python3.10/site-packages/numpy/_core/tests/data) by extension 'ignore_ament_install'
[0.321s] Level 1:colcon.colcon_core.package_identification:_identify(venv/lib/python3.10/site-packages/numpy/_core/tests/data) by extensions ['colcon_pkg']
[0.321s] Level 1:colcon.colcon_core.package_identification:_identify(venv/lib/python3.10/site-packages/numpy/_core/tests/data) by extension 'colcon_pkg'
[0.321s] Level 1:colcon.colcon_core.package_identification:_identify(venv/lib/python3.10/site-packages/numpy/_core/tests/data) by extensions ['colcon_meta']
[0.321s] Level 1:colcon.colcon_core.package_identification:_identify(venv/lib/python3.10/site-packages/numpy/_core/tests/data) by extension 'colcon_meta'
[0.321s] Level 1:colcon.colcon_core.package_identification:_identify(venv/lib/python3.10/site-packages/numpy/_core/tests/data) by extensions ['ros']
[0.321s] Level 1:colcon.colcon_core.package_identification:_identify(venv/lib/python3.10/site-packages/numpy/_core/tests/data) by extension 'ros'
[0.321s] Level 1:colcon.colcon_core.package_identification:_identify(venv/lib/python3.10/site-packages/numpy/_core/tests/data) by extensions ['cmake', 'python']
[0.321s] Level 1:colcon.colcon_core.package_identification:_identify(venv/lib/python3.10/site-packages/numpy/_core/tests/data) by extension 'cmake'
[0.321s] Level 1:colcon.colcon_core.package_identification:_identify(venv/lib/python3.10/site-packages/numpy/_core/tests/data) by extension 'python'
[0.321s] Level 1:colcon.colcon_core.package_identification:_identify(venv/lib/python3.10/site-packages/numpy/_core/tests/data) by extensions ['python_setup_py']
[0.321s] Level 1:colcon.colcon_core.package_identification:_identify(venv/lib/python3.10/site-packages/numpy/_core/tests/data) by extension 'python_setup_py'
[0.321s] Level 1:colcon.colcon_core.package_identification:_identify(venv/lib/python3.10/site-packages/numpy/_core/tests/examples) by extensions ['ignore', 'ignore_ament_install']
[0.321s] Level 1:colcon.colcon_core.package_identification:_identify(venv/lib/python3.10/site-packages/numpy/_core/tests/examples) by extension 'ignore'
[0.321s] Level 1:colcon.colcon_core.package_identification:_identify(venv/lib/python3.10/site-packages/numpy/_core/tests/examples) by extension 'ignore_ament_install'
[0.321s] Level 1:colcon.colcon_core.package_identification:_identify(venv/lib/python3.10/site-packages/numpy/_core/tests/examples) by extensions ['colcon_pkg']
[0.321s] Level 1:colcon.colcon_core.package_identification:_identify(venv/lib/python3.10/site-packages/numpy/_core/tests/examples) by extension 'colcon_pkg'
[0.321s] Level 1:colcon.colcon_core.package_identification:_identify(venv/lib/python3.10/site-packages/numpy/_core/tests/examples) by extensions ['colcon_meta']
[0.321s] Level 1:colcon.colcon_core.package_identification:_identify(venv/lib/python3.10/site-packages/numpy/_core/tests/examples) by extension 'colcon_meta'
[0.321s] Level 1:colcon.colcon_core.package_identification:_identify(venv/lib/python3.10/site-packages/numpy/_core/tests/examples) by extensions ['ros']
[0.321s] Level 1:colcon.colcon_core.package_identification:_identify(venv/lib/python3.10/site-packages/numpy/_core/tests/examples) by extension 'ros'
[0.322s] Level 1:colcon.colcon_core.package_identification:_identify(venv/lib/python3.10/site-packages/numpy/_core/tests/examples) by extensions ['cmake', 'python']
[0.322s] Level 1:colcon.colcon_core.package_identification:_identify(venv/lib/python3.10/site-packages/numpy/_core/tests/examples) by extension 'cmake'
[0.322s] Level 1:colcon.colcon_core.package_identification:_identify(venv/lib/python3.10/site-packages/numpy/_core/tests/examples) by extension 'python'
[0.322s] Level 1:colcon.colcon_core.package_identification:_identify(venv/lib/python3.10/site-packages/numpy/_core/tests/examples) by extensions ['python_setup_py']
[0.322s] Level 1:colcon.colcon_core.package_identification:_identify(venv/lib/python3.10/site-packages/numpy/_core/tests/examples) by extension 'python_setup_py'
[0.322s] Level 1:colcon.colcon_core.package_identification:_identify(venv/lib/python3.10/site-packages/numpy/_core/tests/examples/cython) by extensions ['ignore', 'ignore_ament_install']
[0.322s] Level 1:colcon.colcon_core.package_identification:_identify(venv/lib/python3.10/site-packages/numpy/_core/tests/examples/cython) by extension 'ignore'
[0.322s] Level 1:colcon.colcon_core.package_identification:_identify(venv/lib/python3.10/site-packages/numpy/_core/tests/examples/cython) by extension 'ignore_ament_install'
[0.322s] Level 1:colcon.colcon_core.package_identification:_identify(venv/lib/python3.10/site-packages/numpy/_core/tests/examples/cython) by extensions ['colcon_pkg']
[0.322s] Level 1:colcon.colcon_core.package_identification:_identify(venv/lib/python3.10/site-packages/numpy/_core/tests/examples/cython) by extension 'colcon_pkg'
[0.322s] Level 1:colcon.colcon_core.package_identification:_identify(venv/lib/python3.10/site-packages/numpy/_core/tests/examples/cython) by extensions ['colcon_meta']
[0.322s] Level 1:colcon.colcon_core.package_identification:_identify(venv/lib/python3.10/site-packages/numpy/_core/tests/examples/cython) by extension 'colcon_meta'
[0.322s] Level 1:colcon.colcon_core.package_identification:_identify(venv/lib/python3.10/site-packages/numpy/_core/tests/examples/cython) by extensions ['ros']
[0.322s] Level 1:colcon.colcon_core.package_identification:_identify(venv/lib/python3.10/site-packages/numpy/_core/tests/examples/cython) by extension 'ros'
[0.322s] Level 1:colcon.colcon_core.package_identification:_identify(venv/lib/python3.10/site-packages/numpy/_core/tests/examples/cython) by extensions ['cmake', 'python']
[0.322s] Level 1:colcon.colcon_core.package_identification:_identify(venv/lib/python3.10/site-packages/numpy/_core/tests/examples/cython) by extension 'cmake'
[0.322s] Level 1:colcon.colcon_core.package_identification:_identify(venv/lib/python3.10/site-packages/numpy/_core/tests/examples/cython) by extension 'python'
[0.322s] Level 1:colcon.colcon_core.package_identification:_identify(venv/lib/python3.10/site-packages/numpy/_core/tests/examples/cython) by extensions ['python_setup_py']
[0.322s] Level 1:colcon.colcon_core.package_identification:_identify(venv/lib/python3.10/site-packages/numpy/_core/tests/examples/cython) by extension 'python_setup_py'
[0.784s] ERROR:colcon.colcon_core.package_identification:Exception in package identification extension 'python_setup_py' in 'venv/lib/python3.10/site-packages/numpy/_core/tests/examples/cython': Command '['/usr/bin/python3', '-c', 'import sys;from contextlib import suppress;exec("with suppress(ImportError):    from setuptools.extern.packaging.specifiers    import SpecifierSet");exec("with suppress(ImportError):    from packaging.specifiers import SpecifierSet");from distutils.core import run_setup;dist = run_setup(    \'setup.py\', script_args=(\'--dry-run\',), stop_after=\'config\');skip_keys = (\'cmdclass\', \'distclass\', \'ext_modules\', \'metadata\');data = {    key: value for key, value in dist.__dict__.items()     if (        not key.startswith(\'_\') and         not callable(value) and         key not in skip_keys and         key not in dist.display_option_names    )};data[\'metadata\'] = {    k: v for k, v in dist.metadata.__dict__.items()     if k not in (\'license_files\', \'provides_extras\')};sys.stdout.buffer.write(repr(data).encode(\'utf-8\'))']' returned non-zero exit status 1.
Traceback (most recent call last):
  File "/usr/lib/python3/dist-packages/colcon_core/package_identification/__init__.py", line 144, in _identify
    retval = extension.identify(_reused_descriptor_instance)
  File "/usr/lib/python3/dist-packages/colcon_python_setup_py/package_identification/python_setup_py.py", line 48, in identify
    config = get_setup_information(setup_py)
  File "/usr/lib/python3/dist-packages/colcon_python_setup_py/package_identification/python_setup_py.py", line 249, in get_setup_information
    _setup_information_cache[hashable_env] = _get_setup_information(
  File "/usr/lib/python3/dist-packages/colcon_python_setup_py/package_identification/python_setup_py.py", line 296, in _get_setup_information
    result = subprocess.run(
  File "/usr/lib/python3.10/subprocess.py", line 526, in run
    raise CalledProcessError(retcode, process.args,
subprocess.CalledProcessError: Command '['/usr/bin/python3', '-c', 'import sys;from contextlib import suppress;exec("with suppress(ImportError):    from setuptools.extern.packaging.specifiers    import SpecifierSet");exec("with suppress(ImportError):    from packaging.specifiers import SpecifierSet");from distutils.core import run_setup;dist = run_setup(    \'setup.py\', script_args=(\'--dry-run\',), stop_after=\'config\');skip_keys = (\'cmdclass\', \'distclass\', \'ext_modules\', \'metadata\');data = {    key: value for key, value in dist.__dict__.items()     if (        not key.startswith(\'_\') and         not callable(value) and         key not in skip_keys and         key not in dist.display_option_names    )};data[\'metadata\'] = {    k: v for k, v in dist.metadata.__dict__.items()     if k not in (\'license_files\', \'provides_extras\')};sys.stdout.buffer.write(repr(data).encode(\'utf-8\'))']' returned non-zero exit status 1.

[0.784s] Level 1:colcon.colcon_core.package_identification:_identify(venv/lib/python3.10/site-packages/numpy/_core/tests/examples/cython/__pycache__) by extensions ['ignore', 'ignore_ament_install']
[0.784s] Level 1:colcon.colcon_core.package_identification:_identify(venv/lib/python3.10/site-packages/numpy/_core/tests/examples/cython/__pycache__) by extension 'ignore'
[0.784s] Level 1:colcon.colcon_core.package_identification:_identify(venv/lib/python3.10/site-packages/numpy/_core/tests/examples/cython/__pycache__) by extension 'ignore_ament_install'
[0.784s] Level 1:colcon.colcon_core.package_identification:_identify(venv/lib/python3.10/site-packages/numpy/_core/tests/examples/cython/__pycache__) by extensions ['colcon_pkg']
[0.784s] Level 1:colcon.colcon_core.package_identification:_identify(venv/lib/python3.10/site-packages/numpy/_core/tests/examples/cython/__pycache__) by extension 'colcon_pkg'
[0.784s] Level 1:colcon.colcon_core.package_identification:_identify(venv/lib/python3.10/site-packages/numpy/_core/tests/examples/cython/__pycache__) by extensions ['colcon_meta']
[0.784s] Level 1:colcon.colcon_core.package_identification:_identify(venv/lib/python3.10/site-packages/numpy/_core/tests/examples/cython/__pycache__) by extension 'colcon_meta'
[0.785s] Level 1:colcon.colcon_core.package_identification:_identify(venv/lib/python3.10/site-packages/numpy/_core/tests/examples/cython/__pycache__) by extensions ['ros']
[0.785s] Level 1:colcon.colcon_core.package_identification:_identify(venv/lib/python3.10/site-packages/numpy/_core/tests/examples/cython/__pycache__) by extension 'ros'
[0.785s] Level 1:colcon.colcon_core.package_identification:_identify(venv/lib/python3.10/site-packages/numpy/_core/tests/examples/cython/__pycache__) by extensions ['cmake', 'python']
[0.785s] Level 1:colcon.colcon_core.package_identification:_identify(venv/lib/python3.10/site-packages/numpy/_core/tests/examples/cython/__pycache__) by extension 'cmake'
[0.785s] Level 1:colcon.colcon_core.package_identification:_identify(venv/lib/python3.10/site-packages/numpy/_core/tests/examples/cython/__pycache__) by extension 'python'
[0.785s] Level 1:colcon.colcon_core.package_identification:_identify(venv/lib/python3.10/site-packages/numpy/_core/tests/examples/cython/__pycache__) by extensions ['python_setup_py']
[0.785s] Level 1:colcon.colcon_core.package_identification:_identify(venv/lib/python3.10/site-packages/numpy/_core/tests/examples/cython/__pycache__) by extension 'python_setup_py'
[0.785s] Level 1:colcon.colcon_core.package_identification:_identify(venv/lib/python3.10/site-packages/numpy/_core/tests/examples/limited_api) by extensions ['ignore', 'ignore_ament_install']
[0.785s] Level 1:colcon.colcon_core.package_identification:_identify(venv/lib/python3.10/site-packages/numpy/_core/tests/examples/limited_api) by extension 'ignore'
[0.785s] Level 1:colcon.colcon_core.package_identification:_identify(venv/lib/python3.10/site-packages/numpy/_core/tests/examples/limited_api) by extension 'ignore_ament_install'
[0.786s] Level 1:colcon.colcon_core.package_identification:_identify(venv/lib/python3.10/site-packages/numpy/_core/tests/examples/limited_api) by extensions ['colcon_pkg']
[0.786s] Level 1:colcon.colcon_core.package_identification:_identify(venv/lib/python3.10/site-packages/numpy/_core/tests/examples/limited_api) by extension 'colcon_pkg'
[0.786s] Level 1:colcon.colcon_core.package_identification:_identify(venv/lib/python3.10/site-packages/numpy/_core/tests/examples/limited_api) by extensions ['colcon_meta']
[0.786s] Level 1:colcon.colcon_core.package_identification:_identify(venv/lib/python3.10/site-packages/numpy/_core/tests/examples/limited_api) by extension 'colcon_meta'
[0.786s] Level 1:colcon.colcon_core.package_identification:_identify(venv/lib/python3.10/site-packages/numpy/_core/tests/examples/limited_api) by extensions ['ros']
[0.786s] Level 1:colcon.colcon_core.package_identification:_identify(venv/lib/python3.10/site-packages/numpy/_core/tests/examples/limited_api) by extension 'ros'
[0.786s] Level 1:colcon.colcon_core.package_identification:_identify(venv/lib/python3.10/site-packages/numpy/_core/tests/examples/limited_api) by extensions ['cmake', 'python']
[0.786s] Level 1:colcon.colcon_core.package_identification:_identify(venv/lib/python3.10/site-packages/numpy/_core/tests/examples/limited_api) by extension 'cmake'
[0.786s] Level 1:colcon.colcon_core.package_identification:_identify(venv/lib/python3.10/site-packages/numpy/_core/tests/examples/limited_api) by extension 'python'
[0.786s] Level 1:colcon.colcon_core.package_identification:_identify(venv/lib/python3.10/site-packages/numpy/_core/tests/examples/limited_api) by extensions ['python_setup_py']
[0.786s] Level 1:colcon.colcon_core.package_identification:_identify(venv/lib/python3.10/site-packages/numpy/_core/tests/examples/limited_api) by extension 'python_setup_py'
[1.096s] ERROR:colcon.colcon_core.package_identification:Failed to determine Python package name in 'venv/lib/python3.10/site-packages/numpy/_core/tests/examples/limited_api'
[1.096s] ERROR:colcon.colcon_core.package_identification:Exception in package identification extension 'python_setup_py' in 'venv/lib/python3.10/site-packages/numpy/_core/tests/examples/limited_api': Failed to determine Python package name in 'venv/lib/python3.10/site-packages/numpy/_core/tests/examples/limited_api'
Traceback (most recent call last):
  File "/usr/lib/python3/dist-packages/colcon_core/package_identification/__init__.py", line 144, in _identify
    retval = extension.identify(_reused_descriptor_instance)
  File "/usr/lib/python3/dist-packages/colcon_python_setup_py/package_identification/python_setup_py.py", line 57, in identify
    raise RuntimeError(
RuntimeError: Failed to determine Python package name in 'venv/lib/python3.10/site-packages/numpy/_core/tests/examples/limited_api'

[1.096s] Level 1:colcon.colcon_core.package_identification:_identify(venv/lib/python3.10/site-packages/numpy/_core/tests/examples/limited_api/__pycache__) by extensions ['ignore', 'ignore_ament_install']
[1.096s] Level 1:colcon.colcon_core.package_identification:_identify(venv/lib/python3.10/site-packages/numpy/_core/tests/examples/limited_api/__pycache__) by extension 'ignore'
[1.096s] Level 1:colcon.colcon_core.package_identification:_identify(venv/lib/python3.10/site-packages/numpy/_core/tests/examples/limited_api/__pycache__) by extension 'ignore_ament_install'
[1.096s] Level 1:colcon.colcon_core.package_identification:_identify(venv/lib/python3.10/site-packages/numpy/_core/tests/examples/limited_api/__pycache__) by extensions ['colcon_pkg']
[1.096s] Level 1:colcon.colcon_core.package_identification:_identify(venv/lib/python3.10/site-packages/numpy/_core/tests/examples/limited_api/__pycache__) by extension 'colcon_pkg'
[1.097s] Level 1:colcon.colcon_core.package_identification:_identify(venv/lib/python3.10/site-packages/numpy/_core/tests/examples/limited_api/__pycache__) by extensions ['colcon_meta']
[1.097s] Level 1:colcon.colcon_core.package_identification:_identify(venv/lib/python3.10/site-packages/numpy/_core/tests/examples/limited_api/__pycache__) by extension 'colcon_meta'
[1.097s] Level 1:colcon.colcon_core.package_identification:_identify(venv/lib/python3.10/site-packages/numpy/_core/tests/examples/limited_api/__pycache__) by extensions ['ros']
[1.097s] Level 1:colcon.colcon_core.package_identification:_identify(venv/lib/python3.10/site-packages/numpy/_core/tests/examples/limited_api/__pycache__) by extension 'ros'
[1.097s] Level 1:colcon.colcon_core.package_identification:_identify(venv/lib/python3.10/site-packages/numpy/_core/tests/examples/limited_api/__pycache__) by extensions ['cmake', 'python']
[1.097s] Level 1:colcon.colcon_core.package_identification:_identify(venv/lib/python3.10/site-packages/numpy/_core/tests/examples/limited_api/__pycache__) by extension 'cmake'
[1.097s] Level 1:colcon.colcon_core.package_identification:_identify(venv/lib/python3.10/site-packages/numpy/_core/tests/examples/limited_api/__pycache__) by extension 'python'
[1.097s] Level 1:colcon.colcon_core.package_identification:_identify(venv/lib/python3.10/site-packages/numpy/_core/tests/examples/limited_api/__pycache__) by extensions ['python_setup_py']
[1.097s] Level 1:colcon.colcon_core.package_identification:_identify(venv/lib/python3.10/site-packages/numpy/_core/tests/examples/limited_api/__pycache__) by extension 'python_setup_py'
[1.097s] Level 1:colcon.colcon_core.package_identification:_identify(venv/lib/python3.10/site-packages/numpy/_pyinstaller) by extensions ['ignore', 'ignore_ament_install']
[1.097s] Level 1:colcon.colcon_core.package_identification:_identify(venv/lib/python3.10/site-packages/numpy/_pyinstaller) by extension 'ignore'
[1.097s] Level 1:colcon.colcon_core.package_identification:_identify(venv/lib/python3.10/site-packages/numpy/_pyinstaller) by extension 'ignore_ament_install'
[1.097s] Level 1:colcon.colcon_core.package_identification:_identify(venv/lib/python3.10/site-packages/numpy/_pyinstaller) by extensions ['colcon_pkg']
[1.097s] Level 1:colcon.colcon_core.package_identification:_identify(venv/lib/python3.10/site-packages/numpy/_pyinstaller) by extension 'colcon_pkg'
[1.097s] Level 1:colcon.colcon_core.package_identification:_identify(venv/lib/python3.10/site-packages/numpy/_pyinstaller) by extensions ['colcon_meta']
[1.097s] Level 1:colcon.colcon_core.package_identification:_identify(venv/lib/python3.10/site-packages/numpy/_pyinstaller) by extension 'colcon_meta'
[1.097s] Level 1:colcon.colcon_core.package_identification:_identify(venv/lib/python3.10/site-packages/numpy/_pyinstaller) by extensions ['ros']
[1.097s] Level 1:colcon.colcon_core.package_identification:_identify(venv/lib/python3.10/site-packages/numpy/_pyinstaller) by extension 'ros'
[1.097s] Level 1:colcon.colcon_core.package_identification:_identify(venv/lib/python3.10/site-packages/numpy/_pyinstaller) by extensions ['cmake', 'python']
[1.097s] Level 1:colcon.colcon_core.package_identification:_identify(venv/lib/python3.10/site-packages/numpy/_pyinstaller) by extension 'cmake'
[1.097s] Level 1:colcon.colcon_core.package_identification:_identify(venv/lib/python3.10/site-packages/numpy/_pyinstaller) by extension 'python'
[1.097s] Level 1:colcon.colcon_core.package_identification:_identify(venv/lib/python3.10/site-packages/numpy/_pyinstaller) by extensions ['python_setup_py']
[1.097s] Level 1:colcon.colcon_core.package_identification:_identify(venv/lib/python3.10/site-packages/numpy/_pyinstaller) by extension 'python_setup_py'
[1.097s] Level 1:colcon.colcon_core.package_identification:_identify(venv/lib/python3.10/site-packages/numpy/_pyinstaller/__pycache__) by extensions ['ignore', 'ignore_ament_install']
[1.097s] Level 1:colcon.colcon_core.package_identification:_identify(venv/lib/python3.10/site-packages/numpy/_pyinstaller/__pycache__) by extension 'ignore'
[1.097s] Level 1:colcon.colcon_core.package_identification:_identify(venv/lib/python3.10/site-packages/numpy/_pyinstaller/__pycache__) by extension 'ignore_ament_install'
[1.097s] Level 1:colcon.colcon_core.package_identification:_identify(venv/lib/python3.10/site-packages/numpy/_pyinstaller/__pycache__) by extensions ['colcon_pkg']
[1.097s] Level 1:colcon.colcon_core.package_identification:_identify(venv/lib/python3.10/site-packages/numpy/_pyinstaller/__pycache__) by extension 'colcon_pkg'
[1.097s] Level 1:colcon.colcon_core.package_identification:_identify(venv/lib/python3.10/site-packages/numpy/_pyinstaller/__pycache__) by extensions ['colcon_meta']
[1.097s] Level 1:colcon.colcon_core.package_identification:_identify(venv/lib/python3.10/site-packages/numpy/_pyinstaller/__pycache__) by extension 'colcon_meta'
[1.097s] Level 1:colcon.colcon_core.package_identification:_identify(venv/lib/python3.10/site-packages/numpy/_pyinstaller/__pycache__) by extensions ['ros']
[1.097s] Level 1:colcon.colcon_core.package_identification:_identify(venv/lib/python3.10/site-packages/numpy/_pyinstaller/__pycache__) by extension 'ros'
[1.098s] Level 1:colcon.colcon_core.package_identification:_identify(venv/lib/python3.10/site-packages/numpy/_pyinstaller/__pycache__) by extensions ['cmake', 'python']
[1.098s] Level 1:colcon.colcon_core.package_identification:_identify(venv/lib/python3.10/site-packages/numpy/_pyinstaller/__pycache__) by extension 'cmake'
[1.098s] Level 1:colcon.colcon_core.package_identification:_identify(venv/lib/python3.10/site-packages/numpy/_pyinstaller/__pycache__) by extension 'python'
[1.098s] Level 1:colcon.colcon_core.package_identification:_identify(venv/lib/python3.10/site-packages/numpy/_pyinstaller/__pycache__) by extensions ['python_setup_py']
[1.098s] Level 1:colcon.colcon_core.package_identification:_identify(venv/lib/python3.10/site-packages/numpy/_pyinstaller/__pycache__) by extension 'python_setup_py'
[1.098s] Level 1:colcon.colcon_core.package_identification:_identify(venv/lib/python3.10/site-packages/numpy/_pyinstaller/tests) by extensions ['ignore', 'ignore_ament_install']
[1.098s] Level 1:colcon.colcon_core.package_identification:_identify(venv/lib/python3.10/site-packages/numpy/_pyinstaller/tests) by extension 'ignore'
[1.098s] Level 1:colcon.colcon_core.package_identification:_identify(venv/lib/python3.10/site-packages/numpy/_pyinstaller/tests) by extension 'ignore_ament_install'
[1.098s] Level 1:colcon.colcon_core.package_identification:_identify(venv/lib/python3.10/site-packages/numpy/_pyinstaller/tests) by extensions ['colcon_pkg']
[1.098s] Level 1:colcon.colcon_core.package_identification:_identify(venv/lib/python3.10/site-packages/numpy/_pyinstaller/tests) by extension 'colcon_pkg'
[1.098s] Level 1:colcon.colcon_core.package_identification:_identify(venv/lib/python3.10/site-packages/numpy/_pyinstaller/tests) by extensions ['colcon_meta']
[1.098s] Level 1:colcon.colcon_core.package_identification:_identify(venv/lib/python3.10/site-packages/numpy/_pyinstaller/tests) by extension 'colcon_meta'
[1.098s] Level 1:colcon.colcon_core.package_identification:_identify(venv/lib/python3.10/site-packages/numpy/_pyinstaller/tests) by extensions ['ros']
[1.098s] Level 1:colcon.colcon_core.package_identification:_identify(venv/lib/python3.10/site-packages/numpy/_pyinstaller/tests) by extension 'ros'
[1.098s] Level 1:colcon.colcon_core.package_identification:_identify(venv/lib/python3.10/site-packages/numpy/_pyinstaller/tests) by extensions ['cmake', 'python']
[1.098s] Level 1:colcon.colcon_core.package_identification:_identify(venv/lib/python3.10/site-packages/numpy/_pyinstaller/tests) by extension 'cmake'
[1.098s] Level 1:colcon.colcon_core.package_identification:_identify(venv/lib/python3.10/site-packages/numpy/_pyinstaller/tests) by extension 'python'
[1.098s] Level 1:colcon.colcon_core.package_identification:_identify(venv/lib/python3.10/site-packages/numpy/_pyinstaller/tests) by extensions ['python_setup_py']
[1.098s] Level 1:colcon.colcon_core.package_identification:_identify(venv/lib/python3.10/site-packages/numpy/_pyinstaller/tests) by extension 'python_setup_py'
[1.098s] Level 1:colcon.colcon_core.package_identification:_identify(venv/lib/python3.10/site-packages/numpy/_pyinstaller/tests/__pycache__) by extensions ['ignore', 'ignore_ament_install']
[1.098s] Level 1:colcon.colcon_core.package_identification:_identify(venv/lib/python3.10/site-packages/numpy/_pyinstaller/tests/__pycache__) by extension 'ignore'
[1.098s] Level 1:colcon.colcon_core.package_identification:_identify(venv/lib/python3.10/site-packages/numpy/_pyinstaller/tests/__pycache__) by extension 'ignore_ament_install'
[1.098s] Level 1:colcon.colcon_core.package_identification:_identify(venv/lib/python3.10/site-packages/numpy/_pyinstaller/tests/__pycache__) by extensions ['colcon_pkg']
[1.098s] Level 1:colcon.colcon_core.package_identification:_identify(venv/lib/python3.10/site-packages/numpy/_pyinstaller/tests/__pycache__) by extension 'colcon_pkg'
[1.098s] Level 1:colcon.colcon_core.package_identification:_identify(venv/lib/python3.10/site-packages/numpy/_pyinstaller/tests/__pycache__) by extensions ['colcon_meta']
[1.098s] Level 1:colcon.colcon_core.package_identification:_identify(venv/lib/python3.10/site-packages/numpy/_pyinstaller/tests/__pycache__) by extension 'colcon_meta'
[1.098s] Level 1:colcon.colcon_core.package_identification:_identify(venv/lib/python3.10/site-packages/numpy/_pyinstaller/tests/__pycache__) by extensions ['ros']
[1.098s] Level 1:colcon.colcon_core.package_identification:_identify(venv/lib/python3.10/site-packages/numpy/_pyinstaller/tests/__pycache__) by extension 'ros'
[1.098s] Level 1:colcon.colcon_core.package_identification:_identify(venv/lib/python3.10/site-packages/numpy/_pyinstaller/tests/__pycache__) by extensions ['cmake', 'python']
[1.098s] Level 1:colcon.colcon_core.package_identification:_identify(venv/lib/python3.10/site-packages/numpy/_pyinstaller/tests/__pycache__) by extension 'cmake'
[1.098s] Level 1:colcon.colcon_core.package_identification:_identify(venv/lib/python3.10/site-packages/numpy/_pyinstaller/tests/__pycache__) by extension 'python'
[1.098s] Level 1:colcon.colcon_core.package_identification:_identify(venv/lib/python3.10/site-packages/numpy/_pyinstaller/tests/__pycache__) by extensions ['python_setup_py']
[1.098s] Level 1:colcon.colcon_core.package_identification:_identify(venv/lib/python3.10/site-packages/numpy/_pyinstaller/tests/__pycache__) by extension 'python_setup_py'
[1.099s] Level 1:colcon.colcon_core.package_identification:_identify(venv/lib/python3.10/site-packages/numpy/_typing) by extensions ['ignore', 'ignore_ament_install']
[1.099s] Level 1:colcon.colcon_core.package_identification:_identify(venv/lib/python3.10/site-packages/numpy/_typing) by extension 'ignore'
[1.099s] Level 1:colcon.colcon_core.package_identification:_identify(venv/lib/python3.10/site-packages/numpy/_typing) by extension 'ignore_ament_install'
[1.099s] Level 1:colcon.colcon_core.package_identification:_identify(venv/lib/python3.10/site-packages/numpy/_typing) by extensions ['colcon_pkg']
[1.099s] Level 1:colcon.colcon_core.package_identification:_identify(venv/lib/python3.10/site-packages/numpy/_typing) by extension 'colcon_pkg'
[1.099s] Level 1:colcon.colcon_core.package_identification:_identify(venv/lib/python3.10/site-packages/numpy/_typing) by extensions ['colcon_meta']
[1.099s] Level 1:colcon.colcon_core.package_identification:_identify(venv/lib/python3.10/site-packages/numpy/_typing) by extension 'colcon_meta'
[1.099s] Level 1:colcon.colcon_core.package_identification:_identify(venv/lib/python3.10/site-packages/numpy/_typing) by extensions ['ros']
[1.099s] Level 1:colcon.colcon_core.package_identification:_identify(venv/lib/python3.10/site-packages/numpy/_typing) by extension 'ros'
[1.099s] Level 1:colcon.colcon_core.package_identification:_identify(venv/lib/python3.10/site-packages/numpy/_typing) by extensions ['cmake', 'python']
[1.099s] Level 1:colcon.colcon_core.package_identification:_identify(venv/lib/python3.10/site-packages/numpy/_typing) by extension 'cmake'
[1.099s] Level 1:colcon.colcon_core.package_identification:_identify(venv/lib/python3.10/site-packages/numpy/_typing) by extension 'python'
[1.099s] Level 1:colcon.colcon_core.package_identification:_identify(venv/lib/python3.10/site-packages/numpy/_typing) by extensions ['python_setup_py']
[1.099s] Level 1:colcon.colcon_core.package_identification:_identify(venv/lib/python3.10/site-packages/numpy/_typing) by extension 'python_setup_py'
[1.099s] Level 1:colcon.colcon_core.package_identification:_identify(venv/lib/python3.10/site-packages/numpy/_typing/__pycache__) by extensions ['ignore', 'ignore_ament_install']
[1.099s] Level 1:colcon.colcon_core.package_identification:_identify(venv/lib/python3.10/site-packages/numpy/_typing/__pycache__) by extension 'ignore'
[1.099s] Level 1:colcon.colcon_core.package_identification:_identify(venv/lib/python3.10/site-packages/numpy/_typing/__pycache__) by extension 'ignore_ament_install'
[1.099s] Level 1:colcon.colcon_core.package_identification:_identify(venv/lib/python3.10/site-packages/numpy/_typing/__pycache__) by extensions ['colcon_pkg']
[1.099s] Level 1:colcon.colcon_core.package_identification:_identify(venv/lib/python3.10/site-packages/numpy/_typing/__pycache__) by extension 'colcon_pkg'
[1.099s] Level 1:colcon.colcon_core.package_identification:_identify(venv/lib/python3.10/site-packages/numpy/_typing/__pycache__) by extensions ['colcon_meta']
[1.099s] Level 1:colcon.colcon_core.package_identification:_identify(venv/lib/python3.10/site-packages/numpy/_typing/__pycache__) by extension 'colcon_meta'
[1.099s] Level 1:colcon.colcon_core.package_identification:_identify(venv/lib/python3.10/site-packages/numpy/_typing/__pycache__) by extensions ['ros']
[1.099s] Level 1:colcon.colcon_core.package_identification:_identify(venv/lib/python3.10/site-packages/numpy/_typing/__pycache__) by extension 'ros'
[1.099s] Level 1:colcon.colcon_core.package_identification:_identify(venv/lib/python3.10/site-packages/numpy/_typing/__pycache__) by extensions ['cmake', 'python']
[1.099s] Level 1:colcon.colcon_core.package_identification:_identify(venv/lib/python3.10/site-packages/numpy/_typing/__pycache__) by extension 'cmake'
[1.099s] Level 1:colcon.colcon_core.package_identification:_identify(venv/lib/python3.10/site-packages/numpy/_typing/__pycache__) by extension 'python'
[1.099s] Level 1:colcon.colcon_core.package_identification:_identify(venv/lib/python3.10/site-packages/numpy/_typing/__pycache__) by extensions ['python_setup_py']
[1.099s] Level 1:colcon.colcon_core.package_identification:_identify(venv/lib/python3.10/site-packages/numpy/_typing/__pycache__) by extension 'python_setup_py'
[1.099s] Level 1:colcon.colcon_core.package_identification:_identify(venv/lib/python3.10/site-packages/numpy/_utils) by extensions ['ignore', 'ignore_ament_install']
[1.099s] Level 1:colcon.colcon_core.package_identification:_identify(venv/lib/python3.10/site-packages/numpy/_utils) by extension 'ignore'
[1.099s] Level 1:colcon.colcon_core.package_identification:_identify(venv/lib/python3.10/site-packages/numpy/_utils) by extension 'ignore_ament_install'
[1.100s] Level 1:colcon.colcon_core.package_identification:_identify(venv/lib/python3.10/site-packages/numpy/_utils) by extensions ['colcon_pkg']
[1.100s] Level 1:colcon.colcon_core.package_identification:_identify(venv/lib/python3.10/site-packages/numpy/_utils) by extension 'colcon_pkg'
[1.100s] Level 1:colcon.colcon_core.package_identification:_identify(venv/lib/python3.10/site-packages/numpy/_utils) by extensions ['colcon_meta']
[1.100s] Level 1:colcon.colcon_core.package_identification:_identify(venv/lib/python3.10/site-packages/numpy/_utils) by extension 'colcon_meta'
[1.100s] Level 1:colcon.colcon_core.package_identification:_identify(venv/lib/python3.10/site-packages/numpy/_utils) by extensions ['ros']
[1.100s] Level 1:colcon.colcon_core.package_identification:_identify(venv/lib/python3.10/site-packages/numpy/_utils) by extension 'ros'
[1.100s] Level 1:colcon.colcon_core.package_identification:_identify(venv/lib/python3.10/site-packages/numpy/_utils) by extensions ['cmake', 'python']
[1.100s] Level 1:colcon.colcon_core.package_identification:_identify(venv/lib/python3.10/site-packages/numpy/_utils) by extension 'cmake'
[1.100s] Level 1:colcon.colcon_core.package_identification:_identify(venv/lib/python3.10/site-packages/numpy/_utils) by extension 'python'
[1.100s] Level 1:colcon.colcon_core.package_identification:_identify(venv/lib/python3.10/site-packages/numpy/_utils) by extensions ['python_setup_py']
[1.100s] Level 1:colcon.colcon_core.package_identification:_identify(venv/lib/python3.10/site-packages/numpy/_utils) by extension 'python_setup_py'
[1.100s] Level 1:colcon.colcon_core.package_identification:_identify(venv/lib/python3.10/site-packages/numpy/_utils/__pycache__) by extensions ['ignore', 'ignore_ament_install']
[1.100s] Level 1:colcon.colcon_core.package_identification:_identify(venv/lib/python3.10/site-packages/numpy/_utils/__pycache__) by extension 'ignore'
[1.100s] Level 1:colcon.colcon_core.package_identification:_identify(venv/lib/python3.10/site-packages/numpy/_utils/__pycache__) by extension 'ignore_ament_install'
[1.100s] Level 1:colcon.colcon_core.package_identification:_identify(venv/lib/python3.10/site-packages/numpy/_utils/__pycache__) by extensions ['colcon_pkg']
[1.100s] Level 1:colcon.colcon_core.package_identification:_identify(venv/lib/python3.10/site-packages/numpy/_utils/__pycache__) by extension 'colcon_pkg'
[1.100s] Level 1:colcon.colcon_core.package_identification:_identify(venv/lib/python3.10/site-packages/numpy/_utils/__pycache__) by extensions ['colcon_meta']
[1.100s] Level 1:colcon.colcon_core.package_identification:_identify(venv/lib/python3.10/site-packages/numpy/_utils/__pycache__) by extension 'colcon_meta'
[1.100s] Level 1:colcon.colcon_core.package_identification:_identify(venv/lib/python3.10/site-packages/numpy/_utils/__pycache__) by extensions ['ros']
[1.100s] Level 1:colcon.colcon_core.package_identification:_identify(venv/lib/python3.10/site-packages/numpy/_utils/__pycache__) by extension 'ros'
[1.100s] Level 1:colcon.colcon_core.package_identification:_identify(venv/lib/python3.10/site-packages/numpy/_utils/__pycache__) by extensions ['cmake', 'python']
[1.100s] Level 1:colcon.colcon_core.package_identification:_identify(venv/lib/python3.10/site-packages/numpy/_utils/__pycache__) by extension 'cmake'
[1.100s] Level 1:colcon.colcon_core.package_identification:_identify(venv/lib/python3.10/site-packages/numpy/_utils/__pycache__) by extension 'python'
[1.100s] Level 1:colcon.colcon_core.package_identification:_identify(venv/lib/python3.10/site-packages/numpy/_utils/__pycache__) by extensions ['python_setup_py']
[1.100s] Level 1:colcon.colcon_core.package_identification:_identify(venv/lib/python3.10/site-packages/numpy/_utils/__pycache__) by extension 'python_setup_py'
[1.100s] Level 1:colcon.colcon_core.package_identification:_identify(venv/lib/python3.10/site-packages/numpy/char) by extensions ['ignore', 'ignore_ament_install']
[1.100s] Level 1:colcon.colcon_core.package_identification:_identify(venv/lib/python3.10/site-packages/numpy/char) by extension 'ignore'
[1.100s] Level 1:colcon.colcon_core.package_identification:_identify(venv/lib/python3.10/site-packages/numpy/char) by extension 'ignore_ament_install'
[1.100s] Level 1:colcon.colcon_core.package_identification:_identify(venv/lib/python3.10/site-packages/numpy/char) by extensions ['colcon_pkg']
[1.100s] Level 1:colcon.colcon_core.package_identification:_identify(venv/lib/python3.10/site-packages/numpy/char) by extension 'colcon_pkg'
[1.100s] Level 1:colcon.colcon_core.package_identification:_identify(venv/lib/python3.10/site-packages/numpy/char) by extensions ['colcon_meta']
[1.100s] Level 1:colcon.colcon_core.package_identification:_identify(venv/lib/python3.10/site-packages/numpy/char) by extension 'colcon_meta'
[1.100s] Level 1:colcon.colcon_core.package_identification:_identify(venv/lib/python3.10/site-packages/numpy/char) by extensions ['ros']
[1.100s] Level 1:colcon.colcon_core.package_identification:_identify(venv/lib/python3.10/site-packages/numpy/char) by extension 'ros'
[1.101s] Level 1:colcon.colcon_core.package_identification:_identify(venv/lib/python3.10/site-packages/numpy/char) by extensions ['cmake', 'python']
[1.101s] Level 1:colcon.colcon_core.package_identification:_identify(venv/lib/python3.10/site-packages/numpy/char) by extension 'cmake'
[1.101s] Level 1:colcon.colcon_core.package_identification:_identify(venv/lib/python3.10/site-packages/numpy/char) by extension 'python'
[1.101s] Level 1:colcon.colcon_core.package_identification:_identify(venv/lib/python3.10/site-packages/numpy/char) by extensions ['python_setup_py']
[1.101s] Level 1:colcon.colcon_core.package_identification:_identify(venv/lib/python3.10/site-packages/numpy/char) by extension 'python_setup_py'
[1.101s] Level 1:colcon.colcon_core.package_identification:_identify(venv/lib/python3.10/site-packages/numpy/char/__pycache__) by extensions ['ignore', 'ignore_ament_install']
[1.101s] Level 1:colcon.colcon_core.package_identification:_identify(venv/lib/python3.10/site-packages/numpy/char/__pycache__) by extension 'ignore'
[1.101s] Level 1:colcon.colcon_core.package_identification:_identify(venv/lib/python3.10/site-packages/numpy/char/__pycache__) by extension 'ignore_ament_install'
[1.101s] Level 1:colcon.colcon_core.package_identification:_identify(venv/lib/python3.10/site-packages/numpy/char/__pycache__) by extensions ['colcon_pkg']
[1.101s] Level 1:colcon.colcon_core.package_identification:_identify(venv/lib/python3.10/site-packages/numpy/char/__pycache__) by extension 'colcon_pkg'
[1.101s] Level 1:colcon.colcon_core.package_identification:_identify(venv/lib/python3.10/site-packages/numpy/char/__pycache__) by extensions ['colcon_meta']
[1.101s] Level 1:colcon.colcon_core.package_identification:_identify(venv/lib/python3.10/site-packages/numpy/char/__pycache__) by extension 'colcon_meta'
[1.101s] Level 1:colcon.colcon_core.package_identification:_identify(venv/lib/python3.10/site-packages/numpy/char/__pycache__) by extensions ['ros']
[1.101s] Level 1:colcon.colcon_core.package_identification:_identify(venv/lib/python3.10/site-packages/numpy/char/__pycache__) by extension 'ros'
[1.101s] Level 1:colcon.colcon_core.package_identification:_identify(venv/lib/python3.10/site-packages/numpy/char/__pycache__) by extensions ['cmake', 'python']
[1.101s] Level 1:colcon.colcon_core.package_identification:_identify(venv/lib/python3.10/site-packages/numpy/char/__pycache__) by extension 'cmake'
[1.101s] Level 1:colcon.colcon_core.package_identification:_identify(venv/lib/python3.10/site-packages/numpy/char/__pycache__) by extension 'python'
[1.101s] Level 1:colcon.colcon_core.package_identification:_identify(venv/lib/python3.10/site-packages/numpy/char/__pycache__) by extensions ['python_setup_py']
[1.101s] Level 1:colcon.colcon_core.package_identification:_identify(venv/lib/python3.10/site-packages/numpy/char/__pycache__) by extension 'python_setup_py'
[1.101s] Level 1:colcon.colcon_core.package_identification:_identify(venv/lib/python3.10/site-packages/numpy/compat) by extensions ['ignore', 'ignore_ament_install']
[1.101s] Level 1:colcon.colcon_core.package_identification:_identify(venv/lib/python3.10/site-packages/numpy/compat) by extension 'ignore'
[1.101s] Level 1:colcon.colcon_core.package_identification:_identify(venv/lib/python3.10/site-packages/numpy/compat) by extension 'ignore_ament_install'
[1.101s] Level 1:colcon.colcon_core.package_identification:_identify(venv/lib/python3.10/site-packages/numpy/compat) by extensions ['colcon_pkg']
[1.101s] Level 1:colcon.colcon_core.package_identification:_identify(venv/lib/python3.10/site-packages/numpy/compat) by extension 'colcon_pkg'
[1.101s] Level 1:colcon.colcon_core.package_identification:_identify(venv/lib/python3.10/site-packages/numpy/compat) by extensions ['colcon_meta']
[1.101s] Level 1:colcon.colcon_core.package_identification:_identify(venv/lib/python3.10/site-packages/numpy/compat) by extension 'colcon_meta'
[1.101s] Level 1:colcon.colcon_core.package_identification:_identify(venv/lib/python3.10/site-packages/numpy/compat) by extensions ['ros']
[1.101s] Level 1:colcon.colcon_core.package_identification:_identify(venv/lib/python3.10/site-packages/numpy/compat) by extension 'ros'
[1.101s] Level 1:colcon.colcon_core.package_identification:_identify(venv/lib/python3.10/site-packages/numpy/compat) by extensions ['cmake', 'python']
[1.101s] Level 1:colcon.colcon_core.package_identification:_identify(venv/lib/python3.10/site-packages/numpy/compat) by extension 'cmake'
[1.101s] Level 1:colcon.colcon_core.package_identification:_identify(venv/lib/python3.10/site-packages/numpy/compat) by extension 'python'
[1.101s] Level 1:colcon.colcon_core.package_identification:_identify(venv/lib/python3.10/site-packages/numpy/compat) by extensions ['python_setup_py']
[1.101s] Level 1:colcon.colcon_core.package_identification:_identify(venv/lib/python3.10/site-packages/numpy/compat) by extension 'python_setup_py'
[1.101s] Level 1:colcon.colcon_core.package_identification:_identify(venv/lib/python3.10/site-packages/numpy/compat/__pycache__) by extensions ['ignore', 'ignore_ament_install']
[1.102s] Level 1:colcon.colcon_core.package_identification:_identify(venv/lib/python3.10/site-packages/numpy/compat/__pycache__) by extension 'ignore'
[1.102s] Level 1:colcon.colcon_core.package_identification:_identify(venv/lib/python3.10/site-packages/numpy/compat/__pycache__) by extension 'ignore_ament_install'
[1.102s] Level 1:colcon.colcon_core.package_identification:_identify(venv/lib/python3.10/site-packages/numpy/compat/__pycache__) by extensions ['colcon_pkg']
[1.102s] Level 1:colcon.colcon_core.package_identification:_identify(venv/lib/python3.10/site-packages/numpy/compat/__pycache__) by extension 'colcon_pkg'
[1.102s] Level 1:colcon.colcon_core.package_identification:_identify(venv/lib/python3.10/site-packages/numpy/compat/__pycache__) by extensions ['colcon_meta']
[1.102s] Level 1:colcon.colcon_core.package_identification:_identify(venv/lib/python3.10/site-packages/numpy/compat/__pycache__) by extension 'colcon_meta'
[1.102s] Level 1:colcon.colcon_core.package_identification:_identify(venv/lib/python3.10/site-packages/numpy/compat/__pycache__) by extensions ['ros']
[1.102s] Level 1:colcon.colcon_core.package_identification:_identify(venv/lib/python3.10/site-packages/numpy/compat/__pycache__) by extension 'ros'
[1.102s] Level 1:colcon.colcon_core.package_identification:_identify(venv/lib/python3.10/site-packages/numpy/compat/__pycache__) by extensions ['cmake', 'python']
[1.102s] Level 1:colcon.colcon_core.package_identification:_identify(venv/lib/python3.10/site-packages/numpy/compat/__pycache__) by extension 'cmake'
[1.102s] Level 1:colcon.colcon_core.package_identification:_identify(venv/lib/python3.10/site-packages/numpy/compat/__pycache__) by extension 'python'
[1.102s] Level 1:colcon.colcon_core.package_identification:_identify(venv/lib/python3.10/site-packages/numpy/compat/__pycache__) by extensions ['python_setup_py']
[1.102s] Level 1:colcon.colcon_core.package_identification:_identify(venv/lib/python3.10/site-packages/numpy/compat/__pycache__) by extension 'python_setup_py'
[1.102s] Level 1:colcon.colcon_core.package_identification:_identify(venv/lib/python3.10/site-packages/numpy/compat/tests) by extensions ['ignore', 'ignore_ament_install']
[1.102s] Level 1:colcon.colcon_core.package_identification:_identify(venv/lib/python3.10/site-packages/numpy/compat/tests) by extension 'ignore'
[1.102s] Level 1:colcon.colcon_core.package_identification:_identify(venv/lib/python3.10/site-packages/numpy/compat/tests) by extension 'ignore_ament_install'
[1.102s] Level 1:colcon.colcon_core.package_identification:_identify(venv/lib/python3.10/site-packages/numpy/compat/tests) by extensions ['colcon_pkg']
[1.102s] Level 1:colcon.colcon_core.package_identification:_identify(venv/lib/python3.10/site-packages/numpy/compat/tests) by extension 'colcon_pkg'
[1.102s] Level 1:colcon.colcon_core.package_identification:_identify(venv/lib/python3.10/site-packages/numpy/compat/tests) by extensions ['colcon_meta']
[1.102s] Level 1:colcon.colcon_core.package_identification:_identify(venv/lib/python3.10/site-packages/numpy/compat/tests) by extension 'colcon_meta'
[1.102s] Level 1:colcon.colcon_core.package_identification:_identify(venv/lib/python3.10/site-packages/numpy/compat/tests) by extensions ['ros']
[1.102s] Level 1:colcon.colcon_core.package_identification:_identify(venv/lib/python3.10/site-packages/numpy/compat/tests) by extension 'ros'
[1.102s] Level 1:colcon.colcon_core.package_identification:_identify(venv/lib/python3.10/site-packages/numpy/compat/tests) by extensions ['cmake', 'python']
[1.102s] Level 1:colcon.colcon_core.package_identification:_identify(venv/lib/python3.10/site-packages/numpy/compat/tests) by extension 'cmake'
[1.102s] Level 1:colcon.colcon_core.package_identification:_identify(venv/lib/python3.10/site-packages/numpy/compat/tests) by extension 'python'
[1.102s] Level 1:colcon.colcon_core.package_identification:_identify(venv/lib/python3.10/site-packages/numpy/compat/tests) by extensions ['python_setup_py']
[1.102s] Level 1:colcon.colcon_core.package_identification:_identify(venv/lib/python3.10/site-packages/numpy/compat/tests) by extension 'python_setup_py'
[1.102s] Level 1:colcon.colcon_core.package_identification:_identify(venv/lib/python3.10/site-packages/numpy/compat/tests/__pycache__) by extensions ['ignore', 'ignore_ament_install']
[1.102s] Level 1:colcon.colcon_core.package_identification:_identify(venv/lib/python3.10/site-packages/numpy/compat/tests/__pycache__) by extension 'ignore'
[1.102s] Level 1:colcon.colcon_core.package_identification:_identify(venv/lib/python3.10/site-packages/numpy/compat/tests/__pycache__) by extension 'ignore_ament_install'
[1.102s] Level 1:colcon.colcon_core.package_identification:_identify(venv/lib/python3.10/site-packages/numpy/compat/tests/__pycache__) by extensions ['colcon_pkg']
[1.102s] Level 1:colcon.colcon_core.package_identification:_identify(venv/lib/python3.10/site-packages/numpy/compat/tests/__pycache__) by extension 'colcon_pkg'
[1.102s] Level 1:colcon.colcon_core.package_identification:_identify(venv/lib/python3.10/site-packages/numpy/compat/tests/__pycache__) by extensions ['colcon_meta']
[1.102s] Level 1:colcon.colcon_core.package_identification:_identify(venv/lib/python3.10/site-packages/numpy/compat/tests/__pycache__) by extension 'colcon_meta'
[1.103s] Level 1:colcon.colcon_core.package_identification:_identify(venv/lib/python3.10/site-packages/numpy/compat/tests/__pycache__) by extensions ['ros']
[1.103s] Level 1:colcon.colcon_core.package_identification:_identify(venv/lib/python3.10/site-packages/numpy/compat/tests/__pycache__) by extension 'ros'
[1.103s] Level 1:colcon.colcon_core.package_identification:_identify(venv/lib/python3.10/site-packages/numpy/compat/tests/__pycache__) by extensions ['cmake', 'python']
[1.103s] Level 1:colcon.colcon_core.package_identification:_identify(venv/lib/python3.10/site-packages/numpy/compat/tests/__pycache__) by extension 'cmake'
[1.103s] Level 1:colcon.colcon_core.package_identification:_identify(venv/lib/python3.10/site-packages/numpy/compat/tests/__pycache__) by extension 'python'
[1.103s] Level 1:colcon.colcon_core.package_identification:_identify(venv/lib/python3.10/site-packages/numpy/compat/tests/__pycache__) by extensions ['python_setup_py']
[1.103s] Level 1:colcon.colcon_core.package_identification:_identify(venv/lib/python3.10/site-packages/numpy/compat/tests/__pycache__) by extension 'python_setup_py'
[1.103s] Level 1:colcon.colcon_core.package_identification:_identify(venv/lib/python3.10/site-packages/numpy/core) by extensions ['ignore', 'ignore_ament_install']
[1.103s] Level 1:colcon.colcon_core.package_identification:_identify(venv/lib/python3.10/site-packages/numpy/core) by extension 'ignore'
[1.103s] Level 1:colcon.colcon_core.package_identification:_identify(venv/lib/python3.10/site-packages/numpy/core) by extension 'ignore_ament_install'
[1.103s] Level 1:colcon.colcon_core.package_identification:_identify(venv/lib/python3.10/site-packages/numpy/core) by extensions ['colcon_pkg']
[1.103s] Level 1:colcon.colcon_core.package_identification:_identify(venv/lib/python3.10/site-packages/numpy/core) by extension 'colcon_pkg'
[1.103s] Level 1:colcon.colcon_core.package_identification:_identify(venv/lib/python3.10/site-packages/numpy/core) by extensions ['colcon_meta']
[1.103s] Level 1:colcon.colcon_core.package_identification:_identify(venv/lib/python3.10/site-packages/numpy/core) by extension 'colcon_meta'
[1.103s] Level 1:colcon.colcon_core.package_identification:_identify(venv/lib/python3.10/site-packages/numpy/core) by extensions ['ros']
[1.103s] Level 1:colcon.colcon_core.package_identification:_identify(venv/lib/python3.10/site-packages/numpy/core) by extension 'ros'
[1.103s] Level 1:colcon.colcon_core.package_identification:_identify(venv/lib/python3.10/site-packages/numpy/core) by extensions ['cmake', 'python']
[1.103s] Level 1:colcon.colcon_core.package_identification:_identify(venv/lib/python3.10/site-packages/numpy/core) by extension 'cmake'
[1.103s] Level 1:colcon.colcon_core.package_identification:_identify(venv/lib/python3.10/site-packages/numpy/core) by extension 'python'
[1.103s] Level 1:colcon.colcon_core.package_identification:_identify(venv/lib/python3.10/site-packages/numpy/core) by extensions ['python_setup_py']
[1.103s] Level 1:colcon.colcon_core.package_identification:_identify(venv/lib/python3.10/site-packages/numpy/core) by extension 'python_setup_py'
[1.103s] Level 1:colcon.colcon_core.package_identification:_identify(venv/lib/python3.10/site-packages/numpy/core/__pycache__) by extensions ['ignore', 'ignore_ament_install']
[1.103s] Level 1:colcon.colcon_core.package_identification:_identify(venv/lib/python3.10/site-packages/numpy/core/__pycache__) by extension 'ignore'
[1.103s] Level 1:colcon.colcon_core.package_identification:_identify(venv/lib/python3.10/site-packages/numpy/core/__pycache__) by extension 'ignore_ament_install'
[1.103s] Level 1:colcon.colcon_core.package_identification:_identify(venv/lib/python3.10/site-packages/numpy/core/__pycache__) by extensions ['colcon_pkg']
[1.103s] Level 1:colcon.colcon_core.package_identification:_identify(venv/lib/python3.10/site-packages/numpy/core/__pycache__) by extension 'colcon_pkg'
[1.103s] Level 1:colcon.colcon_core.package_identification:_identify(venv/lib/python3.10/site-packages/numpy/core/__pycache__) by extensions ['colcon_meta']
[1.103s] Level 1:colcon.colcon_core.package_identification:_identify(venv/lib/python3.10/site-packages/numpy/core/__pycache__) by extension 'colcon_meta'
[1.103s] Level 1:colcon.colcon_core.package_identification:_identify(venv/lib/python3.10/site-packages/numpy/core/__pycache__) by extensions ['ros']
[1.103s] Level 1:colcon.colcon_core.package_identification:_identify(venv/lib/python3.10/site-packages/numpy/core/__pycache__) by extension 'ros'
[1.104s] Level 1:colcon.colcon_core.package_identification:_identify(venv/lib/python3.10/site-packages/numpy/core/__pycache__) by extensions ['cmake', 'python']
[1.104s] Level 1:colcon.colcon_core.package_identification:_identify(venv/lib/python3.10/site-packages/numpy/core/__pycache__) by extension 'cmake'
[1.104s] Level 1:colcon.colcon_core.package_identification:_identify(venv/lib/python3.10/site-packages/numpy/core/__pycache__) by extension 'python'
[1.104s] Level 1:colcon.colcon_core.package_identification:_identify(venv/lib/python3.10/site-packages/numpy/core/__pycache__) by extensions ['python_setup_py']
[1.104s] Level 1:colcon.colcon_core.package_identification:_identify(venv/lib/python3.10/site-packages/numpy/core/__pycache__) by extension 'python_setup_py'
[1.104s] Level 1:colcon.colcon_core.package_identification:_identify(venv/lib/python3.10/site-packages/numpy/distutils) by extensions ['ignore', 'ignore_ament_install']
[1.104s] Level 1:colcon.colcon_core.package_identification:_identify(venv/lib/python3.10/site-packages/numpy/distutils) by extension 'ignore'
[1.104s] Level 1:colcon.colcon_core.package_identification:_identify(venv/lib/python3.10/site-packages/numpy/distutils) by extension 'ignore_ament_install'
[1.104s] Level 1:colcon.colcon_core.package_identification:_identify(venv/lib/python3.10/site-packages/numpy/distutils) by extensions ['colcon_pkg']
[1.104s] Level 1:colcon.colcon_core.package_identification:_identify(venv/lib/python3.10/site-packages/numpy/distutils) by extension 'colcon_pkg'
[1.104s] Level 1:colcon.colcon_core.package_identification:_identify(venv/lib/python3.10/site-packages/numpy/distutils) by extensions ['colcon_meta']
[1.104s] Level 1:colcon.colcon_core.package_identification:_identify(venv/lib/python3.10/site-packages/numpy/distutils) by extension 'colcon_meta'
[1.104s] Level 1:colcon.colcon_core.package_identification:_identify(venv/lib/python3.10/site-packages/numpy/distutils) by extensions ['ros']
[1.104s] Level 1:colcon.colcon_core.package_identification:_identify(venv/lib/python3.10/site-packages/numpy/distutils) by extension 'ros'
[1.104s] Level 1:colcon.colcon_core.package_identification:_identify(venv/lib/python3.10/site-packages/numpy/distutils) by extensions ['cmake', 'python']
[1.104s] Level 1:colcon.colcon_core.package_identification:_identify(venv/lib/python3.10/site-packages/numpy/distutils) by extension 'cmake'
[1.104s] Level 1:colcon.colcon_core.package_identification:_identify(venv/lib/python3.10/site-packages/numpy/distutils) by extension 'python'
[1.104s] Level 1:colcon.colcon_core.package_identification:_identify(venv/lib/python3.10/site-packages/numpy/distutils) by extensions ['python_setup_py']
[1.104s] Level 1:colcon.colcon_core.package_identification:_identify(venv/lib/python3.10/site-packages/numpy/distutils) by extension 'python_setup_py'
[1.104s] Level 1:colcon.colcon_core.package_identification:_identify(venv/lib/python3.10/site-packages/numpy/distutils/__pycache__) by extensions ['ignore', 'ignore_ament_install']
[1.104s] Level 1:colcon.colcon_core.package_identification:_identify(venv/lib/python3.10/site-packages/numpy/distutils/__pycache__) by extension 'ignore'
[1.104s] Level 1:colcon.colcon_core.package_identification:_identify(venv/lib/python3.10/site-packages/numpy/distutils/__pycache__) by extension 'ignore_ament_install'
[1.104s] Level 1:colcon.colcon_core.package_identification:_identify(venv/lib/python3.10/site-packages/numpy/distutils/__pycache__) by extensions ['colcon_pkg']
[1.104s] Level 1:colcon.colcon_core.package_identification:_identify(venv/lib/python3.10/site-packages/numpy/distutils/__pycache__) by extension 'colcon_pkg'
[1.104s] Level 1:colcon.colcon_core.package_identification:_identify(venv/lib/python3.10/site-packages/numpy/distutils/__pycache__) by extensions ['colcon_meta']
[1.104s] Level 1:colcon.colcon_core.package_identification:_identify(venv/lib/python3.10/site-packages/numpy/distutils/__pycache__) by extension 'colcon_meta'
[1.104s] Level 1:colcon.colcon_core.package_identification:_identify(venv/lib/python3.10/site-packages/numpy/distutils/__pycache__) by extensions ['ros']
[1.104s] Level 1:colcon.colcon_core.package_identification:_identify(venv/lib/python3.10/site-packages/numpy/distutils/__pycache__) by extension 'ros'
[1.104s] Level 1:colcon.colcon_core.package_identification:_identify(venv/lib/python3.10/site-packages/numpy/distutils/__pycache__) by extensions ['cmake', 'python']
[1.104s] Level 1:colcon.colcon_core.package_identification:_identify(venv/lib/python3.10/site-packages/numpy/distutils/__pycache__) by extension 'cmake'
[1.104s] Level 1:colcon.colcon_core.package_identification:_identify(venv/lib/python3.10/site-packages/numpy/distutils/__pycache__) by extension 'python'
[1.105s] Level 1:colcon.colcon_core.package_identification:_identify(venv/lib/python3.10/site-packages/numpy/distutils/__pycache__) by extensions ['python_setup_py']
[1.105s] Level 1:colcon.colcon_core.package_identification:_identify(venv/lib/python3.10/site-packages/numpy/distutils/__pycache__) by extension 'python_setup_py'
[1.105s] Level 1:colcon.colcon_core.package_identification:_identify(venv/lib/python3.10/site-packages/numpy/distutils/checks) by extensions ['ignore', 'ignore_ament_install']
[1.105s] Level 1:colcon.colcon_core.package_identification:_identify(venv/lib/python3.10/site-packages/numpy/distutils/checks) by extension 'ignore'
[1.105s] Level 1:colcon.colcon_core.package_identification:_identify(venv/lib/python3.10/site-packages/numpy/distutils/checks) by extension 'ignore_ament_install'
[1.105s] Level 1:colcon.colcon_core.package_identification:_identify(venv/lib/python3.10/site-packages/numpy/distutils/checks) by extensions ['colcon_pkg']
[1.105s] Level 1:colcon.colcon_core.package_identification:_identify(venv/lib/python3.10/site-packages/numpy/distutils/checks) by extension 'colcon_pkg'
[1.105s] Level 1:colcon.colcon_core.package_identification:_identify(venv/lib/python3.10/site-packages/numpy/distutils/checks) by extensions ['colcon_meta']
[1.105s] Level 1:colcon.colcon_core.package_identification:_identify(venv/lib/python3.10/site-packages/numpy/distutils/checks) by extension 'colcon_meta'
[1.105s] Level 1:colcon.colcon_core.package_identification:_identify(venv/lib/python3.10/site-packages/numpy/distutils/checks) by extensions ['ros']
[1.105s] Level 1:colcon.colcon_core.package_identification:_identify(venv/lib/python3.10/site-packages/numpy/distutils/checks) by extension 'ros'
[1.105s] Level 1:colcon.colcon_core.package_identification:_identify(venv/lib/python3.10/site-packages/numpy/distutils/checks) by extensions ['cmake', 'python']
[1.105s] Level 1:colcon.colcon_core.package_identification:_identify(venv/lib/python3.10/site-packages/numpy/distutils/checks) by extension 'cmake'
[1.105s] Level 1:colcon.colcon_core.package_identification:_identify(venv/lib/python3.10/site-packages/numpy/distutils/checks) by extension 'python'
[1.105s] Level 1:colcon.colcon_core.package_identification:_identify(venv/lib/python3.10/site-packages/numpy/distutils/checks) by extensions ['python_setup_py']
[1.105s] Level 1:colcon.colcon_core.package_identification:_identify(venv/lib/python3.10/site-packages/numpy/distutils/checks) by extension 'python_setup_py'
[1.105s] Level 1:colcon.colcon_core.package_identification:_identify(venv/lib/python3.10/site-packages/numpy/distutils/command) by extensions ['ignore', 'ignore_ament_install']
[1.105s] Level 1:colcon.colcon_core.package_identification:_identify(venv/lib/python3.10/site-packages/numpy/distutils/command) by extension 'ignore'
[1.105s] Level 1:colcon.colcon_core.package_identification:_identify(venv/lib/python3.10/site-packages/numpy/distutils/command) by extension 'ignore_ament_install'
[1.105s] Level 1:colcon.colcon_core.package_identification:_identify(venv/lib/python3.10/site-packages/numpy/distutils/command) by extensions ['colcon_pkg']
[1.105s] Level 1:colcon.colcon_core.package_identification:_identify(venv/lib/python3.10/site-packages/numpy/distutils/command) by extension 'colcon_pkg'
[1.105s] Level 1:colcon.colcon_core.package_identification:_identify(venv/lib/python3.10/site-packages/numpy/distutils/command) by extensions ['colcon_meta']
[1.105s] Level 1:colcon.colcon_core.package_identification:_identify(venv/lib/python3.10/site-packages/numpy/distutils/command) by extension 'colcon_meta'
[1.105s] Level 1:colcon.colcon_core.package_identification:_identify(venv/lib/python3.10/site-packages/numpy/distutils/command) by extensions ['ros']
[1.105s] Level 1:colcon.colcon_core.package_identification:_identify(venv/lib/python3.10/site-packages/numpy/distutils/command) by extension 'ros'
[1.105s] Level 1:colcon.colcon_core.package_identification:_identify(venv/lib/python3.10/site-packages/numpy/distutils/command) by extensions ['cmake', 'python']
[1.105s] Level 1:colcon.colcon_core.package_identification:_identify(venv/lib/python3.10/site-packages/numpy/distutils/command) by extension 'cmake'
[1.105s] Level 1:colcon.colcon_core.package_identification:_identify(venv/lib/python3.10/site-packages/numpy/distutils/command) by extension 'python'
[1.105s] Level 1:colcon.colcon_core.package_identification:_identify(venv/lib/python3.10/site-packages/numpy/distutils/command) by extensions ['python_setup_py']
[1.105s] Level 1:colcon.colcon_core.package_identification:_identify(venv/lib/python3.10/site-packages/numpy/distutils/command) by extension 'python_setup_py'
[1.105s] Level 1:colcon.colcon_core.package_identification:_identify(venv/lib/python3.10/site-packages/numpy/distutils/command/__pycache__) by extensions ['ignore', 'ignore_ament_install']
[1.106s] Level 1:colcon.colcon_core.package_identification:_identify(venv/lib/python3.10/site-packages/numpy/distutils/command/__pycache__) by extension 'ignore'
[1.106s] Level 1:colcon.colcon_core.package_identification:_identify(venv/lib/python3.10/site-packages/numpy/distutils/command/__pycache__) by extension 'ignore_ament_install'
[1.106s] Level 1:colcon.colcon_core.package_identification:_identify(venv/lib/python3.10/site-packages/numpy/distutils/command/__pycache__) by extensions ['colcon_pkg']
[1.106s] Level 1:colcon.colcon_core.package_identification:_identify(venv/lib/python3.10/site-packages/numpy/distutils/command/__pycache__) by extension 'colcon_pkg'
[1.106s] Level 1:colcon.colcon_core.package_identification:_identify(venv/lib/python3.10/site-packages/numpy/distutils/command/__pycache__) by extensions ['colcon_meta']
[1.106s] Level 1:colcon.colcon_core.package_identification:_identify(venv/lib/python3.10/site-packages/numpy/distutils/command/__pycache__) by extension 'colcon_meta'
[1.106s] Level 1:colcon.colcon_core.package_identification:_identify(venv/lib/python3.10/site-packages/numpy/distutils/command/__pycache__) by extensions ['ros']
[1.106s] Level 1:colcon.colcon_core.package_identification:_identify(venv/lib/python3.10/site-packages/numpy/distutils/command/__pycache__) by extension 'ros'
[1.106s] Level 1:colcon.colcon_core.package_identification:_identify(venv/lib/python3.10/site-packages/numpy/distutils/command/__pycache__) by extensions ['cmake', 'python']
[1.106s] Level 1:colcon.colcon_core.package_identification:_identify(venv/lib/python3.10/site-packages/numpy/distutils/command/__pycache__) by extension 'cmake'
[1.106s] Level 1:colcon.colcon_core.package_identification:_identify(venv/lib/python3.10/site-packages/numpy/distutils/command/__pycache__) by extension 'python'
[1.106s] Level 1:colcon.colcon_core.package_identification:_identify(venv/lib/python3.10/site-packages/numpy/distutils/command/__pycache__) by extensions ['python_setup_py']
[1.106s] Level 1:colcon.colcon_core.package_identification:_identify(venv/lib/python3.10/site-packages/numpy/distutils/command/__pycache__) by extension 'python_setup_py'
[1.106s] Level 1:colcon.colcon_core.package_identification:_identify(venv/lib/python3.10/site-packages/numpy/distutils/fcompiler) by extensions ['ignore', 'ignore_ament_install']
[1.106s] Level 1:colcon.colcon_core.package_identification:_identify(venv/lib/python3.10/site-packages/numpy/distutils/fcompiler) by extension 'ignore'
[1.106s] Level 1:colcon.colcon_core.package_identification:_identify(venv/lib/python3.10/site-packages/numpy/distutils/fcompiler) by extension 'ignore_ament_install'
[1.106s] Level 1:colcon.colcon_core.package_identification:_identify(venv/lib/python3.10/site-packages/numpy/distutils/fcompiler) by extensions ['colcon_pkg']
[1.106s] Level 1:colcon.colcon_core.package_identification:_identify(venv/lib/python3.10/site-packages/numpy/distutils/fcompiler) by extension 'colcon_pkg'
[1.106s] Level 1:colcon.colcon_core.package_identification:_identify(venv/lib/python3.10/site-packages/numpy/distutils/fcompiler) by extensions ['colcon_meta']
[1.106s] Level 1:colcon.colcon_core.package_identification:_identify(venv/lib/python3.10/site-packages/numpy/distutils/fcompiler) by extension 'colcon_meta'
[1.106s] Level 1:colcon.colcon_core.package_identification:_identify(venv/lib/python3.10/site-packages/numpy/distutils/fcompiler) by extensions ['ros']
[1.106s] Level 1:colcon.colcon_core.package_identification:_identify(venv/lib/python3.10/site-packages/numpy/distutils/fcompiler) by extension 'ros'
[1.106s] Level 1:colcon.colcon_core.package_identification:_identify(venv/lib/python3.10/site-packages/numpy/distutils/fcompiler) by extensions ['cmake', 'python']
[1.106s] Level 1:colcon.colcon_core.package_identification:_identify(venv/lib/python3.10/site-packages/numpy/distutils/fcompiler) by extension 'cmake'
[1.106s] Level 1:colcon.colcon_core.package_identification:_identify(venv/lib/python3.10/site-packages/numpy/distutils/fcompiler) by extension 'python'
[1.106s] Level 1:colcon.colcon_core.package_identification:_identify(venv/lib/python3.10/site-packages/numpy/distutils/fcompiler) by extensions ['python_setup_py']
[1.106s] Level 1:colcon.colcon_core.package_identification:_identify(venv/lib/python3.10/site-packages/numpy/distutils/fcompiler) by extension 'python_setup_py'
[1.106s] Level 1:colcon.colcon_core.package_identification:_identify(venv/lib/python3.10/site-packages/numpy/distutils/fcompiler/__pycache__) by extensions ['ignore', 'ignore_ament_install']
[1.106s] Level 1:colcon.colcon_core.package_identification:_identify(venv/lib/python3.10/site-packages/numpy/distutils/fcompiler/__pycache__) by extension 'ignore'
[1.106s] Level 1:colcon.colcon_core.package_identification:_identify(venv/lib/python3.10/site-packages/numpy/distutils/fcompiler/__pycache__) by extension 'ignore_ament_install'
[1.106s] Level 1:colcon.colcon_core.package_identification:_identify(venv/lib/python3.10/site-packages/numpy/distutils/fcompiler/__pycache__) by extensions ['colcon_pkg']
[1.106s] Level 1:colcon.colcon_core.package_identification:_identify(venv/lib/python3.10/site-packages/numpy/distutils/fcompiler/__pycache__) by extension 'colcon_pkg'
[1.106s] Level 1:colcon.colcon_core.package_identification:_identify(venv/lib/python3.10/site-packages/numpy/distutils/fcompiler/__pycache__) by extensions ['colcon_meta']
[1.106s] Level 1:colcon.colcon_core.package_identification:_identify(venv/lib/python3.10/site-packages/numpy/distutils/fcompiler/__pycache__) by extension 'colcon_meta'
[1.107s] Level 1:colcon.colcon_core.package_identification:_identify(venv/lib/python3.10/site-packages/numpy/distutils/fcompiler/__pycache__) by extensions ['ros']
[1.107s] Level 1:colcon.colcon_core.package_identification:_identify(venv/lib/python3.10/site-packages/numpy/distutils/fcompiler/__pycache__) by extension 'ros'
[1.107s] Level 1:colcon.colcon_core.package_identification:_identify(venv/lib/python3.10/site-packages/numpy/distutils/fcompiler/__pycache__) by extensions ['cmake', 'python']
[1.107s] Level 1:colcon.colcon_core.package_identification:_identify(venv/lib/python3.10/site-packages/numpy/distutils/fcompiler/__pycache__) by extension 'cmake'
[1.107s] Level 1:colcon.colcon_core.package_identification:_identify(venv/lib/python3.10/site-packages/numpy/distutils/fcompiler/__pycache__) by extension 'python'
[1.107s] Level 1:colcon.colcon_core.package_identification:_identify(venv/lib/python3.10/site-packages/numpy/distutils/fcompiler/__pycache__) by extensions ['python_setup_py']
[1.107s] Level 1:colcon.colcon_core.package_identification:_identify(venv/lib/python3.10/site-packages/numpy/distutils/fcompiler/__pycache__) by extension 'python_setup_py'
[1.107s] Level 1:colcon.colcon_core.package_identification:_identify(venv/lib/python3.10/site-packages/numpy/distutils/mingw) by extensions ['ignore', 'ignore_ament_install']
[1.107s] Level 1:colcon.colcon_core.package_identification:_identify(venv/lib/python3.10/site-packages/numpy/distutils/mingw) by extension 'ignore'
[1.107s] Level 1:colcon.colcon_core.package_identification:_identify(venv/lib/python3.10/site-packages/numpy/distutils/mingw) by extension 'ignore_ament_install'
[1.107s] Level 1:colcon.colcon_core.package_identification:_identify(venv/lib/python3.10/site-packages/numpy/distutils/mingw) by extensions ['colcon_pkg']
[1.107s] Level 1:colcon.colcon_core.package_identification:_identify(venv/lib/python3.10/site-packages/numpy/distutils/mingw) by extension 'colcon_pkg'
[1.107s] Level 1:colcon.colcon_core.package_identification:_identify(venv/lib/python3.10/site-packages/numpy/distutils/mingw) by extensions ['colcon_meta']
[1.107s] Level 1:colcon.colcon_core.package_identification:_identify(venv/lib/python3.10/site-packages/numpy/distutils/mingw) by extension 'colcon_meta'
[1.107s] Level 1:colcon.colcon_core.package_identification:_identify(venv/lib/python3.10/site-packages/numpy/distutils/mingw) by extensions ['ros']
[1.107s] Level 1:colcon.colcon_core.package_identification:_identify(venv/lib/python3.10/site-packages/numpy/distutils/mingw) by extension 'ros'
[1.107s] Level 1:colcon.colcon_core.package_identification:_identify(venv/lib/python3.10/site-packages/numpy/distutils/mingw) by extensions ['cmake', 'python']
[1.107s] Level 1:colcon.colcon_core.package_identification:_identify(venv/lib/python3.10/site-packages/numpy/distutils/mingw) by extension 'cmake'
[1.107s] Level 1:colcon.colcon_core.package_identification:_identify(venv/lib/python3.10/site-packages/numpy/distutils/mingw) by extension 'python'
[1.107s] Level 1:colcon.colcon_core.package_identification:_identify(venv/lib/python3.10/site-packages/numpy/distutils/mingw) by extensions ['python_setup_py']
[1.107s] Level 1:colcon.colcon_core.package_identification:_identify(venv/lib/python3.10/site-packages/numpy/distutils/mingw) by extension 'python_setup_py'
[1.107s] Level 1:colcon.colcon_core.package_identification:_identify(venv/lib/python3.10/site-packages/numpy/distutils/tests) by extensions ['ignore', 'ignore_ament_install']
[1.107s] Level 1:colcon.colcon_core.package_identification:_identify(venv/lib/python3.10/site-packages/numpy/distutils/tests) by extension 'ignore'
[1.107s] Level 1:colcon.colcon_core.package_identification:_identify(venv/lib/python3.10/site-packages/numpy/distutils/tests) by extension 'ignore_ament_install'
[1.107s] Level 1:colcon.colcon_core.package_identification:_identify(venv/lib/python3.10/site-packages/numpy/distutils/tests) by extensions ['colcon_pkg']
[1.107s] Level 1:colcon.colcon_core.package_identification:_identify(venv/lib/python3.10/site-packages/numpy/distutils/tests) by extension 'colcon_pkg'
[1.107s] Level 1:colcon.colcon_core.package_identification:_identify(venv/lib/python3.10/site-packages/numpy/distutils/tests) by extensions ['colcon_meta']
[1.107s] Level 1:colcon.colcon_core.package_identification:_identify(venv/lib/python3.10/site-packages/numpy/distutils/tests) by extension 'colcon_meta'
[1.107s] Level 1:colcon.colcon_core.package_identification:_identify(venv/lib/python3.10/site-packages/numpy/distutils/tests) by extensions ['ros']
[1.107s] Level 1:colcon.colcon_core.package_identification:_identify(venv/lib/python3.10/site-packages/numpy/distutils/tests) by extension 'ros'
[1.107s] Level 1:colcon.colcon_core.package_identification:_identify(venv/lib/python3.10/site-packages/numpy/distutils/tests) by extensions ['cmake', 'python']
[1.108s] Level 1:colcon.colcon_core.package_identification:_identify(venv/lib/python3.10/site-packages/numpy/distutils/tests) by extension 'cmake'
[1.108s] Level 1:colcon.colcon_core.package_identification:_identify(venv/lib/python3.10/site-packages/numpy/distutils/tests) by extension 'python'
[1.108s] Level 1:colcon.colcon_core.package_identification:_identify(venv/lib/python3.10/site-packages/numpy/distutils/tests) by extensions ['python_setup_py']
[1.108s] Level 1:colcon.colcon_core.package_identification:_identify(venv/lib/python3.10/site-packages/numpy/distutils/tests) by extension 'python_setup_py'
[1.108s] Level 1:colcon.colcon_core.package_identification:_identify(venv/lib/python3.10/site-packages/numpy/distutils/tests/__pycache__) by extensions ['ignore', 'ignore_ament_install']
[1.108s] Level 1:colcon.colcon_core.package_identification:_identify(venv/lib/python3.10/site-packages/numpy/distutils/tests/__pycache__) by extension 'ignore'
[1.108s] Level 1:colcon.colcon_core.package_identification:_identify(venv/lib/python3.10/site-packages/numpy/distutils/tests/__pycache__) by extension 'ignore_ament_install'
[1.108s] Level 1:colcon.colcon_core.package_identification:_identify(venv/lib/python3.10/site-packages/numpy/distutils/tests/__pycache__) by extensions ['colcon_pkg']
[1.108s] Level 1:colcon.colcon_core.package_identification:_identify(venv/lib/python3.10/site-packages/numpy/distutils/tests/__pycache__) by extension 'colcon_pkg'
[1.108s] Level 1:colcon.colcon_core.package_identification:_identify(venv/lib/python3.10/site-packages/numpy/distutils/tests/__pycache__) by extensions ['colcon_meta']
[1.108s] Level 1:colcon.colcon_core.package_identification:_identify(venv/lib/python3.10/site-packages/numpy/distutils/tests/__pycache__) by extension 'colcon_meta'
[1.108s] Level 1:colcon.colcon_core.package_identification:_identify(venv/lib/python3.10/site-packages/numpy/distutils/tests/__pycache__) by extensions ['ros']
[1.108s] Level 1:colcon.colcon_core.package_identification:_identify(venv/lib/python3.10/site-packages/numpy/distutils/tests/__pycache__) by extension 'ros'
[1.108s] Level 1:colcon.colcon_core.package_identification:_identify(venv/lib/python3.10/site-packages/numpy/distutils/tests/__pycache__) by extensions ['cmake', 'python']
[1.108s] Level 1:colcon.colcon_core.package_identification:_identify(venv/lib/python3.10/site-packages/numpy/distutils/tests/__pycache__) by extension 'cmake'
[1.108s] Level 1:colcon.colcon_core.package_identification:_identify(venv/lib/python3.10/site-packages/numpy/distutils/tests/__pycache__) by extension 'python'
[1.108s] Level 1:colcon.colcon_core.package_identification:_identify(venv/lib/python3.10/site-packages/numpy/distutils/tests/__pycache__) by extensions ['python_setup_py']
[1.108s] Level 1:colcon.colcon_core.package_identification:_identify(venv/lib/python3.10/site-packages/numpy/distutils/tests/__pycache__) by extension 'python_setup_py'
[1.108s] Level 1:colcon.colcon_core.package_identification:_identify(venv/lib/python3.10/site-packages/numpy/doc) by extensions ['ignore', 'ignore_ament_install']
[1.108s] Level 1:colcon.colcon_core.package_identification:_identify(venv/lib/python3.10/site-packages/numpy/doc) by extension 'ignore'
[1.108s] Level 1:colcon.colcon_core.package_identification:_identify(venv/lib/python3.10/site-packages/numpy/doc) by extension 'ignore_ament_install'
[1.108s] Level 1:colcon.colcon_core.package_identification:_identify(venv/lib/python3.10/site-packages/numpy/doc) by extensions ['colcon_pkg']
[1.108s] Level 1:colcon.colcon_core.package_identification:_identify(venv/lib/python3.10/site-packages/numpy/doc) by extension 'colcon_pkg'
[1.108s] Level 1:colcon.colcon_core.package_identification:_identify(venv/lib/python3.10/site-packages/numpy/doc) by extensions ['colcon_meta']
[1.108s] Level 1:colcon.colcon_core.package_identification:_identify(venv/lib/python3.10/site-packages/numpy/doc) by extension 'colcon_meta'
[1.109s] Level 1:colcon.colcon_core.package_identification:_identify(venv/lib/python3.10/site-packages/numpy/doc) by extensions ['ros']
[1.109s] Level 1:colcon.colcon_core.package_identification:_identify(venv/lib/python3.10/site-packages/numpy/doc) by extension 'ros'
[1.109s] Level 1:colcon.colcon_core.package_identification:_identify(venv/lib/python3.10/site-packages/numpy/doc) by extensions ['cmake', 'python']
[1.109s] Level 1:colcon.colcon_core.package_identification:_identify(venv/lib/python3.10/site-packages/numpy/doc) by extension 'cmake'
[1.109s] Level 1:colcon.colcon_core.package_identification:_identify(venv/lib/python3.10/site-packages/numpy/doc) by extension 'python'
[1.109s] Level 1:colcon.colcon_core.package_identification:_identify(venv/lib/python3.10/site-packages/numpy/doc) by extensions ['python_setup_py']
[1.109s] Level 1:colcon.colcon_core.package_identification:_identify(venv/lib/python3.10/site-packages/numpy/doc) by extension 'python_setup_py'
[1.109s] Level 1:colcon.colcon_core.package_identification:_identify(venv/lib/python3.10/site-packages/numpy/doc/__pycache__) by extensions ['ignore', 'ignore_ament_install']
[1.109s] Level 1:colcon.colcon_core.package_identification:_identify(venv/lib/python3.10/site-packages/numpy/doc/__pycache__) by extension 'ignore'
[1.109s] Level 1:colcon.colcon_core.package_identification:_identify(venv/lib/python3.10/site-packages/numpy/doc/__pycache__) by extension 'ignore_ament_install'
[1.109s] Level 1:colcon.colcon_core.package_identification:_identify(venv/lib/python3.10/site-packages/numpy/doc/__pycache__) by extensions ['colcon_pkg']
[1.109s] Level 1:colcon.colcon_core.package_identification:_identify(venv/lib/python3.10/site-packages/numpy/doc/__pycache__) by extension 'colcon_pkg'
[1.109s] Level 1:colcon.colcon_core.package_identification:_identify(venv/lib/python3.10/site-packages/numpy/doc/__pycache__) by extensions ['colcon_meta']
[1.109s] Level 1:colcon.colcon_core.package_identification:_identify(venv/lib/python3.10/site-packages/numpy/doc/__pycache__) by extension 'colcon_meta'
[1.109s] Level 1:colcon.colcon_core.package_identification:_identify(venv/lib/python3.10/site-packages/numpy/doc/__pycache__) by extensions ['ros']
[1.109s] Level 1:colcon.colcon_core.package_identification:_identify(venv/lib/python3.10/site-packages/numpy/doc/__pycache__) by extension 'ros'
[1.109s] Level 1:colcon.colcon_core.package_identification:_identify(venv/lib/python3.10/site-packages/numpy/doc/__pycache__) by extensions ['cmake', 'python']
[1.109s] Level 1:colcon.colcon_core.package_identification:_identify(venv/lib/python3.10/site-packages/numpy/doc/__pycache__) by extension 'cmake'
[1.109s] Level 1:colcon.colcon_core.package_identification:_identify(venv/lib/python3.10/site-packages/numpy/doc/__pycache__) by extension 'python'
[1.109s] Level 1:colcon.colcon_core.package_identification:_identify(venv/lib/python3.10/site-packages/numpy/doc/__pycache__) by extensions ['python_setup_py']
[1.109s] Level 1:colcon.colcon_core.package_identification:_identify(venv/lib/python3.10/site-packages/numpy/doc/__pycache__) by extension 'python_setup_py'
[1.109s] Level 1:colcon.colcon_core.package_identification:_identify(venv/lib/python3.10/site-packages/numpy/f2py) by extensions ['ignore', 'ignore_ament_install']
[1.109s] Level 1:colcon.colcon_core.package_identification:_identify(venv/lib/python3.10/site-packages/numpy/f2py) by extension 'ignore'
[1.109s] Level 1:colcon.colcon_core.package_identification:_identify(venv/lib/python3.10/site-packages/numpy/f2py) by extension 'ignore_ament_install'
[1.109s] Level 1:colcon.colcon_core.package_identification:_identify(venv/lib/python3.10/site-packages/numpy/f2py) by extensions ['colcon_pkg']
[1.109s] Level 1:colcon.colcon_core.package_identification:_identify(venv/lib/python3.10/site-packages/numpy/f2py) by extension 'colcon_pkg'
[1.109s] Level 1:colcon.colcon_core.package_identification:_identify(venv/lib/python3.10/site-packages/numpy/f2py) by extensions ['colcon_meta']
[1.109s] Level 1:colcon.colcon_core.package_identification:_identify(venv/lib/python3.10/site-packages/numpy/f2py) by extension 'colcon_meta'
[1.109s] Level 1:colcon.colcon_core.package_identification:_identify(venv/lib/python3.10/site-packages/numpy/f2py) by extensions ['ros']
[1.109s] Level 1:colcon.colcon_core.package_identification:_identify(venv/lib/python3.10/site-packages/numpy/f2py) by extension 'ros'
[1.110s] Level 1:colcon.colcon_core.package_identification:_identify(venv/lib/python3.10/site-packages/numpy/f2py) by extensions ['cmake', 'python']
[1.110s] Level 1:colcon.colcon_core.package_identification:_identify(venv/lib/python3.10/site-packages/numpy/f2py) by extension 'cmake'
[1.110s] Level 1:colcon.colcon_core.package_identification:_identify(venv/lib/python3.10/site-packages/numpy/f2py) by extension 'python'
[1.110s] Level 1:colcon.colcon_core.package_identification:_identify(venv/lib/python3.10/site-packages/numpy/f2py) by extensions ['python_setup_py']
[1.110s] Level 1:colcon.colcon_core.package_identification:_identify(venv/lib/python3.10/site-packages/numpy/f2py) by extension 'python_setup_py'
[1.110s] Level 1:colcon.colcon_core.package_identification:_identify(venv/lib/python3.10/site-packages/numpy/f2py/__pycache__) by extensions ['ignore', 'ignore_ament_install']
[1.110s] Level 1:colcon.colcon_core.package_identification:_identify(venv/lib/python3.10/site-packages/numpy/f2py/__pycache__) by extension 'ignore'
[1.110s] Level 1:colcon.colcon_core.package_identification:_identify(venv/lib/python3.10/site-packages/numpy/f2py/__pycache__) by extension 'ignore_ament_install'
[1.110s] Level 1:colcon.colcon_core.package_identification:_identify(venv/lib/python3.10/site-packages/numpy/f2py/__pycache__) by extensions ['colcon_pkg']
[1.110s] Level 1:colcon.colcon_core.package_identification:_identify(venv/lib/python3.10/site-packages/numpy/f2py/__pycache__) by extension 'colcon_pkg'
[1.110s] Level 1:colcon.colcon_core.package_identification:_identify(venv/lib/python3.10/site-packages/numpy/f2py/__pycache__) by extensions ['colcon_meta']
[1.110s] Level 1:colcon.colcon_core.package_identification:_identify(venv/lib/python3.10/site-packages/numpy/f2py/__pycache__) by extension 'colcon_meta'
[1.110s] Level 1:colcon.colcon_core.package_identification:_identify(venv/lib/python3.10/site-packages/numpy/f2py/__pycache__) by extensions ['ros']
[1.110s] Level 1:colcon.colcon_core.package_identification:_identify(venv/lib/python3.10/site-packages/numpy/f2py/__pycache__) by extension 'ros'
[1.110s] Level 1:colcon.colcon_core.package_identification:_identify(venv/lib/python3.10/site-packages/numpy/f2py/__pycache__) by extensions ['cmake', 'python']
[1.110s] Level 1:colcon.colcon_core.package_identification:_identify(venv/lib/python3.10/site-packages/numpy/f2py/__pycache__) by extension 'cmake'
[1.110s] Level 1:colcon.colcon_core.package_identification:_identify(venv/lib/python3.10/site-packages/numpy/f2py/__pycache__) by extension 'python'
[1.110s] Level 1:colcon.colcon_core.package_identification:_identify(venv/lib/python3.10/site-packages/numpy/f2py/__pycache__) by extensions ['python_setup_py']
[1.110s] Level 1:colcon.colcon_core.package_identification:_identify(venv/lib/python3.10/site-packages/numpy/f2py/__pycache__) by extension 'python_setup_py'
[1.110s] Level 1:colcon.colcon_core.package_identification:_identify(venv/lib/python3.10/site-packages/numpy/f2py/_backends) by extensions ['ignore', 'ignore_ament_install']
[1.110s] Level 1:colcon.colcon_core.package_identification:_identify(venv/lib/python3.10/site-packages/numpy/f2py/_backends) by extension 'ignore'
[1.110s] Level 1:colcon.colcon_core.package_identification:_identify(venv/lib/python3.10/site-packages/numpy/f2py/_backends) by extension 'ignore_ament_install'
[1.110s] Level 1:colcon.colcon_core.package_identification:_identify(venv/lib/python3.10/site-packages/numpy/f2py/_backends) by extensions ['colcon_pkg']
[1.110s] Level 1:colcon.colcon_core.package_identification:_identify(venv/lib/python3.10/site-packages/numpy/f2py/_backends) by extension 'colcon_pkg'
[1.110s] Level 1:colcon.colcon_core.package_identification:_identify(venv/lib/python3.10/site-packages/numpy/f2py/_backends) by extensions ['colcon_meta']
[1.110s] Level 1:colcon.colcon_core.package_identification:_identify(venv/lib/python3.10/site-packages/numpy/f2py/_backends) by extension 'colcon_meta'
[1.110s] Level 1:colcon.colcon_core.package_identification:_identify(venv/lib/python3.10/site-packages/numpy/f2py/_backends) by extensions ['ros']
[1.110s] Level 1:colcon.colcon_core.package_identification:_identify(venv/lib/python3.10/site-packages/numpy/f2py/_backends) by extension 'ros'
[1.110s] Level 1:colcon.colcon_core.package_identification:_identify(venv/lib/python3.10/site-packages/numpy/f2py/_backends) by extensions ['cmake', 'python']
[1.110s] Level 1:colcon.colcon_core.package_identification:_identify(venv/lib/python3.10/site-packages/numpy/f2py/_backends) by extension 'cmake'
[1.110s] Level 1:colcon.colcon_core.package_identification:_identify(venv/lib/python3.10/site-packages/numpy/f2py/_backends) by extension 'python'
[1.110s] Level 1:colcon.colcon_core.package_identification:_identify(venv/lib/python3.10/site-packages/numpy/f2py/_backends) by extensions ['python_setup_py']
[1.111s] Level 1:colcon.colcon_core.package_identification:_identify(venv/lib/python3.10/site-packages/numpy/f2py/_backends) by extension 'python_setup_py'
[1.111s] Level 1:colcon.colcon_core.package_identification:_identify(venv/lib/python3.10/site-packages/numpy/f2py/_backends/__pycache__) by extensions ['ignore', 'ignore_ament_install']
[1.111s] Level 1:colcon.colcon_core.package_identification:_identify(venv/lib/python3.10/site-packages/numpy/f2py/_backends/__pycache__) by extension 'ignore'
[1.111s] Level 1:colcon.colcon_core.package_identification:_identify(venv/lib/python3.10/site-packages/numpy/f2py/_backends/__pycache__) by extension 'ignore_ament_install'
[1.111s] Level 1:colcon.colcon_core.package_identification:_identify(venv/lib/python3.10/site-packages/numpy/f2py/_backends/__pycache__) by extensions ['colcon_pkg']
[1.111s] Level 1:colcon.colcon_core.package_identification:_identify(venv/lib/python3.10/site-packages/numpy/f2py/_backends/__pycache__) by extension 'colcon_pkg'
[1.111s] Level 1:colcon.colcon_core.package_identification:_identify(venv/lib/python3.10/site-packages/numpy/f2py/_backends/__pycache__) by extensions ['colcon_meta']
[1.111s] Level 1:colcon.colcon_core.package_identification:_identify(venv/lib/python3.10/site-packages/numpy/f2py/_backends/__pycache__) by extension 'colcon_meta'
[1.111s] Level 1:colcon.colcon_core.package_identification:_identify(venv/lib/python3.10/site-packages/numpy/f2py/_backends/__pycache__) by extensions ['ros']
[1.111s] Level 1:colcon.colcon_core.package_identification:_identify(venv/lib/python3.10/site-packages/numpy/f2py/_backends/__pycache__) by extension 'ros'
[1.111s] Level 1:colcon.colcon_core.package_identification:_identify(venv/lib/python3.10/site-packages/numpy/f2py/_backends/__pycache__) by extensions ['cmake', 'python']
[1.111s] Level 1:colcon.colcon_core.package_identification:_identify(venv/lib/python3.10/site-packages/numpy/f2py/_backends/__pycache__) by extension 'cmake'
[1.111s] Level 1:colcon.colcon_core.package_identification:_identify(venv/lib/python3.10/site-packages/numpy/f2py/_backends/__pycache__) by extension 'python'
[1.111s] Level 1:colcon.colcon_core.package_identification:_identify(venv/lib/python3.10/site-packages/numpy/f2py/_backends/__pycache__) by extensions ['python_setup_py']
[1.111s] Level 1:colcon.colcon_core.package_identification:_identify(venv/lib/python3.10/site-packages/numpy/f2py/_backends/__pycache__) by extension 'python_setup_py'
[1.111s] Level 1:colcon.colcon_core.package_identification:_identify(venv/lib/python3.10/site-packages/numpy/f2py/src) by extensions ['ignore', 'ignore_ament_install']
[1.111s] Level 1:colcon.colcon_core.package_identification:_identify(venv/lib/python3.10/site-packages/numpy/f2py/src) by extension 'ignore'
[1.111s] Level 1:colcon.colcon_core.package_identification:_identify(venv/lib/python3.10/site-packages/numpy/f2py/src) by extension 'ignore_ament_install'
[1.111s] Level 1:colcon.colcon_core.package_identification:_identify(venv/lib/python3.10/site-packages/numpy/f2py/src) by extensions ['colcon_pkg']
[1.111s] Level 1:colcon.colcon_core.package_identification:_identify(venv/lib/python3.10/site-packages/numpy/f2py/src) by extension 'colcon_pkg'
[1.111s] Level 1:colcon.colcon_core.package_identification:_identify(venv/lib/python3.10/site-packages/numpy/f2py/src) by extensions ['colcon_meta']
[1.111s] Level 1:colcon.colcon_core.package_identification:_identify(venv/lib/python3.10/site-packages/numpy/f2py/src) by extension 'colcon_meta'
[1.111s] Level 1:colcon.colcon_core.package_identification:_identify(venv/lib/python3.10/site-packages/numpy/f2py/src) by extensions ['ros']
[1.111s] Level 1:colcon.colcon_core.package_identification:_identify(venv/lib/python3.10/site-packages/numpy/f2py/src) by extension 'ros'
[1.111s] Level 1:colcon.colcon_core.package_identification:_identify(venv/lib/python3.10/site-packages/numpy/f2py/src) by extensions ['cmake', 'python']
[1.111s] Level 1:colcon.colcon_core.package_identification:_identify(venv/lib/python3.10/site-packages/numpy/f2py/src) by extension 'cmake'
[1.111s] Level 1:colcon.colcon_core.package_identification:_identify(venv/lib/python3.10/site-packages/numpy/f2py/src) by extension 'python'
[1.111s] Level 1:colcon.colcon_core.package_identification:_identify(venv/lib/python3.10/site-packages/numpy/f2py/src) by extensions ['python_setup_py']
[1.112s] Level 1:colcon.colcon_core.package_identification:_identify(venv/lib/python3.10/site-packages/numpy/f2py/src) by extension 'python_setup_py'
[1.112s] Level 1:colcon.colcon_core.package_identification:_identify(venv/lib/python3.10/site-packages/numpy/f2py/tests) by extensions ['ignore', 'ignore_ament_install']
[1.112s] Level 1:colcon.colcon_core.package_identification:_identify(venv/lib/python3.10/site-packages/numpy/f2py/tests) by extension 'ignore'
[1.112s] Level 1:colcon.colcon_core.package_identification:_identify(venv/lib/python3.10/site-packages/numpy/f2py/tests) by extension 'ignore_ament_install'
[1.112s] Level 1:colcon.colcon_core.package_identification:_identify(venv/lib/python3.10/site-packages/numpy/f2py/tests) by extensions ['colcon_pkg']
[1.112s] Level 1:colcon.colcon_core.package_identification:_identify(venv/lib/python3.10/site-packages/numpy/f2py/tests) by extension 'colcon_pkg'
[1.112s] Level 1:colcon.colcon_core.package_identification:_identify(venv/lib/python3.10/site-packages/numpy/f2py/tests) by extensions ['colcon_meta']
[1.112s] Level 1:colcon.colcon_core.package_identification:_identify(venv/lib/python3.10/site-packages/numpy/f2py/tests) by extension 'colcon_meta'
[1.112s] Level 1:colcon.colcon_core.package_identification:_identify(venv/lib/python3.10/site-packages/numpy/f2py/tests) by extensions ['ros']
[1.112s] Level 1:colcon.colcon_core.package_identification:_identify(venv/lib/python3.10/site-packages/numpy/f2py/tests) by extension 'ros'
[1.112s] Level 1:colcon.colcon_core.package_identification:_identify(venv/lib/python3.10/site-packages/numpy/f2py/tests) by extensions ['cmake', 'python']
[1.112s] Level 1:colcon.colcon_core.package_identification:_identify(venv/lib/python3.10/site-packages/numpy/f2py/tests) by extension 'cmake'
[1.112s] Level 1:colcon.colcon_core.package_identification:_identify(venv/lib/python3.10/site-packages/numpy/f2py/tests) by extension 'python'
[1.112s] Level 1:colcon.colcon_core.package_identification:_identify(venv/lib/python3.10/site-packages/numpy/f2py/tests) by extensions ['python_setup_py']
[1.112s] Level 1:colcon.colcon_core.package_identification:_identify(venv/lib/python3.10/site-packages/numpy/f2py/tests) by extension 'python_setup_py'
[1.112s] Level 1:colcon.colcon_core.package_identification:_identify(venv/lib/python3.10/site-packages/numpy/f2py/tests/__pycache__) by extensions ['ignore', 'ignore_ament_install']
[1.112s] Level 1:colcon.colcon_core.package_identification:_identify(venv/lib/python3.10/site-packages/numpy/f2py/tests/__pycache__) by extension 'ignore'
[1.112s] Level 1:colcon.colcon_core.package_identification:_identify(venv/lib/python3.10/site-packages/numpy/f2py/tests/__pycache__) by extension 'ignore_ament_install'
[1.112s] Level 1:colcon.colcon_core.package_identification:_identify(venv/lib/python3.10/site-packages/numpy/f2py/tests/__pycache__) by extensions ['colcon_pkg']
[1.112s] Level 1:colcon.colcon_core.package_identification:_identify(venv/lib/python3.10/site-packages/numpy/f2py/tests/__pycache__) by extension 'colcon_pkg'
[1.112s] Level 1:colcon.colcon_core.package_identification:_identify(venv/lib/python3.10/site-packages/numpy/f2py/tests/__pycache__) by extensions ['colcon_meta']
[1.112s] Level 1:colcon.colcon_core.package_identification:_identify(venv/lib/python3.10/site-packages/numpy/f2py/tests/__pycache__) by extension 'colcon_meta'
[1.112s] Level 1:colcon.colcon_core.package_identification:_identify(venv/lib/python3.10/site-packages/numpy/f2py/tests/__pycache__) by extensions ['ros']
[1.112s] Level 1:colcon.colcon_core.package_identification:_identify(venv/lib/python3.10/site-packages/numpy/f2py/tests/__pycache__) by extension 'ros'
[1.112s] Level 1:colcon.colcon_core.package_identification:_identify(venv/lib/python3.10/site-packages/numpy/f2py/tests/__pycache__) by extensions ['cmake', 'python']
[1.112s] Level 1:colcon.colcon_core.package_identification:_identify(venv/lib/python3.10/site-packages/numpy/f2py/tests/__pycache__) by extension 'cmake'
[1.112s] Level 1:colcon.colcon_core.package_identification:_identify(venv/lib/python3.10/site-packages/numpy/f2py/tests/__pycache__) by extension 'python'
[1.112s] Level 1:colcon.colcon_core.package_identification:_identify(venv/lib/python3.10/site-packages/numpy/f2py/tests/__pycache__) by extensions ['python_setup_py']
[1.112s] Level 1:colcon.colcon_core.package_identification:_identify(venv/lib/python3.10/site-packages/numpy/f2py/tests/__pycache__) by extension 'python_setup_py'
[1.112s] Level 1:colcon.colcon_core.package_identification:_identify(venv/lib/python3.10/site-packages/numpy/f2py/tests/src) by extensions ['ignore', 'ignore_ament_install']
[1.113s] Level 1:colcon.colcon_core.package_identification:_identify(venv/lib/python3.10/site-packages/numpy/f2py/tests/src) by extension 'ignore'
[1.113s] Level 1:colcon.colcon_core.package_identification:_identify(venv/lib/python3.10/site-packages/numpy/f2py/tests/src) by extension 'ignore_ament_install'
[1.113s] Level 1:colcon.colcon_core.package_identification:_identify(venv/lib/python3.10/site-packages/numpy/f2py/tests/src) by extensions ['colcon_pkg']
[1.113s] Level 1:colcon.colcon_core.package_identification:_identify(venv/lib/python3.10/site-packages/numpy/f2py/tests/src) by extension 'colcon_pkg'
[1.113s] Level 1:colcon.colcon_core.package_identification:_identify(venv/lib/python3.10/site-packages/numpy/f2py/tests/src) by extensions ['colcon_meta']
[1.113s] Level 1:colcon.colcon_core.package_identification:_identify(venv/lib/python3.10/site-packages/numpy/f2py/tests/src) by extension 'colcon_meta'
[1.113s] Level 1:colcon.colcon_core.package_identification:_identify(venv/lib/python3.10/site-packages/numpy/f2py/tests/src) by extensions ['ros']
[1.113s] Level 1:colcon.colcon_core.package_identification:_identify(venv/lib/python3.10/site-packages/numpy/f2py/tests/src) by extension 'ros'
[1.113s] Level 1:colcon.colcon_core.package_identification:_identify(venv/lib/python3.10/site-packages/numpy/f2py/tests/src) by extensions ['cmake', 'python']
[1.113s] Level 1:colcon.colcon_core.package_identification:_identify(venv/lib/python3.10/site-packages/numpy/f2py/tests/src) by extension 'cmake'
[1.113s] Level 1:colcon.colcon_core.package_identification:_identify(venv/lib/python3.10/site-packages/numpy/f2py/tests/src) by extension 'python'
[1.113s] Level 1:colcon.colcon_core.package_identification:_identify(venv/lib/python3.10/site-packages/numpy/f2py/tests/src) by extensions ['python_setup_py']
[1.113s] Level 1:colcon.colcon_core.package_identification:_identify(venv/lib/python3.10/site-packages/numpy/f2py/tests/src) by extension 'python_setup_py'
[1.113s] Level 1:colcon.colcon_core.package_identification:_identify(venv/lib/python3.10/site-packages/numpy/f2py/tests/src/abstract_interface) by extensions ['ignore', 'ignore_ament_install']
[1.113s] Level 1:colcon.colcon_core.package_identification:_identify(venv/lib/python3.10/site-packages/numpy/f2py/tests/src/abstract_interface) by extension 'ignore'
[1.113s] Level 1:colcon.colcon_core.package_identification:_identify(venv/lib/python3.10/site-packages/numpy/f2py/tests/src/abstract_interface) by extension 'ignore_ament_install'
[1.113s] Level 1:colcon.colcon_core.package_identification:_identify(venv/lib/python3.10/site-packages/numpy/f2py/tests/src/abstract_interface) by extensions ['colcon_pkg']
[1.113s] Level 1:colcon.colcon_core.package_identification:_identify(venv/lib/python3.10/site-packages/numpy/f2py/tests/src/abstract_interface) by extension 'colcon_pkg'
[1.113s] Level 1:colcon.colcon_core.package_identification:_identify(venv/lib/python3.10/site-packages/numpy/f2py/tests/src/abstract_interface) by extensions ['colcon_meta']
[1.113s] Level 1:colcon.colcon_core.package_identification:_identify(venv/lib/python3.10/site-packages/numpy/f2py/tests/src/abstract_interface) by extension 'colcon_meta'
[1.113s] Level 1:colcon.colcon_core.package_identification:_identify(venv/lib/python3.10/site-packages/numpy/f2py/tests/src/abstract_interface) by extensions ['ros']
[1.113s] Level 1:colcon.colcon_core.package_identification:_identify(venv/lib/python3.10/site-packages/numpy/f2py/tests/src/abstract_interface) by extension 'ros'
[1.113s] Level 1:colcon.colcon_core.package_identification:_identify(venv/lib/python3.10/site-packages/numpy/f2py/tests/src/abstract_interface) by extensions ['cmake', 'python']
[1.113s] Level 1:colcon.colcon_core.package_identification:_identify(venv/lib/python3.10/site-packages/numpy/f2py/tests/src/abstract_interface) by extension 'cmake'
[1.113s] Level 1:colcon.colcon_core.package_identification:_identify(venv/lib/python3.10/site-packages/numpy/f2py/tests/src/abstract_interface) by extension 'python'
[1.113s] Level 1:colcon.colcon_core.package_identification:_identify(venv/lib/python3.10/site-packages/numpy/f2py/tests/src/abstract_interface) by extensions ['python_setup_py']
[1.113s] Level 1:colcon.colcon_core.package_identification:_identify(venv/lib/python3.10/site-packages/numpy/f2py/tests/src/abstract_interface) by extension 'python_setup_py'
[1.113s] Level 1:colcon.colcon_core.package_identification:_identify(venv/lib/python3.10/site-packages/numpy/f2py/tests/src/array_from_pyobj) by extensions ['ignore', 'ignore_ament_install']
[1.113s] Level 1:colcon.colcon_core.package_identification:_identify(venv/lib/python3.10/site-packages/numpy/f2py/tests/src/array_from_pyobj) by extension 'ignore'
[1.113s] Level 1:colcon.colcon_core.package_identification:_identify(venv/lib/python3.10/site-packages/numpy/f2py/tests/src/array_from_pyobj) by extension 'ignore_ament_install'
[1.114s] Level 1:colcon.colcon_core.package_identification:_identify(venv/lib/python3.10/site-packages/numpy/f2py/tests/src/array_from_pyobj) by extensions ['colcon_pkg']
[1.114s] Level 1:colcon.colcon_core.package_identification:_identify(venv/lib/python3.10/site-packages/numpy/f2py/tests/src/array_from_pyobj) by extension 'colcon_pkg'
[1.114s] Level 1:colcon.colcon_core.package_identification:_identify(venv/lib/python3.10/site-packages/numpy/f2py/tests/src/array_from_pyobj) by extensions ['colcon_meta']
[1.114s] Level 1:colcon.colcon_core.package_identification:_identify(venv/lib/python3.10/site-packages/numpy/f2py/tests/src/array_from_pyobj) by extension 'colcon_meta'
[1.114s] Level 1:colcon.colcon_core.package_identification:_identify(venv/lib/python3.10/site-packages/numpy/f2py/tests/src/array_from_pyobj) by extensions ['ros']
[1.114s] Level 1:colcon.colcon_core.package_identification:_identify(venv/lib/python3.10/site-packages/numpy/f2py/tests/src/array_from_pyobj) by extension 'ros'
[1.114s] Level 1:colcon.colcon_core.package_identification:_identify(venv/lib/python3.10/site-packages/numpy/f2py/tests/src/array_from_pyobj) by extensions ['cmake', 'python']
[1.114s] Level 1:colcon.colcon_core.package_identification:_identify(venv/lib/python3.10/site-packages/numpy/f2py/tests/src/array_from_pyobj) by extension 'cmake'
[1.114s] Level 1:colcon.colcon_core.package_identification:_identify(venv/lib/python3.10/site-packages/numpy/f2py/tests/src/array_from_pyobj) by extension 'python'
[1.114s] Level 1:colcon.colcon_core.package_identification:_identify(venv/lib/python3.10/site-packages/numpy/f2py/tests/src/array_from_pyobj) by extensions ['python_setup_py']
[1.114s] Level 1:colcon.colcon_core.package_identification:_identify(venv/lib/python3.10/site-packages/numpy/f2py/tests/src/array_from_pyobj) by extension 'python_setup_py'
[1.114s] Level 1:colcon.colcon_core.package_identification:_identify(venv/lib/python3.10/site-packages/numpy/f2py/tests/src/assumed_shape) by extensions ['ignore', 'ignore_ament_install']
[1.114s] Level 1:colcon.colcon_core.package_identification:_identify(venv/lib/python3.10/site-packages/numpy/f2py/tests/src/assumed_shape) by extension 'ignore'
[1.114s] Level 1:colcon.colcon_core.package_identification:_identify(venv/lib/python3.10/site-packages/numpy/f2py/tests/src/assumed_shape) by extension 'ignore_ament_install'
[1.114s] Level 1:colcon.colcon_core.package_identification:_identify(venv/lib/python3.10/site-packages/numpy/f2py/tests/src/assumed_shape) by extensions ['colcon_pkg']
[1.114s] Level 1:colcon.colcon_core.package_identification:_identify(venv/lib/python3.10/site-packages/numpy/f2py/tests/src/assumed_shape) by extension 'colcon_pkg'
[1.114s] Level 1:colcon.colcon_core.package_identification:_identify(venv/lib/python3.10/site-packages/numpy/f2py/tests/src/assumed_shape) by extensions ['colcon_meta']
[1.114s] Level 1:colcon.colcon_core.package_identification:_identify(venv/lib/python3.10/site-packages/numpy/f2py/tests/src/assumed_shape) by extension 'colcon_meta'
[1.114s] Level 1:colcon.colcon_core.package_identification:_identify(venv/lib/python3.10/site-packages/numpy/f2py/tests/src/assumed_shape) by extensions ['ros']
[1.114s] Level 1:colcon.colcon_core.package_identification:_identify(venv/lib/python3.10/site-packages/numpy/f2py/tests/src/assumed_shape) by extension 'ros'
[1.114s] Level 1:colcon.colcon_core.package_identification:_identify(venv/lib/python3.10/site-packages/numpy/f2py/tests/src/assumed_shape) by extensions ['cmake', 'python']
[1.114s] Level 1:colcon.colcon_core.package_identification:_identify(venv/lib/python3.10/site-packages/numpy/f2py/tests/src/assumed_shape) by extension 'cmake'
[1.114s] Level 1:colcon.colcon_core.package_identification:_identify(venv/lib/python3.10/site-packages/numpy/f2py/tests/src/assumed_shape) by extension 'python'
[1.114s] Level 1:colcon.colcon_core.package_identification:_identify(venv/lib/python3.10/site-packages/numpy/f2py/tests/src/assumed_shape) by extensions ['python_setup_py']
[1.114s] Level 1:colcon.colcon_core.package_identification:_identify(venv/lib/python3.10/site-packages/numpy/f2py/tests/src/assumed_shape) by extension 'python_setup_py'
[1.114s] Level 1:colcon.colcon_core.package_identification:_identify(venv/lib/python3.10/site-packages/numpy/f2py/tests/src/block_docstring) by extensions ['ignore', 'ignore_ament_install']
[1.114s] Level 1:colcon.colcon_core.package_identification:_identify(venv/lib/python3.10/site-packages/numpy/f2py/tests/src/block_docstring) by extension 'ignore'
[1.114s] Level 1:colcon.colcon_core.package_identification:_identify(venv/lib/python3.10/site-packages/numpy/f2py/tests/src/block_docstring) by extension 'ignore_ament_install'
[1.114s] Level 1:colcon.colcon_core.package_identification:_identify(venv/lib/python3.10/site-packages/numpy/f2py/tests/src/block_docstring) by extensions ['colcon_pkg']
[1.114s] Level 1:colcon.colcon_core.package_identification:_identify(venv/lib/python3.10/site-packages/numpy/f2py/tests/src/block_docstring) by extension 'colcon_pkg'
[1.114s] Level 1:colcon.colcon_core.package_identification:_identify(venv/lib/python3.10/site-packages/numpy/f2py/tests/src/block_docstring) by extensions ['colcon_meta']
[1.114s] Level 1:colcon.colcon_core.package_identification:_identify(venv/lib/python3.10/site-packages/numpy/f2py/tests/src/block_docstring) by extension 'colcon_meta'
[1.114s] Level 1:colcon.colcon_core.package_identification:_identify(venv/lib/python3.10/site-packages/numpy/f2py/tests/src/block_docstring) by extensions ['ros']
[1.114s] Level 1:colcon.colcon_core.package_identification:_identify(venv/lib/python3.10/site-packages/numpy/f2py/tests/src/block_docstring) by extension 'ros'
[1.115s] Level 1:colcon.colcon_core.package_identification:_identify(venv/lib/python3.10/site-packages/numpy/f2py/tests/src/block_docstring) by extensions ['cmake', 'python']
[1.115s] Level 1:colcon.colcon_core.package_identification:_identify(venv/lib/python3.10/site-packages/numpy/f2py/tests/src/block_docstring) by extension 'cmake'
[1.115s] Level 1:colcon.colcon_core.package_identification:_identify(venv/lib/python3.10/site-packages/numpy/f2py/tests/src/block_docstring) by extension 'python'
[1.115s] Level 1:colcon.colcon_core.package_identification:_identify(venv/lib/python3.10/site-packages/numpy/f2py/tests/src/block_docstring) by extensions ['python_setup_py']
[1.115s] Level 1:colcon.colcon_core.package_identification:_identify(venv/lib/python3.10/site-packages/numpy/f2py/tests/src/block_docstring) by extension 'python_setup_py'
[1.115s] Level 1:colcon.colcon_core.package_identification:_identify(venv/lib/python3.10/site-packages/numpy/f2py/tests/src/callback) by extensions ['ignore', 'ignore_ament_install']
[1.115s] Level 1:colcon.colcon_core.package_identification:_identify(venv/lib/python3.10/site-packages/numpy/f2py/tests/src/callback) by extension 'ignore'
[1.115s] Level 1:colcon.colcon_core.package_identification:_identify(venv/lib/python3.10/site-packages/numpy/f2py/tests/src/callback) by extension 'ignore_ament_install'
[1.115s] Level 1:colcon.colcon_core.package_identification:_identify(venv/lib/python3.10/site-packages/numpy/f2py/tests/src/callback) by extensions ['colcon_pkg']
[1.115s] Level 1:colcon.colcon_core.package_identification:_identify(venv/lib/python3.10/site-packages/numpy/f2py/tests/src/callback) by extension 'colcon_pkg'
[1.115s] Level 1:colcon.colcon_core.package_identification:_identify(venv/lib/python3.10/site-packages/numpy/f2py/tests/src/callback) by extensions ['colcon_meta']
[1.115s] Level 1:colcon.colcon_core.package_identification:_identify(venv/lib/python3.10/site-packages/numpy/f2py/tests/src/callback) by extension 'colcon_meta'
[1.115s] Level 1:colcon.colcon_core.package_identification:_identify(venv/lib/python3.10/site-packages/numpy/f2py/tests/src/callback) by extensions ['ros']
[1.115s] Level 1:colcon.colcon_core.package_identification:_identify(venv/lib/python3.10/site-packages/numpy/f2py/tests/src/callback) by extension 'ros'
[1.115s] Level 1:colcon.colcon_core.package_identification:_identify(venv/lib/python3.10/site-packages/numpy/f2py/tests/src/callback) by extensions ['cmake', 'python']
[1.115s] Level 1:colcon.colcon_core.package_identification:_identify(venv/lib/python3.10/site-packages/numpy/f2py/tests/src/callback) by extension 'cmake'
[1.115s] Level 1:colcon.colcon_core.package_identification:_identify(venv/lib/python3.10/site-packages/numpy/f2py/tests/src/callback) by extension 'python'
[1.115s] Level 1:colcon.colcon_core.package_identification:_identify(venv/lib/python3.10/site-packages/numpy/f2py/tests/src/callback) by extensions ['python_setup_py']
[1.115s] Level 1:colcon.colcon_core.package_identification:_identify(venv/lib/python3.10/site-packages/numpy/f2py/tests/src/callback) by extension 'python_setup_py'
[1.115s] Level 1:colcon.colcon_core.package_identification:_identify(venv/lib/python3.10/site-packages/numpy/f2py/tests/src/cli) by extensions ['ignore', 'ignore_ament_install']
[1.115s] Level 1:colcon.colcon_core.package_identification:_identify(venv/lib/python3.10/site-packages/numpy/f2py/tests/src/cli) by extension 'ignore'
[1.115s] Level 1:colcon.colcon_core.package_identification:_identify(venv/lib/python3.10/site-packages/numpy/f2py/tests/src/cli) by extension 'ignore_ament_install'
[1.115s] Level 1:colcon.colcon_core.package_identification:_identify(venv/lib/python3.10/site-packages/numpy/f2py/tests/src/cli) by extensions ['colcon_pkg']
[1.115s] Level 1:colcon.colcon_core.package_identification:_identify(venv/lib/python3.10/site-packages/numpy/f2py/tests/src/cli) by extension 'colcon_pkg'
[1.115s] Level 1:colcon.colcon_core.package_identification:_identify(venv/lib/python3.10/site-packages/numpy/f2py/tests/src/cli) by extensions ['colcon_meta']
[1.115s] Level 1:colcon.colcon_core.package_identification:_identify(venv/lib/python3.10/site-packages/numpy/f2py/tests/src/cli) by extension 'colcon_meta'
[1.115s] Level 1:colcon.colcon_core.package_identification:_identify(venv/lib/python3.10/site-packages/numpy/f2py/tests/src/cli) by extensions ['ros']
[1.115s] Level 1:colcon.colcon_core.package_identification:_identify(venv/lib/python3.10/site-packages/numpy/f2py/tests/src/cli) by extension 'ros'
[1.115s] Level 1:colcon.colcon_core.package_identification:_identify(venv/lib/python3.10/site-packages/numpy/f2py/tests/src/cli) by extensions ['cmake', 'python']
[1.115s] Level 1:colcon.colcon_core.package_identification:_identify(venv/lib/python3.10/site-packages/numpy/f2py/tests/src/cli) by extension 'cmake'
[1.115s] Level 1:colcon.colcon_core.package_identification:_identify(venv/lib/python3.10/site-packages/numpy/f2py/tests/src/cli) by extension 'python'
[1.115s] Level 1:colcon.colcon_core.package_identification:_identify(venv/lib/python3.10/site-packages/numpy/f2py/tests/src/cli) by extensions ['python_setup_py']
[1.115s] Level 1:colcon.colcon_core.package_identification:_identify(venv/lib/python3.10/site-packages/numpy/f2py/tests/src/cli) by extension 'python_setup_py'
[1.115s] Level 1:colcon.colcon_core.package_identification:_identify(venv/lib/python3.10/site-packages/numpy/f2py/tests/src/common) by extensions ['ignore', 'ignore_ament_install']
[1.116s] Level 1:colcon.colcon_core.package_identification:_identify(venv/lib/python3.10/site-packages/numpy/f2py/tests/src/common) by extension 'ignore'
[1.116s] Level 1:colcon.colcon_core.package_identification:_identify(venv/lib/python3.10/site-packages/numpy/f2py/tests/src/common) by extension 'ignore_ament_install'
[1.116s] Level 1:colcon.colcon_core.package_identification:_identify(venv/lib/python3.10/site-packages/numpy/f2py/tests/src/common) by extensions ['colcon_pkg']
[1.116s] Level 1:colcon.colcon_core.package_identification:_identify(venv/lib/python3.10/site-packages/numpy/f2py/tests/src/common) by extension 'colcon_pkg'
[1.116s] Level 1:colcon.colcon_core.package_identification:_identify(venv/lib/python3.10/site-packages/numpy/f2py/tests/src/common) by extensions ['colcon_meta']
[1.116s] Level 1:colcon.colcon_core.package_identification:_identify(venv/lib/python3.10/site-packages/numpy/f2py/tests/src/common) by extension 'colcon_meta'
[1.116s] Level 1:colcon.colcon_core.package_identification:_identify(venv/lib/python3.10/site-packages/numpy/f2py/tests/src/common) by extensions ['ros']
[1.116s] Level 1:colcon.colcon_core.package_identification:_identify(venv/lib/python3.10/site-packages/numpy/f2py/tests/src/common) by extension 'ros'
[1.116s] Level 1:colcon.colcon_core.package_identification:_identify(venv/lib/python3.10/site-packages/numpy/f2py/tests/src/common) by extensions ['cmake', 'python']
[1.116s] Level 1:colcon.colcon_core.package_identification:_identify(venv/lib/python3.10/site-packages/numpy/f2py/tests/src/common) by extension 'cmake'
[1.116s] Level 1:colcon.colcon_core.package_identification:_identify(venv/lib/python3.10/site-packages/numpy/f2py/tests/src/common) by extension 'python'
[1.116s] Level 1:colcon.colcon_core.package_identification:_identify(venv/lib/python3.10/site-packages/numpy/f2py/tests/src/common) by extensions ['python_setup_py']
[1.116s] Level 1:colcon.colcon_core.package_identification:_identify(venv/lib/python3.10/site-packages/numpy/f2py/tests/src/common) by extension 'python_setup_py'
[1.116s] Level 1:colcon.colcon_core.package_identification:_identify(venv/lib/python3.10/site-packages/numpy/f2py/tests/src/crackfortran) by extensions ['ignore', 'ignore_ament_install']
[1.116s] Level 1:colcon.colcon_core.package_identification:_identify(venv/lib/python3.10/site-packages/numpy/f2py/tests/src/crackfortran) by extension 'ignore'
[1.116s] Level 1:colcon.colcon_core.package_identification:_identify(venv/lib/python3.10/site-packages/numpy/f2py/tests/src/crackfortran) by extension 'ignore_ament_install'
[1.116s] Level 1:colcon.colcon_core.package_identification:_identify(venv/lib/python3.10/site-packages/numpy/f2py/tests/src/crackfortran) by extensions ['colcon_pkg']
[1.116s] Level 1:colcon.colcon_core.package_identification:_identify(venv/lib/python3.10/site-packages/numpy/f2py/tests/src/crackfortran) by extension 'colcon_pkg'
[1.116s] Level 1:colcon.colcon_core.package_identification:_identify(venv/lib/python3.10/site-packages/numpy/f2py/tests/src/crackfortran) by extensions ['colcon_meta']
[1.116s] Level 1:colcon.colcon_core.package_identification:_identify(venv/lib/python3.10/site-packages/numpy/f2py/tests/src/crackfortran) by extension 'colcon_meta'
[1.116s] Level 1:colcon.colcon_core.package_identification:_identify(venv/lib/python3.10/site-packages/numpy/f2py/tests/src/crackfortran) by extensions ['ros']
[1.116s] Level 1:colcon.colcon_core.package_identification:_identify(venv/lib/python3.10/site-packages/numpy/f2py/tests/src/crackfortran) by extension 'ros'
[1.116s] Level 1:colcon.colcon_core.package_identification:_identify(venv/lib/python3.10/site-packages/numpy/f2py/tests/src/crackfortran) by extensions ['cmake', 'python']
[1.116s] Level 1:colcon.colcon_core.package_identification:_identify(venv/lib/python3.10/site-packages/numpy/f2py/tests/src/crackfortran) by extension 'cmake'
[1.116s] Level 1:colcon.colcon_core.package_identification:_identify(venv/lib/python3.10/site-packages/numpy/f2py/tests/src/crackfortran) by extension 'python'
[1.116s] Level 1:colcon.colcon_core.package_identification:_identify(venv/lib/python3.10/site-packages/numpy/f2py/tests/src/crackfortran) by extensions ['python_setup_py']
[1.116s] Level 1:colcon.colcon_core.package_identification:_identify(venv/lib/python3.10/site-packages/numpy/f2py/tests/src/crackfortran) by extension 'python_setup_py'
[1.116s] Level 1:colcon.colcon_core.package_identification:_identify(venv/lib/python3.10/site-packages/numpy/f2py/tests/src/f2cmap) by extensions ['ignore', 'ignore_ament_install']
[1.116s] Level 1:colcon.colcon_core.package_identification:_identify(venv/lib/python3.10/site-packages/numpy/f2py/tests/src/f2cmap) by extension 'ignore'
[1.116s] Level 1:colcon.colcon_core.package_identification:_identify(venv/lib/python3.10/site-packages/numpy/f2py/tests/src/f2cmap) by extension 'ignore_ament_install'
[1.116s] Level 1:colcon.colcon_core.package_identification:_identify(venv/lib/python3.10/site-packages/numpy/f2py/tests/src/f2cmap) by extensions ['colcon_pkg']
[1.116s] Level 1:colcon.colcon_core.package_identification:_identify(venv/lib/python3.10/site-packages/numpy/f2py/tests/src/f2cmap) by extension 'colcon_pkg'
[1.116s] Level 1:colcon.colcon_core.package_identification:_identify(venv/lib/python3.10/site-packages/numpy/f2py/tests/src/f2cmap) by extensions ['colcon_meta']
[1.117s] Level 1:colcon.colcon_core.package_identification:_identify(venv/lib/python3.10/site-packages/numpy/f2py/tests/src/f2cmap) by extension 'colcon_meta'
[1.117s] Level 1:colcon.colcon_core.package_identification:_identify(venv/lib/python3.10/site-packages/numpy/f2py/tests/src/f2cmap) by extensions ['ros']
[1.117s] Level 1:colcon.colcon_core.package_identification:_identify(venv/lib/python3.10/site-packages/numpy/f2py/tests/src/f2cmap) by extension 'ros'
[1.117s] Level 1:colcon.colcon_core.package_identification:_identify(venv/lib/python3.10/site-packages/numpy/f2py/tests/src/f2cmap) by extensions ['cmake', 'python']
[1.117s] Level 1:colcon.colcon_core.package_identification:_identify(venv/lib/python3.10/site-packages/numpy/f2py/tests/src/f2cmap) by extension 'cmake'
[1.117s] Level 1:colcon.colcon_core.package_identification:_identify(venv/lib/python3.10/site-packages/numpy/f2py/tests/src/f2cmap) by extension 'python'
[1.117s] Level 1:colcon.colcon_core.package_identification:_identify(venv/lib/python3.10/site-packages/numpy/f2py/tests/src/f2cmap) by extensions ['python_setup_py']
[1.117s] Level 1:colcon.colcon_core.package_identification:_identify(venv/lib/python3.10/site-packages/numpy/f2py/tests/src/f2cmap) by extension 'python_setup_py'
[1.117s] Level 1:colcon.colcon_core.package_identification:_identify(venv/lib/python3.10/site-packages/numpy/f2py/tests/src/isocintrin) by extensions ['ignore', 'ignore_ament_install']
[1.117s] Level 1:colcon.colcon_core.package_identification:_identify(venv/lib/python3.10/site-packages/numpy/f2py/tests/src/isocintrin) by extension 'ignore'
[1.117s] Level 1:colcon.colcon_core.package_identification:_identify(venv/lib/python3.10/site-packages/numpy/f2py/tests/src/isocintrin) by extension 'ignore_ament_install'
[1.117s] Level 1:colcon.colcon_core.package_identification:_identify(venv/lib/python3.10/site-packages/numpy/f2py/tests/src/isocintrin) by extensions ['colcon_pkg']
[1.117s] Level 1:colcon.colcon_core.package_identification:_identify(venv/lib/python3.10/site-packages/numpy/f2py/tests/src/isocintrin) by extension 'colcon_pkg'
[1.117s] Level 1:colcon.colcon_core.package_identification:_identify(venv/lib/python3.10/site-packages/numpy/f2py/tests/src/isocintrin) by extensions ['colcon_meta']
[1.117s] Level 1:colcon.colcon_core.package_identification:_identify(venv/lib/python3.10/site-packages/numpy/f2py/tests/src/isocintrin) by extension 'colcon_meta'
[1.117s] Level 1:colcon.colcon_core.package_identification:_identify(venv/lib/python3.10/site-packages/numpy/f2py/tests/src/isocintrin) by extensions ['ros']
[1.117s] Level 1:colcon.colcon_core.package_identification:_identify(venv/lib/python3.10/site-packages/numpy/f2py/tests/src/isocintrin) by extension 'ros'
[1.117s] Level 1:colcon.colcon_core.package_identification:_identify(venv/lib/python3.10/site-packages/numpy/f2py/tests/src/isocintrin) by extensions ['cmake', 'python']
[1.117s] Level 1:colcon.colcon_core.package_identification:_identify(venv/lib/python3.10/site-packages/numpy/f2py/tests/src/isocintrin) by extension 'cmake'
[1.117s] Level 1:colcon.colcon_core.package_identification:_identify(venv/lib/python3.10/site-packages/numpy/f2py/tests/src/isocintrin) by extension 'python'
[1.117s] Level 1:colcon.colcon_core.package_identification:_identify(venv/lib/python3.10/site-packages/numpy/f2py/tests/src/isocintrin) by extensions ['python_setup_py']
[1.117s] Level 1:colcon.colcon_core.package_identification:_identify(venv/lib/python3.10/site-packages/numpy/f2py/tests/src/isocintrin) by extension 'python_setup_py'
[1.117s] Level 1:colcon.colcon_core.package_identification:_identify(venv/lib/python3.10/site-packages/numpy/f2py/tests/src/kind) by extensions ['ignore', 'ignore_ament_install']
[1.117s] Level 1:colcon.colcon_core.package_identification:_identify(venv/lib/python3.10/site-packages/numpy/f2py/tests/src/kind) by extension 'ignore'
[1.117s] Level 1:colcon.colcon_core.package_identification:_identify(venv/lib/python3.10/site-packages/numpy/f2py/tests/src/kind) by extension 'ignore_ament_install'
[1.117s] Level 1:colcon.colcon_core.package_identification:_identify(venv/lib/python3.10/site-packages/numpy/f2py/tests/src/kind) by extensions ['colcon_pkg']
[1.117s] Level 1:colcon.colcon_core.package_identification:_identify(venv/lib/python3.10/site-packages/numpy/f2py/tests/src/kind) by extension 'colcon_pkg'
[1.117s] Level 1:colcon.colcon_core.package_identification:_identify(venv/lib/python3.10/site-packages/numpy/f2py/tests/src/kind) by extensions ['colcon_meta']
[1.117s] Level 1:colcon.colcon_core.package_identification:_identify(venv/lib/python3.10/site-packages/numpy/f2py/tests/src/kind) by extension 'colcon_meta'
[1.117s] Level 1:colcon.colcon_core.package_identification:_identify(venv/lib/python3.10/site-packages/numpy/f2py/tests/src/kind) by extensions ['ros']
[1.117s] Level 1:colcon.colcon_core.package_identification:_identify(venv/lib/python3.10/site-packages/numpy/f2py/tests/src/kind) by extension 'ros'
[1.117s] Level 1:colcon.colcon_core.package_identification:_identify(venv/lib/python3.10/site-packages/numpy/f2py/tests/src/kind) by extensions ['cmake', 'python']
[1.117s] Level 1:colcon.colcon_core.package_identification:_identify(venv/lib/python3.10/site-packages/numpy/f2py/tests/src/kind) by extension 'cmake'
[1.118s] Level 1:colcon.colcon_core.package_identification:_identify(venv/lib/python3.10/site-packages/numpy/f2py/tests/src/kind) by extension 'python'
[1.118s] Level 1:colcon.colcon_core.package_identification:_identify(venv/lib/python3.10/site-packages/numpy/f2py/tests/src/kind) by extensions ['python_setup_py']
[1.118s] Level 1:colcon.colcon_core.package_identification:_identify(venv/lib/python3.10/site-packages/numpy/f2py/tests/src/kind) by extension 'python_setup_py'
[1.118s] Level 1:colcon.colcon_core.package_identification:_identify(venv/lib/python3.10/site-packages/numpy/f2py/tests/src/mixed) by extensions ['ignore', 'ignore_ament_install']
[1.118s] Level 1:colcon.colcon_core.package_identification:_identify(venv/lib/python3.10/site-packages/numpy/f2py/tests/src/mixed) by extension 'ignore'
[1.118s] Level 1:colcon.colcon_core.package_identification:_identify(venv/lib/python3.10/site-packages/numpy/f2py/tests/src/mixed) by extension 'ignore_ament_install'
[1.118s] Level 1:colcon.colcon_core.package_identification:_identify(venv/lib/python3.10/site-packages/numpy/f2py/tests/src/mixed) by extensions ['colcon_pkg']
[1.118s] Level 1:colcon.colcon_core.package_identification:_identify(venv/lib/python3.10/site-packages/numpy/f2py/tests/src/mixed) by extension 'colcon_pkg'
[1.118s] Level 1:colcon.colcon_core.package_identification:_identify(venv/lib/python3.10/site-packages/numpy/f2py/tests/src/mixed) by extensions ['colcon_meta']
[1.118s] Level 1:colcon.colcon_core.package_identification:_identify(venv/lib/python3.10/site-packages/numpy/f2py/tests/src/mixed) by extension 'colcon_meta'
[1.118s] Level 1:colcon.colcon_core.package_identification:_identify(venv/lib/python3.10/site-packages/numpy/f2py/tests/src/mixed) by extensions ['ros']
[1.118s] Level 1:colcon.colcon_core.package_identification:_identify(venv/lib/python3.10/site-packages/numpy/f2py/tests/src/mixed) by extension 'ros'
[1.118s] Level 1:colcon.colcon_core.package_identification:_identify(venv/lib/python3.10/site-packages/numpy/f2py/tests/src/mixed) by extensions ['cmake', 'python']
[1.118s] Level 1:colcon.colcon_core.package_identification:_identify(venv/lib/python3.10/site-packages/numpy/f2py/tests/src/mixed) by extension 'cmake'
[1.118s] Level 1:colcon.colcon_core.package_identification:_identify(venv/lib/python3.10/site-packages/numpy/f2py/tests/src/mixed) by extension 'python'
[1.118s] Level 1:colcon.colcon_core.package_identification:_identify(venv/lib/python3.10/site-packages/numpy/f2py/tests/src/mixed) by extensions ['python_setup_py']
[1.118s] Level 1:colcon.colcon_core.package_identification:_identify(venv/lib/python3.10/site-packages/numpy/f2py/tests/src/mixed) by extension 'python_setup_py'
[1.118s] Level 1:colcon.colcon_core.package_identification:_identify(venv/lib/python3.10/site-packages/numpy/f2py/tests/src/modules) by extensions ['ignore', 'ignore_ament_install']
[1.118s] Level 1:colcon.colcon_core.package_identification:_identify(venv/lib/python3.10/site-packages/numpy/f2py/tests/src/modules) by extension 'ignore'
[1.118s] Level 1:colcon.colcon_core.package_identification:_identify(venv/lib/python3.10/site-packages/numpy/f2py/tests/src/modules) by extension 'ignore_ament_install'
[1.118s] Level 1:colcon.colcon_core.package_identification:_identify(venv/lib/python3.10/site-packages/numpy/f2py/tests/src/modules) by extensions ['colcon_pkg']
[1.118s] Level 1:colcon.colcon_core.package_identification:_identify(venv/lib/python3.10/site-packages/numpy/f2py/tests/src/modules) by extension 'colcon_pkg'
[1.118s] Level 1:colcon.colcon_core.package_identification:_identify(venv/lib/python3.10/site-packages/numpy/f2py/tests/src/modules) by extensions ['colcon_meta']
[1.118s] Level 1:colcon.colcon_core.package_identification:_identify(venv/lib/python3.10/site-packages/numpy/f2py/tests/src/modules) by extension 'colcon_meta'
[1.118s] Level 1:colcon.colcon_core.package_identification:_identify(venv/lib/python3.10/site-packages/numpy/f2py/tests/src/modules) by extensions ['ros']
[1.118s] Level 1:colcon.colcon_core.package_identification:_identify(venv/lib/python3.10/site-packages/numpy/f2py/tests/src/modules) by extension 'ros'
[1.118s] Level 1:colcon.colcon_core.package_identification:_identify(venv/lib/python3.10/site-packages/numpy/f2py/tests/src/modules) by extensions ['cmake', 'python']
[1.118s] Level 1:colcon.colcon_core.package_identification:_identify(venv/lib/python3.10/site-packages/numpy/f2py/tests/src/modules) by extension 'cmake'
[1.118s] Level 1:colcon.colcon_core.package_identification:_identify(venv/lib/python3.10/site-packages/numpy/f2py/tests/src/modules) by extension 'python'
[1.118s] Level 1:colcon.colcon_core.package_identification:_identify(venv/lib/python3.10/site-packages/numpy/f2py/tests/src/modules) by extensions ['python_setup_py']
[1.118s] Level 1:colcon.colcon_core.package_identification:_identify(venv/lib/python3.10/site-packages/numpy/f2py/tests/src/modules) by extension 'python_setup_py'
[1.118s] Level 1:colcon.colcon_core.package_identification:_identify(venv/lib/python3.10/site-packages/numpy/f2py/tests/src/modules/gh25337) by extensions ['ignore', 'ignore_ament_install']
[1.119s] Level 1:colcon.colcon_core.package_identification:_identify(venv/lib/python3.10/site-packages/numpy/f2py/tests/src/modules/gh25337) by extension 'ignore'
[1.119s] Level 1:colcon.colcon_core.package_identification:_identify(venv/lib/python3.10/site-packages/numpy/f2py/tests/src/modules/gh25337) by extension 'ignore_ament_install'
[1.119s] Level 1:colcon.colcon_core.package_identification:_identify(venv/lib/python3.10/site-packages/numpy/f2py/tests/src/modules/gh25337) by extensions ['colcon_pkg']
[1.119s] Level 1:colcon.colcon_core.package_identification:_identify(venv/lib/python3.10/site-packages/numpy/f2py/tests/src/modules/gh25337) by extension 'colcon_pkg'
[1.119s] Level 1:colcon.colcon_core.package_identification:_identify(venv/lib/python3.10/site-packages/numpy/f2py/tests/src/modules/gh25337) by extensions ['colcon_meta']
[1.119s] Level 1:colcon.colcon_core.package_identification:_identify(venv/lib/python3.10/site-packages/numpy/f2py/tests/src/modules/gh25337) by extension 'colcon_meta'
[1.119s] Level 1:colcon.colcon_core.package_identification:_identify(venv/lib/python3.10/site-packages/numpy/f2py/tests/src/modules/gh25337) by extensions ['ros']
[1.119s] Level 1:colcon.colcon_core.package_identification:_identify(venv/lib/python3.10/site-packages/numpy/f2py/tests/src/modules/gh25337) by extension 'ros'
[1.119s] Level 1:colcon.colcon_core.package_identification:_identify(venv/lib/python3.10/site-packages/numpy/f2py/tests/src/modules/gh25337) by extensions ['cmake', 'python']
[1.119s] Level 1:colcon.colcon_core.package_identification:_identify(venv/lib/python3.10/site-packages/numpy/f2py/tests/src/modules/gh25337) by extension 'cmake'
[1.119s] Level 1:colcon.colcon_core.package_identification:_identify(venv/lib/python3.10/site-packages/numpy/f2py/tests/src/modules/gh25337) by extension 'python'
[1.119s] Level 1:colcon.colcon_core.package_identification:_identify(venv/lib/python3.10/site-packages/numpy/f2py/tests/src/modules/gh25337) by extensions ['python_setup_py']
[1.119s] Level 1:colcon.colcon_core.package_identification:_identify(venv/lib/python3.10/site-packages/numpy/f2py/tests/src/modules/gh25337) by extension 'python_setup_py'
[1.119s] Level 1:colcon.colcon_core.package_identification:_identify(venv/lib/python3.10/site-packages/numpy/f2py/tests/src/modules/gh26920) by extensions ['ignore', 'ignore_ament_install']
[1.119s] Level 1:colcon.colcon_core.package_identification:_identify(venv/lib/python3.10/site-packages/numpy/f2py/tests/src/modules/gh26920) by extension 'ignore'
[1.119s] Level 1:colcon.colcon_core.package_identification:_identify(venv/lib/python3.10/site-packages/numpy/f2py/tests/src/modules/gh26920) by extension 'ignore_ament_install'
[1.119s] Level 1:colcon.colcon_core.package_identification:_identify(venv/lib/python3.10/site-packages/numpy/f2py/tests/src/modules/gh26920) by extensions ['colcon_pkg']
[1.119s] Level 1:colcon.colcon_core.package_identification:_identify(venv/lib/python3.10/site-packages/numpy/f2py/tests/src/modules/gh26920) by extension 'colcon_pkg'
[1.119s] Level 1:colcon.colcon_core.package_identification:_identify(venv/lib/python3.10/site-packages/numpy/f2py/tests/src/modules/gh26920) by extensions ['colcon_meta']
[1.119s] Level 1:colcon.colcon_core.package_identification:_identify(venv/lib/python3.10/site-packages/numpy/f2py/tests/src/modules/gh26920) by extension 'colcon_meta'
[1.119s] Level 1:colcon.colcon_core.package_identification:_identify(venv/lib/python3.10/site-packages/numpy/f2py/tests/src/modules/gh26920) by extensions ['ros']
[1.119s] Level 1:colcon.colcon_core.package_identification:_identify(venv/lib/python3.10/site-packages/numpy/f2py/tests/src/modules/gh26920) by extension 'ros'
[1.119s] Level 1:colcon.colcon_core.package_identification:_identify(venv/lib/python3.10/site-packages/numpy/f2py/tests/src/modules/gh26920) by extensions ['cmake', 'python']
[1.119s] Level 1:colcon.colcon_core.package_identification:_identify(venv/lib/python3.10/site-packages/numpy/f2py/tests/src/modules/gh26920) by extension 'cmake'
[1.119s] Level 1:colcon.colcon_core.package_identification:_identify(venv/lib/python3.10/site-packages/numpy/f2py/tests/src/modules/gh26920) by extension 'python'
[1.119s] Level 1:colcon.colcon_core.package_identification:_identify(venv/lib/python3.10/site-packages/numpy/f2py/tests/src/modules/gh26920) by extensions ['python_setup_py']
[1.119s] Level 1:colcon.colcon_core.package_identification:_identify(venv/lib/python3.10/site-packages/numpy/f2py/tests/src/modules/gh26920) by extension 'python_setup_py'
[1.119s] Level 1:colcon.colcon_core.package_identification:_identify(venv/lib/python3.10/site-packages/numpy/f2py/tests/src/negative_bounds) by extensions ['ignore', 'ignore_ament_install']
[1.119s] Level 1:colcon.colcon_core.package_identification:_identify(venv/lib/python3.10/site-packages/numpy/f2py/tests/src/negative_bounds) by extension 'ignore'
[1.119s] Level 1:colcon.colcon_core.package_identification:_identify(venv/lib/python3.10/site-packages/numpy/f2py/tests/src/negative_bounds) by extension 'ignore_ament_install'
[1.119s] Level 1:colcon.colcon_core.package_identification:_identify(venv/lib/python3.10/site-packages/numpy/f2py/tests/src/negative_bounds) by extensions ['colcon_pkg']
[1.119s] Level 1:colcon.colcon_core.package_identification:_identify(venv/lib/python3.10/site-packages/numpy/f2py/tests/src/negative_bounds) by extension 'colcon_pkg'
[1.119s] Level 1:colcon.colcon_core.package_identification:_identify(venv/lib/python3.10/site-packages/numpy/f2py/tests/src/negative_bounds) by extensions ['colcon_meta']
[1.119s] Level 1:colcon.colcon_core.package_identification:_identify(venv/lib/python3.10/site-packages/numpy/f2py/tests/src/negative_bounds) by extension 'colcon_meta'
[1.119s] Level 1:colcon.colcon_core.package_identification:_identify(venv/lib/python3.10/site-packages/numpy/f2py/tests/src/negative_bounds) by extensions ['ros']
[1.120s] Level 1:colcon.colcon_core.package_identification:_identify(venv/lib/python3.10/site-packages/numpy/f2py/tests/src/negative_bounds) by extension 'ros'
[1.120s] Level 1:colcon.colcon_core.package_identification:_identify(venv/lib/python3.10/site-packages/numpy/f2py/tests/src/negative_bounds) by extensions ['cmake', 'python']
[1.120s] Level 1:colcon.colcon_core.package_identification:_identify(venv/lib/python3.10/site-packages/numpy/f2py/tests/src/negative_bounds) by extension 'cmake'
[1.120s] Level 1:colcon.colcon_core.package_identification:_identify(venv/lib/python3.10/site-packages/numpy/f2py/tests/src/negative_bounds) by extension 'python'
[1.120s] Level 1:colcon.colcon_core.package_identification:_identify(venv/lib/python3.10/site-packages/numpy/f2py/tests/src/negative_bounds) by extensions ['python_setup_py']
[1.120s] Level 1:colcon.colcon_core.package_identification:_identify(venv/lib/python3.10/site-packages/numpy/f2py/tests/src/negative_bounds) by extension 'python_setup_py'
[1.120s] Level 1:colcon.colcon_core.package_identification:_identify(venv/lib/python3.10/site-packages/numpy/f2py/tests/src/parameter) by extensions ['ignore', 'ignore_ament_install']
[1.120s] Level 1:colcon.colcon_core.package_identification:_identify(venv/lib/python3.10/site-packages/numpy/f2py/tests/src/parameter) by extension 'ignore'
[1.120s] Level 1:colcon.colcon_core.package_identification:_identify(venv/lib/python3.10/site-packages/numpy/f2py/tests/src/parameter) by extension 'ignore_ament_install'
[1.120s] Level 1:colcon.colcon_core.package_identification:_identify(venv/lib/python3.10/site-packages/numpy/f2py/tests/src/parameter) by extensions ['colcon_pkg']
[1.120s] Level 1:colcon.colcon_core.package_identification:_identify(venv/lib/python3.10/site-packages/numpy/f2py/tests/src/parameter) by extension 'colcon_pkg'
[1.120s] Level 1:colcon.colcon_core.package_identification:_identify(venv/lib/python3.10/site-packages/numpy/f2py/tests/src/parameter) by extensions ['colcon_meta']
[1.120s] Level 1:colcon.colcon_core.package_identification:_identify(venv/lib/python3.10/site-packages/numpy/f2py/tests/src/parameter) by extension 'colcon_meta'
[1.120s] Level 1:colcon.colcon_core.package_identification:_identify(venv/lib/python3.10/site-packages/numpy/f2py/tests/src/parameter) by extensions ['ros']
[1.120s] Level 1:colcon.colcon_core.package_identification:_identify(venv/lib/python3.10/site-packages/numpy/f2py/tests/src/parameter) by extension 'ros'
[1.120s] Level 1:colcon.colcon_core.package_identification:_identify(venv/lib/python3.10/site-packages/numpy/f2py/tests/src/parameter) by extensions ['cmake', 'python']
[1.120s] Level 1:colcon.colcon_core.package_identification:_identify(venv/lib/python3.10/site-packages/numpy/f2py/tests/src/parameter) by extension 'cmake'
[1.120s] Level 1:colcon.colcon_core.package_identification:_identify(venv/lib/python3.10/site-packages/numpy/f2py/tests/src/parameter) by extension 'python'
[1.120s] Level 1:colcon.colcon_core.package_identification:_identify(venv/lib/python3.10/site-packages/numpy/f2py/tests/src/parameter) by extensions ['python_setup_py']
[1.120s] Level 1:colcon.colcon_core.package_identification:_identify(venv/lib/python3.10/site-packages/numpy/f2py/tests/src/parameter) by extension 'python_setup_py'
[1.120s] Level 1:colcon.colcon_core.package_identification:_identify(venv/lib/python3.10/site-packages/numpy/f2py/tests/src/quoted_character) by extensions ['ignore', 'ignore_ament_install']
[1.120s] Level 1:colcon.colcon_core.package_identification:_identify(venv/lib/python3.10/site-packages/numpy/f2py/tests/src/quoted_character) by extension 'ignore'
[1.120s] Level 1:colcon.colcon_core.package_identification:_identify(venv/lib/python3.10/site-packages/numpy/f2py/tests/src/quoted_character) by extension 'ignore_ament_install'
[1.120s] Level 1:colcon.colcon_core.package_identification:_identify(venv/lib/python3.10/site-packages/numpy/f2py/tests/src/quoted_character) by extensions ['colcon_pkg']
[1.120s] Level 1:colcon.colcon_core.package_identification:_identify(venv/lib/python3.10/site-packages/numpy/f2py/tests/src/quoted_character) by extension 'colcon_pkg'
[1.120s] Level 1:colcon.colcon_core.package_identification:_identify(venv/lib/python3.10/site-packages/numpy/f2py/tests/src/quoted_character) by extensions ['colcon_meta']
[1.120s] Level 1:colcon.colcon_core.package_identification:_identify(venv/lib/python3.10/site-packages/numpy/f2py/tests/src/quoted_character) by extension 'colcon_meta'
[1.120s] Level 1:colcon.colcon_core.package_identification:_identify(venv/lib/python3.10/site-packages/numpy/f2py/tests/src/quoted_character) by extensions ['ros']
[1.120s] Level 1:colcon.colcon_core.package_identification:_identify(venv/lib/python3.10/site-packages/numpy/f2py/tests/src/quoted_character) by extension 'ros'
[1.120s] Level 1:colcon.colcon_core.package_identification:_identify(venv/lib/python3.10/site-packages/numpy/f2py/tests/src/quoted_character) by extensions ['cmake', 'python']
[1.120s] Level 1:colcon.colcon_core.package_identification:_identify(venv/lib/python3.10/site-packages/numpy/f2py/tests/src/quoted_character) by extension 'cmake'
[1.120s] Level 1:colcon.colcon_core.package_identification:_identify(venv/lib/python3.10/site-packages/numpy/f2py/tests/src/quoted_character) by extension 'python'
[1.120s] Level 1:colcon.colcon_core.package_identification:_identify(venv/lib/python3.10/site-packages/numpy/f2py/tests/src/quoted_character) by extensions ['python_setup_py']
[1.120s] Level 1:colcon.colcon_core.package_identification:_identify(venv/lib/python3.10/site-packages/numpy/f2py/tests/src/quoted_character) by extension 'python_setup_py'
[1.121s] Level 1:colcon.colcon_core.package_identification:_identify(venv/lib/python3.10/site-packages/numpy/f2py/tests/src/regression) by extensions ['ignore', 'ignore_ament_install']
[1.121s] Level 1:colcon.colcon_core.package_identification:_identify(venv/lib/python3.10/site-packages/numpy/f2py/tests/src/regression) by extension 'ignore'
[1.121s] Level 1:colcon.colcon_core.package_identification:_identify(venv/lib/python3.10/site-packages/numpy/f2py/tests/src/regression) by extension 'ignore_ament_install'
[1.121s] Level 1:colcon.colcon_core.package_identification:_identify(venv/lib/python3.10/site-packages/numpy/f2py/tests/src/regression) by extensions ['colcon_pkg']
[1.121s] Level 1:colcon.colcon_core.package_identification:_identify(venv/lib/python3.10/site-packages/numpy/f2py/tests/src/regression) by extension 'colcon_pkg'
[1.121s] Level 1:colcon.colcon_core.package_identification:_identify(venv/lib/python3.10/site-packages/numpy/f2py/tests/src/regression) by extensions ['colcon_meta']
[1.121s] Level 1:colcon.colcon_core.package_identification:_identify(venv/lib/python3.10/site-packages/numpy/f2py/tests/src/regression) by extension 'colcon_meta'
[1.121s] Level 1:colcon.colcon_core.package_identification:_identify(venv/lib/python3.10/site-packages/numpy/f2py/tests/src/regression) by extensions ['ros']
[1.121s] Level 1:colcon.colcon_core.package_identification:_identify(venv/lib/python3.10/site-packages/numpy/f2py/tests/src/regression) by extension 'ros'
[1.121s] Level 1:colcon.colcon_core.package_identification:_identify(venv/lib/python3.10/site-packages/numpy/f2py/tests/src/regression) by extensions ['cmake', 'python']
[1.121s] Level 1:colcon.colcon_core.package_identification:_identify(venv/lib/python3.10/site-packages/numpy/f2py/tests/src/regression) by extension 'cmake'
[1.121s] Level 1:colcon.colcon_core.package_identification:_identify(venv/lib/python3.10/site-packages/numpy/f2py/tests/src/regression) by extension 'python'
[1.121s] Level 1:colcon.colcon_core.package_identification:_identify(venv/lib/python3.10/site-packages/numpy/f2py/tests/src/regression) by extensions ['python_setup_py']
[1.121s] Level 1:colcon.colcon_core.package_identification:_identify(venv/lib/python3.10/site-packages/numpy/f2py/tests/src/regression) by extension 'python_setup_py'
[1.121s] Level 1:colcon.colcon_core.package_identification:_identify(venv/lib/python3.10/site-packages/numpy/f2py/tests/src/return_character) by extensions ['ignore', 'ignore_ament_install']
[1.121s] Level 1:colcon.colcon_core.package_identification:_identify(venv/lib/python3.10/site-packages/numpy/f2py/tests/src/return_character) by extension 'ignore'
[1.121s] Level 1:colcon.colcon_core.package_identification:_identify(venv/lib/python3.10/site-packages/numpy/f2py/tests/src/return_character) by extension 'ignore_ament_install'
[1.121s] Level 1:colcon.colcon_core.package_identification:_identify(venv/lib/python3.10/site-packages/numpy/f2py/tests/src/return_character) by extensions ['colcon_pkg']
[1.121s] Level 1:colcon.colcon_core.package_identification:_identify(venv/lib/python3.10/site-packages/numpy/f2py/tests/src/return_character) by extension 'colcon_pkg'
[1.121s] Level 1:colcon.colcon_core.package_identification:_identify(venv/lib/python3.10/site-packages/numpy/f2py/tests/src/return_character) by extensions ['colcon_meta']
[1.121s] Level 1:colcon.colcon_core.package_identification:_identify(venv/lib/python3.10/site-packages/numpy/f2py/tests/src/return_character) by extension 'colcon_meta'
[1.121s] Level 1:colcon.colcon_core.package_identification:_identify(venv/lib/python3.10/site-packages/numpy/f2py/tests/src/return_character) by extensions ['ros']
[1.121s] Level 1:colcon.colcon_core.package_identification:_identify(venv/lib/python3.10/site-packages/numpy/f2py/tests/src/return_character) by extension 'ros'
[1.121s] Level 1:colcon.colcon_core.package_identification:_identify(venv/lib/python3.10/site-packages/numpy/f2py/tests/src/return_character) by extensions ['cmake', 'python']
[1.121s] Level 1:colcon.colcon_core.package_identification:_identify(venv/lib/python3.10/site-packages/numpy/f2py/tests/src/return_character) by extension 'cmake'
[1.121s] Level 1:colcon.colcon_core.package_identification:_identify(venv/lib/python3.10/site-packages/numpy/f2py/tests/src/return_character) by extension 'python'
[1.121s] Level 1:colcon.colcon_core.package_identification:_identify(venv/lib/python3.10/site-packages/numpy/f2py/tests/src/return_character) by extensions ['python_setup_py']
[1.121s] Level 1:colcon.colcon_core.package_identification:_identify(venv/lib/python3.10/site-packages/numpy/f2py/tests/src/return_character) by extension 'python_setup_py'
[1.121s] Level 1:colcon.colcon_core.package_identification:_identify(venv/lib/python3.10/site-packages/numpy/f2py/tests/src/return_complex) by extensions ['ignore', 'ignore_ament_install']
[1.121s] Level 1:colcon.colcon_core.package_identification:_identify(venv/lib/python3.10/site-packages/numpy/f2py/tests/src/return_complex) by extension 'ignore'
[1.121s] Level 1:colcon.colcon_core.package_identification:_identify(venv/lib/python3.10/site-packages/numpy/f2py/tests/src/return_complex) by extension 'ignore_ament_install'
[1.121s] Level 1:colcon.colcon_core.package_identification:_identify(venv/lib/python3.10/site-packages/numpy/f2py/tests/src/return_complex) by extensions ['colcon_pkg']
[1.122s] Level 1:colcon.colcon_core.package_identification:_identify(venv/lib/python3.10/site-packages/numpy/f2py/tests/src/return_complex) by extension 'colcon_pkg'
[1.122s] Level 1:colcon.colcon_core.package_identification:_identify(venv/lib/python3.10/site-packages/numpy/f2py/tests/src/return_complex) by extensions ['colcon_meta']
[1.122s] Level 1:colcon.colcon_core.package_identification:_identify(venv/lib/python3.10/site-packages/numpy/f2py/tests/src/return_complex) by extension 'colcon_meta'
[1.122s] Level 1:colcon.colcon_core.package_identification:_identify(venv/lib/python3.10/site-packages/numpy/f2py/tests/src/return_complex) by extensions ['ros']
[1.122s] Level 1:colcon.colcon_core.package_identification:_identify(venv/lib/python3.10/site-packages/numpy/f2py/tests/src/return_complex) by extension 'ros'
[1.122s] Level 1:colcon.colcon_core.package_identification:_identify(venv/lib/python3.10/site-packages/numpy/f2py/tests/src/return_complex) by extensions ['cmake', 'python']
[1.122s] Level 1:colcon.colcon_core.package_identification:_identify(venv/lib/python3.10/site-packages/numpy/f2py/tests/src/return_complex) by extension 'cmake'
[1.122s] Level 1:colcon.colcon_core.package_identification:_identify(venv/lib/python3.10/site-packages/numpy/f2py/tests/src/return_complex) by extension 'python'
[1.122s] Level 1:colcon.colcon_core.package_identification:_identify(venv/lib/python3.10/site-packages/numpy/f2py/tests/src/return_complex) by extensions ['python_setup_py']
[1.122s] Level 1:colcon.colcon_core.package_identification:_identify(venv/lib/python3.10/site-packages/numpy/f2py/tests/src/return_complex) by extension 'python_setup_py'
[1.122s] Level 1:colcon.colcon_core.package_identification:_identify(venv/lib/python3.10/site-packages/numpy/f2py/tests/src/return_integer) by extensions ['ignore', 'ignore_ament_install']
[1.122s] Level 1:colcon.colcon_core.package_identification:_identify(venv/lib/python3.10/site-packages/numpy/f2py/tests/src/return_integer) by extension 'ignore'
[1.122s] Level 1:colcon.colcon_core.package_identification:_identify(venv/lib/python3.10/site-packages/numpy/f2py/tests/src/return_integer) by extension 'ignore_ament_install'
[1.122s] Level 1:colcon.colcon_core.package_identification:_identify(venv/lib/python3.10/site-packages/numpy/f2py/tests/src/return_integer) by extensions ['colcon_pkg']
[1.122s] Level 1:colcon.colcon_core.package_identification:_identify(venv/lib/python3.10/site-packages/numpy/f2py/tests/src/return_integer) by extension 'colcon_pkg'
[1.122s] Level 1:colcon.colcon_core.package_identification:_identify(venv/lib/python3.10/site-packages/numpy/f2py/tests/src/return_integer) by extensions ['colcon_meta']
[1.122s] Level 1:colcon.colcon_core.package_identification:_identify(venv/lib/python3.10/site-packages/numpy/f2py/tests/src/return_integer) by extension 'colcon_meta'
[1.122s] Level 1:colcon.colcon_core.package_identification:_identify(venv/lib/python3.10/site-packages/numpy/f2py/tests/src/return_integer) by extensions ['ros']
[1.122s] Level 1:colcon.colcon_core.package_identification:_identify(venv/lib/python3.10/site-packages/numpy/f2py/tests/src/return_integer) by extension 'ros'
[1.122s] Level 1:colcon.colcon_core.package_identification:_identify(venv/lib/python3.10/site-packages/numpy/f2py/tests/src/return_integer) by extensions ['cmake', 'python']
[1.122s] Level 1:colcon.colcon_core.package_identification:_identify(venv/lib/python3.10/site-packages/numpy/f2py/tests/src/return_integer) by extension 'cmake'
[1.122s] Level 1:colcon.colcon_core.package_identification:_identify(venv/lib/python3.10/site-packages/numpy/f2py/tests/src/return_integer) by extension 'python'
[1.122s] Level 1:colcon.colcon_core.package_identification:_identify(venv/lib/python3.10/site-packages/numpy/f2py/tests/src/return_integer) by extensions ['python_setup_py']
[1.122s] Level 1:colcon.colcon_core.package_identification:_identify(venv/lib/python3.10/site-packages/numpy/f2py/tests/src/return_integer) by extension 'python_setup_py'
[1.122s] Level 1:colcon.colcon_core.package_identification:_identify(venv/lib/python3.10/site-packages/numpy/f2py/tests/src/return_logical) by extensions ['ignore', 'ignore_ament_install']
[1.122s] Level 1:colcon.colcon_core.package_identification:_identify(venv/lib/python3.10/site-packages/numpy/f2py/tests/src/return_logical) by extension 'ignore'
[1.122s] Level 1:colcon.colcon_core.package_identification:_identify(venv/lib/python3.10/site-packages/numpy/f2py/tests/src/return_logical) by extension 'ignore_ament_install'
[1.123s] Level 1:colcon.colcon_core.package_identification:_identify(venv/lib/python3.10/site-packages/numpy/f2py/tests/src/return_logical) by extensions ['colcon_pkg']
[1.123s] Level 1:colcon.colcon_core.package_identification:_identify(venv/lib/python3.10/site-packages/numpy/f2py/tests/src/return_logical) by extension 'colcon_pkg'
[1.123s] Level 1:colcon.colcon_core.package_identification:_identify(venv/lib/python3.10/site-packages/numpy/f2py/tests/src/return_logical) by extensions ['colcon_meta']
[1.123s] Level 1:colcon.colcon_core.package_identification:_identify(venv/lib/python3.10/site-packages/numpy/f2py/tests/src/return_logical) by extension 'colcon_meta'
[1.123s] Level 1:colcon.colcon_core.package_identification:_identify(venv/lib/python3.10/site-packages/numpy/f2py/tests/src/return_logical) by extensions ['ros']
[1.123s] Level 1:colcon.colcon_core.package_identification:_identify(venv/lib/python3.10/site-packages/numpy/f2py/tests/src/return_logical) by extension 'ros'
[1.123s] Level 1:colcon.colcon_core.package_identification:_identify(venv/lib/python3.10/site-packages/numpy/f2py/tests/src/return_logical) by extensions ['cmake', 'python']
[1.123s] Level 1:colcon.colcon_core.package_identification:_identify(venv/lib/python3.10/site-packages/numpy/f2py/tests/src/return_logical) by extension 'cmake'
[1.123s] Level 1:colcon.colcon_core.package_identification:_identify(venv/lib/python3.10/site-packages/numpy/f2py/tests/src/return_logical) by extension 'python'
[1.123s] Level 1:colcon.colcon_core.package_identification:_identify(venv/lib/python3.10/site-packages/numpy/f2py/tests/src/return_logical) by extensions ['python_setup_py']
[1.123s] Level 1:colcon.colcon_core.package_identification:_identify(venv/lib/python3.10/site-packages/numpy/f2py/tests/src/return_logical) by extension 'python_setup_py'
[1.123s] Level 1:colcon.colcon_core.package_identification:_identify(venv/lib/python3.10/site-packages/numpy/f2py/tests/src/return_real) by extensions ['ignore', 'ignore_ament_install']
[1.123s] Level 1:colcon.colcon_core.package_identification:_identify(venv/lib/python3.10/site-packages/numpy/f2py/tests/src/return_real) by extension 'ignore'
[1.123s] Level 1:colcon.colcon_core.package_identification:_identify(venv/lib/python3.10/site-packages/numpy/f2py/tests/src/return_real) by extension 'ignore_ament_install'
[1.123s] Level 1:colcon.colcon_core.package_identification:_identify(venv/lib/python3.10/site-packages/numpy/f2py/tests/src/return_real) by extensions ['colcon_pkg']
[1.123s] Level 1:colcon.colcon_core.package_identification:_identify(venv/lib/python3.10/site-packages/numpy/f2py/tests/src/return_real) by extension 'colcon_pkg'
[1.123s] Level 1:colcon.colcon_core.package_identification:_identify(venv/lib/python3.10/site-packages/numpy/f2py/tests/src/return_real) by extensions ['colcon_meta']
[1.123s] Level 1:colcon.colcon_core.package_identification:_identify(venv/lib/python3.10/site-packages/numpy/f2py/tests/src/return_real) by extension 'colcon_meta'
[1.123s] Level 1:colcon.colcon_core.package_identification:_identify(venv/lib/python3.10/site-packages/numpy/f2py/tests/src/return_real) by extensions ['ros']
[1.123s] Level 1:colcon.colcon_core.package_identification:_identify(venv/lib/python3.10/site-packages/numpy/f2py/tests/src/return_real) by extension 'ros'
[1.123s] Level 1:colcon.colcon_core.package_identification:_identify(venv/lib/python3.10/site-packages/numpy/f2py/tests/src/return_real) by extensions ['cmake', 'python']
[1.123s] Level 1:colcon.colcon_core.package_identification:_identify(venv/lib/python3.10/site-packages/numpy/f2py/tests/src/return_real) by extension 'cmake'
[1.123s] Level 1:colcon.colcon_core.package_identification:_identify(venv/lib/python3.10/site-packages/numpy/f2py/tests/src/return_real) by extension 'python'
[1.123s] Level 1:colcon.colcon_core.package_identification:_identify(venv/lib/python3.10/site-packages/numpy/f2py/tests/src/return_real) by extensions ['python_setup_py']
[1.123s] Level 1:colcon.colcon_core.package_identification:_identify(venv/lib/python3.10/site-packages/numpy/f2py/tests/src/return_real) by extension 'python_setup_py'
[1.123s] Level 1:colcon.colcon_core.package_identification:_identify(venv/lib/python3.10/site-packages/numpy/f2py/tests/src/routines) by extensions ['ignore', 'ignore_ament_install']
[1.123s] Level 1:colcon.colcon_core.package_identification:_identify(venv/lib/python3.10/site-packages/numpy/f2py/tests/src/routines) by extension 'ignore'
[1.123s] Level 1:colcon.colcon_core.package_identification:_identify(venv/lib/python3.10/site-packages/numpy/f2py/tests/src/routines) by extension 'ignore_ament_install'
[1.123s] Level 1:colcon.colcon_core.package_identification:_identify(venv/lib/python3.10/site-packages/numpy/f2py/tests/src/routines) by extensions ['colcon_pkg']
[1.123s] Level 1:colcon.colcon_core.package_identification:_identify(venv/lib/python3.10/site-packages/numpy/f2py/tests/src/routines) by extension 'colcon_pkg'
[1.123s] Level 1:colcon.colcon_core.package_identification:_identify(venv/lib/python3.10/site-packages/numpy/f2py/tests/src/routines) by extensions ['colcon_meta']
[1.123s] Level 1:colcon.colcon_core.package_identification:_identify(venv/lib/python3.10/site-packages/numpy/f2py/tests/src/routines) by extension 'colcon_meta'
[1.123s] Level 1:colcon.colcon_core.package_identification:_identify(venv/lib/python3.10/site-packages/numpy/f2py/tests/src/routines) by extensions ['ros']
[1.124s] Level 1:colcon.colcon_core.package_identification:_identify(venv/lib/python3.10/site-packages/numpy/f2py/tests/src/routines) by extension 'ros'
[1.124s] Level 1:colcon.colcon_core.package_identification:_identify(venv/lib/python3.10/site-packages/numpy/f2py/tests/src/routines) by extensions ['cmake', 'python']
[1.124s] Level 1:colcon.colcon_core.package_identification:_identify(venv/lib/python3.10/site-packages/numpy/f2py/tests/src/routines) by extension 'cmake'
[1.124s] Level 1:colcon.colcon_core.package_identification:_identify(venv/lib/python3.10/site-packages/numpy/f2py/tests/src/routines) by extension 'python'
[1.124s] Level 1:colcon.colcon_core.package_identification:_identify(venv/lib/python3.10/site-packages/numpy/f2py/tests/src/routines) by extensions ['python_setup_py']
[1.124s] Level 1:colcon.colcon_core.package_identification:_identify(venv/lib/python3.10/site-packages/numpy/f2py/tests/src/routines) by extension 'python_setup_py'
[1.124s] Level 1:colcon.colcon_core.package_identification:_identify(venv/lib/python3.10/site-packages/numpy/f2py/tests/src/size) by extensions ['ignore', 'ignore_ament_install']
[1.124s] Level 1:colcon.colcon_core.package_identification:_identify(venv/lib/python3.10/site-packages/numpy/f2py/tests/src/size) by extension 'ignore'
[1.124s] Level 1:colcon.colcon_core.package_identification:_identify(venv/lib/python3.10/site-packages/numpy/f2py/tests/src/size) by extension 'ignore_ament_install'
[1.124s] Level 1:colcon.colcon_core.package_identification:_identify(venv/lib/python3.10/site-packages/numpy/f2py/tests/src/size) by extensions ['colcon_pkg']
[1.124s] Level 1:colcon.colcon_core.package_identification:_identify(venv/lib/python3.10/site-packages/numpy/f2py/tests/src/size) by extension 'colcon_pkg'
[1.124s] Level 1:colcon.colcon_core.package_identification:_identify(venv/lib/python3.10/site-packages/numpy/f2py/tests/src/size) by extensions ['colcon_meta']
[1.124s] Level 1:colcon.colcon_core.package_identification:_identify(venv/lib/python3.10/site-packages/numpy/f2py/tests/src/size) by extension 'colcon_meta'
[1.124s] Level 1:colcon.colcon_core.package_identification:_identify(venv/lib/python3.10/site-packages/numpy/f2py/tests/src/size) by extensions ['ros']
[1.124s] Level 1:colcon.colcon_core.package_identification:_identify(venv/lib/python3.10/site-packages/numpy/f2py/tests/src/size) by extension 'ros'
[1.124s] Level 1:colcon.colcon_core.package_identification:_identify(venv/lib/python3.10/site-packages/numpy/f2py/tests/src/size) by extensions ['cmake', 'python']
[1.124s] Level 1:colcon.colcon_core.package_identification:_identify(venv/lib/python3.10/site-packages/numpy/f2py/tests/src/size) by extension 'cmake'
[1.124s] Level 1:colcon.colcon_core.package_identification:_identify(venv/lib/python3.10/site-packages/numpy/f2py/tests/src/size) by extension 'python'
[1.124s] Level 1:colcon.colcon_core.package_identification:_identify(venv/lib/python3.10/site-packages/numpy/f2py/tests/src/size) by extensions ['python_setup_py']
[1.124s] Level 1:colcon.colcon_core.package_identification:_identify(venv/lib/python3.10/site-packages/numpy/f2py/tests/src/size) by extension 'python_setup_py'
[1.124s] Level 1:colcon.colcon_core.package_identification:_identify(venv/lib/python3.10/site-packages/numpy/f2py/tests/src/string) by extensions ['ignore', 'ignore_ament_install']
[1.124s] Level 1:colcon.colcon_core.package_identification:_identify(venv/lib/python3.10/site-packages/numpy/f2py/tests/src/string) by extension 'ignore'
[1.124s] Level 1:colcon.colcon_core.package_identification:_identify(venv/lib/python3.10/site-packages/numpy/f2py/tests/src/string) by extension 'ignore_ament_install'
[1.124s] Level 1:colcon.colcon_core.package_identification:_identify(venv/lib/python3.10/site-packages/numpy/f2py/tests/src/string) by extensions ['colcon_pkg']
[1.124s] Level 1:colcon.colcon_core.package_identification:_identify(venv/lib/python3.10/site-packages/numpy/f2py/tests/src/string) by extension 'colcon_pkg'
[1.124s] Level 1:colcon.colcon_core.package_identification:_identify(venv/lib/python3.10/site-packages/numpy/f2py/tests/src/string) by extensions ['colcon_meta']
[1.124s] Level 1:colcon.colcon_core.package_identification:_identify(venv/lib/python3.10/site-packages/numpy/f2py/tests/src/string) by extension 'colcon_meta'
[1.124s] Level 1:colcon.colcon_core.package_identification:_identify(venv/lib/python3.10/site-packages/numpy/f2py/tests/src/string) by extensions ['ros']
[1.124s] Level 1:colcon.colcon_core.package_identification:_identify(venv/lib/python3.10/site-packages/numpy/f2py/tests/src/string) by extension 'ros'
[1.124s] Level 1:colcon.colcon_core.package_identification:_identify(venv/lib/python3.10/site-packages/numpy/f2py/tests/src/string) by extensions ['cmake', 'python']
[1.124s] Level 1:colcon.colcon_core.package_identification:_identify(venv/lib/python3.10/site-packages/numpy/f2py/tests/src/string) by extension 'cmake'
[1.124s] Level 1:colcon.colcon_core.package_identification:_identify(venv/lib/python3.10/site-packages/numpy/f2py/tests/src/string) by extension 'python'
[1.124s] Level 1:colcon.colcon_core.package_identification:_identify(venv/lib/python3.10/site-packages/numpy/f2py/tests/src/string) by extensions ['python_setup_py']
[1.125s] Level 1:colcon.colcon_core.package_identification:_identify(venv/lib/python3.10/site-packages/numpy/f2py/tests/src/string) by extension 'python_setup_py'
[1.125s] Level 1:colcon.colcon_core.package_identification:_identify(venv/lib/python3.10/site-packages/numpy/f2py/tests/src/value_attrspec) by extensions ['ignore', 'ignore_ament_install']
[1.125s] Level 1:colcon.colcon_core.package_identification:_identify(venv/lib/python3.10/site-packages/numpy/f2py/tests/src/value_attrspec) by extension 'ignore'
[1.125s] Level 1:colcon.colcon_core.package_identification:_identify(venv/lib/python3.10/site-packages/numpy/f2py/tests/src/value_attrspec) by extension 'ignore_ament_install'
[1.125s] Level 1:colcon.colcon_core.package_identification:_identify(venv/lib/python3.10/site-packages/numpy/f2py/tests/src/value_attrspec) by extensions ['colcon_pkg']
[1.125s] Level 1:colcon.colcon_core.package_identification:_identify(venv/lib/python3.10/site-packages/numpy/f2py/tests/src/value_attrspec) by extension 'colcon_pkg'
[1.125s] Level 1:colcon.colcon_core.package_identification:_identify(venv/lib/python3.10/site-packages/numpy/f2py/tests/src/value_attrspec) by extensions ['colcon_meta']
[1.125s] Level 1:colcon.colcon_core.package_identification:_identify(venv/lib/python3.10/site-packages/numpy/f2py/tests/src/value_attrspec) by extension 'colcon_meta'
[1.125s] Level 1:colcon.colcon_core.package_identification:_identify(venv/lib/python3.10/site-packages/numpy/f2py/tests/src/value_attrspec) by extensions ['ros']
[1.125s] Level 1:colcon.colcon_core.package_identification:_identify(venv/lib/python3.10/site-packages/numpy/f2py/tests/src/value_attrspec) by extension 'ros'
[1.125s] Level 1:colcon.colcon_core.package_identification:_identify(venv/lib/python3.10/site-packages/numpy/f2py/tests/src/value_attrspec) by extensions ['cmake', 'python']
[1.125s] Level 1:colcon.colcon_core.package_identification:_identify(venv/lib/python3.10/site-packages/numpy/f2py/tests/src/value_attrspec) by extension 'cmake'
[1.125s] Level 1:colcon.colcon_core.package_identification:_identify(venv/lib/python3.10/site-packages/numpy/f2py/tests/src/value_attrspec) by extension 'python'
[1.125s] Level 1:colcon.colcon_core.package_identification:_identify(venv/lib/python3.10/site-packages/numpy/f2py/tests/src/value_attrspec) by extensions ['python_setup_py']
[1.125s] Level 1:colcon.colcon_core.package_identification:_identify(venv/lib/python3.10/site-packages/numpy/f2py/tests/src/value_attrspec) by extension 'python_setup_py'
[1.125s] Level 1:colcon.colcon_core.package_identification:_identify(venv/lib/python3.10/site-packages/numpy/fft) by extensions ['ignore', 'ignore_ament_install']
[1.125s] Level 1:colcon.colcon_core.package_identification:_identify(venv/lib/python3.10/site-packages/numpy/fft) by extension 'ignore'
[1.125s] Level 1:colcon.colcon_core.package_identification:_identify(venv/lib/python3.10/site-packages/numpy/fft) by extension 'ignore_ament_install'
[1.125s] Level 1:colcon.colcon_core.package_identification:_identify(venv/lib/python3.10/site-packages/numpy/fft) by extensions ['colcon_pkg']
[1.125s] Level 1:colcon.colcon_core.package_identification:_identify(venv/lib/python3.10/site-packages/numpy/fft) by extension 'colcon_pkg'
[1.125s] Level 1:colcon.colcon_core.package_identification:_identify(venv/lib/python3.10/site-packages/numpy/fft) by extensions ['colcon_meta']
[1.125s] Level 1:colcon.colcon_core.package_identification:_identify(venv/lib/python3.10/site-packages/numpy/fft) by extension 'colcon_meta'
[1.125s] Level 1:colcon.colcon_core.package_identification:_identify(venv/lib/python3.10/site-packages/numpy/fft) by extensions ['ros']
[1.125s] Level 1:colcon.colcon_core.package_identification:_identify(venv/lib/python3.10/site-packages/numpy/fft) by extension 'ros'
[1.125s] Level 1:colcon.colcon_core.package_identification:_identify(venv/lib/python3.10/site-packages/numpy/fft) by extensions ['cmake', 'python']
[1.125s] Level 1:colcon.colcon_core.package_identification:_identify(venv/lib/python3.10/site-packages/numpy/fft) by extension 'cmake'
[1.125s] Level 1:colcon.colcon_core.package_identification:_identify(venv/lib/python3.10/site-packages/numpy/fft) by extension 'python'
[1.125s] Level 1:colcon.colcon_core.package_identification:_identify(venv/lib/python3.10/site-packages/numpy/fft) by extensions ['python_setup_py']
[1.125s] Level 1:colcon.colcon_core.package_identification:_identify(venv/lib/python3.10/site-packages/numpy/fft) by extension 'python_setup_py'
[1.125s] Level 1:colcon.colcon_core.package_identification:_identify(venv/lib/python3.10/site-packages/numpy/fft/__pycache__) by extensions ['ignore', 'ignore_ament_install']
[1.126s] Level 1:colcon.colcon_core.package_identification:_identify(venv/lib/python3.10/site-packages/numpy/fft/__pycache__) by extension 'ignore'
[1.126s] Level 1:colcon.colcon_core.package_identification:_identify(venv/lib/python3.10/site-packages/numpy/fft/__pycache__) by extension 'ignore_ament_install'
[1.126s] Level 1:colcon.colcon_core.package_identification:_identify(venv/lib/python3.10/site-packages/numpy/fft/__pycache__) by extensions ['colcon_pkg']
[1.126s] Level 1:colcon.colcon_core.package_identification:_identify(venv/lib/python3.10/site-packages/numpy/fft/__pycache__) by extension 'colcon_pkg'
[1.126s] Level 1:colcon.colcon_core.package_identification:_identify(venv/lib/python3.10/site-packages/numpy/fft/__pycache__) by extensions ['colcon_meta']
[1.126s] Level 1:colcon.colcon_core.package_identification:_identify(venv/lib/python3.10/site-packages/numpy/fft/__pycache__) by extension 'colcon_meta'
[1.126s] Level 1:colcon.colcon_core.package_identification:_identify(venv/lib/python3.10/site-packages/numpy/fft/__pycache__) by extensions ['ros']
[1.126s] Level 1:colcon.colcon_core.package_identification:_identify(venv/lib/python3.10/site-packages/numpy/fft/__pycache__) by extension 'ros'
[1.126s] Level 1:colcon.colcon_core.package_identification:_identify(venv/lib/python3.10/site-packages/numpy/fft/__pycache__) by extensions ['cmake', 'python']
[1.126s] Level 1:colcon.colcon_core.package_identification:_identify(venv/lib/python3.10/site-packages/numpy/fft/__pycache__) by extension 'cmake'
[1.126s] Level 1:colcon.colcon_core.package_identification:_identify(venv/lib/python3.10/site-packages/numpy/fft/__pycache__) by extension 'python'
[1.126s] Level 1:colcon.colcon_core.package_identification:_identify(venv/lib/python3.10/site-packages/numpy/fft/__pycache__) by extensions ['python_setup_py']
[1.126s] Level 1:colcon.colcon_core.package_identification:_identify(venv/lib/python3.10/site-packages/numpy/fft/__pycache__) by extension 'python_setup_py'
[1.126s] Level 1:colcon.colcon_core.package_identification:_identify(venv/lib/python3.10/site-packages/numpy/fft/tests) by extensions ['ignore', 'ignore_ament_install']
[1.126s] Level 1:colcon.colcon_core.package_identification:_identify(venv/lib/python3.10/site-packages/numpy/fft/tests) by extension 'ignore'
[1.126s] Level 1:colcon.colcon_core.package_identification:_identify(venv/lib/python3.10/site-packages/numpy/fft/tests) by extension 'ignore_ament_install'
[1.126s] Level 1:colcon.colcon_core.package_identification:_identify(venv/lib/python3.10/site-packages/numpy/fft/tests) by extensions ['colcon_pkg']
[1.126s] Level 1:colcon.colcon_core.package_identification:_identify(venv/lib/python3.10/site-packages/numpy/fft/tests) by extension 'colcon_pkg'
[1.126s] Level 1:colcon.colcon_core.package_identification:_identify(venv/lib/python3.10/site-packages/numpy/fft/tests) by extensions ['colcon_meta']
[1.126s] Level 1:colcon.colcon_core.package_identification:_identify(venv/lib/python3.10/site-packages/numpy/fft/tests) by extension 'colcon_meta'
[1.126s] Level 1:colcon.colcon_core.package_identification:_identify(venv/lib/python3.10/site-packages/numpy/fft/tests) by extensions ['ros']
[1.126s] Level 1:colcon.colcon_core.package_identification:_identify(venv/lib/python3.10/site-packages/numpy/fft/tests) by extension 'ros'
[1.126s] Level 1:colcon.colcon_core.package_identification:_identify(venv/lib/python3.10/site-packages/numpy/fft/tests) by extensions ['cmake', 'python']
[1.126s] Level 1:colcon.colcon_core.package_identification:_identify(venv/lib/python3.10/site-packages/numpy/fft/tests) by extension 'cmake'
[1.126s] Level 1:colcon.colcon_core.package_identification:_identify(venv/lib/python3.10/site-packages/numpy/fft/tests) by extension 'python'
[1.126s] Level 1:colcon.colcon_core.package_identification:_identify(venv/lib/python3.10/site-packages/numpy/fft/tests) by extensions ['python_setup_py']
[1.126s] Level 1:colcon.colcon_core.package_identification:_identify(venv/lib/python3.10/site-packages/numpy/fft/tests) by extension 'python_setup_py'
[1.126s] Level 1:colcon.colcon_core.package_identification:_identify(venv/lib/python3.10/site-packages/numpy/fft/tests/__pycache__) by extensions ['ignore', 'ignore_ament_install']
[1.126s] Level 1:colcon.colcon_core.package_identification:_identify(venv/lib/python3.10/site-packages/numpy/fft/tests/__pycache__) by extension 'ignore'
[1.126s] Level 1:colcon.colcon_core.package_identification:_identify(venv/lib/python3.10/site-packages/numpy/fft/tests/__pycache__) by extension 'ignore_ament_install'
[1.126s] Level 1:colcon.colcon_core.package_identification:_identify(venv/lib/python3.10/site-packages/numpy/fft/tests/__pycache__) by extensions ['colcon_pkg']
[1.126s] Level 1:colcon.colcon_core.package_identification:_identify(venv/lib/python3.10/site-packages/numpy/fft/tests/__pycache__) by extension 'colcon_pkg'
[1.127s] Level 1:colcon.colcon_core.package_identification:_identify(venv/lib/python3.10/site-packages/numpy/fft/tests/__pycache__) by extensions ['colcon_meta']
[1.127s] Level 1:colcon.colcon_core.package_identification:_identify(venv/lib/python3.10/site-packages/numpy/fft/tests/__pycache__) by extension 'colcon_meta'
[1.127s] Level 1:colcon.colcon_core.package_identification:_identify(venv/lib/python3.10/site-packages/numpy/fft/tests/__pycache__) by extensions ['ros']
[1.127s] Level 1:colcon.colcon_core.package_identification:_identify(venv/lib/python3.10/site-packages/numpy/fft/tests/__pycache__) by extension 'ros'
[1.127s] Level 1:colcon.colcon_core.package_identification:_identify(venv/lib/python3.10/site-packages/numpy/fft/tests/__pycache__) by extensions ['cmake', 'python']
[1.127s] Level 1:colcon.colcon_core.package_identification:_identify(venv/lib/python3.10/site-packages/numpy/fft/tests/__pycache__) by extension 'cmake'
[1.127s] Level 1:colcon.colcon_core.package_identification:_identify(venv/lib/python3.10/site-packages/numpy/fft/tests/__pycache__) by extension 'python'
[1.127s] Level 1:colcon.colcon_core.package_identification:_identify(venv/lib/python3.10/site-packages/numpy/fft/tests/__pycache__) by extensions ['python_setup_py']
[1.127s] Level 1:colcon.colcon_core.package_identification:_identify(venv/lib/python3.10/site-packages/numpy/fft/tests/__pycache__) by extension 'python_setup_py'
[1.127s] Level 1:colcon.colcon_core.package_identification:_identify(venv/lib/python3.10/site-packages/numpy/lib) by extensions ['ignore', 'ignore_ament_install']
[1.127s] Level 1:colcon.colcon_core.package_identification:_identify(venv/lib/python3.10/site-packages/numpy/lib) by extension 'ignore'
[1.127s] Level 1:colcon.colcon_core.package_identification:_identify(venv/lib/python3.10/site-packages/numpy/lib) by extension 'ignore_ament_install'
[1.127s] Level 1:colcon.colcon_core.package_identification:_identify(venv/lib/python3.10/site-packages/numpy/lib) by extensions ['colcon_pkg']
[1.127s] Level 1:colcon.colcon_core.package_identification:_identify(venv/lib/python3.10/site-packages/numpy/lib) by extension 'colcon_pkg'
[1.127s] Level 1:colcon.colcon_core.package_identification:_identify(venv/lib/python3.10/site-packages/numpy/lib) by extensions ['colcon_meta']
[1.127s] Level 1:colcon.colcon_core.package_identification:_identify(venv/lib/python3.10/site-packages/numpy/lib) by extension 'colcon_meta'
[1.127s] Level 1:colcon.colcon_core.package_identification:_identify(venv/lib/python3.10/site-packages/numpy/lib) by extensions ['ros']
[1.127s] Level 1:colcon.colcon_core.package_identification:_identify(venv/lib/python3.10/site-packages/numpy/lib) by extension 'ros'
[1.127s] Level 1:colcon.colcon_core.package_identification:_identify(venv/lib/python3.10/site-packages/numpy/lib) by extensions ['cmake', 'python']
[1.127s] Level 1:colcon.colcon_core.package_identification:_identify(venv/lib/python3.10/site-packages/numpy/lib) by extension 'cmake'
[1.127s] Level 1:colcon.colcon_core.package_identification:_identify(venv/lib/python3.10/site-packages/numpy/lib) by extension 'python'
[1.127s] Level 1:colcon.colcon_core.package_identification:_identify(venv/lib/python3.10/site-packages/numpy/lib) by extensions ['python_setup_py']
[1.127s] Level 1:colcon.colcon_core.package_identification:_identify(venv/lib/python3.10/site-packages/numpy/lib) by extension 'python_setup_py'
[1.127s] Level 1:colcon.colcon_core.package_identification:_identify(venv/lib/python3.10/site-packages/numpy/lib/__pycache__) by extensions ['ignore', 'ignore_ament_install']
[1.127s] Level 1:colcon.colcon_core.package_identification:_identify(venv/lib/python3.10/site-packages/numpy/lib/__pycache__) by extension 'ignore'
[1.127s] Level 1:colcon.colcon_core.package_identification:_identify(venv/lib/python3.10/site-packages/numpy/lib/__pycache__) by extension 'ignore_ament_install'
[1.127s] Level 1:colcon.colcon_core.package_identification:_identify(venv/lib/python3.10/site-packages/numpy/lib/__pycache__) by extensions ['colcon_pkg']
[1.127s] Level 1:colcon.colcon_core.package_identification:_identify(venv/lib/python3.10/site-packages/numpy/lib/__pycache__) by extension 'colcon_pkg'
[1.127s] Level 1:colcon.colcon_core.package_identification:_identify(venv/lib/python3.10/site-packages/numpy/lib/__pycache__) by extensions ['colcon_meta']
[1.127s] Level 1:colcon.colcon_core.package_identification:_identify(venv/lib/python3.10/site-packages/numpy/lib/__pycache__) by extension 'colcon_meta'
[1.127s] Level 1:colcon.colcon_core.package_identification:_identify(venv/lib/python3.10/site-packages/numpy/lib/__pycache__) by extensions ['ros']
[1.128s] Level 1:colcon.colcon_core.package_identification:_identify(venv/lib/python3.10/site-packages/numpy/lib/__pycache__) by extension 'ros'
[1.128s] Level 1:colcon.colcon_core.package_identification:_identify(venv/lib/python3.10/site-packages/numpy/lib/__pycache__) by extensions ['cmake', 'python']
[1.128s] Level 1:colcon.colcon_core.package_identification:_identify(venv/lib/python3.10/site-packages/numpy/lib/__pycache__) by extension 'cmake'
[1.128s] Level 1:colcon.colcon_core.package_identification:_identify(venv/lib/python3.10/site-packages/numpy/lib/__pycache__) by extension 'python'
[1.128s] Level 1:colcon.colcon_core.package_identification:_identify(venv/lib/python3.10/site-packages/numpy/lib/__pycache__) by extensions ['python_setup_py']
[1.128s] Level 1:colcon.colcon_core.package_identification:_identify(venv/lib/python3.10/site-packages/numpy/lib/__pycache__) by extension 'python_setup_py'
[1.128s] Level 1:colcon.colcon_core.package_identification:_identify(venv/lib/python3.10/site-packages/numpy/lib/tests) by extensions ['ignore', 'ignore_ament_install']
[1.128s] Level 1:colcon.colcon_core.package_identification:_identify(venv/lib/python3.10/site-packages/numpy/lib/tests) by extension 'ignore'
[1.128s] Level 1:colcon.colcon_core.package_identification:_identify(venv/lib/python3.10/site-packages/numpy/lib/tests) by extension 'ignore_ament_install'
[1.128s] Level 1:colcon.colcon_core.package_identification:_identify(venv/lib/python3.10/site-packages/numpy/lib/tests) by extensions ['colcon_pkg']
[1.128s] Level 1:colcon.colcon_core.package_identification:_identify(venv/lib/python3.10/site-packages/numpy/lib/tests) by extension 'colcon_pkg'
[1.128s] Level 1:colcon.colcon_core.package_identification:_identify(venv/lib/python3.10/site-packages/numpy/lib/tests) by extensions ['colcon_meta']
[1.128s] Level 1:colcon.colcon_core.package_identification:_identify(venv/lib/python3.10/site-packages/numpy/lib/tests) by extension 'colcon_meta'
[1.128s] Level 1:colcon.colcon_core.package_identification:_identify(venv/lib/python3.10/site-packages/numpy/lib/tests) by extensions ['ros']
[1.128s] Level 1:colcon.colcon_core.package_identification:_identify(venv/lib/python3.10/site-packages/numpy/lib/tests) by extension 'ros'
[1.128s] Level 1:colcon.colcon_core.package_identification:_identify(venv/lib/python3.10/site-packages/numpy/lib/tests) by extensions ['cmake', 'python']
[1.128s] Level 1:colcon.colcon_core.package_identification:_identify(venv/lib/python3.10/site-packages/numpy/lib/tests) by extension 'cmake'
[1.128s] Level 1:colcon.colcon_core.package_identification:_identify(venv/lib/python3.10/site-packages/numpy/lib/tests) by extension 'python'
[1.128s] Level 1:colcon.colcon_core.package_identification:_identify(venv/lib/python3.10/site-packages/numpy/lib/tests) by extensions ['python_setup_py']
[1.128s] Level 1:colcon.colcon_core.package_identification:_identify(venv/lib/python3.10/site-packages/numpy/lib/tests) by extension 'python_setup_py'
[1.128s] Level 1:colcon.colcon_core.package_identification:_identify(venv/lib/python3.10/site-packages/numpy/lib/tests/__pycache__) by extensions ['ignore', 'ignore_ament_install']
[1.128s] Level 1:colcon.colcon_core.package_identification:_identify(venv/lib/python3.10/site-packages/numpy/lib/tests/__pycache__) by extension 'ignore'
[1.128s] Level 1:colcon.colcon_core.package_identification:_identify(venv/lib/python3.10/site-packages/numpy/lib/tests/__pycache__) by extension 'ignore_ament_install'
[1.128s] Level 1:colcon.colcon_core.package_identification:_identify(venv/lib/python3.10/site-packages/numpy/lib/tests/__pycache__) by extensions ['colcon_pkg']
[1.128s] Level 1:colcon.colcon_core.package_identification:_identify(venv/lib/python3.10/site-packages/numpy/lib/tests/__pycache__) by extension 'colcon_pkg'
[1.128s] Level 1:colcon.colcon_core.package_identification:_identify(venv/lib/python3.10/site-packages/numpy/lib/tests/__pycache__) by extensions ['colcon_meta']
[1.128s] Level 1:colcon.colcon_core.package_identification:_identify(venv/lib/python3.10/site-packages/numpy/lib/tests/__pycache__) by extension 'colcon_meta'
[1.128s] Level 1:colcon.colcon_core.package_identification:_identify(venv/lib/python3.10/site-packages/numpy/lib/tests/__pycache__) by extensions ['ros']
[1.128s] Level 1:colcon.colcon_core.package_identification:_identify(venv/lib/python3.10/site-packages/numpy/lib/tests/__pycache__) by extension 'ros'
[1.129s] Level 1:colcon.colcon_core.package_identification:_identify(venv/lib/python3.10/site-packages/numpy/lib/tests/__pycache__) by extensions ['cmake', 'python']
[1.129s] Level 1:colcon.colcon_core.package_identification:_identify(venv/lib/python3.10/site-packages/numpy/lib/tests/__pycache__) by extension 'cmake'
[1.129s] Level 1:colcon.colcon_core.package_identification:_identify(venv/lib/python3.10/site-packages/numpy/lib/tests/__pycache__) by extension 'python'
[1.129s] Level 1:colcon.colcon_core.package_identification:_identify(venv/lib/python3.10/site-packages/numpy/lib/tests/__pycache__) by extensions ['python_setup_py']
[1.129s] Level 1:colcon.colcon_core.package_identification:_identify(venv/lib/python3.10/site-packages/numpy/lib/tests/__pycache__) by extension 'python_setup_py'
[1.129s] Level 1:colcon.colcon_core.package_identification:_identify(venv/lib/python3.10/site-packages/numpy/lib/tests/data) by extensions ['ignore', 'ignore_ament_install']
[1.129s] Level 1:colcon.colcon_core.package_identification:_identify(venv/lib/python3.10/site-packages/numpy/lib/tests/data) by extension 'ignore'
[1.129s] Level 1:colcon.colcon_core.package_identification:_identify(venv/lib/python3.10/site-packages/numpy/lib/tests/data) by extension 'ignore_ament_install'
[1.129s] Level 1:colcon.colcon_core.package_identification:_identify(venv/lib/python3.10/site-packages/numpy/lib/tests/data) by extensions ['colcon_pkg']
[1.129s] Level 1:colcon.colcon_core.package_identification:_identify(venv/lib/python3.10/site-packages/numpy/lib/tests/data) by extension 'colcon_pkg'
[1.129s] Level 1:colcon.colcon_core.package_identification:_identify(venv/lib/python3.10/site-packages/numpy/lib/tests/data) by extensions ['colcon_meta']
[1.129s] Level 1:colcon.colcon_core.package_identification:_identify(venv/lib/python3.10/site-packages/numpy/lib/tests/data) by extension 'colcon_meta'
[1.129s] Level 1:colcon.colcon_core.package_identification:_identify(venv/lib/python3.10/site-packages/numpy/lib/tests/data) by extensions ['ros']
[1.129s] Level 1:colcon.colcon_core.package_identification:_identify(venv/lib/python3.10/site-packages/numpy/lib/tests/data) by extension 'ros'
[1.129s] Level 1:colcon.colcon_core.package_identification:_identify(venv/lib/python3.10/site-packages/numpy/lib/tests/data) by extensions ['cmake', 'python']
[1.129s] Level 1:colcon.colcon_core.package_identification:_identify(venv/lib/python3.10/site-packages/numpy/lib/tests/data) by extension 'cmake'
[1.129s] Level 1:colcon.colcon_core.package_identification:_identify(venv/lib/python3.10/site-packages/numpy/lib/tests/data) by extension 'python'
[1.129s] Level 1:colcon.colcon_core.package_identification:_identify(venv/lib/python3.10/site-packages/numpy/lib/tests/data) by extensions ['python_setup_py']
[1.129s] Level 1:colcon.colcon_core.package_identification:_identify(venv/lib/python3.10/site-packages/numpy/lib/tests/data) by extension 'python_setup_py'
[1.129s] Level 1:colcon.colcon_core.package_identification:_identify(venv/lib/python3.10/site-packages/numpy/linalg) by extensions ['ignore', 'ignore_ament_install']
[1.129s] Level 1:colcon.colcon_core.package_identification:_identify(venv/lib/python3.10/site-packages/numpy/linalg) by extension 'ignore'
[1.129s] Level 1:colcon.colcon_core.package_identification:_identify(venv/lib/python3.10/site-packages/numpy/linalg) by extension 'ignore_ament_install'
[1.129s] Level 1:colcon.colcon_core.package_identification:_identify(venv/lib/python3.10/site-packages/numpy/linalg) by extensions ['colcon_pkg']
[1.129s] Level 1:colcon.colcon_core.package_identification:_identify(venv/lib/python3.10/site-packages/numpy/linalg) by extension 'colcon_pkg'
[1.129s] Level 1:colcon.colcon_core.package_identification:_identify(venv/lib/python3.10/site-packages/numpy/linalg) by extensions ['colcon_meta']
[1.129s] Level 1:colcon.colcon_core.package_identification:_identify(venv/lib/python3.10/site-packages/numpy/linalg) by extension 'colcon_meta'
[1.129s] Level 1:colcon.colcon_core.package_identification:_identify(venv/lib/python3.10/site-packages/numpy/linalg) by extensions ['ros']
[1.129s] Level 1:colcon.colcon_core.package_identification:_identify(venv/lib/python3.10/site-packages/numpy/linalg) by extension 'ros'
[1.129s] Level 1:colcon.colcon_core.package_identification:_identify(venv/lib/python3.10/site-packages/numpy/linalg) by extensions ['cmake', 'python']
[1.129s] Level 1:colcon.colcon_core.package_identification:_identify(venv/lib/python3.10/site-packages/numpy/linalg) by extension 'cmake'
[1.129s] Level 1:colcon.colcon_core.package_identification:_identify(venv/lib/python3.10/site-packages/numpy/linalg) by extension 'python'
[1.129s] Level 1:colcon.colcon_core.package_identification:_identify(venv/lib/python3.10/site-packages/numpy/linalg) by extensions ['python_setup_py']
[1.129s] Level 1:colcon.colcon_core.package_identification:_identify(venv/lib/python3.10/site-packages/numpy/linalg) by extension 'python_setup_py'
[1.130s] Level 1:colcon.colcon_core.package_identification:_identify(venv/lib/python3.10/site-packages/numpy/linalg/__pycache__) by extensions ['ignore', 'ignore_ament_install']
[1.130s] Level 1:colcon.colcon_core.package_identification:_identify(venv/lib/python3.10/site-packages/numpy/linalg/__pycache__) by extension 'ignore'
[1.130s] Level 1:colcon.colcon_core.package_identification:_identify(venv/lib/python3.10/site-packages/numpy/linalg/__pycache__) by extension 'ignore_ament_install'
[1.130s] Level 1:colcon.colcon_core.package_identification:_identify(venv/lib/python3.10/site-packages/numpy/linalg/__pycache__) by extensions ['colcon_pkg']
[1.130s] Level 1:colcon.colcon_core.package_identification:_identify(venv/lib/python3.10/site-packages/numpy/linalg/__pycache__) by extension 'colcon_pkg'
[1.130s] Level 1:colcon.colcon_core.package_identification:_identify(venv/lib/python3.10/site-packages/numpy/linalg/__pycache__) by extensions ['colcon_meta']
[1.130s] Level 1:colcon.colcon_core.package_identification:_identify(venv/lib/python3.10/site-packages/numpy/linalg/__pycache__) by extension 'colcon_meta'
[1.130s] Level 1:colcon.colcon_core.package_identification:_identify(venv/lib/python3.10/site-packages/numpy/linalg/__pycache__) by extensions ['ros']
[1.130s] Level 1:colcon.colcon_core.package_identification:_identify(venv/lib/python3.10/site-packages/numpy/linalg/__pycache__) by extension 'ros'
[1.130s] Level 1:colcon.colcon_core.package_identification:_identify(venv/lib/python3.10/site-packages/numpy/linalg/__pycache__) by extensions ['cmake', 'python']
[1.130s] Level 1:colcon.colcon_core.package_identification:_identify(venv/lib/python3.10/site-packages/numpy/linalg/__pycache__) by extension 'cmake'
[1.130s] Level 1:colcon.colcon_core.package_identification:_identify(venv/lib/python3.10/site-packages/numpy/linalg/__pycache__) by extension 'python'
[1.130s] Level 1:colcon.colcon_core.package_identification:_identify(venv/lib/python3.10/site-packages/numpy/linalg/__pycache__) by extensions ['python_setup_py']
[1.130s] Level 1:colcon.colcon_core.package_identification:_identify(venv/lib/python3.10/site-packages/numpy/linalg/__pycache__) by extension 'python_setup_py'
[1.130s] Level 1:colcon.colcon_core.package_identification:_identify(venv/lib/python3.10/site-packages/numpy/linalg/tests) by extensions ['ignore', 'ignore_ament_install']
[1.130s] Level 1:colcon.colcon_core.package_identification:_identify(venv/lib/python3.10/site-packages/numpy/linalg/tests) by extension 'ignore'
[1.130s] Level 1:colcon.colcon_core.package_identification:_identify(venv/lib/python3.10/site-packages/numpy/linalg/tests) by extension 'ignore_ament_install'
[1.130s] Level 1:colcon.colcon_core.package_identification:_identify(venv/lib/python3.10/site-packages/numpy/linalg/tests) by extensions ['colcon_pkg']
[1.130s] Level 1:colcon.colcon_core.package_identification:_identify(venv/lib/python3.10/site-packages/numpy/linalg/tests) by extension 'colcon_pkg'
[1.130s] Level 1:colcon.colcon_core.package_identification:_identify(venv/lib/python3.10/site-packages/numpy/linalg/tests) by extensions ['colcon_meta']
[1.130s] Level 1:colcon.colcon_core.package_identification:_identify(venv/lib/python3.10/site-packages/numpy/linalg/tests) by extension 'colcon_meta'
[1.130s] Level 1:colcon.colcon_core.package_identification:_identify(venv/lib/python3.10/site-packages/numpy/linalg/tests) by extensions ['ros']
[1.130s] Level 1:colcon.colcon_core.package_identification:_identify(venv/lib/python3.10/site-packages/numpy/linalg/tests) by extension 'ros'
[1.130s] Level 1:colcon.colcon_core.package_identification:_identify(venv/lib/python3.10/site-packages/numpy/linalg/tests) by extensions ['cmake', 'python']
[1.130s] Level 1:colcon.colcon_core.package_identification:_identify(venv/lib/python3.10/site-packages/numpy/linalg/tests) by extension 'cmake'
[1.130s] Level 1:colcon.colcon_core.package_identification:_identify(venv/lib/python3.10/site-packages/numpy/linalg/tests) by extension 'python'
[1.130s] Level 1:colcon.colcon_core.package_identification:_identify(venv/lib/python3.10/site-packages/numpy/linalg/tests) by extensions ['python_setup_py']
[1.130s] Level 1:colcon.colcon_core.package_identification:_identify(venv/lib/python3.10/site-packages/numpy/linalg/tests) by extension 'python_setup_py'
[1.130s] Level 1:colcon.colcon_core.package_identification:_identify(venv/lib/python3.10/site-packages/numpy/linalg/tests/__pycache__) by extensions ['ignore', 'ignore_ament_install']
[1.130s] Level 1:colcon.colcon_core.package_identification:_identify(venv/lib/python3.10/site-packages/numpy/linalg/tests/__pycache__) by extension 'ignore'
[1.130s] Level 1:colcon.colcon_core.package_identification:_identify(venv/lib/python3.10/site-packages/numpy/linalg/tests/__pycache__) by extension 'ignore_ament_install'
[1.131s] Level 1:colcon.colcon_core.package_identification:_identify(venv/lib/python3.10/site-packages/numpy/linalg/tests/__pycache__) by extensions ['colcon_pkg']
[1.131s] Level 1:colcon.colcon_core.package_identification:_identify(venv/lib/python3.10/site-packages/numpy/linalg/tests/__pycache__) by extension 'colcon_pkg'
[1.131s] Level 1:colcon.colcon_core.package_identification:_identify(venv/lib/python3.10/site-packages/numpy/linalg/tests/__pycache__) by extensions ['colcon_meta']
[1.131s] Level 1:colcon.colcon_core.package_identification:_identify(venv/lib/python3.10/site-packages/numpy/linalg/tests/__pycache__) by extension 'colcon_meta'
[1.131s] Level 1:colcon.colcon_core.package_identification:_identify(venv/lib/python3.10/site-packages/numpy/linalg/tests/__pycache__) by extensions ['ros']
[1.131s] Level 1:colcon.colcon_core.package_identification:_identify(venv/lib/python3.10/site-packages/numpy/linalg/tests/__pycache__) by extension 'ros'
[1.131s] Level 1:colcon.colcon_core.package_identification:_identify(venv/lib/python3.10/site-packages/numpy/linalg/tests/__pycache__) by extensions ['cmake', 'python']
[1.131s] Level 1:colcon.colcon_core.package_identification:_identify(venv/lib/python3.10/site-packages/numpy/linalg/tests/__pycache__) by extension 'cmake'
[1.131s] Level 1:colcon.colcon_core.package_identification:_identify(venv/lib/python3.10/site-packages/numpy/linalg/tests/__pycache__) by extension 'python'
[1.131s] Level 1:colcon.colcon_core.package_identification:_identify(venv/lib/python3.10/site-packages/numpy/linalg/tests/__pycache__) by extensions ['python_setup_py']
[1.131s] Level 1:colcon.colcon_core.package_identification:_identify(venv/lib/python3.10/site-packages/numpy/linalg/tests/__pycache__) by extension 'python_setup_py'
[1.131s] Level 1:colcon.colcon_core.package_identification:_identify(venv/lib/python3.10/site-packages/numpy/ma) by extensions ['ignore', 'ignore_ament_install']
[1.131s] Level 1:colcon.colcon_core.package_identification:_identify(venv/lib/python3.10/site-packages/numpy/ma) by extension 'ignore'
[1.131s] Level 1:colcon.colcon_core.package_identification:_identify(venv/lib/python3.10/site-packages/numpy/ma) by extension 'ignore_ament_install'
[1.131s] Level 1:colcon.colcon_core.package_identification:_identify(venv/lib/python3.10/site-packages/numpy/ma) by extensions ['colcon_pkg']
[1.131s] Level 1:colcon.colcon_core.package_identification:_identify(venv/lib/python3.10/site-packages/numpy/ma) by extension 'colcon_pkg'
[1.131s] Level 1:colcon.colcon_core.package_identification:_identify(venv/lib/python3.10/site-packages/numpy/ma) by extensions ['colcon_meta']
[1.131s] Level 1:colcon.colcon_core.package_identification:_identify(venv/lib/python3.10/site-packages/numpy/ma) by extension 'colcon_meta'
[1.131s] Level 1:colcon.colcon_core.package_identification:_identify(venv/lib/python3.10/site-packages/numpy/ma) by extensions ['ros']
[1.131s] Level 1:colcon.colcon_core.package_identification:_identify(venv/lib/python3.10/site-packages/numpy/ma) by extension 'ros'
[1.131s] Level 1:colcon.colcon_core.package_identification:_identify(venv/lib/python3.10/site-packages/numpy/ma) by extensions ['cmake', 'python']
[1.131s] Level 1:colcon.colcon_core.package_identification:_identify(venv/lib/python3.10/site-packages/numpy/ma) by extension 'cmake'
[1.131s] Level 1:colcon.colcon_core.package_identification:_identify(venv/lib/python3.10/site-packages/numpy/ma) by extension 'python'
[1.131s] Level 1:colcon.colcon_core.package_identification:_identify(venv/lib/python3.10/site-packages/numpy/ma) by extensions ['python_setup_py']
[1.131s] Level 1:colcon.colcon_core.package_identification:_identify(venv/lib/python3.10/site-packages/numpy/ma) by extension 'python_setup_py'
[1.131s] Level 1:colcon.colcon_core.package_identification:_identify(venv/lib/python3.10/site-packages/numpy/ma/__pycache__) by extensions ['ignore', 'ignore_ament_install']
[1.131s] Level 1:colcon.colcon_core.package_identification:_identify(venv/lib/python3.10/site-packages/numpy/ma/__pycache__) by extension 'ignore'
[1.131s] Level 1:colcon.colcon_core.package_identification:_identify(venv/lib/python3.10/site-packages/numpy/ma/__pycache__) by extension 'ignore_ament_install'
[1.131s] Level 1:colcon.colcon_core.package_identification:_identify(venv/lib/python3.10/site-packages/numpy/ma/__pycache__) by extensions ['colcon_pkg']
[1.131s] Level 1:colcon.colcon_core.package_identification:_identify(venv/lib/python3.10/site-packages/numpy/ma/__pycache__) by extension 'colcon_pkg'
[1.131s] Level 1:colcon.colcon_core.package_identification:_identify(venv/lib/python3.10/site-packages/numpy/ma/__pycache__) by extensions ['colcon_meta']
[1.131s] Level 1:colcon.colcon_core.package_identification:_identify(venv/lib/python3.10/site-packages/numpy/ma/__pycache__) by extension 'colcon_meta'
[1.131s] Level 1:colcon.colcon_core.package_identification:_identify(venv/lib/python3.10/site-packages/numpy/ma/__pycache__) by extensions ['ros']
[1.131s] Level 1:colcon.colcon_core.package_identification:_identify(venv/lib/python3.10/site-packages/numpy/ma/__pycache__) by extension 'ros'
[1.132s] Level 1:colcon.colcon_core.package_identification:_identify(venv/lib/python3.10/site-packages/numpy/ma/__pycache__) by extensions ['cmake', 'python']
[1.132s] Level 1:colcon.colcon_core.package_identification:_identify(venv/lib/python3.10/site-packages/numpy/ma/__pycache__) by extension 'cmake'
[1.132s] Level 1:colcon.colcon_core.package_identification:_identify(venv/lib/python3.10/site-packages/numpy/ma/__pycache__) by extension 'python'
[1.132s] Level 1:colcon.colcon_core.package_identification:_identify(venv/lib/python3.10/site-packages/numpy/ma/__pycache__) by extensions ['python_setup_py']
[1.132s] Level 1:colcon.colcon_core.package_identification:_identify(venv/lib/python3.10/site-packages/numpy/ma/__pycache__) by extension 'python_setup_py'
[1.132s] Level 1:colcon.colcon_core.package_identification:_identify(venv/lib/python3.10/site-packages/numpy/ma/tests) by extensions ['ignore', 'ignore_ament_install']
[1.132s] Level 1:colcon.colcon_core.package_identification:_identify(venv/lib/python3.10/site-packages/numpy/ma/tests) by extension 'ignore'
[1.132s] Level 1:colcon.colcon_core.package_identification:_identify(venv/lib/python3.10/site-packages/numpy/ma/tests) by extension 'ignore_ament_install'
[1.132s] Level 1:colcon.colcon_core.package_identification:_identify(venv/lib/python3.10/site-packages/numpy/ma/tests) by extensions ['colcon_pkg']
[1.132s] Level 1:colcon.colcon_core.package_identification:_identify(venv/lib/python3.10/site-packages/numpy/ma/tests) by extension 'colcon_pkg'
[1.132s] Level 1:colcon.colcon_core.package_identification:_identify(venv/lib/python3.10/site-packages/numpy/ma/tests) by extensions ['colcon_meta']
[1.132s] Level 1:colcon.colcon_core.package_identification:_identify(venv/lib/python3.10/site-packages/numpy/ma/tests) by extension 'colcon_meta'
[1.132s] Level 1:colcon.colcon_core.package_identification:_identify(venv/lib/python3.10/site-packages/numpy/ma/tests) by extensions ['ros']
[1.132s] Level 1:colcon.colcon_core.package_identification:_identify(venv/lib/python3.10/site-packages/numpy/ma/tests) by extension 'ros'
[1.132s] Level 1:colcon.colcon_core.package_identification:_identify(venv/lib/python3.10/site-packages/numpy/ma/tests) by extensions ['cmake', 'python']
[1.132s] Level 1:colcon.colcon_core.package_identification:_identify(venv/lib/python3.10/site-packages/numpy/ma/tests) by extension 'cmake'
[1.132s] Level 1:colcon.colcon_core.package_identification:_identify(venv/lib/python3.10/site-packages/numpy/ma/tests) by extension 'python'
[1.132s] Level 1:colcon.colcon_core.package_identification:_identify(venv/lib/python3.10/site-packages/numpy/ma/tests) by extensions ['python_setup_py']
[1.132s] Level 1:colcon.colcon_core.package_identification:_identify(venv/lib/python3.10/site-packages/numpy/ma/tests) by extension 'python_setup_py'
[1.132s] Level 1:colcon.colcon_core.package_identification:_identify(venv/lib/python3.10/site-packages/numpy/ma/tests/__pycache__) by extensions ['ignore', 'ignore_ament_install']
[1.132s] Level 1:colcon.colcon_core.package_identification:_identify(venv/lib/python3.10/site-packages/numpy/ma/tests/__pycache__) by extension 'ignore'
[1.132s] Level 1:colcon.colcon_core.package_identification:_identify(venv/lib/python3.10/site-packages/numpy/ma/tests/__pycache__) by extension 'ignore_ament_install'
[1.132s] Level 1:colcon.colcon_core.package_identification:_identify(venv/lib/python3.10/site-packages/numpy/ma/tests/__pycache__) by extensions ['colcon_pkg']
[1.132s] Level 1:colcon.colcon_core.package_identification:_identify(venv/lib/python3.10/site-packages/numpy/ma/tests/__pycache__) by extension 'colcon_pkg'
[1.132s] Level 1:colcon.colcon_core.package_identification:_identify(venv/lib/python3.10/site-packages/numpy/ma/tests/__pycache__) by extensions ['colcon_meta']
[1.132s] Level 1:colcon.colcon_core.package_identification:_identify(venv/lib/python3.10/site-packages/numpy/ma/tests/__pycache__) by extension 'colcon_meta'
[1.132s] Level 1:colcon.colcon_core.package_identification:_identify(venv/lib/python3.10/site-packages/numpy/ma/tests/__pycache__) by extensions ['ros']
[1.132s] Level 1:colcon.colcon_core.package_identification:_identify(venv/lib/python3.10/site-packages/numpy/ma/tests/__pycache__) by extension 'ros'
[1.132s] Level 1:colcon.colcon_core.package_identification:_identify(venv/lib/python3.10/site-packages/numpy/ma/tests/__pycache__) by extensions ['cmake', 'python']
[1.132s] Level 1:colcon.colcon_core.package_identification:_identify(venv/lib/python3.10/site-packages/numpy/ma/tests/__pycache__) by extension 'cmake'
[1.132s] Level 1:colcon.colcon_core.package_identification:_identify(venv/lib/python3.10/site-packages/numpy/ma/tests/__pycache__) by extension 'python'
[1.132s] Level 1:colcon.colcon_core.package_identification:_identify(venv/lib/python3.10/site-packages/numpy/ma/tests/__pycache__) by extensions ['python_setup_py']
[1.132s] Level 1:colcon.colcon_core.package_identification:_identify(venv/lib/python3.10/site-packages/numpy/ma/tests/__pycache__) by extension 'python_setup_py'
[1.133s] Level 1:colcon.colcon_core.package_identification:_identify(venv/lib/python3.10/site-packages/numpy/matrixlib) by extensions ['ignore', 'ignore_ament_install']
[1.133s] Level 1:colcon.colcon_core.package_identification:_identify(venv/lib/python3.10/site-packages/numpy/matrixlib) by extension 'ignore'
[1.133s] Level 1:colcon.colcon_core.package_identification:_identify(venv/lib/python3.10/site-packages/numpy/matrixlib) by extension 'ignore_ament_install'
[1.133s] Level 1:colcon.colcon_core.package_identification:_identify(venv/lib/python3.10/site-packages/numpy/matrixlib) by extensions ['colcon_pkg']
[1.133s] Level 1:colcon.colcon_core.package_identification:_identify(venv/lib/python3.10/site-packages/numpy/matrixlib) by extension 'colcon_pkg'
[1.133s] Level 1:colcon.colcon_core.package_identification:_identify(venv/lib/python3.10/site-packages/numpy/matrixlib) by extensions ['colcon_meta']
[1.133s] Level 1:colcon.colcon_core.package_identification:_identify(venv/lib/python3.10/site-packages/numpy/matrixlib) by extension 'colcon_meta'
[1.133s] Level 1:colcon.colcon_core.package_identification:_identify(venv/lib/python3.10/site-packages/numpy/matrixlib) by extensions ['ros']
[1.133s] Level 1:colcon.colcon_core.package_identification:_identify(venv/lib/python3.10/site-packages/numpy/matrixlib) by extension 'ros'
[1.133s] Level 1:colcon.colcon_core.package_identification:_identify(venv/lib/python3.10/site-packages/numpy/matrixlib) by extensions ['cmake', 'python']
[1.133s] Level 1:colcon.colcon_core.package_identification:_identify(venv/lib/python3.10/site-packages/numpy/matrixlib) by extension 'cmake'
[1.133s] Level 1:colcon.colcon_core.package_identification:_identify(venv/lib/python3.10/site-packages/numpy/matrixlib) by extension 'python'
[1.133s] Level 1:colcon.colcon_core.package_identification:_identify(venv/lib/python3.10/site-packages/numpy/matrixlib) by extensions ['python_setup_py']
[1.133s] Level 1:colcon.colcon_core.package_identification:_identify(venv/lib/python3.10/site-packages/numpy/matrixlib) by extension 'python_setup_py'
[1.133s] Level 1:colcon.colcon_core.package_identification:_identify(venv/lib/python3.10/site-packages/numpy/matrixlib/__pycache__) by extensions ['ignore', 'ignore_ament_install']
[1.133s] Level 1:colcon.colcon_core.package_identification:_identify(venv/lib/python3.10/site-packages/numpy/matrixlib/__pycache__) by extension 'ignore'
[1.133s] Level 1:colcon.colcon_core.package_identification:_identify(venv/lib/python3.10/site-packages/numpy/matrixlib/__pycache__) by extension 'ignore_ament_install'
[1.133s] Level 1:colcon.colcon_core.package_identification:_identify(venv/lib/python3.10/site-packages/numpy/matrixlib/__pycache__) by extensions ['colcon_pkg']
[1.133s] Level 1:colcon.colcon_core.package_identification:_identify(venv/lib/python3.10/site-packages/numpy/matrixlib/__pycache__) by extension 'colcon_pkg'
[1.133s] Level 1:colcon.colcon_core.package_identification:_identify(venv/lib/python3.10/site-packages/numpy/matrixlib/__pycache__) by extensions ['colcon_meta']
[1.133s] Level 1:colcon.colcon_core.package_identification:_identify(venv/lib/python3.10/site-packages/numpy/matrixlib/__pycache__) by extension 'colcon_meta'
[1.133s] Level 1:colcon.colcon_core.package_identification:_identify(venv/lib/python3.10/site-packages/numpy/matrixlib/__pycache__) by extensions ['ros']
[1.133s] Level 1:colcon.colcon_core.package_identification:_identify(venv/lib/python3.10/site-packages/numpy/matrixlib/__pycache__) by extension 'ros'
[1.133s] Level 1:colcon.colcon_core.package_identification:_identify(venv/lib/python3.10/site-packages/numpy/matrixlib/__pycache__) by extensions ['cmake', 'python']
[1.133s] Level 1:colcon.colcon_core.package_identification:_identify(venv/lib/python3.10/site-packages/numpy/matrixlib/__pycache__) by extension 'cmake'
[1.133s] Level 1:colcon.colcon_core.package_identification:_identify(venv/lib/python3.10/site-packages/numpy/matrixlib/__pycache__) by extension 'python'
[1.133s] Level 1:colcon.colcon_core.package_identification:_identify(venv/lib/python3.10/site-packages/numpy/matrixlib/__pycache__) by extensions ['python_setup_py']
[1.133s] Level 1:colcon.colcon_core.package_identification:_identify(venv/lib/python3.10/site-packages/numpy/matrixlib/__pycache__) by extension 'python_setup_py'
[1.133s] Level 1:colcon.colcon_core.package_identification:_identify(venv/lib/python3.10/site-packages/numpy/matrixlib/tests) by extensions ['ignore', 'ignore_ament_install']
[1.133s] Level 1:colcon.colcon_core.package_identification:_identify(venv/lib/python3.10/site-packages/numpy/matrixlib/tests) by extension 'ignore'
[1.133s] Level 1:colcon.colcon_core.package_identification:_identify(venv/lib/python3.10/site-packages/numpy/matrixlib/tests) by extension 'ignore_ament_install'
[1.133s] Level 1:colcon.colcon_core.package_identification:_identify(venv/lib/python3.10/site-packages/numpy/matrixlib/tests) by extensions ['colcon_pkg']
[1.133s] Level 1:colcon.colcon_core.package_identification:_identify(venv/lib/python3.10/site-packages/numpy/matrixlib/tests) by extension 'colcon_pkg'
[1.134s] Level 1:colcon.colcon_core.package_identification:_identify(venv/lib/python3.10/site-packages/numpy/matrixlib/tests) by extensions ['colcon_meta']
[1.134s] Level 1:colcon.colcon_core.package_identification:_identify(venv/lib/python3.10/site-packages/numpy/matrixlib/tests) by extension 'colcon_meta'
[1.134s] Level 1:colcon.colcon_core.package_identification:_identify(venv/lib/python3.10/site-packages/numpy/matrixlib/tests) by extensions ['ros']
[1.134s] Level 1:colcon.colcon_core.package_identification:_identify(venv/lib/python3.10/site-packages/numpy/matrixlib/tests) by extension 'ros'
[1.134s] Level 1:colcon.colcon_core.package_identification:_identify(venv/lib/python3.10/site-packages/numpy/matrixlib/tests) by extensions ['cmake', 'python']
[1.134s] Level 1:colcon.colcon_core.package_identification:_identify(venv/lib/python3.10/site-packages/numpy/matrixlib/tests) by extension 'cmake'
[1.134s] Level 1:colcon.colcon_core.package_identification:_identify(venv/lib/python3.10/site-packages/numpy/matrixlib/tests) by extension 'python'
[1.134s] Level 1:colcon.colcon_core.package_identification:_identify(venv/lib/python3.10/site-packages/numpy/matrixlib/tests) by extensions ['python_setup_py']
[1.134s] Level 1:colcon.colcon_core.package_identification:_identify(venv/lib/python3.10/site-packages/numpy/matrixlib/tests) by extension 'python_setup_py'
[1.134s] Level 1:colcon.colcon_core.package_identification:_identify(venv/lib/python3.10/site-packages/numpy/matrixlib/tests/__pycache__) by extensions ['ignore', 'ignore_ament_install']
[1.134s] Level 1:colcon.colcon_core.package_identification:_identify(venv/lib/python3.10/site-packages/numpy/matrixlib/tests/__pycache__) by extension 'ignore'
[1.134s] Level 1:colcon.colcon_core.package_identification:_identify(venv/lib/python3.10/site-packages/numpy/matrixlib/tests/__pycache__) by extension 'ignore_ament_install'
[1.134s] Level 1:colcon.colcon_core.package_identification:_identify(venv/lib/python3.10/site-packages/numpy/matrixlib/tests/__pycache__) by extensions ['colcon_pkg']
[1.134s] Level 1:colcon.colcon_core.package_identification:_identify(venv/lib/python3.10/site-packages/numpy/matrixlib/tests/__pycache__) by extension 'colcon_pkg'
[1.134s] Level 1:colcon.colcon_core.package_identification:_identify(venv/lib/python3.10/site-packages/numpy/matrixlib/tests/__pycache__) by extensions ['colcon_meta']
[1.134s] Level 1:colcon.colcon_core.package_identification:_identify(venv/lib/python3.10/site-packages/numpy/matrixlib/tests/__pycache__) by extension 'colcon_meta'
[1.134s] Level 1:colcon.colcon_core.package_identification:_identify(venv/lib/python3.10/site-packages/numpy/matrixlib/tests/__pycache__) by extensions ['ros']
[1.134s] Level 1:colcon.colcon_core.package_identification:_identify(venv/lib/python3.10/site-packages/numpy/matrixlib/tests/__pycache__) by extension 'ros'
[1.134s] Level 1:colcon.colcon_core.package_identification:_identify(venv/lib/python3.10/site-packages/numpy/matrixlib/tests/__pycache__) by extensions ['cmake', 'python']
[1.134s] Level 1:colcon.colcon_core.package_identification:_identify(venv/lib/python3.10/site-packages/numpy/matrixlib/tests/__pycache__) by extension 'cmake'
[1.134s] Level 1:colcon.colcon_core.package_identification:_identify(venv/lib/python3.10/site-packages/numpy/matrixlib/tests/__pycache__) by extension 'python'
[1.134s] Level 1:colcon.colcon_core.package_identification:_identify(venv/lib/python3.10/site-packages/numpy/matrixlib/tests/__pycache__) by extensions ['python_setup_py']
[1.134s] Level 1:colcon.colcon_core.package_identification:_identify(venv/lib/python3.10/site-packages/numpy/matrixlib/tests/__pycache__) by extension 'python_setup_py'
[1.134s] Level 1:colcon.colcon_core.package_identification:_identify(venv/lib/python3.10/site-packages/numpy/polynomial) by extensions ['ignore', 'ignore_ament_install']
[1.134s] Level 1:colcon.colcon_core.package_identification:_identify(venv/lib/python3.10/site-packages/numpy/polynomial) by extension 'ignore'
[1.134s] Level 1:colcon.colcon_core.package_identification:_identify(venv/lib/python3.10/site-packages/numpy/polynomial) by extension 'ignore_ament_install'
[1.134s] Level 1:colcon.colcon_core.package_identification:_identify(venv/lib/python3.10/site-packages/numpy/polynomial) by extensions ['colcon_pkg']
[1.134s] Level 1:colcon.colcon_core.package_identification:_identify(venv/lib/python3.10/site-packages/numpy/polynomial) by extension 'colcon_pkg'
[1.134s] Level 1:colcon.colcon_core.package_identification:_identify(venv/lib/python3.10/site-packages/numpy/polynomial) by extensions ['colcon_meta']
[1.134s] Level 1:colcon.colcon_core.package_identification:_identify(venv/lib/python3.10/site-packages/numpy/polynomial) by extension 'colcon_meta'
[1.134s] Level 1:colcon.colcon_core.package_identification:_identify(venv/lib/python3.10/site-packages/numpy/polynomial) by extensions ['ros']
[1.134s] Level 1:colcon.colcon_core.package_identification:_identify(venv/lib/python3.10/site-packages/numpy/polynomial) by extension 'ros'
[1.134s] Level 1:colcon.colcon_core.package_identification:_identify(venv/lib/python3.10/site-packages/numpy/polynomial) by extensions ['cmake', 'python']
[1.134s] Level 1:colcon.colcon_core.package_identification:_identify(venv/lib/python3.10/site-packages/numpy/polynomial) by extension 'cmake'
[1.135s] Level 1:colcon.colcon_core.package_identification:_identify(venv/lib/python3.10/site-packages/numpy/polynomial) by extension 'python'
[1.135s] Level 1:colcon.colcon_core.package_identification:_identify(venv/lib/python3.10/site-packages/numpy/polynomial) by extensions ['python_setup_py']
[1.135s] Level 1:colcon.colcon_core.package_identification:_identify(venv/lib/python3.10/site-packages/numpy/polynomial) by extension 'python_setup_py'
[1.135s] Level 1:colcon.colcon_core.package_identification:_identify(venv/lib/python3.10/site-packages/numpy/polynomial/__pycache__) by extensions ['ignore', 'ignore_ament_install']
[1.135s] Level 1:colcon.colcon_core.package_identification:_identify(venv/lib/python3.10/site-packages/numpy/polynomial/__pycache__) by extension 'ignore'
[1.135s] Level 1:colcon.colcon_core.package_identification:_identify(venv/lib/python3.10/site-packages/numpy/polynomial/__pycache__) by extension 'ignore_ament_install'
[1.135s] Level 1:colcon.colcon_core.package_identification:_identify(venv/lib/python3.10/site-packages/numpy/polynomial/__pycache__) by extensions ['colcon_pkg']
[1.135s] Level 1:colcon.colcon_core.package_identification:_identify(venv/lib/python3.10/site-packages/numpy/polynomial/__pycache__) by extension 'colcon_pkg'
[1.135s] Level 1:colcon.colcon_core.package_identification:_identify(venv/lib/python3.10/site-packages/numpy/polynomial/__pycache__) by extensions ['colcon_meta']
[1.135s] Level 1:colcon.colcon_core.package_identification:_identify(venv/lib/python3.10/site-packages/numpy/polynomial/__pycache__) by extension 'colcon_meta'
[1.135s] Level 1:colcon.colcon_core.package_identification:_identify(venv/lib/python3.10/site-packages/numpy/polynomial/__pycache__) by extensions ['ros']
[1.135s] Level 1:colcon.colcon_core.package_identification:_identify(venv/lib/python3.10/site-packages/numpy/polynomial/__pycache__) by extension 'ros'
[1.135s] Level 1:colcon.colcon_core.package_identification:_identify(venv/lib/python3.10/site-packages/numpy/polynomial/__pycache__) by extensions ['cmake', 'python']
[1.135s] Level 1:colcon.colcon_core.package_identification:_identify(venv/lib/python3.10/site-packages/numpy/polynomial/__pycache__) by extension 'cmake'
[1.135s] Level 1:colcon.colcon_core.package_identification:_identify(venv/lib/python3.10/site-packages/numpy/polynomial/__pycache__) by extension 'python'
[1.135s] Level 1:colcon.colcon_core.package_identification:_identify(venv/lib/python3.10/site-packages/numpy/polynomial/__pycache__) by extensions ['python_setup_py']
[1.135s] Level 1:colcon.colcon_core.package_identification:_identify(venv/lib/python3.10/site-packages/numpy/polynomial/__pycache__) by extension 'python_setup_py'
[1.135s] Level 1:colcon.colcon_core.package_identification:_identify(venv/lib/python3.10/site-packages/numpy/polynomial/tests) by extensions ['ignore', 'ignore_ament_install']
[1.135s] Level 1:colcon.colcon_core.package_identification:_identify(venv/lib/python3.10/site-packages/numpy/polynomial/tests) by extension 'ignore'
[1.135s] Level 1:colcon.colcon_core.package_identification:_identify(venv/lib/python3.10/site-packages/numpy/polynomial/tests) by extension 'ignore_ament_install'
[1.135s] Level 1:colcon.colcon_core.package_identification:_identify(venv/lib/python3.10/site-packages/numpy/polynomial/tests) by extensions ['colcon_pkg']
[1.135s] Level 1:colcon.colcon_core.package_identification:_identify(venv/lib/python3.10/site-packages/numpy/polynomial/tests) by extension 'colcon_pkg'
[1.135s] Level 1:colcon.colcon_core.package_identification:_identify(venv/lib/python3.10/site-packages/numpy/polynomial/tests) by extensions ['colcon_meta']
[1.135s] Level 1:colcon.colcon_core.package_identification:_identify(venv/lib/python3.10/site-packages/numpy/polynomial/tests) by extension 'colcon_meta'
[1.135s] Level 1:colcon.colcon_core.package_identification:_identify(venv/lib/python3.10/site-packages/numpy/polynomial/tests) by extensions ['ros']
[1.135s] Level 1:colcon.colcon_core.package_identification:_identify(venv/lib/python3.10/site-packages/numpy/polynomial/tests) by extension 'ros'
[1.135s] Level 1:colcon.colcon_core.package_identification:_identify(venv/lib/python3.10/site-packages/numpy/polynomial/tests) by extensions ['cmake', 'python']
[1.135s] Level 1:colcon.colcon_core.package_identification:_identify(venv/lib/python3.10/site-packages/numpy/polynomial/tests) by extension 'cmake'
[1.135s] Level 1:colcon.colcon_core.package_identification:_identify(venv/lib/python3.10/site-packages/numpy/polynomial/tests) by extension 'python'
[1.135s] Level 1:colcon.colcon_core.package_identification:_identify(venv/lib/python3.10/site-packages/numpy/polynomial/tests) by extensions ['python_setup_py']
[1.135s] Level 1:colcon.colcon_core.package_identification:_identify(venv/lib/python3.10/site-packages/numpy/polynomial/tests) by extension 'python_setup_py'
[1.135s] Level 1:colcon.colcon_core.package_identification:_identify(venv/lib/python3.10/site-packages/numpy/polynomial/tests/__pycache__) by extensions ['ignore', 'ignore_ament_install']
[1.135s] Level 1:colcon.colcon_core.package_identification:_identify(venv/lib/python3.10/site-packages/numpy/polynomial/tests/__pycache__) by extension 'ignore'
[1.136s] Level 1:colcon.colcon_core.package_identification:_identify(venv/lib/python3.10/site-packages/numpy/polynomial/tests/__pycache__) by extension 'ignore_ament_install'
[1.136s] Level 1:colcon.colcon_core.package_identification:_identify(venv/lib/python3.10/site-packages/numpy/polynomial/tests/__pycache__) by extensions ['colcon_pkg']
[1.136s] Level 1:colcon.colcon_core.package_identification:_identify(venv/lib/python3.10/site-packages/numpy/polynomial/tests/__pycache__) by extension 'colcon_pkg'
[1.136s] Level 1:colcon.colcon_core.package_identification:_identify(venv/lib/python3.10/site-packages/numpy/polynomial/tests/__pycache__) by extensions ['colcon_meta']
[1.136s] Level 1:colcon.colcon_core.package_identification:_identify(venv/lib/python3.10/site-packages/numpy/polynomial/tests/__pycache__) by extension 'colcon_meta'
[1.136s] Level 1:colcon.colcon_core.package_identification:_identify(venv/lib/python3.10/site-packages/numpy/polynomial/tests/__pycache__) by extensions ['ros']
[1.136s] Level 1:colcon.colcon_core.package_identification:_identify(venv/lib/python3.10/site-packages/numpy/polynomial/tests/__pycache__) by extension 'ros'
[1.136s] Level 1:colcon.colcon_core.package_identification:_identify(venv/lib/python3.10/site-packages/numpy/polynomial/tests/__pycache__) by extensions ['cmake', 'python']
[1.136s] Level 1:colcon.colcon_core.package_identification:_identify(venv/lib/python3.10/site-packages/numpy/polynomial/tests/__pycache__) by extension 'cmake'
[1.136s] Level 1:colcon.colcon_core.package_identification:_identify(venv/lib/python3.10/site-packages/numpy/polynomial/tests/__pycache__) by extension 'python'
[1.136s] Level 1:colcon.colcon_core.package_identification:_identify(venv/lib/python3.10/site-packages/numpy/polynomial/tests/__pycache__) by extensions ['python_setup_py']
[1.136s] Level 1:colcon.colcon_core.package_identification:_identify(venv/lib/python3.10/site-packages/numpy/polynomial/tests/__pycache__) by extension 'python_setup_py'
[1.136s] Level 1:colcon.colcon_core.package_identification:_identify(venv/lib/python3.10/site-packages/numpy/random) by extensions ['ignore', 'ignore_ament_install']
[1.136s] Level 1:colcon.colcon_core.package_identification:_identify(venv/lib/python3.10/site-packages/numpy/random) by extension 'ignore'
[1.136s] Level 1:colcon.colcon_core.package_identification:_identify(venv/lib/python3.10/site-packages/numpy/random) by extension 'ignore_ament_install'
[1.136s] Level 1:colcon.colcon_core.package_identification:_identify(venv/lib/python3.10/site-packages/numpy/random) by extensions ['colcon_pkg']
[1.136s] Level 1:colcon.colcon_core.package_identification:_identify(venv/lib/python3.10/site-packages/numpy/random) by extension 'colcon_pkg'
[1.136s] Level 1:colcon.colcon_core.package_identification:_identify(venv/lib/python3.10/site-packages/numpy/random) by extensions ['colcon_meta']
[1.136s] Level 1:colcon.colcon_core.package_identification:_identify(venv/lib/python3.10/site-packages/numpy/random) by extension 'colcon_meta'
[1.136s] Level 1:colcon.colcon_core.package_identification:_identify(venv/lib/python3.10/site-packages/numpy/random) by extensions ['ros']
[1.136s] Level 1:colcon.colcon_core.package_identification:_identify(venv/lib/python3.10/site-packages/numpy/random) by extension 'ros'
[1.136s] Level 1:colcon.colcon_core.package_identification:_identify(venv/lib/python3.10/site-packages/numpy/random) by extensions ['cmake', 'python']
[1.136s] Level 1:colcon.colcon_core.package_identification:_identify(venv/lib/python3.10/site-packages/numpy/random) by extension 'cmake'
[1.136s] Level 1:colcon.colcon_core.package_identification:_identify(venv/lib/python3.10/site-packages/numpy/random) by extension 'python'
[1.136s] Level 1:colcon.colcon_core.package_identification:_identify(venv/lib/python3.10/site-packages/numpy/random) by extensions ['python_setup_py']
[1.136s] Level 1:colcon.colcon_core.package_identification:_identify(venv/lib/python3.10/site-packages/numpy/random) by extension 'python_setup_py'
[1.136s] Level 1:colcon.colcon_core.package_identification:_identify(venv/lib/python3.10/site-packages/numpy/random/__pycache__) by extensions ['ignore', 'ignore_ament_install']
[1.136s] Level 1:colcon.colcon_core.package_identification:_identify(venv/lib/python3.10/site-packages/numpy/random/__pycache__) by extension 'ignore'
[1.136s] Level 1:colcon.colcon_core.package_identification:_identify(venv/lib/python3.10/site-packages/numpy/random/__pycache__) by extension 'ignore_ament_install'
[1.136s] Level 1:colcon.colcon_core.package_identification:_identify(venv/lib/python3.10/site-packages/numpy/random/__pycache__) by extensions ['colcon_pkg']
[1.136s] Level 1:colcon.colcon_core.package_identification:_identify(venv/lib/python3.10/site-packages/numpy/random/__pycache__) by extension 'colcon_pkg'
[1.136s] Level 1:colcon.colcon_core.package_identification:_identify(venv/lib/python3.10/site-packages/numpy/random/__pycache__) by extensions ['colcon_meta']
[1.136s] Level 1:colcon.colcon_core.package_identification:_identify(venv/lib/python3.10/site-packages/numpy/random/__pycache__) by extension 'colcon_meta'
[1.136s] Level 1:colcon.colcon_core.package_identification:_identify(venv/lib/python3.10/site-packages/numpy/random/__pycache__) by extensions ['ros']
[1.137s] Level 1:colcon.colcon_core.package_identification:_identify(venv/lib/python3.10/site-packages/numpy/random/__pycache__) by extension 'ros'
[1.137s] Level 1:colcon.colcon_core.package_identification:_identify(venv/lib/python3.10/site-packages/numpy/random/__pycache__) by extensions ['cmake', 'python']
[1.137s] Level 1:colcon.colcon_core.package_identification:_identify(venv/lib/python3.10/site-packages/numpy/random/__pycache__) by extension 'cmake'
[1.137s] Level 1:colcon.colcon_core.package_identification:_identify(venv/lib/python3.10/site-packages/numpy/random/__pycache__) by extension 'python'
[1.137s] Level 1:colcon.colcon_core.package_identification:_identify(venv/lib/python3.10/site-packages/numpy/random/__pycache__) by extensions ['python_setup_py']
[1.137s] Level 1:colcon.colcon_core.package_identification:_identify(venv/lib/python3.10/site-packages/numpy/random/__pycache__) by extension 'python_setup_py'
[1.137s] Level 1:colcon.colcon_core.package_identification:_identify(venv/lib/python3.10/site-packages/numpy/random/_examples) by extensions ['ignore', 'ignore_ament_install']
[1.137s] Level 1:colcon.colcon_core.package_identification:_identify(venv/lib/python3.10/site-packages/numpy/random/_examples) by extension 'ignore'
[1.137s] Level 1:colcon.colcon_core.package_identification:_identify(venv/lib/python3.10/site-packages/numpy/random/_examples) by extension 'ignore_ament_install'
[1.137s] Level 1:colcon.colcon_core.package_identification:_identify(venv/lib/python3.10/site-packages/numpy/random/_examples) by extensions ['colcon_pkg']
[1.137s] Level 1:colcon.colcon_core.package_identification:_identify(venv/lib/python3.10/site-packages/numpy/random/_examples) by extension 'colcon_pkg'
[1.137s] Level 1:colcon.colcon_core.package_identification:_identify(venv/lib/python3.10/site-packages/numpy/random/_examples) by extensions ['colcon_meta']
[1.137s] Level 1:colcon.colcon_core.package_identification:_identify(venv/lib/python3.10/site-packages/numpy/random/_examples) by extension 'colcon_meta'
[1.137s] Level 1:colcon.colcon_core.package_identification:_identify(venv/lib/python3.10/site-packages/numpy/random/_examples) by extensions ['ros']
[1.137s] Level 1:colcon.colcon_core.package_identification:_identify(venv/lib/python3.10/site-packages/numpy/random/_examples) by extension 'ros'
[1.137s] Level 1:colcon.colcon_core.package_identification:_identify(venv/lib/python3.10/site-packages/numpy/random/_examples) by extensions ['cmake', 'python']
[1.137s] Level 1:colcon.colcon_core.package_identification:_identify(venv/lib/python3.10/site-packages/numpy/random/_examples) by extension 'cmake'
[1.137s] Level 1:colcon.colcon_core.package_identification:_identify(venv/lib/python3.10/site-packages/numpy/random/_examples) by extension 'python'
[1.137s] Level 1:colcon.colcon_core.package_identification:_identify(venv/lib/python3.10/site-packages/numpy/random/_examples) by extensions ['python_setup_py']
[1.137s] Level 1:colcon.colcon_core.package_identification:_identify(venv/lib/python3.10/site-packages/numpy/random/_examples) by extension 'python_setup_py'
[1.137s] Level 1:colcon.colcon_core.package_identification:_identify(venv/lib/python3.10/site-packages/numpy/random/_examples/cffi) by extensions ['ignore', 'ignore_ament_install']
[1.137s] Level 1:colcon.colcon_core.package_identification:_identify(venv/lib/python3.10/site-packages/numpy/random/_examples/cffi) by extension 'ignore'
[1.137s] Level 1:colcon.colcon_core.package_identification:_identify(venv/lib/python3.10/site-packages/numpy/random/_examples/cffi) by extension 'ignore_ament_install'
[1.137s] Level 1:colcon.colcon_core.package_identification:_identify(venv/lib/python3.10/site-packages/numpy/random/_examples/cffi) by extensions ['colcon_pkg']
[1.137s] Level 1:colcon.colcon_core.package_identification:_identify(venv/lib/python3.10/site-packages/numpy/random/_examples/cffi) by extension 'colcon_pkg'
[1.137s] Level 1:colcon.colcon_core.package_identification:_identify(venv/lib/python3.10/site-packages/numpy/random/_examples/cffi) by extensions ['colcon_meta']
[1.137s] Level 1:colcon.colcon_core.package_identification:_identify(venv/lib/python3.10/site-packages/numpy/random/_examples/cffi) by extension 'colcon_meta'
[1.137s] Level 1:colcon.colcon_core.package_identification:_identify(venv/lib/python3.10/site-packages/numpy/random/_examples/cffi) by extensions ['ros']
[1.137s] Level 1:colcon.colcon_core.package_identification:_identify(venv/lib/python3.10/site-packages/numpy/random/_examples/cffi) by extension 'ros'
[1.137s] Level 1:colcon.colcon_core.package_identification:_identify(venv/lib/python3.10/site-packages/numpy/random/_examples/cffi) by extensions ['cmake', 'python']
[1.137s] Level 1:colcon.colcon_core.package_identification:_identify(venv/lib/python3.10/site-packages/numpy/random/_examples/cffi) by extension 'cmake'
[1.137s] Level 1:colcon.colcon_core.package_identification:_identify(venv/lib/python3.10/site-packages/numpy/random/_examples/cffi) by extension 'python'
[1.137s] Level 1:colcon.colcon_core.package_identification:_identify(venv/lib/python3.10/site-packages/numpy/random/_examples/cffi) by extensions ['python_setup_py']
[1.137s] Level 1:colcon.colcon_core.package_identification:_identify(venv/lib/python3.10/site-packages/numpy/random/_examples/cffi) by extension 'python_setup_py'
[1.138s] Level 1:colcon.colcon_core.package_identification:_identify(venv/lib/python3.10/site-packages/numpy/random/_examples/cffi/__pycache__) by extensions ['ignore', 'ignore_ament_install']
[1.138s] Level 1:colcon.colcon_core.package_identification:_identify(venv/lib/python3.10/site-packages/numpy/random/_examples/cffi/__pycache__) by extension 'ignore'
[1.138s] Level 1:colcon.colcon_core.package_identification:_identify(venv/lib/python3.10/site-packages/numpy/random/_examples/cffi/__pycache__) by extension 'ignore_ament_install'
[1.138s] Level 1:colcon.colcon_core.package_identification:_identify(venv/lib/python3.10/site-packages/numpy/random/_examples/cffi/__pycache__) by extensions ['colcon_pkg']
[1.138s] Level 1:colcon.colcon_core.package_identification:_identify(venv/lib/python3.10/site-packages/numpy/random/_examples/cffi/__pycache__) by extension 'colcon_pkg'
[1.138s] Level 1:colcon.colcon_core.package_identification:_identify(venv/lib/python3.10/site-packages/numpy/random/_examples/cffi/__pycache__) by extensions ['colcon_meta']
[1.138s] Level 1:colcon.colcon_core.package_identification:_identify(venv/lib/python3.10/site-packages/numpy/random/_examples/cffi/__pycache__) by extension 'colcon_meta'
[1.138s] Level 1:colcon.colcon_core.package_identification:_identify(venv/lib/python3.10/site-packages/numpy/random/_examples/cffi/__pycache__) by extensions ['ros']
[1.138s] Level 1:colcon.colcon_core.package_identification:_identify(venv/lib/python3.10/site-packages/numpy/random/_examples/cffi/__pycache__) by extension 'ros'
[1.138s] Level 1:colcon.colcon_core.package_identification:_identify(venv/lib/python3.10/site-packages/numpy/random/_examples/cffi/__pycache__) by extensions ['cmake', 'python']
[1.138s] Level 1:colcon.colcon_core.package_identification:_identify(venv/lib/python3.10/site-packages/numpy/random/_examples/cffi/__pycache__) by extension 'cmake'
[1.138s] Level 1:colcon.colcon_core.package_identification:_identify(venv/lib/python3.10/site-packages/numpy/random/_examples/cffi/__pycache__) by extension 'python'
[1.138s] Level 1:colcon.colcon_core.package_identification:_identify(venv/lib/python3.10/site-packages/numpy/random/_examples/cffi/__pycache__) by extensions ['python_setup_py']
[1.138s] Level 1:colcon.colcon_core.package_identification:_identify(venv/lib/python3.10/site-packages/numpy/random/_examples/cffi/__pycache__) by extension 'python_setup_py'
[1.138s] Level 1:colcon.colcon_core.package_identification:_identify(venv/lib/python3.10/site-packages/numpy/random/_examples/cython) by extensions ['ignore', 'ignore_ament_install']
[1.138s] Level 1:colcon.colcon_core.package_identification:_identify(venv/lib/python3.10/site-packages/numpy/random/_examples/cython) by extension 'ignore'
[1.138s] Level 1:colcon.colcon_core.package_identification:_identify(venv/lib/python3.10/site-packages/numpy/random/_examples/cython) by extension 'ignore_ament_install'
[1.138s] Level 1:colcon.colcon_core.package_identification:_identify(venv/lib/python3.10/site-packages/numpy/random/_examples/cython) by extensions ['colcon_pkg']
[1.138s] Level 1:colcon.colcon_core.package_identification:_identify(venv/lib/python3.10/site-packages/numpy/random/_examples/cython) by extension 'colcon_pkg'
[1.138s] Level 1:colcon.colcon_core.package_identification:_identify(venv/lib/python3.10/site-packages/numpy/random/_examples/cython) by extensions ['colcon_meta']
[1.138s] Level 1:colcon.colcon_core.package_identification:_identify(venv/lib/python3.10/site-packages/numpy/random/_examples/cython) by extension 'colcon_meta'
[1.138s] Level 1:colcon.colcon_core.package_identification:_identify(venv/lib/python3.10/site-packages/numpy/random/_examples/cython) by extensions ['ros']
[1.138s] Level 1:colcon.colcon_core.package_identification:_identify(venv/lib/python3.10/site-packages/numpy/random/_examples/cython) by extension 'ros'
[1.138s] Level 1:colcon.colcon_core.package_identification:_identify(venv/lib/python3.10/site-packages/numpy/random/_examples/cython) by extensions ['cmake', 'python']
[1.138s] Level 1:colcon.colcon_core.package_identification:_identify(venv/lib/python3.10/site-packages/numpy/random/_examples/cython) by extension 'cmake'
[1.138s] Level 1:colcon.colcon_core.package_identification:_identify(venv/lib/python3.10/site-packages/numpy/random/_examples/cython) by extension 'python'
[1.138s] Level 1:colcon.colcon_core.package_identification:_identify(venv/lib/python3.10/site-packages/numpy/random/_examples/cython) by extensions ['python_setup_py']
[1.138s] Level 1:colcon.colcon_core.package_identification:_identify(venv/lib/python3.10/site-packages/numpy/random/_examples/cython) by extension 'python_setup_py'
[1.138s] Level 1:colcon.colcon_core.package_identification:_identify(venv/lib/python3.10/site-packages/numpy/random/_examples/numba) by extensions ['ignore', 'ignore_ament_install']
[1.138s] Level 1:colcon.colcon_core.package_identification:_identify(venv/lib/python3.10/site-packages/numpy/random/_examples/numba) by extension 'ignore'
[1.138s] Level 1:colcon.colcon_core.package_identification:_identify(venv/lib/python3.10/site-packages/numpy/random/_examples/numba) by extension 'ignore_ament_install'
[1.138s] Level 1:colcon.colcon_core.package_identification:_identify(venv/lib/python3.10/site-packages/numpy/random/_examples/numba) by extensions ['colcon_pkg']
[1.138s] Level 1:colcon.colcon_core.package_identification:_identify(venv/lib/python3.10/site-packages/numpy/random/_examples/numba) by extension 'colcon_pkg'
[1.138s] Level 1:colcon.colcon_core.package_identification:_identify(venv/lib/python3.10/site-packages/numpy/random/_examples/numba) by extensions ['colcon_meta']
[1.139s] Level 1:colcon.colcon_core.package_identification:_identify(venv/lib/python3.10/site-packages/numpy/random/_examples/numba) by extension 'colcon_meta'
[1.139s] Level 1:colcon.colcon_core.package_identification:_identify(venv/lib/python3.10/site-packages/numpy/random/_examples/numba) by extensions ['ros']
[1.139s] Level 1:colcon.colcon_core.package_identification:_identify(venv/lib/python3.10/site-packages/numpy/random/_examples/numba) by extension 'ros'
[1.139s] Level 1:colcon.colcon_core.package_identification:_identify(venv/lib/python3.10/site-packages/numpy/random/_examples/numba) by extensions ['cmake', 'python']
[1.139s] Level 1:colcon.colcon_core.package_identification:_identify(venv/lib/python3.10/site-packages/numpy/random/_examples/numba) by extension 'cmake'
[1.139s] Level 1:colcon.colcon_core.package_identification:_identify(venv/lib/python3.10/site-packages/numpy/random/_examples/numba) by extension 'python'
[1.139s] Level 1:colcon.colcon_core.package_identification:_identify(venv/lib/python3.10/site-packages/numpy/random/_examples/numba) by extensions ['python_setup_py']
[1.139s] Level 1:colcon.colcon_core.package_identification:_identify(venv/lib/python3.10/site-packages/numpy/random/_examples/numba) by extension 'python_setup_py'
[1.139s] Level 1:colcon.colcon_core.package_identification:_identify(venv/lib/python3.10/site-packages/numpy/random/_examples/numba/__pycache__) by extensions ['ignore', 'ignore_ament_install']
[1.139s] Level 1:colcon.colcon_core.package_identification:_identify(venv/lib/python3.10/site-packages/numpy/random/_examples/numba/__pycache__) by extension 'ignore'
[1.139s] Level 1:colcon.colcon_core.package_identification:_identify(venv/lib/python3.10/site-packages/numpy/random/_examples/numba/__pycache__) by extension 'ignore_ament_install'
[1.139s] Level 1:colcon.colcon_core.package_identification:_identify(venv/lib/python3.10/site-packages/numpy/random/_examples/numba/__pycache__) by extensions ['colcon_pkg']
[1.139s] Level 1:colcon.colcon_core.package_identification:_identify(venv/lib/python3.10/site-packages/numpy/random/_examples/numba/__pycache__) by extension 'colcon_pkg'
[1.139s] Level 1:colcon.colcon_core.package_identification:_identify(venv/lib/python3.10/site-packages/numpy/random/_examples/numba/__pycache__) by extensions ['colcon_meta']
[1.139s] Level 1:colcon.colcon_core.package_identification:_identify(venv/lib/python3.10/site-packages/numpy/random/_examples/numba/__pycache__) by extension 'colcon_meta'
[1.139s] Level 1:colcon.colcon_core.package_identification:_identify(venv/lib/python3.10/site-packages/numpy/random/_examples/numba/__pycache__) by extensions ['ros']
[1.139s] Level 1:colcon.colcon_core.package_identification:_identify(venv/lib/python3.10/site-packages/numpy/random/_examples/numba/__pycache__) by extension 'ros'
[1.139s] Level 1:colcon.colcon_core.package_identification:_identify(venv/lib/python3.10/site-packages/numpy/random/_examples/numba/__pycache__) by extensions ['cmake', 'python']
[1.139s] Level 1:colcon.colcon_core.package_identification:_identify(venv/lib/python3.10/site-packages/numpy/random/_examples/numba/__pycache__) by extension 'cmake'
[1.139s] Level 1:colcon.colcon_core.package_identification:_identify(venv/lib/python3.10/site-packages/numpy/random/_examples/numba/__pycache__) by extension 'python'
[1.139s] Level 1:colcon.colcon_core.package_identification:_identify(venv/lib/python3.10/site-packages/numpy/random/_examples/numba/__pycache__) by extensions ['python_setup_py']
[1.139s] Level 1:colcon.colcon_core.package_identification:_identify(venv/lib/python3.10/site-packages/numpy/random/_examples/numba/__pycache__) by extension 'python_setup_py'
[1.139s] Level 1:colcon.colcon_core.package_identification:_identify(venv/lib/python3.10/site-packages/numpy/random/lib) by extensions ['ignore', 'ignore_ament_install']
[1.139s] Level 1:colcon.colcon_core.package_identification:_identify(venv/lib/python3.10/site-packages/numpy/random/lib) by extension 'ignore'
[1.139s] Level 1:colcon.colcon_core.package_identification:_identify(venv/lib/python3.10/site-packages/numpy/random/lib) by extension 'ignore_ament_install'
[1.139s] Level 1:colcon.colcon_core.package_identification:_identify(venv/lib/python3.10/site-packages/numpy/random/lib) by extensions ['colcon_pkg']
[1.139s] Level 1:colcon.colcon_core.package_identification:_identify(venv/lib/python3.10/site-packages/numpy/random/lib) by extension 'colcon_pkg'
[1.139s] Level 1:colcon.colcon_core.package_identification:_identify(venv/lib/python3.10/site-packages/numpy/random/lib) by extensions ['colcon_meta']
[1.139s] Level 1:colcon.colcon_core.package_identification:_identify(venv/lib/python3.10/site-packages/numpy/random/lib) by extension 'colcon_meta'
[1.139s] Level 1:colcon.colcon_core.package_identification:_identify(venv/lib/python3.10/site-packages/numpy/random/lib) by extensions ['ros']
[1.139s] Level 1:colcon.colcon_core.package_identification:_identify(venv/lib/python3.10/site-packages/numpy/random/lib) by extension 'ros'
[1.139s] Level 1:colcon.colcon_core.package_identification:_identify(venv/lib/python3.10/site-packages/numpy/random/lib) by extensions ['cmake', 'python']
[1.139s] Level 1:colcon.colcon_core.package_identification:_identify(venv/lib/python3.10/site-packages/numpy/random/lib) by extension 'cmake'
[1.139s] Level 1:colcon.colcon_core.package_identification:_identify(venv/lib/python3.10/site-packages/numpy/random/lib) by extension 'python'
[1.139s] Level 1:colcon.colcon_core.package_identification:_identify(venv/lib/python3.10/site-packages/numpy/random/lib) by extensions ['python_setup_py']
[1.140s] Level 1:colcon.colcon_core.package_identification:_identify(venv/lib/python3.10/site-packages/numpy/random/lib) by extension 'python_setup_py'
[1.140s] Level 1:colcon.colcon_core.package_identification:_identify(venv/lib/python3.10/site-packages/numpy/random/tests) by extensions ['ignore', 'ignore_ament_install']
[1.140s] Level 1:colcon.colcon_core.package_identification:_identify(venv/lib/python3.10/site-packages/numpy/random/tests) by extension 'ignore'
[1.140s] Level 1:colcon.colcon_core.package_identification:_identify(venv/lib/python3.10/site-packages/numpy/random/tests) by extension 'ignore_ament_install'
[1.140s] Level 1:colcon.colcon_core.package_identification:_identify(venv/lib/python3.10/site-packages/numpy/random/tests) by extensions ['colcon_pkg']
[1.140s] Level 1:colcon.colcon_core.package_identification:_identify(venv/lib/python3.10/site-packages/numpy/random/tests) by extension 'colcon_pkg'
[1.140s] Level 1:colcon.colcon_core.package_identification:_identify(venv/lib/python3.10/site-packages/numpy/random/tests) by extensions ['colcon_meta']
[1.140s] Level 1:colcon.colcon_core.package_identification:_identify(venv/lib/python3.10/site-packages/numpy/random/tests) by extension 'colcon_meta'
[1.140s] Level 1:colcon.colcon_core.package_identification:_identify(venv/lib/python3.10/site-packages/numpy/random/tests) by extensions ['ros']
[1.140s] Level 1:colcon.colcon_core.package_identification:_identify(venv/lib/python3.10/site-packages/numpy/random/tests) by extension 'ros'
[1.140s] Level 1:colcon.colcon_core.package_identification:_identify(venv/lib/python3.10/site-packages/numpy/random/tests) by extensions ['cmake', 'python']
[1.140s] Level 1:colcon.colcon_core.package_identification:_identify(venv/lib/python3.10/site-packages/numpy/random/tests) by extension 'cmake'
[1.140s] Level 1:colcon.colcon_core.package_identification:_identify(venv/lib/python3.10/site-packages/numpy/random/tests) by extension 'python'
[1.140s] Level 1:colcon.colcon_core.package_identification:_identify(venv/lib/python3.10/site-packages/numpy/random/tests) by extensions ['python_setup_py']
[1.140s] Level 1:colcon.colcon_core.package_identification:_identify(venv/lib/python3.10/site-packages/numpy/random/tests) by extension 'python_setup_py'
[1.140s] Level 1:colcon.colcon_core.package_identification:_identify(venv/lib/python3.10/site-packages/numpy/random/tests/__pycache__) by extensions ['ignore', 'ignore_ament_install']
[1.140s] Level 1:colcon.colcon_core.package_identification:_identify(venv/lib/python3.10/site-packages/numpy/random/tests/__pycache__) by extension 'ignore'
[1.140s] Level 1:colcon.colcon_core.package_identification:_identify(venv/lib/python3.10/site-packages/numpy/random/tests/__pycache__) by extension 'ignore_ament_install'
[1.140s] Level 1:colcon.colcon_core.package_identification:_identify(venv/lib/python3.10/site-packages/numpy/random/tests/__pycache__) by extensions ['colcon_pkg']
[1.140s] Level 1:colcon.colcon_core.package_identification:_identify(venv/lib/python3.10/site-packages/numpy/random/tests/__pycache__) by extension 'colcon_pkg'
[1.140s] Level 1:colcon.colcon_core.package_identification:_identify(venv/lib/python3.10/site-packages/numpy/random/tests/__pycache__) by extensions ['colcon_meta']
[1.140s] Level 1:colcon.colcon_core.package_identification:_identify(venv/lib/python3.10/site-packages/numpy/random/tests/__pycache__) by extension 'colcon_meta'
[1.140s] Level 1:colcon.colcon_core.package_identification:_identify(venv/lib/python3.10/site-packages/numpy/random/tests/__pycache__) by extensions ['ros']
[1.140s] Level 1:colcon.colcon_core.package_identification:_identify(venv/lib/python3.10/site-packages/numpy/random/tests/__pycache__) by extension 'ros'
[1.140s] Level 1:colcon.colcon_core.package_identification:_identify(venv/lib/python3.10/site-packages/numpy/random/tests/__pycache__) by extensions ['cmake', 'python']
[1.140s] Level 1:colcon.colcon_core.package_identification:_identify(venv/lib/python3.10/site-packages/numpy/random/tests/__pycache__) by extension 'cmake'
[1.140s] Level 1:colcon.colcon_core.package_identification:_identify(venv/lib/python3.10/site-packages/numpy/random/tests/__pycache__) by extension 'python'
[1.140s] Level 1:colcon.colcon_core.package_identification:_identify(venv/lib/python3.10/site-packages/numpy/random/tests/__pycache__) by extensions ['python_setup_py']
[1.140s] Level 1:colcon.colcon_core.package_identification:_identify(venv/lib/python3.10/site-packages/numpy/random/tests/__pycache__) by extension 'python_setup_py'
[1.140s] Level 1:colcon.colcon_core.package_identification:_identify(venv/lib/python3.10/site-packages/numpy/random/tests/data) by extensions ['ignore', 'ignore_ament_install']
[1.140s] Level 1:colcon.colcon_core.package_identification:_identify(venv/lib/python3.10/site-packages/numpy/random/tests/data) by extension 'ignore'
[1.141s] Level 1:colcon.colcon_core.package_identification:_identify(venv/lib/python3.10/site-packages/numpy/random/tests/data) by extension 'ignore_ament_install'
[1.141s] Level 1:colcon.colcon_core.package_identification:_identify(venv/lib/python3.10/site-packages/numpy/random/tests/data) by extensions ['colcon_pkg']
[1.141s] Level 1:colcon.colcon_core.package_identification:_identify(venv/lib/python3.10/site-packages/numpy/random/tests/data) by extension 'colcon_pkg'
[1.141s] Level 1:colcon.colcon_core.package_identification:_identify(venv/lib/python3.10/site-packages/numpy/random/tests/data) by extensions ['colcon_meta']
[1.141s] Level 1:colcon.colcon_core.package_identification:_identify(venv/lib/python3.10/site-packages/numpy/random/tests/data) by extension 'colcon_meta'
[1.141s] Level 1:colcon.colcon_core.package_identification:_identify(venv/lib/python3.10/site-packages/numpy/random/tests/data) by extensions ['ros']
[1.141s] Level 1:colcon.colcon_core.package_identification:_identify(venv/lib/python3.10/site-packages/numpy/random/tests/data) by extension 'ros'
[1.141s] Level 1:colcon.colcon_core.package_identification:_identify(venv/lib/python3.10/site-packages/numpy/random/tests/data) by extensions ['cmake', 'python']
[1.141s] Level 1:colcon.colcon_core.package_identification:_identify(venv/lib/python3.10/site-packages/numpy/random/tests/data) by extension 'cmake'
[1.141s] Level 1:colcon.colcon_core.package_identification:_identify(venv/lib/python3.10/site-packages/numpy/random/tests/data) by extension 'python'
[1.141s] Level 1:colcon.colcon_core.package_identification:_identify(venv/lib/python3.10/site-packages/numpy/random/tests/data) by extensions ['python_setup_py']
[1.141s] Level 1:colcon.colcon_core.package_identification:_identify(venv/lib/python3.10/site-packages/numpy/random/tests/data) by extension 'python_setup_py'
[1.141s] Level 1:colcon.colcon_core.package_identification:_identify(venv/lib/python3.10/site-packages/numpy/random/tests/data/__pycache__) by extensions ['ignore', 'ignore_ament_install']
[1.141s] Level 1:colcon.colcon_core.package_identification:_identify(venv/lib/python3.10/site-packages/numpy/random/tests/data/__pycache__) by extension 'ignore'
[1.141s] Level 1:colcon.colcon_core.package_identification:_identify(venv/lib/python3.10/site-packages/numpy/random/tests/data/__pycache__) by extension 'ignore_ament_install'
[1.141s] Level 1:colcon.colcon_core.package_identification:_identify(venv/lib/python3.10/site-packages/numpy/random/tests/data/__pycache__) by extensions ['colcon_pkg']
[1.141s] Level 1:colcon.colcon_core.package_identification:_identify(venv/lib/python3.10/site-packages/numpy/random/tests/data/__pycache__) by extension 'colcon_pkg'
[1.141s] Level 1:colcon.colcon_core.package_identification:_identify(venv/lib/python3.10/site-packages/numpy/random/tests/data/__pycache__) by extensions ['colcon_meta']
[1.141s] Level 1:colcon.colcon_core.package_identification:_identify(venv/lib/python3.10/site-packages/numpy/random/tests/data/__pycache__) by extension 'colcon_meta'
[1.141s] Level 1:colcon.colcon_core.package_identification:_identify(venv/lib/python3.10/site-packages/numpy/random/tests/data/__pycache__) by extensions ['ros']
[1.141s] Level 1:colcon.colcon_core.package_identification:_identify(venv/lib/python3.10/site-packages/numpy/random/tests/data/__pycache__) by extension 'ros'
[1.141s] Level 1:colcon.colcon_core.package_identification:_identify(venv/lib/python3.10/site-packages/numpy/random/tests/data/__pycache__) by extensions ['cmake', 'python']
[1.141s] Level 1:colcon.colcon_core.package_identification:_identify(venv/lib/python3.10/site-packages/numpy/random/tests/data/__pycache__) by extension 'cmake'
[1.141s] Level 1:colcon.colcon_core.package_identification:_identify(venv/lib/python3.10/site-packages/numpy/random/tests/data/__pycache__) by extension 'python'
[1.141s] Level 1:colcon.colcon_core.package_identification:_identify(venv/lib/python3.10/site-packages/numpy/random/tests/data/__pycache__) by extensions ['python_setup_py']
[1.141s] Level 1:colcon.colcon_core.package_identification:_identify(venv/lib/python3.10/site-packages/numpy/random/tests/data/__pycache__) by extension 'python_setup_py'
[1.141s] Level 1:colcon.colcon_core.package_identification:_identify(venv/lib/python3.10/site-packages/numpy/rec) by extensions ['ignore', 'ignore_ament_install']
[1.141s] Level 1:colcon.colcon_core.package_identification:_identify(venv/lib/python3.10/site-packages/numpy/rec) by extension 'ignore'
[1.141s] Level 1:colcon.colcon_core.package_identification:_identify(venv/lib/python3.10/site-packages/numpy/rec) by extension 'ignore_ament_install'
[1.141s] Level 1:colcon.colcon_core.package_identification:_identify(venv/lib/python3.10/site-packages/numpy/rec) by extensions ['colcon_pkg']
[1.141s] Level 1:colcon.colcon_core.package_identification:_identify(venv/lib/python3.10/site-packages/numpy/rec) by extension 'colcon_pkg'
[1.141s] Level 1:colcon.colcon_core.package_identification:_identify(venv/lib/python3.10/site-packages/numpy/rec) by extensions ['colcon_meta']
[1.141s] Level 1:colcon.colcon_core.package_identification:_identify(venv/lib/python3.10/site-packages/numpy/rec) by extension 'colcon_meta'
[1.141s] Level 1:colcon.colcon_core.package_identification:_identify(venv/lib/python3.10/site-packages/numpy/rec) by extensions ['ros']
[1.141s] Level 1:colcon.colcon_core.package_identification:_identify(venv/lib/python3.10/site-packages/numpy/rec) by extension 'ros'
[1.142s] Level 1:colcon.colcon_core.package_identification:_identify(venv/lib/python3.10/site-packages/numpy/rec) by extensions ['cmake', 'python']
[1.142s] Level 1:colcon.colcon_core.package_identification:_identify(venv/lib/python3.10/site-packages/numpy/rec) by extension 'cmake'
[1.142s] Level 1:colcon.colcon_core.package_identification:_identify(venv/lib/python3.10/site-packages/numpy/rec) by extension 'python'
[1.142s] Level 1:colcon.colcon_core.package_identification:_identify(venv/lib/python3.10/site-packages/numpy/rec) by extensions ['python_setup_py']
[1.142s] Level 1:colcon.colcon_core.package_identification:_identify(venv/lib/python3.10/site-packages/numpy/rec) by extension 'python_setup_py'
[1.142s] Level 1:colcon.colcon_core.package_identification:_identify(venv/lib/python3.10/site-packages/numpy/rec/__pycache__) by extensions ['ignore', 'ignore_ament_install']
[1.142s] Level 1:colcon.colcon_core.package_identification:_identify(venv/lib/python3.10/site-packages/numpy/rec/__pycache__) by extension 'ignore'
[1.142s] Level 1:colcon.colcon_core.package_identification:_identify(venv/lib/python3.10/site-packages/numpy/rec/__pycache__) by extension 'ignore_ament_install'
[1.142s] Level 1:colcon.colcon_core.package_identification:_identify(venv/lib/python3.10/site-packages/numpy/rec/__pycache__) by extensions ['colcon_pkg']
[1.142s] Level 1:colcon.colcon_core.package_identification:_identify(venv/lib/python3.10/site-packages/numpy/rec/__pycache__) by extension 'colcon_pkg'
[1.142s] Level 1:colcon.colcon_core.package_identification:_identify(venv/lib/python3.10/site-packages/numpy/rec/__pycache__) by extensions ['colcon_meta']
[1.142s] Level 1:colcon.colcon_core.package_identification:_identify(venv/lib/python3.10/site-packages/numpy/rec/__pycache__) by extension 'colcon_meta'
[1.142s] Level 1:colcon.colcon_core.package_identification:_identify(venv/lib/python3.10/site-packages/numpy/rec/__pycache__) by extensions ['ros']
[1.142s] Level 1:colcon.colcon_core.package_identification:_identify(venv/lib/python3.10/site-packages/numpy/rec/__pycache__) by extension 'ros'
[1.142s] Level 1:colcon.colcon_core.package_identification:_identify(venv/lib/python3.10/site-packages/numpy/rec/__pycache__) by extensions ['cmake', 'python']
[1.142s] Level 1:colcon.colcon_core.package_identification:_identify(venv/lib/python3.10/site-packages/numpy/rec/__pycache__) by extension 'cmake'
[1.142s] Level 1:colcon.colcon_core.package_identification:_identify(venv/lib/python3.10/site-packages/numpy/rec/__pycache__) by extension 'python'
[1.142s] Level 1:colcon.colcon_core.package_identification:_identify(venv/lib/python3.10/site-packages/numpy/rec/__pycache__) by extensions ['python_setup_py']
[1.142s] Level 1:colcon.colcon_core.package_identification:_identify(venv/lib/python3.10/site-packages/numpy/rec/__pycache__) by extension 'python_setup_py'
[1.142s] Level 1:colcon.colcon_core.package_identification:_identify(venv/lib/python3.10/site-packages/numpy/strings) by extensions ['ignore', 'ignore_ament_install']
[1.142s] Level 1:colcon.colcon_core.package_identification:_identify(venv/lib/python3.10/site-packages/numpy/strings) by extension 'ignore'
[1.142s] Level 1:colcon.colcon_core.package_identification:_identify(venv/lib/python3.10/site-packages/numpy/strings) by extension 'ignore_ament_install'
[1.142s] Level 1:colcon.colcon_core.package_identification:_identify(venv/lib/python3.10/site-packages/numpy/strings) by extensions ['colcon_pkg']
[1.142s] Level 1:colcon.colcon_core.package_identification:_identify(venv/lib/python3.10/site-packages/numpy/strings) by extension 'colcon_pkg'
[1.142s] Level 1:colcon.colcon_core.package_identification:_identify(venv/lib/python3.10/site-packages/numpy/strings) by extensions ['colcon_meta']
[1.142s] Level 1:colcon.colcon_core.package_identification:_identify(venv/lib/python3.10/site-packages/numpy/strings) by extension 'colcon_meta'
[1.142s] Level 1:colcon.colcon_core.package_identification:_identify(venv/lib/python3.10/site-packages/numpy/strings) by extensions ['ros']
[1.142s] Level 1:colcon.colcon_core.package_identification:_identify(venv/lib/python3.10/site-packages/numpy/strings) by extension 'ros'
[1.142s] Level 1:colcon.colcon_core.package_identification:_identify(venv/lib/python3.10/site-packages/numpy/strings) by extensions ['cmake', 'python']
[1.142s] Level 1:colcon.colcon_core.package_identification:_identify(venv/lib/python3.10/site-packages/numpy/strings) by extension 'cmake'
[1.142s] Level 1:colcon.colcon_core.package_identification:_identify(venv/lib/python3.10/site-packages/numpy/strings) by extension 'python'
[1.142s] Level 1:colcon.colcon_core.package_identification:_identify(venv/lib/python3.10/site-packages/numpy/strings) by extensions ['python_setup_py']
[1.143s] Level 1:colcon.colcon_core.package_identification:_identify(venv/lib/python3.10/site-packages/numpy/strings) by extension 'python_setup_py'
[1.143s] Level 1:colcon.colcon_core.package_identification:_identify(venv/lib/python3.10/site-packages/numpy/strings/__pycache__) by extensions ['ignore', 'ignore_ament_install']
[1.143s] Level 1:colcon.colcon_core.package_identification:_identify(venv/lib/python3.10/site-packages/numpy/strings/__pycache__) by extension 'ignore'
[1.143s] Level 1:colcon.colcon_core.package_identification:_identify(venv/lib/python3.10/site-packages/numpy/strings/__pycache__) by extension 'ignore_ament_install'
[1.143s] Level 1:colcon.colcon_core.package_identification:_identify(venv/lib/python3.10/site-packages/numpy/strings/__pycache__) by extensions ['colcon_pkg']
[1.143s] Level 1:colcon.colcon_core.package_identification:_identify(venv/lib/python3.10/site-packages/numpy/strings/__pycache__) by extension 'colcon_pkg'
[1.143s] Level 1:colcon.colcon_core.package_identification:_identify(venv/lib/python3.10/site-packages/numpy/strings/__pycache__) by extensions ['colcon_meta']
[1.143s] Level 1:colcon.colcon_core.package_identification:_identify(venv/lib/python3.10/site-packages/numpy/strings/__pycache__) by extension 'colcon_meta'
[1.143s] Level 1:colcon.colcon_core.package_identification:_identify(venv/lib/python3.10/site-packages/numpy/strings/__pycache__) by extensions ['ros']
[1.143s] Level 1:colcon.colcon_core.package_identification:_identify(venv/lib/python3.10/site-packages/numpy/strings/__pycache__) by extension 'ros'
[1.143s] Level 1:colcon.colcon_core.package_identification:_identify(venv/lib/python3.10/site-packages/numpy/strings/__pycache__) by extensions ['cmake', 'python']
[1.143s] Level 1:colcon.colcon_core.package_identification:_identify(venv/lib/python3.10/site-packages/numpy/strings/__pycache__) by extension 'cmake'
[1.143s] Level 1:colcon.colcon_core.package_identification:_identify(venv/lib/python3.10/site-packages/numpy/strings/__pycache__) by extension 'python'
[1.143s] Level 1:colcon.colcon_core.package_identification:_identify(venv/lib/python3.10/site-packages/numpy/strings/__pycache__) by extensions ['python_setup_py']
[1.143s] Level 1:colcon.colcon_core.package_identification:_identify(venv/lib/python3.10/site-packages/numpy/strings/__pycache__) by extension 'python_setup_py'
[1.143s] Level 1:colcon.colcon_core.package_identification:_identify(venv/lib/python3.10/site-packages/numpy/testing) by extensions ['ignore', 'ignore_ament_install']
[1.143s] Level 1:colcon.colcon_core.package_identification:_identify(venv/lib/python3.10/site-packages/numpy/testing) by extension 'ignore'
[1.143s] Level 1:colcon.colcon_core.package_identification:_identify(venv/lib/python3.10/site-packages/numpy/testing) by extension 'ignore_ament_install'
[1.143s] Level 1:colcon.colcon_core.package_identification:_identify(venv/lib/python3.10/site-packages/numpy/testing) by extensions ['colcon_pkg']
[1.143s] Level 1:colcon.colcon_core.package_identification:_identify(venv/lib/python3.10/site-packages/numpy/testing) by extension 'colcon_pkg'
[1.143s] Level 1:colcon.colcon_core.package_identification:_identify(venv/lib/python3.10/site-packages/numpy/testing) by extensions ['colcon_meta']
[1.143s] Level 1:colcon.colcon_core.package_identification:_identify(venv/lib/python3.10/site-packages/numpy/testing) by extension 'colcon_meta'
[1.143s] Level 1:colcon.colcon_core.package_identification:_identify(venv/lib/python3.10/site-packages/numpy/testing) by extensions ['ros']
[1.143s] Level 1:colcon.colcon_core.package_identification:_identify(venv/lib/python3.10/site-packages/numpy/testing) by extension 'ros'
[1.143s] Level 1:colcon.colcon_core.package_identification:_identify(venv/lib/python3.10/site-packages/numpy/testing) by extensions ['cmake', 'python']
[1.143s] Level 1:colcon.colcon_core.package_identification:_identify(venv/lib/python3.10/site-packages/numpy/testing) by extension 'cmake'
[1.143s] Level 1:colcon.colcon_core.package_identification:_identify(venv/lib/python3.10/site-packages/numpy/testing) by extension 'python'
[1.143s] Level 1:colcon.colcon_core.package_identification:_identify(venv/lib/python3.10/site-packages/numpy/testing) by extensions ['python_setup_py']
[1.143s] Level 1:colcon.colcon_core.package_identification:_identify(venv/lib/python3.10/site-packages/numpy/testing) by extension 'python_setup_py'
[1.143s] Level 1:colcon.colcon_core.package_identification:_identify(venv/lib/python3.10/site-packages/numpy/testing/__pycache__) by extensions ['ignore', 'ignore_ament_install']
[1.143s] Level 1:colcon.colcon_core.package_identification:_identify(venv/lib/python3.10/site-packages/numpy/testing/__pycache__) by extension 'ignore'
[1.143s] Level 1:colcon.colcon_core.package_identification:_identify(venv/lib/python3.10/site-packages/numpy/testing/__pycache__) by extension 'ignore_ament_install'
[1.143s] Level 1:colcon.colcon_core.package_identification:_identify(venv/lib/python3.10/site-packages/numpy/testing/__pycache__) by extensions ['colcon_pkg']
[1.144s] Level 1:colcon.colcon_core.package_identification:_identify(venv/lib/python3.10/site-packages/numpy/testing/__pycache__) by extension 'colcon_pkg'
[1.144s] Level 1:colcon.colcon_core.package_identification:_identify(venv/lib/python3.10/site-packages/numpy/testing/__pycache__) by extensions ['colcon_meta']
[1.144s] Level 1:colcon.colcon_core.package_identification:_identify(venv/lib/python3.10/site-packages/numpy/testing/__pycache__) by extension 'colcon_meta'
[1.144s] Level 1:colcon.colcon_core.package_identification:_identify(venv/lib/python3.10/site-packages/numpy/testing/__pycache__) by extensions ['ros']
[1.144s] Level 1:colcon.colcon_core.package_identification:_identify(venv/lib/python3.10/site-packages/numpy/testing/__pycache__) by extension 'ros'
[1.144s] Level 1:colcon.colcon_core.package_identification:_identify(venv/lib/python3.10/site-packages/numpy/testing/__pycache__) by extensions ['cmake', 'python']
[1.144s] Level 1:colcon.colcon_core.package_identification:_identify(venv/lib/python3.10/site-packages/numpy/testing/__pycache__) by extension 'cmake'
[1.144s] Level 1:colcon.colcon_core.package_identification:_identify(venv/lib/python3.10/site-packages/numpy/testing/__pycache__) by extension 'python'
[1.144s] Level 1:colcon.colcon_core.package_identification:_identify(venv/lib/python3.10/site-packages/numpy/testing/__pycache__) by extensions ['python_setup_py']
[1.144s] Level 1:colcon.colcon_core.package_identification:_identify(venv/lib/python3.10/site-packages/numpy/testing/__pycache__) by extension 'python_setup_py'
[1.144s] Level 1:colcon.colcon_core.package_identification:_identify(venv/lib/python3.10/site-packages/numpy/testing/_private) by extensions ['ignore', 'ignore_ament_install']
[1.144s] Level 1:colcon.colcon_core.package_identification:_identify(venv/lib/python3.10/site-packages/numpy/testing/_private) by extension 'ignore'
[1.144s] Level 1:colcon.colcon_core.package_identification:_identify(venv/lib/python3.10/site-packages/numpy/testing/_private) by extension 'ignore_ament_install'
[1.144s] Level 1:colcon.colcon_core.package_identification:_identify(venv/lib/python3.10/site-packages/numpy/testing/_private) by extensions ['colcon_pkg']
[1.144s] Level 1:colcon.colcon_core.package_identification:_identify(venv/lib/python3.10/site-packages/numpy/testing/_private) by extension 'colcon_pkg'
[1.144s] Level 1:colcon.colcon_core.package_identification:_identify(venv/lib/python3.10/site-packages/numpy/testing/_private) by extensions ['colcon_meta']
[1.144s] Level 1:colcon.colcon_core.package_identification:_identify(venv/lib/python3.10/site-packages/numpy/testing/_private) by extension 'colcon_meta'
[1.144s] Level 1:colcon.colcon_core.package_identification:_identify(venv/lib/python3.10/site-packages/numpy/testing/_private) by extensions ['ros']
[1.144s] Level 1:colcon.colcon_core.package_identification:_identify(venv/lib/python3.10/site-packages/numpy/testing/_private) by extension 'ros'
[1.144s] Level 1:colcon.colcon_core.package_identification:_identify(venv/lib/python3.10/site-packages/numpy/testing/_private) by extensions ['cmake', 'python']
[1.144s] Level 1:colcon.colcon_core.package_identification:_identify(venv/lib/python3.10/site-packages/numpy/testing/_private) by extension 'cmake'
[1.144s] Level 1:colcon.colcon_core.package_identification:_identify(venv/lib/python3.10/site-packages/numpy/testing/_private) by extension 'python'
[1.144s] Level 1:colcon.colcon_core.package_identification:_identify(venv/lib/python3.10/site-packages/numpy/testing/_private) by extensions ['python_setup_py']
[1.144s] Level 1:colcon.colcon_core.package_identification:_identify(venv/lib/python3.10/site-packages/numpy/testing/_private) by extension 'python_setup_py'
[1.144s] Level 1:colcon.colcon_core.package_identification:_identify(venv/lib/python3.10/site-packages/numpy/testing/_private/__pycache__) by extensions ['ignore', 'ignore_ament_install']
[1.144s] Level 1:colcon.colcon_core.package_identification:_identify(venv/lib/python3.10/site-packages/numpy/testing/_private/__pycache__) by extension 'ignore'
[1.144s] Level 1:colcon.colcon_core.package_identification:_identify(venv/lib/python3.10/site-packages/numpy/testing/_private/__pycache__) by extension 'ignore_ament_install'
[1.144s] Level 1:colcon.colcon_core.package_identification:_identify(venv/lib/python3.10/site-packages/numpy/testing/_private/__pycache__) by extensions ['colcon_pkg']
[1.144s] Level 1:colcon.colcon_core.package_identification:_identify(venv/lib/python3.10/site-packages/numpy/testing/_private/__pycache__) by extension 'colcon_pkg'
[1.144s] Level 1:colcon.colcon_core.package_identification:_identify(venv/lib/python3.10/site-packages/numpy/testing/_private/__pycache__) by extensions ['colcon_meta']
[1.144s] Level 1:colcon.colcon_core.package_identification:_identify(venv/lib/python3.10/site-packages/numpy/testing/_private/__pycache__) by extension 'colcon_meta'
[1.144s] Level 1:colcon.colcon_core.package_identification:_identify(venv/lib/python3.10/site-packages/numpy/testing/_private/__pycache__) by extensions ['ros']
[1.144s] Level 1:colcon.colcon_core.package_identification:_identify(venv/lib/python3.10/site-packages/numpy/testing/_private/__pycache__) by extension 'ros'
[1.144s] Level 1:colcon.colcon_core.package_identification:_identify(venv/lib/python3.10/site-packages/numpy/testing/_private/__pycache__) by extensions ['cmake', 'python']
[1.145s] Level 1:colcon.colcon_core.package_identification:_identify(venv/lib/python3.10/site-packages/numpy/testing/_private/__pycache__) by extension 'cmake'
[1.145s] Level 1:colcon.colcon_core.package_identification:_identify(venv/lib/python3.10/site-packages/numpy/testing/_private/__pycache__) by extension 'python'
[1.145s] Level 1:colcon.colcon_core.package_identification:_identify(venv/lib/python3.10/site-packages/numpy/testing/_private/__pycache__) by extensions ['python_setup_py']
[1.145s] Level 1:colcon.colcon_core.package_identification:_identify(venv/lib/python3.10/site-packages/numpy/testing/_private/__pycache__) by extension 'python_setup_py'
[1.145s] Level 1:colcon.colcon_core.package_identification:_identify(venv/lib/python3.10/site-packages/numpy/testing/tests) by extensions ['ignore', 'ignore_ament_install']
[1.145s] Level 1:colcon.colcon_core.package_identification:_identify(venv/lib/python3.10/site-packages/numpy/testing/tests) by extension 'ignore'
[1.145s] Level 1:colcon.colcon_core.package_identification:_identify(venv/lib/python3.10/site-packages/numpy/testing/tests) by extension 'ignore_ament_install'
[1.145s] Level 1:colcon.colcon_core.package_identification:_identify(venv/lib/python3.10/site-packages/numpy/testing/tests) by extensions ['colcon_pkg']
[1.145s] Level 1:colcon.colcon_core.package_identification:_identify(venv/lib/python3.10/site-packages/numpy/testing/tests) by extension 'colcon_pkg'
[1.145s] Level 1:colcon.colcon_core.package_identification:_identify(venv/lib/python3.10/site-packages/numpy/testing/tests) by extensions ['colcon_meta']
[1.145s] Level 1:colcon.colcon_core.package_identification:_identify(venv/lib/python3.10/site-packages/numpy/testing/tests) by extension 'colcon_meta'
[1.145s] Level 1:colcon.colcon_core.package_identification:_identify(venv/lib/python3.10/site-packages/numpy/testing/tests) by extensions ['ros']
[1.145s] Level 1:colcon.colcon_core.package_identification:_identify(venv/lib/python3.10/site-packages/numpy/testing/tests) by extension 'ros'
[1.145s] Level 1:colcon.colcon_core.package_identification:_identify(venv/lib/python3.10/site-packages/numpy/testing/tests) by extensions ['cmake', 'python']
[1.145s] Level 1:colcon.colcon_core.package_identification:_identify(venv/lib/python3.10/site-packages/numpy/testing/tests) by extension 'cmake'
[1.145s] Level 1:colcon.colcon_core.package_identification:_identify(venv/lib/python3.10/site-packages/numpy/testing/tests) by extension 'python'
[1.145s] Level 1:colcon.colcon_core.package_identification:_identify(venv/lib/python3.10/site-packages/numpy/testing/tests) by extensions ['python_setup_py']
[1.145s] Level 1:colcon.colcon_core.package_identification:_identify(venv/lib/python3.10/site-packages/numpy/testing/tests) by extension 'python_setup_py'
[1.145s] Level 1:colcon.colcon_core.package_identification:_identify(venv/lib/python3.10/site-packages/numpy/testing/tests/__pycache__) by extensions ['ignore', 'ignore_ament_install']
[1.145s] Level 1:colcon.colcon_core.package_identification:_identify(venv/lib/python3.10/site-packages/numpy/testing/tests/__pycache__) by extension 'ignore'
[1.145s] Level 1:colcon.colcon_core.package_identification:_identify(venv/lib/python3.10/site-packages/numpy/testing/tests/__pycache__) by extension 'ignore_ament_install'
[1.145s] Level 1:colcon.colcon_core.package_identification:_identify(venv/lib/python3.10/site-packages/numpy/testing/tests/__pycache__) by extensions ['colcon_pkg']
[1.145s] Level 1:colcon.colcon_core.package_identification:_identify(venv/lib/python3.10/site-packages/numpy/testing/tests/__pycache__) by extension 'colcon_pkg'
[1.145s] Level 1:colcon.colcon_core.package_identification:_identify(venv/lib/python3.10/site-packages/numpy/testing/tests/__pycache__) by extensions ['colcon_meta']
[1.145s] Level 1:colcon.colcon_core.package_identification:_identify(venv/lib/python3.10/site-packages/numpy/testing/tests/__pycache__) by extension 'colcon_meta'
[1.145s] Level 1:colcon.colcon_core.package_identification:_identify(venv/lib/python3.10/site-packages/numpy/testing/tests/__pycache__) by extensions ['ros']
[1.145s] Level 1:colcon.colcon_core.package_identification:_identify(venv/lib/python3.10/site-packages/numpy/testing/tests/__pycache__) by extension 'ros'
[1.145s] Level 1:colcon.colcon_core.package_identification:_identify(venv/lib/python3.10/site-packages/numpy/testing/tests/__pycache__) by extensions ['cmake', 'python']
[1.145s] Level 1:colcon.colcon_core.package_identification:_identify(venv/lib/python3.10/site-packages/numpy/testing/tests/__pycache__) by extension 'cmake'
[1.145s] Level 1:colcon.colcon_core.package_identification:_identify(venv/lib/python3.10/site-packages/numpy/testing/tests/__pycache__) by extension 'python'
[1.145s] Level 1:colcon.colcon_core.package_identification:_identify(venv/lib/python3.10/site-packages/numpy/testing/tests/__pycache__) by extensions ['python_setup_py']
[1.145s] Level 1:colcon.colcon_core.package_identification:_identify(venv/lib/python3.10/site-packages/numpy/testing/tests/__pycache__) by extension 'python_setup_py'
[1.145s] Level 1:colcon.colcon_core.package_identification:_identify(venv/lib/python3.10/site-packages/numpy/tests) by extensions ['ignore', 'ignore_ament_install']
[1.146s] Level 1:colcon.colcon_core.package_identification:_identify(venv/lib/python3.10/site-packages/numpy/tests) by extension 'ignore'
[1.146s] Level 1:colcon.colcon_core.package_identification:_identify(venv/lib/python3.10/site-packages/numpy/tests) by extension 'ignore_ament_install'
[1.146s] Level 1:colcon.colcon_core.package_identification:_identify(venv/lib/python3.10/site-packages/numpy/tests) by extensions ['colcon_pkg']
[1.146s] Level 1:colcon.colcon_core.package_identification:_identify(venv/lib/python3.10/site-packages/numpy/tests) by extension 'colcon_pkg'
[1.146s] Level 1:colcon.colcon_core.package_identification:_identify(venv/lib/python3.10/site-packages/numpy/tests) by extensions ['colcon_meta']
[1.146s] Level 1:colcon.colcon_core.package_identification:_identify(venv/lib/python3.10/site-packages/numpy/tests) by extension 'colcon_meta'
[1.146s] Level 1:colcon.colcon_core.package_identification:_identify(venv/lib/python3.10/site-packages/numpy/tests) by extensions ['ros']
[1.146s] Level 1:colcon.colcon_core.package_identification:_identify(venv/lib/python3.10/site-packages/numpy/tests) by extension 'ros'
[1.146s] Level 1:colcon.colcon_core.package_identification:_identify(venv/lib/python3.10/site-packages/numpy/tests) by extensions ['cmake', 'python']
[1.146s] Level 1:colcon.colcon_core.package_identification:_identify(venv/lib/python3.10/site-packages/numpy/tests) by extension 'cmake'
[1.146s] Level 1:colcon.colcon_core.package_identification:_identify(venv/lib/python3.10/site-packages/numpy/tests) by extension 'python'
[1.146s] Level 1:colcon.colcon_core.package_identification:_identify(venv/lib/python3.10/site-packages/numpy/tests) by extensions ['python_setup_py']
[1.146s] Level 1:colcon.colcon_core.package_identification:_identify(venv/lib/python3.10/site-packages/numpy/tests) by extension 'python_setup_py'
[1.146s] Level 1:colcon.colcon_core.package_identification:_identify(venv/lib/python3.10/site-packages/numpy/tests/__pycache__) by extensions ['ignore', 'ignore_ament_install']
[1.146s] Level 1:colcon.colcon_core.package_identification:_identify(venv/lib/python3.10/site-packages/numpy/tests/__pycache__) by extension 'ignore'
[1.146s] Level 1:colcon.colcon_core.package_identification:_identify(venv/lib/python3.10/site-packages/numpy/tests/__pycache__) by extension 'ignore_ament_install'
[1.146s] Level 1:colcon.colcon_core.package_identification:_identify(venv/lib/python3.10/site-packages/numpy/tests/__pycache__) by extensions ['colcon_pkg']
[1.146s] Level 1:colcon.colcon_core.package_identification:_identify(venv/lib/python3.10/site-packages/numpy/tests/__pycache__) by extension 'colcon_pkg'
[1.146s] Level 1:colcon.colcon_core.package_identification:_identify(venv/lib/python3.10/site-packages/numpy/tests/__pycache__) by extensions ['colcon_meta']
[1.146s] Level 1:colcon.colcon_core.package_identification:_identify(venv/lib/python3.10/site-packages/numpy/tests/__pycache__) by extension 'colcon_meta'
[1.146s] Level 1:colcon.colcon_core.package_identification:_identify(venv/lib/python3.10/site-packages/numpy/tests/__pycache__) by extensions ['ros']
[1.146s] Level 1:colcon.colcon_core.package_identification:_identify(venv/lib/python3.10/site-packages/numpy/tests/__pycache__) by extension 'ros'
[1.146s] Level 1:colcon.colcon_core.package_identification:_identify(venv/lib/python3.10/site-packages/numpy/tests/__pycache__) by extensions ['cmake', 'python']
[1.146s] Level 1:colcon.colcon_core.package_identification:_identify(venv/lib/python3.10/site-packages/numpy/tests/__pycache__) by extension 'cmake'
[1.146s] Level 1:colcon.colcon_core.package_identification:_identify(venv/lib/python3.10/site-packages/numpy/tests/__pycache__) by extension 'python'
[1.146s] Level 1:colcon.colcon_core.package_identification:_identify(venv/lib/python3.10/site-packages/numpy/tests/__pycache__) by extensions ['python_setup_py']
[1.146s] Level 1:colcon.colcon_core.package_identification:_identify(venv/lib/python3.10/site-packages/numpy/tests/__pycache__) by extension 'python_setup_py'
[1.146s] Level 1:colcon.colcon_core.package_identification:_identify(venv/lib/python3.10/site-packages/numpy/typing) by extensions ['ignore', 'ignore_ament_install']
[1.146s] Level 1:colcon.colcon_core.package_identification:_identify(venv/lib/python3.10/site-packages/numpy/typing) by extension 'ignore'
[1.146s] Level 1:colcon.colcon_core.package_identification:_identify(venv/lib/python3.10/site-packages/numpy/typing) by extension 'ignore_ament_install'
[1.146s] Level 1:colcon.colcon_core.package_identification:_identify(venv/lib/python3.10/site-packages/numpy/typing) by extensions ['colcon_pkg']
[1.146s] Level 1:colcon.colcon_core.package_identification:_identify(venv/lib/python3.10/site-packages/numpy/typing) by extension 'colcon_pkg'
[1.147s] Level 1:colcon.colcon_core.package_identification:_identify(venv/lib/python3.10/site-packages/numpy/typing) by extensions ['colcon_meta']
[1.147s] Level 1:colcon.colcon_core.package_identification:_identify(venv/lib/python3.10/site-packages/numpy/typing) by extension 'colcon_meta'
[1.147s] Level 1:colcon.colcon_core.package_identification:_identify(venv/lib/python3.10/site-packages/numpy/typing) by extensions ['ros']
[1.147s] Level 1:colcon.colcon_core.package_identification:_identify(venv/lib/python3.10/site-packages/numpy/typing) by extension 'ros'
[1.147s] Level 1:colcon.colcon_core.package_identification:_identify(venv/lib/python3.10/site-packages/numpy/typing) by extensions ['cmake', 'python']
[1.147s] Level 1:colcon.colcon_core.package_identification:_identify(venv/lib/python3.10/site-packages/numpy/typing) by extension 'cmake'
[1.147s] Level 1:colcon.colcon_core.package_identification:_identify(venv/lib/python3.10/site-packages/numpy/typing) by extension 'python'
[1.147s] Level 1:colcon.colcon_core.package_identification:_identify(venv/lib/python3.10/site-packages/numpy/typing) by extensions ['python_setup_py']
[1.147s] Level 1:colcon.colcon_core.package_identification:_identify(venv/lib/python3.10/site-packages/numpy/typing) by extension 'python_setup_py'
[1.147s] Level 1:colcon.colcon_core.package_identification:_identify(venv/lib/python3.10/site-packages/numpy/typing/__pycache__) by extensions ['ignore', 'ignore_ament_install']
[1.147s] Level 1:colcon.colcon_core.package_identification:_identify(venv/lib/python3.10/site-packages/numpy/typing/__pycache__) by extension 'ignore'
[1.147s] Level 1:colcon.colcon_core.package_identification:_identify(venv/lib/python3.10/site-packages/numpy/typing/__pycache__) by extension 'ignore_ament_install'
[1.147s] Level 1:colcon.colcon_core.package_identification:_identify(venv/lib/python3.10/site-packages/numpy/typing/__pycache__) by extensions ['colcon_pkg']
[1.147s] Level 1:colcon.colcon_core.package_identification:_identify(venv/lib/python3.10/site-packages/numpy/typing/__pycache__) by extension 'colcon_pkg'
[1.147s] Level 1:colcon.colcon_core.package_identification:_identify(venv/lib/python3.10/site-packages/numpy/typing/__pycache__) by extensions ['colcon_meta']
[1.147s] Level 1:colcon.colcon_core.package_identification:_identify(venv/lib/python3.10/site-packages/numpy/typing/__pycache__) by extension 'colcon_meta'
[1.147s] Level 1:colcon.colcon_core.package_identification:_identify(venv/lib/python3.10/site-packages/numpy/typing/__pycache__) by extensions ['ros']
[1.147s] Level 1:colcon.colcon_core.package_identification:_identify(venv/lib/python3.10/site-packages/numpy/typing/__pycache__) by extension 'ros'
[1.147s] Level 1:colcon.colcon_core.package_identification:_identify(venv/lib/python3.10/site-packages/numpy/typing/__pycache__) by extensions ['cmake', 'python']
[1.147s] Level 1:colcon.colcon_core.package_identification:_identify(venv/lib/python3.10/site-packages/numpy/typing/__pycache__) by extension 'cmake'
[1.147s] Level 1:colcon.colcon_core.package_identification:_identify(venv/lib/python3.10/site-packages/numpy/typing/__pycache__) by extension 'python'
[1.147s] Level 1:colcon.colcon_core.package_identification:_identify(venv/lib/python3.10/site-packages/numpy/typing/__pycache__) by extensions ['python_setup_py']
[1.147s] Level 1:colcon.colcon_core.package_identification:_identify(venv/lib/python3.10/site-packages/numpy/typing/__pycache__) by extension 'python_setup_py'
[1.147s] Level 1:colcon.colcon_core.package_identification:_identify(venv/lib/python3.10/site-packages/numpy/typing/tests) by extensions ['ignore', 'ignore_ament_install']
[1.147s] Level 1:colcon.colcon_core.package_identification:_identify(venv/lib/python3.10/site-packages/numpy/typing/tests) by extension 'ignore'
[1.147s] Level 1:colcon.colcon_core.package_identification:_identify(venv/lib/python3.10/site-packages/numpy/typing/tests) by extension 'ignore_ament_install'
[1.147s] Level 1:colcon.colcon_core.package_identification:_identify(venv/lib/python3.10/site-packages/numpy/typing/tests) by extensions ['colcon_pkg']
[1.147s] Level 1:colcon.colcon_core.package_identification:_identify(venv/lib/python3.10/site-packages/numpy/typing/tests) by extension 'colcon_pkg'
[1.147s] Level 1:colcon.colcon_core.package_identification:_identify(venv/lib/python3.10/site-packages/numpy/typing/tests) by extensions ['colcon_meta']
[1.147s] Level 1:colcon.colcon_core.package_identification:_identify(venv/lib/python3.10/site-packages/numpy/typing/tests) by extension 'colcon_meta'
[1.147s] Level 1:colcon.colcon_core.package_identification:_identify(venv/lib/python3.10/site-packages/numpy/typing/tests) by extensions ['ros']
[1.147s] Level 1:colcon.colcon_core.package_identification:_identify(venv/lib/python3.10/site-packages/numpy/typing/tests) by extension 'ros'
[1.147s] Level 1:colcon.colcon_core.package_identification:_identify(venv/lib/python3.10/site-packages/numpy/typing/tests) by extensions ['cmake', 'python']
[1.148s] Level 1:colcon.colcon_core.package_identification:_identify(venv/lib/python3.10/site-packages/numpy/typing/tests) by extension 'cmake'
[1.148s] Level 1:colcon.colcon_core.package_identification:_identify(venv/lib/python3.10/site-packages/numpy/typing/tests) by extension 'python'
[1.148s] Level 1:colcon.colcon_core.package_identification:_identify(venv/lib/python3.10/site-packages/numpy/typing/tests) by extensions ['python_setup_py']
[1.148s] Level 1:colcon.colcon_core.package_identification:_identify(venv/lib/python3.10/site-packages/numpy/typing/tests) by extension 'python_setup_py'
[1.148s] Level 1:colcon.colcon_core.package_identification:_identify(venv/lib/python3.10/site-packages/numpy/typing/tests/__pycache__) by extensions ['ignore', 'ignore_ament_install']
[1.148s] Level 1:colcon.colcon_core.package_identification:_identify(venv/lib/python3.10/site-packages/numpy/typing/tests/__pycache__) by extension 'ignore'
[1.148s] Level 1:colcon.colcon_core.package_identification:_identify(venv/lib/python3.10/site-packages/numpy/typing/tests/__pycache__) by extension 'ignore_ament_install'
[1.148s] Level 1:colcon.colcon_core.package_identification:_identify(venv/lib/python3.10/site-packages/numpy/typing/tests/__pycache__) by extensions ['colcon_pkg']
[1.148s] Level 1:colcon.colcon_core.package_identification:_identify(venv/lib/python3.10/site-packages/numpy/typing/tests/__pycache__) by extension 'colcon_pkg'
[1.148s] Level 1:colcon.colcon_core.package_identification:_identify(venv/lib/python3.10/site-packages/numpy/typing/tests/__pycache__) by extensions ['colcon_meta']
[1.148s] Level 1:colcon.colcon_core.package_identification:_identify(venv/lib/python3.10/site-packages/numpy/typing/tests/__pycache__) by extension 'colcon_meta'
[1.148s] Level 1:colcon.colcon_core.package_identification:_identify(venv/lib/python3.10/site-packages/numpy/typing/tests/__pycache__) by extensions ['ros']
[1.148s] Level 1:colcon.colcon_core.package_identification:_identify(venv/lib/python3.10/site-packages/numpy/typing/tests/__pycache__) by extension 'ros'
[1.148s] Level 1:colcon.colcon_core.package_identification:_identify(venv/lib/python3.10/site-packages/numpy/typing/tests/__pycache__) by extensions ['cmake', 'python']
[1.148s] Level 1:colcon.colcon_core.package_identification:_identify(venv/lib/python3.10/site-packages/numpy/typing/tests/__pycache__) by extension 'cmake'
[1.148s] Level 1:colcon.colcon_core.package_identification:_identify(venv/lib/python3.10/site-packages/numpy/typing/tests/__pycache__) by extension 'python'
[1.148s] Level 1:colcon.colcon_core.package_identification:_identify(venv/lib/python3.10/site-packages/numpy/typing/tests/__pycache__) by extensions ['python_setup_py']
[1.148s] Level 1:colcon.colcon_core.package_identification:_identify(venv/lib/python3.10/site-packages/numpy/typing/tests/__pycache__) by extension 'python_setup_py'
[1.148s] Level 1:colcon.colcon_core.package_identification:_identify(venv/lib/python3.10/site-packages/numpy/typing/tests/data) by extensions ['ignore', 'ignore_ament_install']
[1.148s] Level 1:colcon.colcon_core.package_identification:_identify(venv/lib/python3.10/site-packages/numpy/typing/tests/data) by extension 'ignore'
[1.148s] Level 1:colcon.colcon_core.package_identification:_identify(venv/lib/python3.10/site-packages/numpy/typing/tests/data) by extension 'ignore_ament_install'
[1.148s] Level 1:colcon.colcon_core.package_identification:_identify(venv/lib/python3.10/site-packages/numpy/typing/tests/data) by extensions ['colcon_pkg']
[1.148s] Level 1:colcon.colcon_core.package_identification:_identify(venv/lib/python3.10/site-packages/numpy/typing/tests/data) by extension 'colcon_pkg'
[1.148s] Level 1:colcon.colcon_core.package_identification:_identify(venv/lib/python3.10/site-packages/numpy/typing/tests/data) by extensions ['colcon_meta']
[1.148s] Level 1:colcon.colcon_core.package_identification:_identify(venv/lib/python3.10/site-packages/numpy/typing/tests/data) by extension 'colcon_meta'
[1.148s] Level 1:colcon.colcon_core.package_identification:_identify(venv/lib/python3.10/site-packages/numpy/typing/tests/data) by extensions ['ros']
[1.148s] Level 1:colcon.colcon_core.package_identification:_identify(venv/lib/python3.10/site-packages/numpy/typing/tests/data) by extension 'ros'
[1.148s] Level 1:colcon.colcon_core.package_identification:_identify(venv/lib/python3.10/site-packages/numpy/typing/tests/data) by extensions ['cmake', 'python']
[1.148s] Level 1:colcon.colcon_core.package_identification:_identify(venv/lib/python3.10/site-packages/numpy/typing/tests/data) by extension 'cmake'
[1.148s] Level 1:colcon.colcon_core.package_identification:_identify(venv/lib/python3.10/site-packages/numpy/typing/tests/data) by extension 'python'
[1.148s] Level 1:colcon.colcon_core.package_identification:_identify(venv/lib/python3.10/site-packages/numpy/typing/tests/data) by extensions ['python_setup_py']
[1.148s] Level 1:colcon.colcon_core.package_identification:_identify(venv/lib/python3.10/site-packages/numpy/typing/tests/data) by extension 'python_setup_py'
[1.149s] Level 1:colcon.colcon_core.package_identification:_identify(venv/lib/python3.10/site-packages/numpy/typing/tests/data/fail) by extensions ['ignore', 'ignore_ament_install']
[1.149s] Level 1:colcon.colcon_core.package_identification:_identify(venv/lib/python3.10/site-packages/numpy/typing/tests/data/fail) by extension 'ignore'
[1.149s] Level 1:colcon.colcon_core.package_identification:_identify(venv/lib/python3.10/site-packages/numpy/typing/tests/data/fail) by extension 'ignore_ament_install'
[1.149s] Level 1:colcon.colcon_core.package_identification:_identify(venv/lib/python3.10/site-packages/numpy/typing/tests/data/fail) by extensions ['colcon_pkg']
[1.149s] Level 1:colcon.colcon_core.package_identification:_identify(venv/lib/python3.10/site-packages/numpy/typing/tests/data/fail) by extension 'colcon_pkg'
[1.149s] Level 1:colcon.colcon_core.package_identification:_identify(venv/lib/python3.10/site-packages/numpy/typing/tests/data/fail) by extensions ['colcon_meta']
[1.149s] Level 1:colcon.colcon_core.package_identification:_identify(venv/lib/python3.10/site-packages/numpy/typing/tests/data/fail) by extension 'colcon_meta'
[1.149s] Level 1:colcon.colcon_core.package_identification:_identify(venv/lib/python3.10/site-packages/numpy/typing/tests/data/fail) by extensions ['ros']
[1.149s] Level 1:colcon.colcon_core.package_identification:_identify(venv/lib/python3.10/site-packages/numpy/typing/tests/data/fail) by extension 'ros'
[1.149s] Level 1:colcon.colcon_core.package_identification:_identify(venv/lib/python3.10/site-packages/numpy/typing/tests/data/fail) by extensions ['cmake', 'python']
[1.149s] Level 1:colcon.colcon_core.package_identification:_identify(venv/lib/python3.10/site-packages/numpy/typing/tests/data/fail) by extension 'cmake'
[1.149s] Level 1:colcon.colcon_core.package_identification:_identify(venv/lib/python3.10/site-packages/numpy/typing/tests/data/fail) by extension 'python'
[1.149s] Level 1:colcon.colcon_core.package_identification:_identify(venv/lib/python3.10/site-packages/numpy/typing/tests/data/fail) by extensions ['python_setup_py']
[1.149s] Level 1:colcon.colcon_core.package_identification:_identify(venv/lib/python3.10/site-packages/numpy/typing/tests/data/fail) by extension 'python_setup_py'
[1.149s] Level 1:colcon.colcon_core.package_identification:_identify(venv/lib/python3.10/site-packages/numpy/typing/tests/data/misc) by extensions ['ignore', 'ignore_ament_install']
[1.149s] Level 1:colcon.colcon_core.package_identification:_identify(venv/lib/python3.10/site-packages/numpy/typing/tests/data/misc) by extension 'ignore'
[1.149s] Level 1:colcon.colcon_core.package_identification:_identify(venv/lib/python3.10/site-packages/numpy/typing/tests/data/misc) by extension 'ignore_ament_install'
[1.149s] Level 1:colcon.colcon_core.package_identification:_identify(venv/lib/python3.10/site-packages/numpy/typing/tests/data/misc) by extensions ['colcon_pkg']
[1.149s] Level 1:colcon.colcon_core.package_identification:_identify(venv/lib/python3.10/site-packages/numpy/typing/tests/data/misc) by extension 'colcon_pkg'
[1.149s] Level 1:colcon.colcon_core.package_identification:_identify(venv/lib/python3.10/site-packages/numpy/typing/tests/data/misc) by extensions ['colcon_meta']
[1.149s] Level 1:colcon.colcon_core.package_identification:_identify(venv/lib/python3.10/site-packages/numpy/typing/tests/data/misc) by extension 'colcon_meta'
[1.149s] Level 1:colcon.colcon_core.package_identification:_identify(venv/lib/python3.10/site-packages/numpy/typing/tests/data/misc) by extensions ['ros']
[1.149s] Level 1:colcon.colcon_core.package_identification:_identify(venv/lib/python3.10/site-packages/numpy/typing/tests/data/misc) by extension 'ros'
[1.149s] Level 1:colcon.colcon_core.package_identification:_identify(venv/lib/python3.10/site-packages/numpy/typing/tests/data/misc) by extensions ['cmake', 'python']
[1.149s] Level 1:colcon.colcon_core.package_identification:_identify(venv/lib/python3.10/site-packages/numpy/typing/tests/data/misc) by extension 'cmake'
[1.149s] Level 1:colcon.colcon_core.package_identification:_identify(venv/lib/python3.10/site-packages/numpy/typing/tests/data/misc) by extension 'python'
[1.149s] Level 1:colcon.colcon_core.package_identification:_identify(venv/lib/python3.10/site-packages/numpy/typing/tests/data/misc) by extensions ['python_setup_py']
[1.149s] Level 1:colcon.colcon_core.package_identification:_identify(venv/lib/python3.10/site-packages/numpy/typing/tests/data/misc) by extension 'python_setup_py'
[1.149s] Level 1:colcon.colcon_core.package_identification:_identify(venv/lib/python3.10/site-packages/numpy/typing/tests/data/pass) by extensions ['ignore', 'ignore_ament_install']
[1.149s] Level 1:colcon.colcon_core.package_identification:_identify(venv/lib/python3.10/site-packages/numpy/typing/tests/data/pass) by extension 'ignore'
[1.149s] Level 1:colcon.colcon_core.package_identification:_identify(venv/lib/python3.10/site-packages/numpy/typing/tests/data/pass) by extension 'ignore_ament_install'
[1.150s] Level 1:colcon.colcon_core.package_identification:_identify(venv/lib/python3.10/site-packages/numpy/typing/tests/data/pass) by extensions ['colcon_pkg']
[1.150s] Level 1:colcon.colcon_core.package_identification:_identify(venv/lib/python3.10/site-packages/numpy/typing/tests/data/pass) by extension 'colcon_pkg'
[1.150s] Level 1:colcon.colcon_core.package_identification:_identify(venv/lib/python3.10/site-packages/numpy/typing/tests/data/pass) by extensions ['colcon_meta']
[1.150s] Level 1:colcon.colcon_core.package_identification:_identify(venv/lib/python3.10/site-packages/numpy/typing/tests/data/pass) by extension 'colcon_meta'
[1.150s] Level 1:colcon.colcon_core.package_identification:_identify(venv/lib/python3.10/site-packages/numpy/typing/tests/data/pass) by extensions ['ros']
[1.150s] Level 1:colcon.colcon_core.package_identification:_identify(venv/lib/python3.10/site-packages/numpy/typing/tests/data/pass) by extension 'ros'
[1.150s] Level 1:colcon.colcon_core.package_identification:_identify(venv/lib/python3.10/site-packages/numpy/typing/tests/data/pass) by extensions ['cmake', 'python']
[1.150s] Level 1:colcon.colcon_core.package_identification:_identify(venv/lib/python3.10/site-packages/numpy/typing/tests/data/pass) by extension 'cmake'
[1.150s] Level 1:colcon.colcon_core.package_identification:_identify(venv/lib/python3.10/site-packages/numpy/typing/tests/data/pass) by extension 'python'
[1.150s] Level 1:colcon.colcon_core.package_identification:_identify(venv/lib/python3.10/site-packages/numpy/typing/tests/data/pass) by extensions ['python_setup_py']
[1.150s] Level 1:colcon.colcon_core.package_identification:_identify(venv/lib/python3.10/site-packages/numpy/typing/tests/data/pass) by extension 'python_setup_py'
[1.150s] Level 1:colcon.colcon_core.package_identification:_identify(venv/lib/python3.10/site-packages/numpy/typing/tests/data/pass/__pycache__) by extensions ['ignore', 'ignore_ament_install']
[1.150s] Level 1:colcon.colcon_core.package_identification:_identify(venv/lib/python3.10/site-packages/numpy/typing/tests/data/pass/__pycache__) by extension 'ignore'
[1.150s] Level 1:colcon.colcon_core.package_identification:_identify(venv/lib/python3.10/site-packages/numpy/typing/tests/data/pass/__pycache__) by extension 'ignore_ament_install'
[1.150s] Level 1:colcon.colcon_core.package_identification:_identify(venv/lib/python3.10/site-packages/numpy/typing/tests/data/pass/__pycache__) by extensions ['colcon_pkg']
[1.150s] Level 1:colcon.colcon_core.package_identification:_identify(venv/lib/python3.10/site-packages/numpy/typing/tests/data/pass/__pycache__) by extension 'colcon_pkg'
[1.150s] Level 1:colcon.colcon_core.package_identification:_identify(venv/lib/python3.10/site-packages/numpy/typing/tests/data/pass/__pycache__) by extensions ['colcon_meta']
[1.150s] Level 1:colcon.colcon_core.package_identification:_identify(venv/lib/python3.10/site-packages/numpy/typing/tests/data/pass/__pycache__) by extension 'colcon_meta'
[1.150s] Level 1:colcon.colcon_core.package_identification:_identify(venv/lib/python3.10/site-packages/numpy/typing/tests/data/pass/__pycache__) by extensions ['ros']
[1.150s] Level 1:colcon.colcon_core.package_identification:_identify(venv/lib/python3.10/site-packages/numpy/typing/tests/data/pass/__pycache__) by extension 'ros'
[1.150s] Level 1:colcon.colcon_core.package_identification:_identify(venv/lib/python3.10/site-packages/numpy/typing/tests/data/pass/__pycache__) by extensions ['cmake', 'python']
[1.150s] Level 1:colcon.colcon_core.package_identification:_identify(venv/lib/python3.10/site-packages/numpy/typing/tests/data/pass/__pycache__) by extension 'cmake'
[1.150s] Level 1:colcon.colcon_core.package_identification:_identify(venv/lib/python3.10/site-packages/numpy/typing/tests/data/pass/__pycache__) by extension 'python'
[1.150s] Level 1:colcon.colcon_core.package_identification:_identify(venv/lib/python3.10/site-packages/numpy/typing/tests/data/pass/__pycache__) by extensions ['python_setup_py']
[1.150s] Level 1:colcon.colcon_core.package_identification:_identify(venv/lib/python3.10/site-packages/numpy/typing/tests/data/pass/__pycache__) by extension 'python_setup_py'
[1.150s] Level 1:colcon.colcon_core.package_identification:_identify(venv/lib/python3.10/site-packages/numpy/typing/tests/data/reveal) by extensions ['ignore', 'ignore_ament_install']
[1.150s] Level 1:colcon.colcon_core.package_identification:_identify(venv/lib/python3.10/site-packages/numpy/typing/tests/data/reveal) by extension 'ignore'
[1.150s] Level 1:colcon.colcon_core.package_identification:_identify(venv/lib/python3.10/site-packages/numpy/typing/tests/data/reveal) by extension 'ignore_ament_install'
[1.150s] Level 1:colcon.colcon_core.package_identification:_identify(venv/lib/python3.10/site-packages/numpy/typing/tests/data/reveal) by extensions ['colcon_pkg']
[1.150s] Level 1:colcon.colcon_core.package_identification:_identify(venv/lib/python3.10/site-packages/numpy/typing/tests/data/reveal) by extension 'colcon_pkg'
[1.150s] Level 1:colcon.colcon_core.package_identification:_identify(venv/lib/python3.10/site-packages/numpy/typing/tests/data/reveal) by extensions ['colcon_meta']
[1.150s] Level 1:colcon.colcon_core.package_identification:_identify(venv/lib/python3.10/site-packages/numpy/typing/tests/data/reveal) by extension 'colcon_meta'
[1.151s] Level 1:colcon.colcon_core.package_identification:_identify(venv/lib/python3.10/site-packages/numpy/typing/tests/data/reveal) by extensions ['ros']
[1.151s] Level 1:colcon.colcon_core.package_identification:_identify(venv/lib/python3.10/site-packages/numpy/typing/tests/data/reveal) by extension 'ros'
[1.151s] Level 1:colcon.colcon_core.package_identification:_identify(venv/lib/python3.10/site-packages/numpy/typing/tests/data/reveal) by extensions ['cmake', 'python']
[1.151s] Level 1:colcon.colcon_core.package_identification:_identify(venv/lib/python3.10/site-packages/numpy/typing/tests/data/reveal) by extension 'cmake'
[1.151s] Level 1:colcon.colcon_core.package_identification:_identify(venv/lib/python3.10/site-packages/numpy/typing/tests/data/reveal) by extension 'python'
[1.151s] Level 1:colcon.colcon_core.package_identification:_identify(venv/lib/python3.10/site-packages/numpy/typing/tests/data/reveal) by extensions ['python_setup_py']
[1.151s] Level 1:colcon.colcon_core.package_identification:_identify(venv/lib/python3.10/site-packages/numpy/typing/tests/data/reveal) by extension 'python_setup_py'
[1.151s] Level 1:colcon.colcon_core.package_identification:_identify(venv/lib/python3.10/site-packages/numpy-2.2.3.dist-info) by extensions ['ignore', 'ignore_ament_install']
[1.151s] Level 1:colcon.colcon_core.package_identification:_identify(venv/lib/python3.10/site-packages/numpy-2.2.3.dist-info) by extension 'ignore'
[1.151s] Level 1:colcon.colcon_core.package_identification:_identify(venv/lib/python3.10/site-packages/numpy-2.2.3.dist-info) by extension 'ignore_ament_install'
[1.151s] Level 1:colcon.colcon_core.package_identification:_identify(venv/lib/python3.10/site-packages/numpy-2.2.3.dist-info) by extensions ['colcon_pkg']
[1.151s] Level 1:colcon.colcon_core.package_identification:_identify(venv/lib/python3.10/site-packages/numpy-2.2.3.dist-info) by extension 'colcon_pkg'
[1.151s] Level 1:colcon.colcon_core.package_identification:_identify(venv/lib/python3.10/site-packages/numpy-2.2.3.dist-info) by extensions ['colcon_meta']
[1.151s] Level 1:colcon.colcon_core.package_identification:_identify(venv/lib/python3.10/site-packages/numpy-2.2.3.dist-info) by extension 'colcon_meta'
[1.151s] Level 1:colcon.colcon_core.package_identification:_identify(venv/lib/python3.10/site-packages/numpy-2.2.3.dist-info) by extensions ['ros']
[1.151s] Level 1:colcon.colcon_core.package_identification:_identify(venv/lib/python3.10/site-packages/numpy-2.2.3.dist-info) by extension 'ros'
[1.151s] Level 1:colcon.colcon_core.package_identification:_identify(venv/lib/python3.10/site-packages/numpy-2.2.3.dist-info) by extensions ['cmake', 'python']
[1.151s] Level 1:colcon.colcon_core.package_identification:_identify(venv/lib/python3.10/site-packages/numpy-2.2.3.dist-info) by extension 'cmake'
[1.151s] Level 1:colcon.colcon_core.package_identification:_identify(venv/lib/python3.10/site-packages/numpy-2.2.3.dist-info) by extension 'python'
[1.151s] Level 1:colcon.colcon_core.package_identification:_identify(venv/lib/python3.10/site-packages/numpy-2.2.3.dist-info) by extensions ['python_setup_py']
[1.151s] Level 1:colcon.colcon_core.package_identification:_identify(venv/lib/python3.10/site-packages/numpy-2.2.3.dist-info) by extension 'python_setup_py'
[1.151s] Level 1:colcon.colcon_core.package_identification:_identify(venv/lib/python3.10/site-packages/numpy.libs) by extensions ['ignore', 'ignore_ament_install']
[1.151s] Level 1:colcon.colcon_core.package_identification:_identify(venv/lib/python3.10/site-packages/numpy.libs) by extension 'ignore'
[1.151s] Level 1:colcon.colcon_core.package_identification:_identify(venv/lib/python3.10/site-packages/numpy.libs) by extension 'ignore_ament_install'
[1.151s] Level 1:colcon.colcon_core.package_identification:_identify(venv/lib/python3.10/site-packages/numpy.libs) by extensions ['colcon_pkg']
[1.151s] Level 1:colcon.colcon_core.package_identification:_identify(venv/lib/python3.10/site-packages/numpy.libs) by extension 'colcon_pkg'
[1.151s] Level 1:colcon.colcon_core.package_identification:_identify(venv/lib/python3.10/site-packages/numpy.libs) by extensions ['colcon_meta']
[1.151s] Level 1:colcon.colcon_core.package_identification:_identify(venv/lib/python3.10/site-packages/numpy.libs) by extension 'colcon_meta'
[1.151s] Level 1:colcon.colcon_core.package_identification:_identify(venv/lib/python3.10/site-packages/numpy.libs) by extensions ['ros']
[1.151s] Level 1:colcon.colcon_core.package_identification:_identify(venv/lib/python3.10/site-packages/numpy.libs) by extension 'ros'
[1.151s] Level 1:colcon.colcon_core.package_identification:_identify(venv/lib/python3.10/site-packages/numpy.libs) by extensions ['cmake', 'python']
[1.151s] Level 1:colcon.colcon_core.package_identification:_identify(venv/lib/python3.10/site-packages/numpy.libs) by extension 'cmake'
[1.151s] Level 1:colcon.colcon_core.package_identification:_identify(venv/lib/python3.10/site-packages/numpy.libs) by extension 'python'
[1.151s] Level 1:colcon.colcon_core.package_identification:_identify(venv/lib/python3.10/site-packages/numpy.libs) by extensions ['python_setup_py']
[1.152s] Level 1:colcon.colcon_core.package_identification:_identify(venv/lib/python3.10/site-packages/numpy.libs) by extension 'python_setup_py'
[1.152s] Level 1:colcon.colcon_core.package_identification:_identify(venv/lib/python3.10/site-packages/pip) by extensions ['ignore', 'ignore_ament_install']
[1.152s] Level 1:colcon.colcon_core.package_identification:_identify(venv/lib/python3.10/site-packages/pip) by extension 'ignore'
[1.152s] Level 1:colcon.colcon_core.package_identification:_identify(venv/lib/python3.10/site-packages/pip) by extension 'ignore_ament_install'
[1.152s] Level 1:colcon.colcon_core.package_identification:_identify(venv/lib/python3.10/site-packages/pip) by extensions ['colcon_pkg']
[1.152s] Level 1:colcon.colcon_core.package_identification:_identify(venv/lib/python3.10/site-packages/pip) by extension 'colcon_pkg'
[1.152s] Level 1:colcon.colcon_core.package_identification:_identify(venv/lib/python3.10/site-packages/pip) by extensions ['colcon_meta']
[1.152s] Level 1:colcon.colcon_core.package_identification:_identify(venv/lib/python3.10/site-packages/pip) by extension 'colcon_meta'
[1.152s] Level 1:colcon.colcon_core.package_identification:_identify(venv/lib/python3.10/site-packages/pip) by extensions ['ros']
[1.152s] Level 1:colcon.colcon_core.package_identification:_identify(venv/lib/python3.10/site-packages/pip) by extension 'ros'
[1.152s] Level 1:colcon.colcon_core.package_identification:_identify(venv/lib/python3.10/site-packages/pip) by extensions ['cmake', 'python']
[1.152s] Level 1:colcon.colcon_core.package_identification:_identify(venv/lib/python3.10/site-packages/pip) by extension 'cmake'
[1.152s] Level 1:colcon.colcon_core.package_identification:_identify(venv/lib/python3.10/site-packages/pip) by extension 'python'
[1.152s] Level 1:colcon.colcon_core.package_identification:_identify(venv/lib/python3.10/site-packages/pip) by extensions ['python_setup_py']
[1.152s] Level 1:colcon.colcon_core.package_identification:_identify(venv/lib/python3.10/site-packages/pip) by extension 'python_setup_py'
[1.152s] Level 1:colcon.colcon_core.package_identification:_identify(venv/lib/python3.10/site-packages/pip/__pycache__) by extensions ['ignore', 'ignore_ament_install']
[1.152s] Level 1:colcon.colcon_core.package_identification:_identify(venv/lib/python3.10/site-packages/pip/__pycache__) by extension 'ignore'
[1.152s] Level 1:colcon.colcon_core.package_identification:_identify(venv/lib/python3.10/site-packages/pip/__pycache__) by extension 'ignore_ament_install'
[1.152s] Level 1:colcon.colcon_core.package_identification:_identify(venv/lib/python3.10/site-packages/pip/__pycache__) by extensions ['colcon_pkg']
[1.152s] Level 1:colcon.colcon_core.package_identification:_identify(venv/lib/python3.10/site-packages/pip/__pycache__) by extension 'colcon_pkg'
[1.152s] Level 1:colcon.colcon_core.package_identification:_identify(venv/lib/python3.10/site-packages/pip/__pycache__) by extensions ['colcon_meta']
[1.152s] Level 1:colcon.colcon_core.package_identification:_identify(venv/lib/python3.10/site-packages/pip/__pycache__) by extension 'colcon_meta'
[1.152s] Level 1:colcon.colcon_core.package_identification:_identify(venv/lib/python3.10/site-packages/pip/__pycache__) by extensions ['ros']
[1.152s] Level 1:colcon.colcon_core.package_identification:_identify(venv/lib/python3.10/site-packages/pip/__pycache__) by extension 'ros'
[1.152s] Level 1:colcon.colcon_core.package_identification:_identify(venv/lib/python3.10/site-packages/pip/__pycache__) by extensions ['cmake', 'python']
[1.152s] Level 1:colcon.colcon_core.package_identification:_identify(venv/lib/python3.10/site-packages/pip/__pycache__) by extension 'cmake'
[1.152s] Level 1:colcon.colcon_core.package_identification:_identify(venv/lib/python3.10/site-packages/pip/__pycache__) by extension 'python'
[1.152s] Level 1:colcon.colcon_core.package_identification:_identify(venv/lib/python3.10/site-packages/pip/__pycache__) by extensions ['python_setup_py']
[1.152s] Level 1:colcon.colcon_core.package_identification:_identify(venv/lib/python3.10/site-packages/pip/__pycache__) by extension 'python_setup_py'
[1.152s] Level 1:colcon.colcon_core.package_identification:_identify(venv/lib/python3.10/site-packages/pip/_internal) by extensions ['ignore', 'ignore_ament_install']
[1.152s] Level 1:colcon.colcon_core.package_identification:_identify(venv/lib/python3.10/site-packages/pip/_internal) by extension 'ignore'
[1.152s] Level 1:colcon.colcon_core.package_identification:_identify(venv/lib/python3.10/site-packages/pip/_internal) by extension 'ignore_ament_install'
[1.152s] Level 1:colcon.colcon_core.package_identification:_identify(venv/lib/python3.10/site-packages/pip/_internal) by extensions ['colcon_pkg']
[1.153s] Level 1:colcon.colcon_core.package_identification:_identify(venv/lib/python3.10/site-packages/pip/_internal) by extension 'colcon_pkg'
[1.153s] Level 1:colcon.colcon_core.package_identification:_identify(venv/lib/python3.10/site-packages/pip/_internal) by extensions ['colcon_meta']
[1.153s] Level 1:colcon.colcon_core.package_identification:_identify(venv/lib/python3.10/site-packages/pip/_internal) by extension 'colcon_meta'
[1.153s] Level 1:colcon.colcon_core.package_identification:_identify(venv/lib/python3.10/site-packages/pip/_internal) by extensions ['ros']
[1.153s] Level 1:colcon.colcon_core.package_identification:_identify(venv/lib/python3.10/site-packages/pip/_internal) by extension 'ros'
[1.153s] Level 1:colcon.colcon_core.package_identification:_identify(venv/lib/python3.10/site-packages/pip/_internal) by extensions ['cmake', 'python']
[1.153s] Level 1:colcon.colcon_core.package_identification:_identify(venv/lib/python3.10/site-packages/pip/_internal) by extension 'cmake'
[1.153s] Level 1:colcon.colcon_core.package_identification:_identify(venv/lib/python3.10/site-packages/pip/_internal) by extension 'python'
[1.153s] Level 1:colcon.colcon_core.package_identification:_identify(venv/lib/python3.10/site-packages/pip/_internal) by extensions ['python_setup_py']
[1.153s] Level 1:colcon.colcon_core.package_identification:_identify(venv/lib/python3.10/site-packages/pip/_internal) by extension 'python_setup_py'
[1.153s] Level 1:colcon.colcon_core.package_identification:_identify(venv/lib/python3.10/site-packages/pip/_internal/__pycache__) by extensions ['ignore', 'ignore_ament_install']
[1.153s] Level 1:colcon.colcon_core.package_identification:_identify(venv/lib/python3.10/site-packages/pip/_internal/__pycache__) by extension 'ignore'
[1.153s] Level 1:colcon.colcon_core.package_identification:_identify(venv/lib/python3.10/site-packages/pip/_internal/__pycache__) by extension 'ignore_ament_install'
[1.153s] Level 1:colcon.colcon_core.package_identification:_identify(venv/lib/python3.10/site-packages/pip/_internal/__pycache__) by extensions ['colcon_pkg']
[1.153s] Level 1:colcon.colcon_core.package_identification:_identify(venv/lib/python3.10/site-packages/pip/_internal/__pycache__) by extension 'colcon_pkg'
[1.153s] Level 1:colcon.colcon_core.package_identification:_identify(venv/lib/python3.10/site-packages/pip/_internal/__pycache__) by extensions ['colcon_meta']
[1.153s] Level 1:colcon.colcon_core.package_identification:_identify(venv/lib/python3.10/site-packages/pip/_internal/__pycache__) by extension 'colcon_meta'
[1.153s] Level 1:colcon.colcon_core.package_identification:_identify(venv/lib/python3.10/site-packages/pip/_internal/__pycache__) by extensions ['ros']
[1.153s] Level 1:colcon.colcon_core.package_identification:_identify(venv/lib/python3.10/site-packages/pip/_internal/__pycache__) by extension 'ros'
[1.153s] Level 1:colcon.colcon_core.package_identification:_identify(venv/lib/python3.10/site-packages/pip/_internal/__pycache__) by extensions ['cmake', 'python']
[1.153s] Level 1:colcon.colcon_core.package_identification:_identify(venv/lib/python3.10/site-packages/pip/_internal/__pycache__) by extension 'cmake'
[1.153s] Level 1:colcon.colcon_core.package_identification:_identify(venv/lib/python3.10/site-packages/pip/_internal/__pycache__) by extension 'python'
[1.153s] Level 1:colcon.colcon_core.package_identification:_identify(venv/lib/python3.10/site-packages/pip/_internal/__pycache__) by extensions ['python_setup_py']
[1.153s] Level 1:colcon.colcon_core.package_identification:_identify(venv/lib/python3.10/site-packages/pip/_internal/__pycache__) by extension 'python_setup_py'
[1.153s] Level 1:colcon.colcon_core.package_identification:_identify(venv/lib/python3.10/site-packages/pip/_internal/cli) by extensions ['ignore', 'ignore_ament_install']
[1.153s] Level 1:colcon.colcon_core.package_identification:_identify(venv/lib/python3.10/site-packages/pip/_internal/cli) by extension 'ignore'
[1.153s] Level 1:colcon.colcon_core.package_identification:_identify(venv/lib/python3.10/site-packages/pip/_internal/cli) by extension 'ignore_ament_install'
[1.153s] Level 1:colcon.colcon_core.package_identification:_identify(venv/lib/python3.10/site-packages/pip/_internal/cli) by extensions ['colcon_pkg']
[1.153s] Level 1:colcon.colcon_core.package_identification:_identify(venv/lib/python3.10/site-packages/pip/_internal/cli) by extension 'colcon_pkg'
[1.153s] Level 1:colcon.colcon_core.package_identification:_identify(venv/lib/python3.10/site-packages/pip/_internal/cli) by extensions ['colcon_meta']
[1.153s] Level 1:colcon.colcon_core.package_identification:_identify(venv/lib/python3.10/site-packages/pip/_internal/cli) by extension 'colcon_meta'
[1.153s] Level 1:colcon.colcon_core.package_identification:_identify(venv/lib/python3.10/site-packages/pip/_internal/cli) by extensions ['ros']
[1.153s] Level 1:colcon.colcon_core.package_identification:_identify(venv/lib/python3.10/site-packages/pip/_internal/cli) by extension 'ros'
[1.153s] Level 1:colcon.colcon_core.package_identification:_identify(venv/lib/python3.10/site-packages/pip/_internal/cli) by extensions ['cmake', 'python']
[1.154s] Level 1:colcon.colcon_core.package_identification:_identify(venv/lib/python3.10/site-packages/pip/_internal/cli) by extension 'cmake'
[1.154s] Level 1:colcon.colcon_core.package_identification:_identify(venv/lib/python3.10/site-packages/pip/_internal/cli) by extension 'python'
[1.154s] Level 1:colcon.colcon_core.package_identification:_identify(venv/lib/python3.10/site-packages/pip/_internal/cli) by extensions ['python_setup_py']
[1.154s] Level 1:colcon.colcon_core.package_identification:_identify(venv/lib/python3.10/site-packages/pip/_internal/cli) by extension 'python_setup_py'
[1.154s] Level 1:colcon.colcon_core.package_identification:_identify(venv/lib/python3.10/site-packages/pip/_internal/cli/__pycache__) by extensions ['ignore', 'ignore_ament_install']
[1.154s] Level 1:colcon.colcon_core.package_identification:_identify(venv/lib/python3.10/site-packages/pip/_internal/cli/__pycache__) by extension 'ignore'
[1.154s] Level 1:colcon.colcon_core.package_identification:_identify(venv/lib/python3.10/site-packages/pip/_internal/cli/__pycache__) by extension 'ignore_ament_install'
[1.154s] Level 1:colcon.colcon_core.package_identification:_identify(venv/lib/python3.10/site-packages/pip/_internal/cli/__pycache__) by extensions ['colcon_pkg']
[1.154s] Level 1:colcon.colcon_core.package_identification:_identify(venv/lib/python3.10/site-packages/pip/_internal/cli/__pycache__) by extension 'colcon_pkg'
[1.154s] Level 1:colcon.colcon_core.package_identification:_identify(venv/lib/python3.10/site-packages/pip/_internal/cli/__pycache__) by extensions ['colcon_meta']
[1.154s] Level 1:colcon.colcon_core.package_identification:_identify(venv/lib/python3.10/site-packages/pip/_internal/cli/__pycache__) by extension 'colcon_meta'
[1.154s] Level 1:colcon.colcon_core.package_identification:_identify(venv/lib/python3.10/site-packages/pip/_internal/cli/__pycache__) by extensions ['ros']
[1.154s] Level 1:colcon.colcon_core.package_identification:_identify(venv/lib/python3.10/site-packages/pip/_internal/cli/__pycache__) by extension 'ros'
[1.154s] Level 1:colcon.colcon_core.package_identification:_identify(venv/lib/python3.10/site-packages/pip/_internal/cli/__pycache__) by extensions ['cmake', 'python']
[1.154s] Level 1:colcon.colcon_core.package_identification:_identify(venv/lib/python3.10/site-packages/pip/_internal/cli/__pycache__) by extension 'cmake'
[1.154s] Level 1:colcon.colcon_core.package_identification:_identify(venv/lib/python3.10/site-packages/pip/_internal/cli/__pycache__) by extension 'python'
[1.154s] Level 1:colcon.colcon_core.package_identification:_identify(venv/lib/python3.10/site-packages/pip/_internal/cli/__pycache__) by extensions ['python_setup_py']
[1.154s] Level 1:colcon.colcon_core.package_identification:_identify(venv/lib/python3.10/site-packages/pip/_internal/cli/__pycache__) by extension 'python_setup_py'
[1.154s] Level 1:colcon.colcon_core.package_identification:_identify(venv/lib/python3.10/site-packages/pip/_internal/commands) by extensions ['ignore', 'ignore_ament_install']
[1.154s] Level 1:colcon.colcon_core.package_identification:_identify(venv/lib/python3.10/site-packages/pip/_internal/commands) by extension 'ignore'
[1.154s] Level 1:colcon.colcon_core.package_identification:_identify(venv/lib/python3.10/site-packages/pip/_internal/commands) by extension 'ignore_ament_install'
[1.154s] Level 1:colcon.colcon_core.package_identification:_identify(venv/lib/python3.10/site-packages/pip/_internal/commands) by extensions ['colcon_pkg']
[1.154s] Level 1:colcon.colcon_core.package_identification:_identify(venv/lib/python3.10/site-packages/pip/_internal/commands) by extension 'colcon_pkg'
[1.154s] Level 1:colcon.colcon_core.package_identification:_identify(venv/lib/python3.10/site-packages/pip/_internal/commands) by extensions ['colcon_meta']
[1.154s] Level 1:colcon.colcon_core.package_identification:_identify(venv/lib/python3.10/site-packages/pip/_internal/commands) by extension 'colcon_meta'
[1.154s] Level 1:colcon.colcon_core.package_identification:_identify(venv/lib/python3.10/site-packages/pip/_internal/commands) by extensions ['ros']
[1.154s] Level 1:colcon.colcon_core.package_identification:_identify(venv/lib/python3.10/site-packages/pip/_internal/commands) by extension 'ros'
[1.154s] Level 1:colcon.colcon_core.package_identification:_identify(venv/lib/python3.10/site-packages/pip/_internal/commands) by extensions ['cmake', 'python']
[1.154s] Level 1:colcon.colcon_core.package_identification:_identify(venv/lib/python3.10/site-packages/pip/_internal/commands) by extension 'cmake'
[1.154s] Level 1:colcon.colcon_core.package_identification:_identify(venv/lib/python3.10/site-packages/pip/_internal/commands) by extension 'python'
[1.154s] Level 1:colcon.colcon_core.package_identification:_identify(venv/lib/python3.10/site-packages/pip/_internal/commands) by extensions ['python_setup_py']
[1.154s] Level 1:colcon.colcon_core.package_identification:_identify(venv/lib/python3.10/site-packages/pip/_internal/commands) by extension 'python_setup_py'
[1.155s] Level 1:colcon.colcon_core.package_identification:_identify(venv/lib/python3.10/site-packages/pip/_internal/commands/__pycache__) by extensions ['ignore', 'ignore_ament_install']
[1.155s] Level 1:colcon.colcon_core.package_identification:_identify(venv/lib/python3.10/site-packages/pip/_internal/commands/__pycache__) by extension 'ignore'
[1.155s] Level 1:colcon.colcon_core.package_identification:_identify(venv/lib/python3.10/site-packages/pip/_internal/commands/__pycache__) by extension 'ignore_ament_install'
[1.155s] Level 1:colcon.colcon_core.package_identification:_identify(venv/lib/python3.10/site-packages/pip/_internal/commands/__pycache__) by extensions ['colcon_pkg']
[1.155s] Level 1:colcon.colcon_core.package_identification:_identify(venv/lib/python3.10/site-packages/pip/_internal/commands/__pycache__) by extension 'colcon_pkg'
[1.155s] Level 1:colcon.colcon_core.package_identification:_identify(venv/lib/python3.10/site-packages/pip/_internal/commands/__pycache__) by extensions ['colcon_meta']
[1.155s] Level 1:colcon.colcon_core.package_identification:_identify(venv/lib/python3.10/site-packages/pip/_internal/commands/__pycache__) by extension 'colcon_meta'
[1.155s] Level 1:colcon.colcon_core.package_identification:_identify(venv/lib/python3.10/site-packages/pip/_internal/commands/__pycache__) by extensions ['ros']
[1.155s] Level 1:colcon.colcon_core.package_identification:_identify(venv/lib/python3.10/site-packages/pip/_internal/commands/__pycache__) by extension 'ros'
[1.155s] Level 1:colcon.colcon_core.package_identification:_identify(venv/lib/python3.10/site-packages/pip/_internal/commands/__pycache__) by extensions ['cmake', 'python']
[1.155s] Level 1:colcon.colcon_core.package_identification:_identify(venv/lib/python3.10/site-packages/pip/_internal/commands/__pycache__) by extension 'cmake'
[1.155s] Level 1:colcon.colcon_core.package_identification:_identify(venv/lib/python3.10/site-packages/pip/_internal/commands/__pycache__) by extension 'python'
[1.155s] Level 1:colcon.colcon_core.package_identification:_identify(venv/lib/python3.10/site-packages/pip/_internal/commands/__pycache__) by extensions ['python_setup_py']
[1.155s] Level 1:colcon.colcon_core.package_identification:_identify(venv/lib/python3.10/site-packages/pip/_internal/commands/__pycache__) by extension 'python_setup_py'
[1.155s] Level 1:colcon.colcon_core.package_identification:_identify(venv/lib/python3.10/site-packages/pip/_internal/distributions) by extensions ['ignore', 'ignore_ament_install']
[1.155s] Level 1:colcon.colcon_core.package_identification:_identify(venv/lib/python3.10/site-packages/pip/_internal/distributions) by extension 'ignore'
[1.155s] Level 1:colcon.colcon_core.package_identification:_identify(venv/lib/python3.10/site-packages/pip/_internal/distributions) by extension 'ignore_ament_install'
[1.155s] Level 1:colcon.colcon_core.package_identification:_identify(venv/lib/python3.10/site-packages/pip/_internal/distributions) by extensions ['colcon_pkg']
[1.155s] Level 1:colcon.colcon_core.package_identification:_identify(venv/lib/python3.10/site-packages/pip/_internal/distributions) by extension 'colcon_pkg'
[1.155s] Level 1:colcon.colcon_core.package_identification:_identify(venv/lib/python3.10/site-packages/pip/_internal/distributions) by extensions ['colcon_meta']
[1.155s] Level 1:colcon.colcon_core.package_identification:_identify(venv/lib/python3.10/site-packages/pip/_internal/distributions) by extension 'colcon_meta'
[1.155s] Level 1:colcon.colcon_core.package_identification:_identify(venv/lib/python3.10/site-packages/pip/_internal/distributions) by extensions ['ros']
[1.155s] Level 1:colcon.colcon_core.package_identification:_identify(venv/lib/python3.10/site-packages/pip/_internal/distributions) by extension 'ros'
[1.155s] Level 1:colcon.colcon_core.package_identification:_identify(venv/lib/python3.10/site-packages/pip/_internal/distributions) by extensions ['cmake', 'python']
[1.155s] Level 1:colcon.colcon_core.package_identification:_identify(venv/lib/python3.10/site-packages/pip/_internal/distributions) by extension 'cmake'
[1.155s] Level 1:colcon.colcon_core.package_identification:_identify(venv/lib/python3.10/site-packages/pip/_internal/distributions) by extension 'python'
[1.155s] Level 1:colcon.colcon_core.package_identification:_identify(venv/lib/python3.10/site-packages/pip/_internal/distributions) by extensions ['python_setup_py']
[1.155s] Level 1:colcon.colcon_core.package_identification:_identify(venv/lib/python3.10/site-packages/pip/_internal/distributions) by extension 'python_setup_py'
[1.155s] Level 1:colcon.colcon_core.package_identification:_identify(venv/lib/python3.10/site-packages/pip/_internal/distributions/__pycache__) by extensions ['ignore', 'ignore_ament_install']
[1.155s] Level 1:colcon.colcon_core.package_identification:_identify(venv/lib/python3.10/site-packages/pip/_internal/distributions/__pycache__) by extension 'ignore'
[1.155s] Level 1:colcon.colcon_core.package_identification:_identify(venv/lib/python3.10/site-packages/pip/_internal/distributions/__pycache__) by extension 'ignore_ament_install'
[1.155s] Level 1:colcon.colcon_core.package_identification:_identify(venv/lib/python3.10/site-packages/pip/_internal/distributions/__pycache__) by extensions ['colcon_pkg']
[1.155s] Level 1:colcon.colcon_core.package_identification:_identify(venv/lib/python3.10/site-packages/pip/_internal/distributions/__pycache__) by extension 'colcon_pkg'
[1.155s] Level 1:colcon.colcon_core.package_identification:_identify(venv/lib/python3.10/site-packages/pip/_internal/distributions/__pycache__) by extensions ['colcon_meta']
[1.156s] Level 1:colcon.colcon_core.package_identification:_identify(venv/lib/python3.10/site-packages/pip/_internal/distributions/__pycache__) by extension 'colcon_meta'
[1.156s] Level 1:colcon.colcon_core.package_identification:_identify(venv/lib/python3.10/site-packages/pip/_internal/distributions/__pycache__) by extensions ['ros']
[1.156s] Level 1:colcon.colcon_core.package_identification:_identify(venv/lib/python3.10/site-packages/pip/_internal/distributions/__pycache__) by extension 'ros'
[1.156s] Level 1:colcon.colcon_core.package_identification:_identify(venv/lib/python3.10/site-packages/pip/_internal/distributions/__pycache__) by extensions ['cmake', 'python']
[1.156s] Level 1:colcon.colcon_core.package_identification:_identify(venv/lib/python3.10/site-packages/pip/_internal/distributions/__pycache__) by extension 'cmake'
[1.156s] Level 1:colcon.colcon_core.package_identification:_identify(venv/lib/python3.10/site-packages/pip/_internal/distributions/__pycache__) by extension 'python'
[1.156s] Level 1:colcon.colcon_core.package_identification:_identify(venv/lib/python3.10/site-packages/pip/_internal/distributions/__pycache__) by extensions ['python_setup_py']
[1.156s] Level 1:colcon.colcon_core.package_identification:_identify(venv/lib/python3.10/site-packages/pip/_internal/distributions/__pycache__) by extension 'python_setup_py'
[1.156s] Level 1:colcon.colcon_core.package_identification:_identify(venv/lib/python3.10/site-packages/pip/_internal/index) by extensions ['ignore', 'ignore_ament_install']
[1.156s] Level 1:colcon.colcon_core.package_identification:_identify(venv/lib/python3.10/site-packages/pip/_internal/index) by extension 'ignore'
[1.156s] Level 1:colcon.colcon_core.package_identification:_identify(venv/lib/python3.10/site-packages/pip/_internal/index) by extension 'ignore_ament_install'
[1.156s] Level 1:colcon.colcon_core.package_identification:_identify(venv/lib/python3.10/site-packages/pip/_internal/index) by extensions ['colcon_pkg']
[1.156s] Level 1:colcon.colcon_core.package_identification:_identify(venv/lib/python3.10/site-packages/pip/_internal/index) by extension 'colcon_pkg'
[1.156s] Level 1:colcon.colcon_core.package_identification:_identify(venv/lib/python3.10/site-packages/pip/_internal/index) by extensions ['colcon_meta']
[1.156s] Level 1:colcon.colcon_core.package_identification:_identify(venv/lib/python3.10/site-packages/pip/_internal/index) by extension 'colcon_meta'
[1.156s] Level 1:colcon.colcon_core.package_identification:_identify(venv/lib/python3.10/site-packages/pip/_internal/index) by extensions ['ros']
[1.156s] Level 1:colcon.colcon_core.package_identification:_identify(venv/lib/python3.10/site-packages/pip/_internal/index) by extension 'ros'
[1.156s] Level 1:colcon.colcon_core.package_identification:_identify(venv/lib/python3.10/site-packages/pip/_internal/index) by extensions ['cmake', 'python']
[1.156s] Level 1:colcon.colcon_core.package_identification:_identify(venv/lib/python3.10/site-packages/pip/_internal/index) by extension 'cmake'
[1.156s] Level 1:colcon.colcon_core.package_identification:_identify(venv/lib/python3.10/site-packages/pip/_internal/index) by extension 'python'
[1.156s] Level 1:colcon.colcon_core.package_identification:_identify(venv/lib/python3.10/site-packages/pip/_internal/index) by extensions ['python_setup_py']
[1.156s] Level 1:colcon.colcon_core.package_identification:_identify(venv/lib/python3.10/site-packages/pip/_internal/index) by extension 'python_setup_py'
[1.156s] Level 1:colcon.colcon_core.package_identification:_identify(venv/lib/python3.10/site-packages/pip/_internal/index/__pycache__) by extensions ['ignore', 'ignore_ament_install']
[1.156s] Level 1:colcon.colcon_core.package_identification:_identify(venv/lib/python3.10/site-packages/pip/_internal/index/__pycache__) by extension 'ignore'
[1.156s] Level 1:colcon.colcon_core.package_identification:_identify(venv/lib/python3.10/site-packages/pip/_internal/index/__pycache__) by extension 'ignore_ament_install'
[1.156s] Level 1:colcon.colcon_core.package_identification:_identify(venv/lib/python3.10/site-packages/pip/_internal/index/__pycache__) by extensions ['colcon_pkg']
[1.156s] Level 1:colcon.colcon_core.package_identification:_identify(venv/lib/python3.10/site-packages/pip/_internal/index/__pycache__) by extension 'colcon_pkg'
[1.156s] Level 1:colcon.colcon_core.package_identification:_identify(venv/lib/python3.10/site-packages/pip/_internal/index/__pycache__) by extensions ['colcon_meta']
[1.156s] Level 1:colcon.colcon_core.package_identification:_identify(venv/lib/python3.10/site-packages/pip/_internal/index/__pycache__) by extension 'colcon_meta'
[1.156s] Level 1:colcon.colcon_core.package_identification:_identify(venv/lib/python3.10/site-packages/pip/_internal/index/__pycache__) by extensions ['ros']
[1.156s] Level 1:colcon.colcon_core.package_identification:_identify(venv/lib/python3.10/site-packages/pip/_internal/index/__pycache__) by extension 'ros'
[1.156s] Level 1:colcon.colcon_core.package_identification:_identify(venv/lib/python3.10/site-packages/pip/_internal/index/__pycache__) by extensions ['cmake', 'python']
[1.156s] Level 1:colcon.colcon_core.package_identification:_identify(venv/lib/python3.10/site-packages/pip/_internal/index/__pycache__) by extension 'cmake'
[1.156s] Level 1:colcon.colcon_core.package_identification:_identify(venv/lib/python3.10/site-packages/pip/_internal/index/__pycache__) by extension 'python'
[1.156s] Level 1:colcon.colcon_core.package_identification:_identify(venv/lib/python3.10/site-packages/pip/_internal/index/__pycache__) by extensions ['python_setup_py']
[1.157s] Level 1:colcon.colcon_core.package_identification:_identify(venv/lib/python3.10/site-packages/pip/_internal/index/__pycache__) by extension 'python_setup_py'
[1.157s] Level 1:colcon.colcon_core.package_identification:_identify(venv/lib/python3.10/site-packages/pip/_internal/locations) by extensions ['ignore', 'ignore_ament_install']
[1.157s] Level 1:colcon.colcon_core.package_identification:_identify(venv/lib/python3.10/site-packages/pip/_internal/locations) by extension 'ignore'
[1.157s] Level 1:colcon.colcon_core.package_identification:_identify(venv/lib/python3.10/site-packages/pip/_internal/locations) by extension 'ignore_ament_install'
[1.157s] Level 1:colcon.colcon_core.package_identification:_identify(venv/lib/python3.10/site-packages/pip/_internal/locations) by extensions ['colcon_pkg']
[1.157s] Level 1:colcon.colcon_core.package_identification:_identify(venv/lib/python3.10/site-packages/pip/_internal/locations) by extension 'colcon_pkg'
[1.157s] Level 1:colcon.colcon_core.package_identification:_identify(venv/lib/python3.10/site-packages/pip/_internal/locations) by extensions ['colcon_meta']
[1.157s] Level 1:colcon.colcon_core.package_identification:_identify(venv/lib/python3.10/site-packages/pip/_internal/locations) by extension 'colcon_meta'
[1.157s] Level 1:colcon.colcon_core.package_identification:_identify(venv/lib/python3.10/site-packages/pip/_internal/locations) by extensions ['ros']
[1.157s] Level 1:colcon.colcon_core.package_identification:_identify(venv/lib/python3.10/site-packages/pip/_internal/locations) by extension 'ros'
[1.157s] Level 1:colcon.colcon_core.package_identification:_identify(venv/lib/python3.10/site-packages/pip/_internal/locations) by extensions ['cmake', 'python']
[1.157s] Level 1:colcon.colcon_core.package_identification:_identify(venv/lib/python3.10/site-packages/pip/_internal/locations) by extension 'cmake'
[1.157s] Level 1:colcon.colcon_core.package_identification:_identify(venv/lib/python3.10/site-packages/pip/_internal/locations) by extension 'python'
[1.157s] Level 1:colcon.colcon_core.package_identification:_identify(venv/lib/python3.10/site-packages/pip/_internal/locations) by extensions ['python_setup_py']
[1.157s] Level 1:colcon.colcon_core.package_identification:_identify(venv/lib/python3.10/site-packages/pip/_internal/locations) by extension 'python_setup_py'
[1.157s] Level 1:colcon.colcon_core.package_identification:_identify(venv/lib/python3.10/site-packages/pip/_internal/locations/__pycache__) by extensions ['ignore', 'ignore_ament_install']
[1.157s] Level 1:colcon.colcon_core.package_identification:_identify(venv/lib/python3.10/site-packages/pip/_internal/locations/__pycache__) by extension 'ignore'
[1.157s] Level 1:colcon.colcon_core.package_identification:_identify(venv/lib/python3.10/site-packages/pip/_internal/locations/__pycache__) by extension 'ignore_ament_install'
[1.157s] Level 1:colcon.colcon_core.package_identification:_identify(venv/lib/python3.10/site-packages/pip/_internal/locations/__pycache__) by extensions ['colcon_pkg']
[1.157s] Level 1:colcon.colcon_core.package_identification:_identify(venv/lib/python3.10/site-packages/pip/_internal/locations/__pycache__) by extension 'colcon_pkg'
[1.157s] Level 1:colcon.colcon_core.package_identification:_identify(venv/lib/python3.10/site-packages/pip/_internal/locations/__pycache__) by extensions ['colcon_meta']
[1.157s] Level 1:colcon.colcon_core.package_identification:_identify(venv/lib/python3.10/site-packages/pip/_internal/locations/__pycache__) by extension 'colcon_meta'
[1.157s] Level 1:colcon.colcon_core.package_identification:_identify(venv/lib/python3.10/site-packages/pip/_internal/locations/__pycache__) by extensions ['ros']
[1.157s] Level 1:colcon.colcon_core.package_identification:_identify(venv/lib/python3.10/site-packages/pip/_internal/locations/__pycache__) by extension 'ros'
[1.157s] Level 1:colcon.colcon_core.package_identification:_identify(venv/lib/python3.10/site-packages/pip/_internal/locations/__pycache__) by extensions ['cmake', 'python']
[1.157s] Level 1:colcon.colcon_core.package_identification:_identify(venv/lib/python3.10/site-packages/pip/_internal/locations/__pycache__) by extension 'cmake'
[1.157s] Level 1:colcon.colcon_core.package_identification:_identify(venv/lib/python3.10/site-packages/pip/_internal/locations/__pycache__) by extension 'python'
[1.157s] Level 1:colcon.colcon_core.package_identification:_identify(venv/lib/python3.10/site-packages/pip/_internal/locations/__pycache__) by extensions ['python_setup_py']
[1.157s] Level 1:colcon.colcon_core.package_identification:_identify(venv/lib/python3.10/site-packages/pip/_internal/locations/__pycache__) by extension 'python_setup_py'
[1.157s] Level 1:colcon.colcon_core.package_identification:_identify(venv/lib/python3.10/site-packages/pip/_internal/metadata) by extensions ['ignore', 'ignore_ament_install']
[1.157s] Level 1:colcon.colcon_core.package_identification:_identify(venv/lib/python3.10/site-packages/pip/_internal/metadata) by extension 'ignore'
[1.158s] Level 1:colcon.colcon_core.package_identification:_identify(venv/lib/python3.10/site-packages/pip/_internal/metadata) by extension 'ignore_ament_install'
[1.158s] Level 1:colcon.colcon_core.package_identification:_identify(venv/lib/python3.10/site-packages/pip/_internal/metadata) by extensions ['colcon_pkg']
[1.158s] Level 1:colcon.colcon_core.package_identification:_identify(venv/lib/python3.10/site-packages/pip/_internal/metadata) by extension 'colcon_pkg'
[1.158s] Level 1:colcon.colcon_core.package_identification:_identify(venv/lib/python3.10/site-packages/pip/_internal/metadata) by extensions ['colcon_meta']
[1.158s] Level 1:colcon.colcon_core.package_identification:_identify(venv/lib/python3.10/site-packages/pip/_internal/metadata) by extension 'colcon_meta'
[1.158s] Level 1:colcon.colcon_core.package_identification:_identify(venv/lib/python3.10/site-packages/pip/_internal/metadata) by extensions ['ros']
[1.158s] Level 1:colcon.colcon_core.package_identification:_identify(venv/lib/python3.10/site-packages/pip/_internal/metadata) by extension 'ros'
[1.158s] Level 1:colcon.colcon_core.package_identification:_identify(venv/lib/python3.10/site-packages/pip/_internal/metadata) by extensions ['cmake', 'python']
[1.158s] Level 1:colcon.colcon_core.package_identification:_identify(venv/lib/python3.10/site-packages/pip/_internal/metadata) by extension 'cmake'
[1.158s] Level 1:colcon.colcon_core.package_identification:_identify(venv/lib/python3.10/site-packages/pip/_internal/metadata) by extension 'python'
[1.158s] Level 1:colcon.colcon_core.package_identification:_identify(venv/lib/python3.10/site-packages/pip/_internal/metadata) by extensions ['python_setup_py']
[1.158s] Level 1:colcon.colcon_core.package_identification:_identify(venv/lib/python3.10/site-packages/pip/_internal/metadata) by extension 'python_setup_py'
[1.158s] Level 1:colcon.colcon_core.package_identification:_identify(venv/lib/python3.10/site-packages/pip/_internal/metadata/__pycache__) by extensions ['ignore', 'ignore_ament_install']
[1.158s] Level 1:colcon.colcon_core.package_identification:_identify(venv/lib/python3.10/site-packages/pip/_internal/metadata/__pycache__) by extension 'ignore'
[1.158s] Level 1:colcon.colcon_core.package_identification:_identify(venv/lib/python3.10/site-packages/pip/_internal/metadata/__pycache__) by extension 'ignore_ament_install'
[1.158s] Level 1:colcon.colcon_core.package_identification:_identify(venv/lib/python3.10/site-packages/pip/_internal/metadata/__pycache__) by extensions ['colcon_pkg']
[1.158s] Level 1:colcon.colcon_core.package_identification:_identify(venv/lib/python3.10/site-packages/pip/_internal/metadata/__pycache__) by extension 'colcon_pkg'
[1.158s] Level 1:colcon.colcon_core.package_identification:_identify(venv/lib/python3.10/site-packages/pip/_internal/metadata/__pycache__) by extensions ['colcon_meta']
[1.158s] Level 1:colcon.colcon_core.package_identification:_identify(venv/lib/python3.10/site-packages/pip/_internal/metadata/__pycache__) by extension 'colcon_meta'
[1.158s] Level 1:colcon.colcon_core.package_identification:_identify(venv/lib/python3.10/site-packages/pip/_internal/metadata/__pycache__) by extensions ['ros']
[1.158s] Level 1:colcon.colcon_core.package_identification:_identify(venv/lib/python3.10/site-packages/pip/_internal/metadata/__pycache__) by extension 'ros'
[1.158s] Level 1:colcon.colcon_core.package_identification:_identify(venv/lib/python3.10/site-packages/pip/_internal/metadata/__pycache__) by extensions ['cmake', 'python']
[1.158s] Level 1:colcon.colcon_core.package_identification:_identify(venv/lib/python3.10/site-packages/pip/_internal/metadata/__pycache__) by extension 'cmake'
[1.158s] Level 1:colcon.colcon_core.package_identification:_identify(venv/lib/python3.10/site-packages/pip/_internal/metadata/__pycache__) by extension 'python'
[1.158s] Level 1:colcon.colcon_core.package_identification:_identify(venv/lib/python3.10/site-packages/pip/_internal/metadata/__pycache__) by extensions ['python_setup_py']
[1.158s] Level 1:colcon.colcon_core.package_identification:_identify(venv/lib/python3.10/site-packages/pip/_internal/metadata/__pycache__) by extension 'python_setup_py'
[1.158s] Level 1:colcon.colcon_core.package_identification:_identify(venv/lib/python3.10/site-packages/pip/_internal/models) by extensions ['ignore', 'ignore_ament_install']
[1.158s] Level 1:colcon.colcon_core.package_identification:_identify(venv/lib/python3.10/site-packages/pip/_internal/models) by extension 'ignore'
[1.158s] Level 1:colcon.colcon_core.package_identification:_identify(venv/lib/python3.10/site-packages/pip/_internal/models) by extension 'ignore_ament_install'
[1.158s] Level 1:colcon.colcon_core.package_identification:_identify(venv/lib/python3.10/site-packages/pip/_internal/models) by extensions ['colcon_pkg']
[1.158s] Level 1:colcon.colcon_core.package_identification:_identify(venv/lib/python3.10/site-packages/pip/_internal/models) by extension 'colcon_pkg'
[1.158s] Level 1:colcon.colcon_core.package_identification:_identify(venv/lib/python3.10/site-packages/pip/_internal/models) by extensions ['colcon_meta']
[1.158s] Level 1:colcon.colcon_core.package_identification:_identify(venv/lib/python3.10/site-packages/pip/_internal/models) by extension 'colcon_meta'
[1.159s] Level 1:colcon.colcon_core.package_identification:_identify(venv/lib/python3.10/site-packages/pip/_internal/models) by extensions ['ros']
[1.159s] Level 1:colcon.colcon_core.package_identification:_identify(venv/lib/python3.10/site-packages/pip/_internal/models) by extension 'ros'
[1.159s] Level 1:colcon.colcon_core.package_identification:_identify(venv/lib/python3.10/site-packages/pip/_internal/models) by extensions ['cmake', 'python']
[1.159s] Level 1:colcon.colcon_core.package_identification:_identify(venv/lib/python3.10/site-packages/pip/_internal/models) by extension 'cmake'
[1.159s] Level 1:colcon.colcon_core.package_identification:_identify(venv/lib/python3.10/site-packages/pip/_internal/models) by extension 'python'
[1.159s] Level 1:colcon.colcon_core.package_identification:_identify(venv/lib/python3.10/site-packages/pip/_internal/models) by extensions ['python_setup_py']
[1.159s] Level 1:colcon.colcon_core.package_identification:_identify(venv/lib/python3.10/site-packages/pip/_internal/models) by extension 'python_setup_py'
[1.159s] Level 1:colcon.colcon_core.package_identification:_identify(venv/lib/python3.10/site-packages/pip/_internal/models/__pycache__) by extensions ['ignore', 'ignore_ament_install']
[1.159s] Level 1:colcon.colcon_core.package_identification:_identify(venv/lib/python3.10/site-packages/pip/_internal/models/__pycache__) by extension 'ignore'
[1.159s] Level 1:colcon.colcon_core.package_identification:_identify(venv/lib/python3.10/site-packages/pip/_internal/models/__pycache__) by extension 'ignore_ament_install'
[1.159s] Level 1:colcon.colcon_core.package_identification:_identify(venv/lib/python3.10/site-packages/pip/_internal/models/__pycache__) by extensions ['colcon_pkg']
[1.159s] Level 1:colcon.colcon_core.package_identification:_identify(venv/lib/python3.10/site-packages/pip/_internal/models/__pycache__) by extension 'colcon_pkg'
[1.159s] Level 1:colcon.colcon_core.package_identification:_identify(venv/lib/python3.10/site-packages/pip/_internal/models/__pycache__) by extensions ['colcon_meta']
[1.159s] Level 1:colcon.colcon_core.package_identification:_identify(venv/lib/python3.10/site-packages/pip/_internal/models/__pycache__) by extension 'colcon_meta'
[1.159s] Level 1:colcon.colcon_core.package_identification:_identify(venv/lib/python3.10/site-packages/pip/_internal/models/__pycache__) by extensions ['ros']
[1.159s] Level 1:colcon.colcon_core.package_identification:_identify(venv/lib/python3.10/site-packages/pip/_internal/models/__pycache__) by extension 'ros'
[1.159s] Level 1:colcon.colcon_core.package_identification:_identify(venv/lib/python3.10/site-packages/pip/_internal/models/__pycache__) by extensions ['cmake', 'python']
[1.159s] Level 1:colcon.colcon_core.package_identification:_identify(venv/lib/python3.10/site-packages/pip/_internal/models/__pycache__) by extension 'cmake'
[1.159s] Level 1:colcon.colcon_core.package_identification:_identify(venv/lib/python3.10/site-packages/pip/_internal/models/__pycache__) by extension 'python'
[1.159s] Level 1:colcon.colcon_core.package_identification:_identify(venv/lib/python3.10/site-packages/pip/_internal/models/__pycache__) by extensions ['python_setup_py']
[1.159s] Level 1:colcon.colcon_core.package_identification:_identify(venv/lib/python3.10/site-packages/pip/_internal/models/__pycache__) by extension 'python_setup_py'
[1.159s] Level 1:colcon.colcon_core.package_identification:_identify(venv/lib/python3.10/site-packages/pip/_internal/network) by extensions ['ignore', 'ignore_ament_install']
[1.159s] Level 1:colcon.colcon_core.package_identification:_identify(venv/lib/python3.10/site-packages/pip/_internal/network) by extension 'ignore'
[1.159s] Level 1:colcon.colcon_core.package_identification:_identify(venv/lib/python3.10/site-packages/pip/_internal/network) by extension 'ignore_ament_install'
[1.159s] Level 1:colcon.colcon_core.package_identification:_identify(venv/lib/python3.10/site-packages/pip/_internal/network) by extensions ['colcon_pkg']
[1.159s] Level 1:colcon.colcon_core.package_identification:_identify(venv/lib/python3.10/site-packages/pip/_internal/network) by extension 'colcon_pkg'
[1.159s] Level 1:colcon.colcon_core.package_identification:_identify(venv/lib/python3.10/site-packages/pip/_internal/network) by extensions ['colcon_meta']
[1.159s] Level 1:colcon.colcon_core.package_identification:_identify(venv/lib/python3.10/site-packages/pip/_internal/network) by extension 'colcon_meta'
[1.159s] Level 1:colcon.colcon_core.package_identification:_identify(venv/lib/python3.10/site-packages/pip/_internal/network) by extensions ['ros']
[1.159s] Level 1:colcon.colcon_core.package_identification:_identify(venv/lib/python3.10/site-packages/pip/_internal/network) by extension 'ros'
[1.159s] Level 1:colcon.colcon_core.package_identification:_identify(venv/lib/python3.10/site-packages/pip/_internal/network) by extensions ['cmake', 'python']
[1.160s] Level 1:colcon.colcon_core.package_identification:_identify(venv/lib/python3.10/site-packages/pip/_internal/network) by extension 'cmake'
[1.160s] Level 1:colcon.colcon_core.package_identification:_identify(venv/lib/python3.10/site-packages/pip/_internal/network) by extension 'python'
[1.160s] Level 1:colcon.colcon_core.package_identification:_identify(venv/lib/python3.10/site-packages/pip/_internal/network) by extensions ['python_setup_py']
[1.160s] Level 1:colcon.colcon_core.package_identification:_identify(venv/lib/python3.10/site-packages/pip/_internal/network) by extension 'python_setup_py'
[1.160s] Level 1:colcon.colcon_core.package_identification:_identify(venv/lib/python3.10/site-packages/pip/_internal/network/__pycache__) by extensions ['ignore', 'ignore_ament_install']
[1.160s] Level 1:colcon.colcon_core.package_identification:_identify(venv/lib/python3.10/site-packages/pip/_internal/network/__pycache__) by extension 'ignore'
[1.160s] Level 1:colcon.colcon_core.package_identification:_identify(venv/lib/python3.10/site-packages/pip/_internal/network/__pycache__) by extension 'ignore_ament_install'
[1.160s] Level 1:colcon.colcon_core.package_identification:_identify(venv/lib/python3.10/site-packages/pip/_internal/network/__pycache__) by extensions ['colcon_pkg']
[1.160s] Level 1:colcon.colcon_core.package_identification:_identify(venv/lib/python3.10/site-packages/pip/_internal/network/__pycache__) by extension 'colcon_pkg'
[1.160s] Level 1:colcon.colcon_core.package_identification:_identify(venv/lib/python3.10/site-packages/pip/_internal/network/__pycache__) by extensions ['colcon_meta']
[1.160s] Level 1:colcon.colcon_core.package_identification:_identify(venv/lib/python3.10/site-packages/pip/_internal/network/__pycache__) by extension 'colcon_meta'
[1.160s] Level 1:colcon.colcon_core.package_identification:_identify(venv/lib/python3.10/site-packages/pip/_internal/network/__pycache__) by extensions ['ros']
[1.160s] Level 1:colcon.colcon_core.package_identification:_identify(venv/lib/python3.10/site-packages/pip/_internal/network/__pycache__) by extension 'ros'
[1.160s] Level 1:colcon.colcon_core.package_identification:_identify(venv/lib/python3.10/site-packages/pip/_internal/network/__pycache__) by extensions ['cmake', 'python']
[1.160s] Level 1:colcon.colcon_core.package_identification:_identify(venv/lib/python3.10/site-packages/pip/_internal/network/__pycache__) by extension 'cmake'
[1.160s] Level 1:colcon.colcon_core.package_identification:_identify(venv/lib/python3.10/site-packages/pip/_internal/network/__pycache__) by extension 'python'
[1.160s] Level 1:colcon.colcon_core.package_identification:_identify(venv/lib/python3.10/site-packages/pip/_internal/network/__pycache__) by extensions ['python_setup_py']
[1.160s] Level 1:colcon.colcon_core.package_identification:_identify(venv/lib/python3.10/site-packages/pip/_internal/network/__pycache__) by extension 'python_setup_py'
[1.160s] Level 1:colcon.colcon_core.package_identification:_identify(venv/lib/python3.10/site-packages/pip/_internal/operations) by extensions ['ignore', 'ignore_ament_install']
[1.160s] Level 1:colcon.colcon_core.package_identification:_identify(venv/lib/python3.10/site-packages/pip/_internal/operations) by extension 'ignore'
[1.160s] Level 1:colcon.colcon_core.package_identification:_identify(venv/lib/python3.10/site-packages/pip/_internal/operations) by extension 'ignore_ament_install'
[1.160s] Level 1:colcon.colcon_core.package_identification:_identify(venv/lib/python3.10/site-packages/pip/_internal/operations) by extensions ['colcon_pkg']
[1.160s] Level 1:colcon.colcon_core.package_identification:_identify(venv/lib/python3.10/site-packages/pip/_internal/operations) by extension 'colcon_pkg'
[1.160s] Level 1:colcon.colcon_core.package_identification:_identify(venv/lib/python3.10/site-packages/pip/_internal/operations) by extensions ['colcon_meta']
[1.160s] Level 1:colcon.colcon_core.package_identification:_identify(venv/lib/python3.10/site-packages/pip/_internal/operations) by extension 'colcon_meta'
[1.160s] Level 1:colcon.colcon_core.package_identification:_identify(venv/lib/python3.10/site-packages/pip/_internal/operations) by extensions ['ros']
[1.160s] Level 1:colcon.colcon_core.package_identification:_identify(venv/lib/python3.10/site-packages/pip/_internal/operations) by extension 'ros'
[1.160s] Level 1:colcon.colcon_core.package_identification:_identify(venv/lib/python3.10/site-packages/pip/_internal/operations) by extensions ['cmake', 'python']
[1.160s] Level 1:colcon.colcon_core.package_identification:_identify(venv/lib/python3.10/site-packages/pip/_internal/operations) by extension 'cmake'
[1.160s] Level 1:colcon.colcon_core.package_identification:_identify(venv/lib/python3.10/site-packages/pip/_internal/operations) by extension 'python'
[1.160s] Level 1:colcon.colcon_core.package_identification:_identify(venv/lib/python3.10/site-packages/pip/_internal/operations) by extensions ['python_setup_py']
[1.160s] Level 1:colcon.colcon_core.package_identification:_identify(venv/lib/python3.10/site-packages/pip/_internal/operations) by extension 'python_setup_py'
[1.161s] Level 1:colcon.colcon_core.package_identification:_identify(venv/lib/python3.10/site-packages/pip/_internal/operations/__pycache__) by extensions ['ignore', 'ignore_ament_install']
[1.161s] Level 1:colcon.colcon_core.package_identification:_identify(venv/lib/python3.10/site-packages/pip/_internal/operations/__pycache__) by extension 'ignore'
[1.161s] Level 1:colcon.colcon_core.package_identification:_identify(venv/lib/python3.10/site-packages/pip/_internal/operations/__pycache__) by extension 'ignore_ament_install'
[1.161s] Level 1:colcon.colcon_core.package_identification:_identify(venv/lib/python3.10/site-packages/pip/_internal/operations/__pycache__) by extensions ['colcon_pkg']
[1.161s] Level 1:colcon.colcon_core.package_identification:_identify(venv/lib/python3.10/site-packages/pip/_internal/operations/__pycache__) by extension 'colcon_pkg'
[1.161s] Level 1:colcon.colcon_core.package_identification:_identify(venv/lib/python3.10/site-packages/pip/_internal/operations/__pycache__) by extensions ['colcon_meta']
[1.161s] Level 1:colcon.colcon_core.package_identification:_identify(venv/lib/python3.10/site-packages/pip/_internal/operations/__pycache__) by extension 'colcon_meta'
[1.161s] Level 1:colcon.colcon_core.package_identification:_identify(venv/lib/python3.10/site-packages/pip/_internal/operations/__pycache__) by extensions ['ros']
[1.161s] Level 1:colcon.colcon_core.package_identification:_identify(venv/lib/python3.10/site-packages/pip/_internal/operations/__pycache__) by extension 'ros'
[1.161s] Level 1:colcon.colcon_core.package_identification:_identify(venv/lib/python3.10/site-packages/pip/_internal/operations/__pycache__) by extensions ['cmake', 'python']
[1.161s] Level 1:colcon.colcon_core.package_identification:_identify(venv/lib/python3.10/site-packages/pip/_internal/operations/__pycache__) by extension 'cmake'
[1.161s] Level 1:colcon.colcon_core.package_identification:_identify(venv/lib/python3.10/site-packages/pip/_internal/operations/__pycache__) by extension 'python'
[1.161s] Level 1:colcon.colcon_core.package_identification:_identify(venv/lib/python3.10/site-packages/pip/_internal/operations/__pycache__) by extensions ['python_setup_py']
[1.161s] Level 1:colcon.colcon_core.package_identification:_identify(venv/lib/python3.10/site-packages/pip/_internal/operations/__pycache__) by extension 'python_setup_py'
[1.161s] Level 1:colcon.colcon_core.package_identification:_identify(venv/lib/python3.10/site-packages/pip/_internal/operations/build) by extensions ['ignore', 'ignore_ament_install']
[1.161s] Level 1:colcon.colcon_core.package_identification:_identify(venv/lib/python3.10/site-packages/pip/_internal/operations/build) by extension 'ignore'
[1.161s] Level 1:colcon.colcon_core.package_identification:_identify(venv/lib/python3.10/site-packages/pip/_internal/operations/build) by extension 'ignore_ament_install'
[1.161s] Level 1:colcon.colcon_core.package_identification:_identify(venv/lib/python3.10/site-packages/pip/_internal/operations/build) by extensions ['colcon_pkg']
[1.161s] Level 1:colcon.colcon_core.package_identification:_identify(venv/lib/python3.10/site-packages/pip/_internal/operations/build) by extension 'colcon_pkg'
[1.161s] Level 1:colcon.colcon_core.package_identification:_identify(venv/lib/python3.10/site-packages/pip/_internal/operations/build) by extensions ['colcon_meta']
[1.161s] Level 1:colcon.colcon_core.package_identification:_identify(venv/lib/python3.10/site-packages/pip/_internal/operations/build) by extension 'colcon_meta'
[1.161s] Level 1:colcon.colcon_core.package_identification:_identify(venv/lib/python3.10/site-packages/pip/_internal/operations/build) by extensions ['ros']
[1.161s] Level 1:colcon.colcon_core.package_identification:_identify(venv/lib/python3.10/site-packages/pip/_internal/operations/build) by extension 'ros'
[1.161s] Level 1:colcon.colcon_core.package_identification:_identify(venv/lib/python3.10/site-packages/pip/_internal/operations/build) by extensions ['cmake', 'python']
[1.161s] Level 1:colcon.colcon_core.package_identification:_identify(venv/lib/python3.10/site-packages/pip/_internal/operations/build) by extension 'cmake'
[1.161s] Level 1:colcon.colcon_core.package_identification:_identify(venv/lib/python3.10/site-packages/pip/_internal/operations/build) by extension 'python'
[1.161s] Level 1:colcon.colcon_core.package_identification:_identify(venv/lib/python3.10/site-packages/pip/_internal/operations/build) by extensions ['python_setup_py']
[1.161s] Level 1:colcon.colcon_core.package_identification:_identify(venv/lib/python3.10/site-packages/pip/_internal/operations/build) by extension 'python_setup_py'
[1.161s] Level 1:colcon.colcon_core.package_identification:_identify(venv/lib/python3.10/site-packages/pip/_internal/operations/build/__pycache__) by extensions ['ignore', 'ignore_ament_install']
[1.161s] Level 1:colcon.colcon_core.package_identification:_identify(venv/lib/python3.10/site-packages/pip/_internal/operations/build/__pycache__) by extension 'ignore'
[1.161s] Level 1:colcon.colcon_core.package_identification:_identify(venv/lib/python3.10/site-packages/pip/_internal/operations/build/__pycache__) by extension 'ignore_ament_install'
[1.161s] Level 1:colcon.colcon_core.package_identification:_identify(venv/lib/python3.10/site-packages/pip/_internal/operations/build/__pycache__) by extensions ['colcon_pkg']
[1.162s] Level 1:colcon.colcon_core.package_identification:_identify(venv/lib/python3.10/site-packages/pip/_internal/operations/build/__pycache__) by extension 'colcon_pkg'
[1.162s] Level 1:colcon.colcon_core.package_identification:_identify(venv/lib/python3.10/site-packages/pip/_internal/operations/build/__pycache__) by extensions ['colcon_meta']
[1.162s] Level 1:colcon.colcon_core.package_identification:_identify(venv/lib/python3.10/site-packages/pip/_internal/operations/build/__pycache__) by extension 'colcon_meta'
[1.162s] Level 1:colcon.colcon_core.package_identification:_identify(venv/lib/python3.10/site-packages/pip/_internal/operations/build/__pycache__) by extensions ['ros']
[1.162s] Level 1:colcon.colcon_core.package_identification:_identify(venv/lib/python3.10/site-packages/pip/_internal/operations/build/__pycache__) by extension 'ros'
[1.162s] Level 1:colcon.colcon_core.package_identification:_identify(venv/lib/python3.10/site-packages/pip/_internal/operations/build/__pycache__) by extensions ['cmake', 'python']
[1.162s] Level 1:colcon.colcon_core.package_identification:_identify(venv/lib/python3.10/site-packages/pip/_internal/operations/build/__pycache__) by extension 'cmake'
[1.162s] Level 1:colcon.colcon_core.package_identification:_identify(venv/lib/python3.10/site-packages/pip/_internal/operations/build/__pycache__) by extension 'python'
[1.162s] Level 1:colcon.colcon_core.package_identification:_identify(venv/lib/python3.10/site-packages/pip/_internal/operations/build/__pycache__) by extensions ['python_setup_py']
[1.162s] Level 1:colcon.colcon_core.package_identification:_identify(venv/lib/python3.10/site-packages/pip/_internal/operations/build/__pycache__) by extension 'python_setup_py'
[1.162s] Level 1:colcon.colcon_core.package_identification:_identify(venv/lib/python3.10/site-packages/pip/_internal/operations/install) by extensions ['ignore', 'ignore_ament_install']
[1.162s] Level 1:colcon.colcon_core.package_identification:_identify(venv/lib/python3.10/site-packages/pip/_internal/operations/install) by extension 'ignore'
[1.162s] Level 1:colcon.colcon_core.package_identification:_identify(venv/lib/python3.10/site-packages/pip/_internal/operations/install) by extension 'ignore_ament_install'
[1.162s] Level 1:colcon.colcon_core.package_identification:_identify(venv/lib/python3.10/site-packages/pip/_internal/operations/install) by extensions ['colcon_pkg']
[1.162s] Level 1:colcon.colcon_core.package_identification:_identify(venv/lib/python3.10/site-packages/pip/_internal/operations/install) by extension 'colcon_pkg'
[1.162s] Level 1:colcon.colcon_core.package_identification:_identify(venv/lib/python3.10/site-packages/pip/_internal/operations/install) by extensions ['colcon_meta']
[1.162s] Level 1:colcon.colcon_core.package_identification:_identify(venv/lib/python3.10/site-packages/pip/_internal/operations/install) by extension 'colcon_meta'
[1.162s] Level 1:colcon.colcon_core.package_identification:_identify(venv/lib/python3.10/site-packages/pip/_internal/operations/install) by extensions ['ros']
[1.162s] Level 1:colcon.colcon_core.package_identification:_identify(venv/lib/python3.10/site-packages/pip/_internal/operations/install) by extension 'ros'
[1.162s] Level 1:colcon.colcon_core.package_identification:_identify(venv/lib/python3.10/site-packages/pip/_internal/operations/install) by extensions ['cmake', 'python']
[1.162s] Level 1:colcon.colcon_core.package_identification:_identify(venv/lib/python3.10/site-packages/pip/_internal/operations/install) by extension 'cmake'
[1.162s] Level 1:colcon.colcon_core.package_identification:_identify(venv/lib/python3.10/site-packages/pip/_internal/operations/install) by extension 'python'
[1.162s] Level 1:colcon.colcon_core.package_identification:_identify(venv/lib/python3.10/site-packages/pip/_internal/operations/install) by extensions ['python_setup_py']
[1.162s] Level 1:colcon.colcon_core.package_identification:_identify(venv/lib/python3.10/site-packages/pip/_internal/operations/install) by extension 'python_setup_py'
[1.162s] Level 1:colcon.colcon_core.package_identification:_identify(venv/lib/python3.10/site-packages/pip/_internal/operations/install/__pycache__) by extensions ['ignore', 'ignore_ament_install']
[1.162s] Level 1:colcon.colcon_core.package_identification:_identify(venv/lib/python3.10/site-packages/pip/_internal/operations/install/__pycache__) by extension 'ignore'
[1.162s] Level 1:colcon.colcon_core.package_identification:_identify(venv/lib/python3.10/site-packages/pip/_internal/operations/install/__pycache__) by extension 'ignore_ament_install'
[1.162s] Level 1:colcon.colcon_core.package_identification:_identify(venv/lib/python3.10/site-packages/pip/_internal/operations/install/__pycache__) by extensions ['colcon_pkg']
[1.162s] Level 1:colcon.colcon_core.package_identification:_identify(venv/lib/python3.10/site-packages/pip/_internal/operations/install/__pycache__) by extension 'colcon_pkg'
[1.162s] Level 1:colcon.colcon_core.package_identification:_identify(venv/lib/python3.10/site-packages/pip/_internal/operations/install/__pycache__) by extensions ['colcon_meta']
[1.162s] Level 1:colcon.colcon_core.package_identification:_identify(venv/lib/python3.10/site-packages/pip/_internal/operations/install/__pycache__) by extension 'colcon_meta'
[1.162s] Level 1:colcon.colcon_core.package_identification:_identify(venv/lib/python3.10/site-packages/pip/_internal/operations/install/__pycache__) by extensions ['ros']
[1.162s] Level 1:colcon.colcon_core.package_identification:_identify(venv/lib/python3.10/site-packages/pip/_internal/operations/install/__pycache__) by extension 'ros'
[1.163s] Level 1:colcon.colcon_core.package_identification:_identify(venv/lib/python3.10/site-packages/pip/_internal/operations/install/__pycache__) by extensions ['cmake', 'python']
[1.163s] Level 1:colcon.colcon_core.package_identification:_identify(venv/lib/python3.10/site-packages/pip/_internal/operations/install/__pycache__) by extension 'cmake'
[1.163s] Level 1:colcon.colcon_core.package_identification:_identify(venv/lib/python3.10/site-packages/pip/_internal/operations/install/__pycache__) by extension 'python'
[1.163s] Level 1:colcon.colcon_core.package_identification:_identify(venv/lib/python3.10/site-packages/pip/_internal/operations/install/__pycache__) by extensions ['python_setup_py']
[1.163s] Level 1:colcon.colcon_core.package_identification:_identify(venv/lib/python3.10/site-packages/pip/_internal/operations/install/__pycache__) by extension 'python_setup_py'
[1.163s] Level 1:colcon.colcon_core.package_identification:_identify(venv/lib/python3.10/site-packages/pip/_internal/req) by extensions ['ignore', 'ignore_ament_install']
[1.163s] Level 1:colcon.colcon_core.package_identification:_identify(venv/lib/python3.10/site-packages/pip/_internal/req) by extension 'ignore'
[1.163s] Level 1:colcon.colcon_core.package_identification:_identify(venv/lib/python3.10/site-packages/pip/_internal/req) by extension 'ignore_ament_install'
[1.163s] Level 1:colcon.colcon_core.package_identification:_identify(venv/lib/python3.10/site-packages/pip/_internal/req) by extensions ['colcon_pkg']
[1.163s] Level 1:colcon.colcon_core.package_identification:_identify(venv/lib/python3.10/site-packages/pip/_internal/req) by extension 'colcon_pkg'
[1.163s] Level 1:colcon.colcon_core.package_identification:_identify(venv/lib/python3.10/site-packages/pip/_internal/req) by extensions ['colcon_meta']
[1.163s] Level 1:colcon.colcon_core.package_identification:_identify(venv/lib/python3.10/site-packages/pip/_internal/req) by extension 'colcon_meta'
[1.163s] Level 1:colcon.colcon_core.package_identification:_identify(venv/lib/python3.10/site-packages/pip/_internal/req) by extensions ['ros']
[1.163s] Level 1:colcon.colcon_core.package_identification:_identify(venv/lib/python3.10/site-packages/pip/_internal/req) by extension 'ros'
[1.163s] Level 1:colcon.colcon_core.package_identification:_identify(venv/lib/python3.10/site-packages/pip/_internal/req) by extensions ['cmake', 'python']
[1.163s] Level 1:colcon.colcon_core.package_identification:_identify(venv/lib/python3.10/site-packages/pip/_internal/req) by extension 'cmake'
[1.163s] Level 1:colcon.colcon_core.package_identification:_identify(venv/lib/python3.10/site-packages/pip/_internal/req) by extension 'python'
[1.163s] Level 1:colcon.colcon_core.package_identification:_identify(venv/lib/python3.10/site-packages/pip/_internal/req) by extensions ['python_setup_py']
[1.163s] Level 1:colcon.colcon_core.package_identification:_identify(venv/lib/python3.10/site-packages/pip/_internal/req) by extension 'python_setup_py'
[1.163s] Level 1:colcon.colcon_core.package_identification:_identify(venv/lib/python3.10/site-packages/pip/_internal/req/__pycache__) by extensions ['ignore', 'ignore_ament_install']
[1.163s] Level 1:colcon.colcon_core.package_identification:_identify(venv/lib/python3.10/site-packages/pip/_internal/req/__pycache__) by extension 'ignore'
[1.163s] Level 1:colcon.colcon_core.package_identification:_identify(venv/lib/python3.10/site-packages/pip/_internal/req/__pycache__) by extension 'ignore_ament_install'
[1.163s] Level 1:colcon.colcon_core.package_identification:_identify(venv/lib/python3.10/site-packages/pip/_internal/req/__pycache__) by extensions ['colcon_pkg']
[1.163s] Level 1:colcon.colcon_core.package_identification:_identify(venv/lib/python3.10/site-packages/pip/_internal/req/__pycache__) by extension 'colcon_pkg'
[1.163s] Level 1:colcon.colcon_core.package_identification:_identify(venv/lib/python3.10/site-packages/pip/_internal/req/__pycache__) by extensions ['colcon_meta']
[1.163s] Level 1:colcon.colcon_core.package_identification:_identify(venv/lib/python3.10/site-packages/pip/_internal/req/__pycache__) by extension 'colcon_meta'
[1.163s] Level 1:colcon.colcon_core.package_identification:_identify(venv/lib/python3.10/site-packages/pip/_internal/req/__pycache__) by extensions ['ros']
[1.163s] Level 1:colcon.colcon_core.package_identification:_identify(venv/lib/python3.10/site-packages/pip/_internal/req/__pycache__) by extension 'ros'
[1.163s] Level 1:colcon.colcon_core.package_identification:_identify(venv/lib/python3.10/site-packages/pip/_internal/req/__pycache__) by extensions ['cmake', 'python']
[1.163s] Level 1:colcon.colcon_core.package_identification:_identify(venv/lib/python3.10/site-packages/pip/_internal/req/__pycache__) by extension 'cmake'
[1.163s] Level 1:colcon.colcon_core.package_identification:_identify(venv/lib/python3.10/site-packages/pip/_internal/req/__pycache__) by extension 'python'
[1.163s] Level 1:colcon.colcon_core.package_identification:_identify(venv/lib/python3.10/site-packages/pip/_internal/req/__pycache__) by extensions ['python_setup_py']
[1.163s] Level 1:colcon.colcon_core.package_identification:_identify(venv/lib/python3.10/site-packages/pip/_internal/req/__pycache__) by extension 'python_setup_py'
[1.164s] Level 1:colcon.colcon_core.package_identification:_identify(venv/lib/python3.10/site-packages/pip/_internal/resolution) by extensions ['ignore', 'ignore_ament_install']
[1.164s] Level 1:colcon.colcon_core.package_identification:_identify(venv/lib/python3.10/site-packages/pip/_internal/resolution) by extension 'ignore'
[1.164s] Level 1:colcon.colcon_core.package_identification:_identify(venv/lib/python3.10/site-packages/pip/_internal/resolution) by extension 'ignore_ament_install'
[1.164s] Level 1:colcon.colcon_core.package_identification:_identify(venv/lib/python3.10/site-packages/pip/_internal/resolution) by extensions ['colcon_pkg']
[1.164s] Level 1:colcon.colcon_core.package_identification:_identify(venv/lib/python3.10/site-packages/pip/_internal/resolution) by extension 'colcon_pkg'
[1.164s] Level 1:colcon.colcon_core.package_identification:_identify(venv/lib/python3.10/site-packages/pip/_internal/resolution) by extensions ['colcon_meta']
[1.164s] Level 1:colcon.colcon_core.package_identification:_identify(venv/lib/python3.10/site-packages/pip/_internal/resolution) by extension 'colcon_meta'
[1.164s] Level 1:colcon.colcon_core.package_identification:_identify(venv/lib/python3.10/site-packages/pip/_internal/resolution) by extensions ['ros']
[1.164s] Level 1:colcon.colcon_core.package_identification:_identify(venv/lib/python3.10/site-packages/pip/_internal/resolution) by extension 'ros'
[1.164s] Level 1:colcon.colcon_core.package_identification:_identify(venv/lib/python3.10/site-packages/pip/_internal/resolution) by extensions ['cmake', 'python']
[1.164s] Level 1:colcon.colcon_core.package_identification:_identify(venv/lib/python3.10/site-packages/pip/_internal/resolution) by extension 'cmake'
[1.164s] Level 1:colcon.colcon_core.package_identification:_identify(venv/lib/python3.10/site-packages/pip/_internal/resolution) by extension 'python'
[1.164s] Level 1:colcon.colcon_core.package_identification:_identify(venv/lib/python3.10/site-packages/pip/_internal/resolution) by extensions ['python_setup_py']
[1.164s] Level 1:colcon.colcon_core.package_identification:_identify(venv/lib/python3.10/site-packages/pip/_internal/resolution) by extension 'python_setup_py'
[1.164s] Level 1:colcon.colcon_core.package_identification:_identify(venv/lib/python3.10/site-packages/pip/_internal/resolution/__pycache__) by extensions ['ignore', 'ignore_ament_install']
[1.164s] Level 1:colcon.colcon_core.package_identification:_identify(venv/lib/python3.10/site-packages/pip/_internal/resolution/__pycache__) by extension 'ignore'
[1.164s] Level 1:colcon.colcon_core.package_identification:_identify(venv/lib/python3.10/site-packages/pip/_internal/resolution/__pycache__) by extension 'ignore_ament_install'
[1.164s] Level 1:colcon.colcon_core.package_identification:_identify(venv/lib/python3.10/site-packages/pip/_internal/resolution/__pycache__) by extensions ['colcon_pkg']
[1.164s] Level 1:colcon.colcon_core.package_identification:_identify(venv/lib/python3.10/site-packages/pip/_internal/resolution/__pycache__) by extension 'colcon_pkg'
[1.164s] Level 1:colcon.colcon_core.package_identification:_identify(venv/lib/python3.10/site-packages/pip/_internal/resolution/__pycache__) by extensions ['colcon_meta']
[1.164s] Level 1:colcon.colcon_core.package_identification:_identify(venv/lib/python3.10/site-packages/pip/_internal/resolution/__pycache__) by extension 'colcon_meta'
[1.164s] Level 1:colcon.colcon_core.package_identification:_identify(venv/lib/python3.10/site-packages/pip/_internal/resolution/__pycache__) by extensions ['ros']
[1.164s] Level 1:colcon.colcon_core.package_identification:_identify(venv/lib/python3.10/site-packages/pip/_internal/resolution/__pycache__) by extension 'ros'
[1.164s] Level 1:colcon.colcon_core.package_identification:_identify(venv/lib/python3.10/site-packages/pip/_internal/resolution/__pycache__) by extensions ['cmake', 'python']
[1.164s] Level 1:colcon.colcon_core.package_identification:_identify(venv/lib/python3.10/site-packages/pip/_internal/resolution/__pycache__) by extension 'cmake'
[1.164s] Level 1:colcon.colcon_core.package_identification:_identify(venv/lib/python3.10/site-packages/pip/_internal/resolution/__pycache__) by extension 'python'
[1.164s] Level 1:colcon.colcon_core.package_identification:_identify(venv/lib/python3.10/site-packages/pip/_internal/resolution/__pycache__) by extensions ['python_setup_py']
[1.164s] Level 1:colcon.colcon_core.package_identification:_identify(venv/lib/python3.10/site-packages/pip/_internal/resolution/__pycache__) by extension 'python_setup_py'
[1.164s] Level 1:colcon.colcon_core.package_identification:_identify(venv/lib/python3.10/site-packages/pip/_internal/resolution/legacy) by extensions ['ignore', 'ignore_ament_install']
[1.165s] Level 1:colcon.colcon_core.package_identification:_identify(venv/lib/python3.10/site-packages/pip/_internal/resolution/legacy) by extension 'ignore'
[1.165s] Level 1:colcon.colcon_core.package_identification:_identify(venv/lib/python3.10/site-packages/pip/_internal/resolution/legacy) by extension 'ignore_ament_install'
[1.165s] Level 1:colcon.colcon_core.package_identification:_identify(venv/lib/python3.10/site-packages/pip/_internal/resolution/legacy) by extensions ['colcon_pkg']
[1.165s] Level 1:colcon.colcon_core.package_identification:_identify(venv/lib/python3.10/site-packages/pip/_internal/resolution/legacy) by extension 'colcon_pkg'
[1.165s] Level 1:colcon.colcon_core.package_identification:_identify(venv/lib/python3.10/site-packages/pip/_internal/resolution/legacy) by extensions ['colcon_meta']
[1.165s] Level 1:colcon.colcon_core.package_identification:_identify(venv/lib/python3.10/site-packages/pip/_internal/resolution/legacy) by extension 'colcon_meta'
[1.165s] Level 1:colcon.colcon_core.package_identification:_identify(venv/lib/python3.10/site-packages/pip/_internal/resolution/legacy) by extensions ['ros']
[1.165s] Level 1:colcon.colcon_core.package_identification:_identify(venv/lib/python3.10/site-packages/pip/_internal/resolution/legacy) by extension 'ros'
[1.165s] Level 1:colcon.colcon_core.package_identification:_identify(venv/lib/python3.10/site-packages/pip/_internal/resolution/legacy) by extensions ['cmake', 'python']
[1.165s] Level 1:colcon.colcon_core.package_identification:_identify(venv/lib/python3.10/site-packages/pip/_internal/resolution/legacy) by extension 'cmake'
[1.165s] Level 1:colcon.colcon_core.package_identification:_identify(venv/lib/python3.10/site-packages/pip/_internal/resolution/legacy) by extension 'python'
[1.165s] Level 1:colcon.colcon_core.package_identification:_identify(venv/lib/python3.10/site-packages/pip/_internal/resolution/legacy) by extensions ['python_setup_py']
[1.165s] Level 1:colcon.colcon_core.package_identification:_identify(venv/lib/python3.10/site-packages/pip/_internal/resolution/legacy) by extension 'python_setup_py'
[1.165s] Level 1:colcon.colcon_core.package_identification:_identify(venv/lib/python3.10/site-packages/pip/_internal/resolution/legacy/__pycache__) by extensions ['ignore', 'ignore_ament_install']
[1.165s] Level 1:colcon.colcon_core.package_identification:_identify(venv/lib/python3.10/site-packages/pip/_internal/resolution/legacy/__pycache__) by extension 'ignore'
[1.165s] Level 1:colcon.colcon_core.package_identification:_identify(venv/lib/python3.10/site-packages/pip/_internal/resolution/legacy/__pycache__) by extension 'ignore_ament_install'
[1.165s] Level 1:colcon.colcon_core.package_identification:_identify(venv/lib/python3.10/site-packages/pip/_internal/resolution/legacy/__pycache__) by extensions ['colcon_pkg']
[1.165s] Level 1:colcon.colcon_core.package_identification:_identify(venv/lib/python3.10/site-packages/pip/_internal/resolution/legacy/__pycache__) by extension 'colcon_pkg'
[1.165s] Level 1:colcon.colcon_core.package_identification:_identify(venv/lib/python3.10/site-packages/pip/_internal/resolution/legacy/__pycache__) by extensions ['colcon_meta']
[1.165s] Level 1:colcon.colcon_core.package_identification:_identify(venv/lib/python3.10/site-packages/pip/_internal/resolution/legacy/__pycache__) by extension 'colcon_meta'
[1.165s] Level 1:colcon.colcon_core.package_identification:_identify(venv/lib/python3.10/site-packages/pip/_internal/resolution/legacy/__pycache__) by extensions ['ros']
[1.165s] Level 1:colcon.colcon_core.package_identification:_identify(venv/lib/python3.10/site-packages/pip/_internal/resolution/legacy/__pycache__) by extension 'ros'
[1.165s] Level 1:colcon.colcon_core.package_identification:_identify(venv/lib/python3.10/site-packages/pip/_internal/resolution/legacy/__pycache__) by extensions ['cmake', 'python']
[1.165s] Level 1:colcon.colcon_core.package_identification:_identify(venv/lib/python3.10/site-packages/pip/_internal/resolution/legacy/__pycache__) by extension 'cmake'
[1.165s] Level 1:colcon.colcon_core.package_identification:_identify(venv/lib/python3.10/site-packages/pip/_internal/resolution/legacy/__pycache__) by extension 'python'
[1.165s] Level 1:colcon.colcon_core.package_identification:_identify(venv/lib/python3.10/site-packages/pip/_internal/resolution/legacy/__pycache__) by extensions ['python_setup_py']
[1.165s] Level 1:colcon.colcon_core.package_identification:_identify(venv/lib/python3.10/site-packages/pip/_internal/resolution/legacy/__pycache__) by extension 'python_setup_py'
[1.165s] Level 1:colcon.colcon_core.package_identification:_identify(venv/lib/python3.10/site-packages/pip/_internal/resolution/resolvelib) by extensions ['ignore', 'ignore_ament_install']
[1.165s] Level 1:colcon.colcon_core.package_identification:_identify(venv/lib/python3.10/site-packages/pip/_internal/resolution/resolvelib) by extension 'ignore'
[1.165s] Level 1:colcon.colcon_core.package_identification:_identify(venv/lib/python3.10/site-packages/pip/_internal/resolution/resolvelib) by extension 'ignore_ament_install'
[1.166s] Level 1:colcon.colcon_core.package_identification:_identify(venv/lib/python3.10/site-packages/pip/_internal/resolution/resolvelib) by extensions ['colcon_pkg']
[1.166s] Level 1:colcon.colcon_core.package_identification:_identify(venv/lib/python3.10/site-packages/pip/_internal/resolution/resolvelib) by extension 'colcon_pkg'
[1.166s] Level 1:colcon.colcon_core.package_identification:_identify(venv/lib/python3.10/site-packages/pip/_internal/resolution/resolvelib) by extensions ['colcon_meta']
[1.166s] Level 1:colcon.colcon_core.package_identification:_identify(venv/lib/python3.10/site-packages/pip/_internal/resolution/resolvelib) by extension 'colcon_meta'
[1.166s] Level 1:colcon.colcon_core.package_identification:_identify(venv/lib/python3.10/site-packages/pip/_internal/resolution/resolvelib) by extensions ['ros']
[1.166s] Level 1:colcon.colcon_core.package_identification:_identify(venv/lib/python3.10/site-packages/pip/_internal/resolution/resolvelib) by extension 'ros'
[1.166s] Level 1:colcon.colcon_core.package_identification:_identify(venv/lib/python3.10/site-packages/pip/_internal/resolution/resolvelib) by extensions ['cmake', 'python']
[1.166s] Level 1:colcon.colcon_core.package_identification:_identify(venv/lib/python3.10/site-packages/pip/_internal/resolution/resolvelib) by extension 'cmake'
[1.166s] Level 1:colcon.colcon_core.package_identification:_identify(venv/lib/python3.10/site-packages/pip/_internal/resolution/resolvelib) by extension 'python'
[1.166s] Level 1:colcon.colcon_core.package_identification:_identify(venv/lib/python3.10/site-packages/pip/_internal/resolution/resolvelib) by extensions ['python_setup_py']
[1.166s] Level 1:colcon.colcon_core.package_identification:_identify(venv/lib/python3.10/site-packages/pip/_internal/resolution/resolvelib) by extension 'python_setup_py'
[1.166s] Level 1:colcon.colcon_core.package_identification:_identify(venv/lib/python3.10/site-packages/pip/_internal/resolution/resolvelib/__pycache__) by extensions ['ignore', 'ignore_ament_install']
[1.166s] Level 1:colcon.colcon_core.package_identification:_identify(venv/lib/python3.10/site-packages/pip/_internal/resolution/resolvelib/__pycache__) by extension 'ignore'
[1.166s] Level 1:colcon.colcon_core.package_identification:_identify(venv/lib/python3.10/site-packages/pip/_internal/resolution/resolvelib/__pycache__) by extension 'ignore_ament_install'
[1.166s] Level 1:colcon.colcon_core.package_identification:_identify(venv/lib/python3.10/site-packages/pip/_internal/resolution/resolvelib/__pycache__) by extensions ['colcon_pkg']
[1.166s] Level 1:colcon.colcon_core.package_identification:_identify(venv/lib/python3.10/site-packages/pip/_internal/resolution/resolvelib/__pycache__) by extension 'colcon_pkg'
[1.166s] Level 1:colcon.colcon_core.package_identification:_identify(venv/lib/python3.10/site-packages/pip/_internal/resolution/resolvelib/__pycache__) by extensions ['colcon_meta']
[1.166s] Level 1:colcon.colcon_core.package_identification:_identify(venv/lib/python3.10/site-packages/pip/_internal/resolution/resolvelib/__pycache__) by extension 'colcon_meta'
[1.166s] Level 1:colcon.colcon_core.package_identification:_identify(venv/lib/python3.10/site-packages/pip/_internal/resolution/resolvelib/__pycache__) by extensions ['ros']
[1.166s] Level 1:colcon.colcon_core.package_identification:_identify(venv/lib/python3.10/site-packages/pip/_internal/resolution/resolvelib/__pycache__) by extension 'ros'
[1.166s] Level 1:colcon.colcon_core.package_identification:_identify(venv/lib/python3.10/site-packages/pip/_internal/resolution/resolvelib/__pycache__) by extensions ['cmake', 'python']
[1.166s] Level 1:colcon.colcon_core.package_identification:_identify(venv/lib/python3.10/site-packages/pip/_internal/resolution/resolvelib/__pycache__) by extension 'cmake'
[1.166s] Level 1:colcon.colcon_core.package_identification:_identify(venv/lib/python3.10/site-packages/pip/_internal/resolution/resolvelib/__pycache__) by extension 'python'
[1.166s] Level 1:colcon.colcon_core.package_identification:_identify(venv/lib/python3.10/site-packages/pip/_internal/resolution/resolvelib/__pycache__) by extensions ['python_setup_py']
[1.166s] Level 1:colcon.colcon_core.package_identification:_identify(venv/lib/python3.10/site-packages/pip/_internal/resolution/resolvelib/__pycache__) by extension 'python_setup_py'
[1.166s] Level 1:colcon.colcon_core.package_identification:_identify(venv/lib/python3.10/site-packages/pip/_internal/utils) by extensions ['ignore', 'ignore_ament_install']
[1.166s] Level 1:colcon.colcon_core.package_identification:_identify(venv/lib/python3.10/site-packages/pip/_internal/utils) by extension 'ignore'
[1.166s] Level 1:colcon.colcon_core.package_identification:_identify(venv/lib/python3.10/site-packages/pip/_internal/utils) by extension 'ignore_ament_install'
[1.166s] Level 1:colcon.colcon_core.package_identification:_identify(venv/lib/python3.10/site-packages/pip/_internal/utils) by extensions ['colcon_pkg']
[1.166s] Level 1:colcon.colcon_core.package_identification:_identify(venv/lib/python3.10/site-packages/pip/_internal/utils) by extension 'colcon_pkg'
[1.166s] Level 1:colcon.colcon_core.package_identification:_identify(venv/lib/python3.10/site-packages/pip/_internal/utils) by extensions ['colcon_meta']
[1.166s] Level 1:colcon.colcon_core.package_identification:_identify(venv/lib/python3.10/site-packages/pip/_internal/utils) by extension 'colcon_meta'
[1.167s] Level 1:colcon.colcon_core.package_identification:_identify(venv/lib/python3.10/site-packages/pip/_internal/utils) by extensions ['ros']
[1.167s] Level 1:colcon.colcon_core.package_identification:_identify(venv/lib/python3.10/site-packages/pip/_internal/utils) by extension 'ros'
[1.167s] Level 1:colcon.colcon_core.package_identification:_identify(venv/lib/python3.10/site-packages/pip/_internal/utils) by extensions ['cmake', 'python']
[1.167s] Level 1:colcon.colcon_core.package_identification:_identify(venv/lib/python3.10/site-packages/pip/_internal/utils) by extension 'cmake'
[1.167s] Level 1:colcon.colcon_core.package_identification:_identify(venv/lib/python3.10/site-packages/pip/_internal/utils) by extension 'python'
[1.167s] Level 1:colcon.colcon_core.package_identification:_identify(venv/lib/python3.10/site-packages/pip/_internal/utils) by extensions ['python_setup_py']
[1.167s] Level 1:colcon.colcon_core.package_identification:_identify(venv/lib/python3.10/site-packages/pip/_internal/utils) by extension 'python_setup_py'
[1.167s] Level 1:colcon.colcon_core.package_identification:_identify(venv/lib/python3.10/site-packages/pip/_internal/utils/__pycache__) by extensions ['ignore', 'ignore_ament_install']
[1.167s] Level 1:colcon.colcon_core.package_identification:_identify(venv/lib/python3.10/site-packages/pip/_internal/utils/__pycache__) by extension 'ignore'
[1.167s] Level 1:colcon.colcon_core.package_identification:_identify(venv/lib/python3.10/site-packages/pip/_internal/utils/__pycache__) by extension 'ignore_ament_install'
[1.167s] Level 1:colcon.colcon_core.package_identification:_identify(venv/lib/python3.10/site-packages/pip/_internal/utils/__pycache__) by extensions ['colcon_pkg']
[1.167s] Level 1:colcon.colcon_core.package_identification:_identify(venv/lib/python3.10/site-packages/pip/_internal/utils/__pycache__) by extension 'colcon_pkg'
[1.167s] Level 1:colcon.colcon_core.package_identification:_identify(venv/lib/python3.10/site-packages/pip/_internal/utils/__pycache__) by extensions ['colcon_meta']
[1.167s] Level 1:colcon.colcon_core.package_identification:_identify(venv/lib/python3.10/site-packages/pip/_internal/utils/__pycache__) by extension 'colcon_meta'
[1.167s] Level 1:colcon.colcon_core.package_identification:_identify(venv/lib/python3.10/site-packages/pip/_internal/utils/__pycache__) by extensions ['ros']
[1.167s] Level 1:colcon.colcon_core.package_identification:_identify(venv/lib/python3.10/site-packages/pip/_internal/utils/__pycache__) by extension 'ros'
[1.167s] Level 1:colcon.colcon_core.package_identification:_identify(venv/lib/python3.10/site-packages/pip/_internal/utils/__pycache__) by extensions ['cmake', 'python']
[1.167s] Level 1:colcon.colcon_core.package_identification:_identify(venv/lib/python3.10/site-packages/pip/_internal/utils/__pycache__) by extension 'cmake'
[1.167s] Level 1:colcon.colcon_core.package_identification:_identify(venv/lib/python3.10/site-packages/pip/_internal/utils/__pycache__) by extension 'python'
[1.167s] Level 1:colcon.colcon_core.package_identification:_identify(venv/lib/python3.10/site-packages/pip/_internal/utils/__pycache__) by extensions ['python_setup_py']
[1.167s] Level 1:colcon.colcon_core.package_identification:_identify(venv/lib/python3.10/site-packages/pip/_internal/utils/__pycache__) by extension 'python_setup_py'
[1.167s] Level 1:colcon.colcon_core.package_identification:_identify(venv/lib/python3.10/site-packages/pip/_internal/vcs) by extensions ['ignore', 'ignore_ament_install']
[1.167s] Level 1:colcon.colcon_core.package_identification:_identify(venv/lib/python3.10/site-packages/pip/_internal/vcs) by extension 'ignore'
[1.167s] Level 1:colcon.colcon_core.package_identification:_identify(venv/lib/python3.10/site-packages/pip/_internal/vcs) by extension 'ignore_ament_install'
[1.167s] Level 1:colcon.colcon_core.package_identification:_identify(venv/lib/python3.10/site-packages/pip/_internal/vcs) by extensions ['colcon_pkg']
[1.167s] Level 1:colcon.colcon_core.package_identification:_identify(venv/lib/python3.10/site-packages/pip/_internal/vcs) by extension 'colcon_pkg'
[1.167s] Level 1:colcon.colcon_core.package_identification:_identify(venv/lib/python3.10/site-packages/pip/_internal/vcs) by extensions ['colcon_meta']
[1.167s] Level 1:colcon.colcon_core.package_identification:_identify(venv/lib/python3.10/site-packages/pip/_internal/vcs) by extension 'colcon_meta'
[1.167s] Level 1:colcon.colcon_core.package_identification:_identify(venv/lib/python3.10/site-packages/pip/_internal/vcs) by extensions ['ros']
[1.167s] Level 1:colcon.colcon_core.package_identification:_identify(venv/lib/python3.10/site-packages/pip/_internal/vcs) by extension 'ros'
[1.167s] Level 1:colcon.colcon_core.package_identification:_identify(venv/lib/python3.10/site-packages/pip/_internal/vcs) by extensions ['cmake', 'python']
[1.167s] Level 1:colcon.colcon_core.package_identification:_identify(venv/lib/python3.10/site-packages/pip/_internal/vcs) by extension 'cmake'
[1.167s] Level 1:colcon.colcon_core.package_identification:_identify(venv/lib/python3.10/site-packages/pip/_internal/vcs) by extension 'python'
[1.167s] Level 1:colcon.colcon_core.package_identification:_identify(venv/lib/python3.10/site-packages/pip/_internal/vcs) by extensions ['python_setup_py']
[1.167s] Level 1:colcon.colcon_core.package_identification:_identify(venv/lib/python3.10/site-packages/pip/_internal/vcs) by extension 'python_setup_py'
[1.168s] Level 1:colcon.colcon_core.package_identification:_identify(venv/lib/python3.10/site-packages/pip/_internal/vcs/__pycache__) by extensions ['ignore', 'ignore_ament_install']
[1.168s] Level 1:colcon.colcon_core.package_identification:_identify(venv/lib/python3.10/site-packages/pip/_internal/vcs/__pycache__) by extension 'ignore'
[1.168s] Level 1:colcon.colcon_core.package_identification:_identify(venv/lib/python3.10/site-packages/pip/_internal/vcs/__pycache__) by extension 'ignore_ament_install'
[1.168s] Level 1:colcon.colcon_core.package_identification:_identify(venv/lib/python3.10/site-packages/pip/_internal/vcs/__pycache__) by extensions ['colcon_pkg']
[1.168s] Level 1:colcon.colcon_core.package_identification:_identify(venv/lib/python3.10/site-packages/pip/_internal/vcs/__pycache__) by extension 'colcon_pkg'
[1.168s] Level 1:colcon.colcon_core.package_identification:_identify(venv/lib/python3.10/site-packages/pip/_internal/vcs/__pycache__) by extensions ['colcon_meta']
[1.168s] Level 1:colcon.colcon_core.package_identification:_identify(venv/lib/python3.10/site-packages/pip/_internal/vcs/__pycache__) by extension 'colcon_meta'
[1.168s] Level 1:colcon.colcon_core.package_identification:_identify(venv/lib/python3.10/site-packages/pip/_internal/vcs/__pycache__) by extensions ['ros']
[1.168s] Level 1:colcon.colcon_core.package_identification:_identify(venv/lib/python3.10/site-packages/pip/_internal/vcs/__pycache__) by extension 'ros'
[1.168s] Level 1:colcon.colcon_core.package_identification:_identify(venv/lib/python3.10/site-packages/pip/_internal/vcs/__pycache__) by extensions ['cmake', 'python']
[1.168s] Level 1:colcon.colcon_core.package_identification:_identify(venv/lib/python3.10/site-packages/pip/_internal/vcs/__pycache__) by extension 'cmake'
[1.168s] Level 1:colcon.colcon_core.package_identification:_identify(venv/lib/python3.10/site-packages/pip/_internal/vcs/__pycache__) by extension 'python'
[1.168s] Level 1:colcon.colcon_core.package_identification:_identify(venv/lib/python3.10/site-packages/pip/_internal/vcs/__pycache__) by extensions ['python_setup_py']
[1.168s] Level 1:colcon.colcon_core.package_identification:_identify(venv/lib/python3.10/site-packages/pip/_internal/vcs/__pycache__) by extension 'python_setup_py'
[1.168s] Level 1:colcon.colcon_core.package_identification:_identify(venv/lib/python3.10/site-packages/pip/_vendor) by extensions ['ignore', 'ignore_ament_install']
[1.168s] Level 1:colcon.colcon_core.package_identification:_identify(venv/lib/python3.10/site-packages/pip/_vendor) by extension 'ignore'
[1.168s] Level 1:colcon.colcon_core.package_identification:_identify(venv/lib/python3.10/site-packages/pip/_vendor) by extension 'ignore_ament_install'
[1.168s] Level 1:colcon.colcon_core.package_identification:_identify(venv/lib/python3.10/site-packages/pip/_vendor) by extensions ['colcon_pkg']
[1.168s] Level 1:colcon.colcon_core.package_identification:_identify(venv/lib/python3.10/site-packages/pip/_vendor) by extension 'colcon_pkg'
[1.168s] Level 1:colcon.colcon_core.package_identification:_identify(venv/lib/python3.10/site-packages/pip/_vendor) by extensions ['colcon_meta']
[1.168s] Level 1:colcon.colcon_core.package_identification:_identify(venv/lib/python3.10/site-packages/pip/_vendor) by extension 'colcon_meta'
[1.168s] Level 1:colcon.colcon_core.package_identification:_identify(venv/lib/python3.10/site-packages/pip/_vendor) by extensions ['ros']
[1.168s] Level 1:colcon.colcon_core.package_identification:_identify(venv/lib/python3.10/site-packages/pip/_vendor) by extension 'ros'
[1.168s] Level 1:colcon.colcon_core.package_identification:_identify(venv/lib/python3.10/site-packages/pip/_vendor) by extensions ['cmake', 'python']
[1.168s] Level 1:colcon.colcon_core.package_identification:_identify(venv/lib/python3.10/site-packages/pip/_vendor) by extension 'cmake'
[1.168s] Level 1:colcon.colcon_core.package_identification:_identify(venv/lib/python3.10/site-packages/pip/_vendor) by extension 'python'
[1.168s] Level 1:colcon.colcon_core.package_identification:_identify(venv/lib/python3.10/site-packages/pip/_vendor) by extensions ['python_setup_py']
[1.168s] Level 1:colcon.colcon_core.package_identification:_identify(venv/lib/python3.10/site-packages/pip/_vendor) by extension 'python_setup_py'
[1.168s] Level 1:colcon.colcon_core.package_identification:_identify(venv/lib/python3.10/site-packages/pip/_vendor/__pycache__) by extensions ['ignore', 'ignore_ament_install']
[1.168s] Level 1:colcon.colcon_core.package_identification:_identify(venv/lib/python3.10/site-packages/pip/_vendor/__pycache__) by extension 'ignore'
[1.168s] Level 1:colcon.colcon_core.package_identification:_identify(venv/lib/python3.10/site-packages/pip/_vendor/__pycache__) by extension 'ignore_ament_install'
[1.168s] Level 1:colcon.colcon_core.package_identification:_identify(venv/lib/python3.10/site-packages/pip/_vendor/__pycache__) by extensions ['colcon_pkg']
[1.168s] Level 1:colcon.colcon_core.package_identification:_identify(venv/lib/python3.10/site-packages/pip/_vendor/__pycache__) by extension 'colcon_pkg'
[1.169s] Level 1:colcon.colcon_core.package_identification:_identify(venv/lib/python3.10/site-packages/pip/_vendor/__pycache__) by extensions ['colcon_meta']
[1.169s] Level 1:colcon.colcon_core.package_identification:_identify(venv/lib/python3.10/site-packages/pip/_vendor/__pycache__) by extension 'colcon_meta'
[1.169s] Level 1:colcon.colcon_core.package_identification:_identify(venv/lib/python3.10/site-packages/pip/_vendor/__pycache__) by extensions ['ros']
[1.169s] Level 1:colcon.colcon_core.package_identification:_identify(venv/lib/python3.10/site-packages/pip/_vendor/__pycache__) by extension 'ros'
[1.169s] Level 1:colcon.colcon_core.package_identification:_identify(venv/lib/python3.10/site-packages/pip/_vendor/__pycache__) by extensions ['cmake', 'python']
[1.169s] Level 1:colcon.colcon_core.package_identification:_identify(venv/lib/python3.10/site-packages/pip/_vendor/__pycache__) by extension 'cmake'
[1.169s] Level 1:colcon.colcon_core.package_identification:_identify(venv/lib/python3.10/site-packages/pip/_vendor/__pycache__) by extension 'python'
[1.169s] Level 1:colcon.colcon_core.package_identification:_identify(venv/lib/python3.10/site-packages/pip/_vendor/__pycache__) by extensions ['python_setup_py']
[1.169s] Level 1:colcon.colcon_core.package_identification:_identify(venv/lib/python3.10/site-packages/pip/_vendor/__pycache__) by extension 'python_setup_py'
[1.169s] Level 1:colcon.colcon_core.package_identification:_identify(venv/lib/python3.10/site-packages/pip/_vendor/cachecontrol) by extensions ['ignore', 'ignore_ament_install']
[1.169s] Level 1:colcon.colcon_core.package_identification:_identify(venv/lib/python3.10/site-packages/pip/_vendor/cachecontrol) by extension 'ignore'
[1.169s] Level 1:colcon.colcon_core.package_identification:_identify(venv/lib/python3.10/site-packages/pip/_vendor/cachecontrol) by extension 'ignore_ament_install'
[1.169s] Level 1:colcon.colcon_core.package_identification:_identify(venv/lib/python3.10/site-packages/pip/_vendor/cachecontrol) by extensions ['colcon_pkg']
[1.169s] Level 1:colcon.colcon_core.package_identification:_identify(venv/lib/python3.10/site-packages/pip/_vendor/cachecontrol) by extension 'colcon_pkg'
[1.169s] Level 1:colcon.colcon_core.package_identification:_identify(venv/lib/python3.10/site-packages/pip/_vendor/cachecontrol) by extensions ['colcon_meta']
[1.169s] Level 1:colcon.colcon_core.package_identification:_identify(venv/lib/python3.10/site-packages/pip/_vendor/cachecontrol) by extension 'colcon_meta'
[1.169s] Level 1:colcon.colcon_core.package_identification:_identify(venv/lib/python3.10/site-packages/pip/_vendor/cachecontrol) by extensions ['ros']
[1.169s] Level 1:colcon.colcon_core.package_identification:_identify(venv/lib/python3.10/site-packages/pip/_vendor/cachecontrol) by extension 'ros'
[1.169s] Level 1:colcon.colcon_core.package_identification:_identify(venv/lib/python3.10/site-packages/pip/_vendor/cachecontrol) by extensions ['cmake', 'python']
[1.169s] Level 1:colcon.colcon_core.package_identification:_identify(venv/lib/python3.10/site-packages/pip/_vendor/cachecontrol) by extension 'cmake'
[1.169s] Level 1:colcon.colcon_core.package_identification:_identify(venv/lib/python3.10/site-packages/pip/_vendor/cachecontrol) by extension 'python'
[1.169s] Level 1:colcon.colcon_core.package_identification:_identify(venv/lib/python3.10/site-packages/pip/_vendor/cachecontrol) by extensions ['python_setup_py']
[1.169s] Level 1:colcon.colcon_core.package_identification:_identify(venv/lib/python3.10/site-packages/pip/_vendor/cachecontrol) by extension 'python_setup_py'
[1.169s] Level 1:colcon.colcon_core.package_identification:_identify(venv/lib/python3.10/site-packages/pip/_vendor/cachecontrol/__pycache__) by extensions ['ignore', 'ignore_ament_install']
[1.169s] Level 1:colcon.colcon_core.package_identification:_identify(venv/lib/python3.10/site-packages/pip/_vendor/cachecontrol/__pycache__) by extension 'ignore'
[1.169s] Level 1:colcon.colcon_core.package_identification:_identify(venv/lib/python3.10/site-packages/pip/_vendor/cachecontrol/__pycache__) by extension 'ignore_ament_install'
[1.169s] Level 1:colcon.colcon_core.package_identification:_identify(venv/lib/python3.10/site-packages/pip/_vendor/cachecontrol/__pycache__) by extensions ['colcon_pkg']
[1.169s] Level 1:colcon.colcon_core.package_identification:_identify(venv/lib/python3.10/site-packages/pip/_vendor/cachecontrol/__pycache__) by extension 'colcon_pkg'
[1.169s] Level 1:colcon.colcon_core.package_identification:_identify(venv/lib/python3.10/site-packages/pip/_vendor/cachecontrol/__pycache__) by extensions ['colcon_meta']
[1.169s] Level 1:colcon.colcon_core.package_identification:_identify(venv/lib/python3.10/site-packages/pip/_vendor/cachecontrol/__pycache__) by extension 'colcon_meta'
[1.169s] Level 1:colcon.colcon_core.package_identification:_identify(venv/lib/python3.10/site-packages/pip/_vendor/cachecontrol/__pycache__) by extensions ['ros']
[1.169s] Level 1:colcon.colcon_core.package_identification:_identify(venv/lib/python3.10/site-packages/pip/_vendor/cachecontrol/__pycache__) by extension 'ros'
[1.169s] Level 1:colcon.colcon_core.package_identification:_identify(venv/lib/python3.10/site-packages/pip/_vendor/cachecontrol/__pycache__) by extensions ['cmake', 'python']
[1.169s] Level 1:colcon.colcon_core.package_identification:_identify(venv/lib/python3.10/site-packages/pip/_vendor/cachecontrol/__pycache__) by extension 'cmake'
[1.169s] Level 1:colcon.colcon_core.package_identification:_identify(venv/lib/python3.10/site-packages/pip/_vendor/cachecontrol/__pycache__) by extension 'python'
[1.170s] Level 1:colcon.colcon_core.package_identification:_identify(venv/lib/python3.10/site-packages/pip/_vendor/cachecontrol/__pycache__) by extensions ['python_setup_py']
[1.170s] Level 1:colcon.colcon_core.package_identification:_identify(venv/lib/python3.10/site-packages/pip/_vendor/cachecontrol/__pycache__) by extension 'python_setup_py'
[1.170s] Level 1:colcon.colcon_core.package_identification:_identify(venv/lib/python3.10/site-packages/pip/_vendor/cachecontrol/caches) by extensions ['ignore', 'ignore_ament_install']
[1.170s] Level 1:colcon.colcon_core.package_identification:_identify(venv/lib/python3.10/site-packages/pip/_vendor/cachecontrol/caches) by extension 'ignore'
[1.170s] Level 1:colcon.colcon_core.package_identification:_identify(venv/lib/python3.10/site-packages/pip/_vendor/cachecontrol/caches) by extension 'ignore_ament_install'
[1.170s] Level 1:colcon.colcon_core.package_identification:_identify(venv/lib/python3.10/site-packages/pip/_vendor/cachecontrol/caches) by extensions ['colcon_pkg']
[1.170s] Level 1:colcon.colcon_core.package_identification:_identify(venv/lib/python3.10/site-packages/pip/_vendor/cachecontrol/caches) by extension 'colcon_pkg'
[1.170s] Level 1:colcon.colcon_core.package_identification:_identify(venv/lib/python3.10/site-packages/pip/_vendor/cachecontrol/caches) by extensions ['colcon_meta']
[1.170s] Level 1:colcon.colcon_core.package_identification:_identify(venv/lib/python3.10/site-packages/pip/_vendor/cachecontrol/caches) by extension 'colcon_meta'
[1.170s] Level 1:colcon.colcon_core.package_identification:_identify(venv/lib/python3.10/site-packages/pip/_vendor/cachecontrol/caches) by extensions ['ros']
[1.170s] Level 1:colcon.colcon_core.package_identification:_identify(venv/lib/python3.10/site-packages/pip/_vendor/cachecontrol/caches) by extension 'ros'
[1.170s] Level 1:colcon.colcon_core.package_identification:_identify(venv/lib/python3.10/site-packages/pip/_vendor/cachecontrol/caches) by extensions ['cmake', 'python']
[1.170s] Level 1:colcon.colcon_core.package_identification:_identify(venv/lib/python3.10/site-packages/pip/_vendor/cachecontrol/caches) by extension 'cmake'
[1.170s] Level 1:colcon.colcon_core.package_identification:_identify(venv/lib/python3.10/site-packages/pip/_vendor/cachecontrol/caches) by extension 'python'
[1.170s] Level 1:colcon.colcon_core.package_identification:_identify(venv/lib/python3.10/site-packages/pip/_vendor/cachecontrol/caches) by extensions ['python_setup_py']
[1.170s] Level 1:colcon.colcon_core.package_identification:_identify(venv/lib/python3.10/site-packages/pip/_vendor/cachecontrol/caches) by extension 'python_setup_py'
[1.170s] Level 1:colcon.colcon_core.package_identification:_identify(venv/lib/python3.10/site-packages/pip/_vendor/cachecontrol/caches/__pycache__) by extensions ['ignore', 'ignore_ament_install']
[1.170s] Level 1:colcon.colcon_core.package_identification:_identify(venv/lib/python3.10/site-packages/pip/_vendor/cachecontrol/caches/__pycache__) by extension 'ignore'
[1.170s] Level 1:colcon.colcon_core.package_identification:_identify(venv/lib/python3.10/site-packages/pip/_vendor/cachecontrol/caches/__pycache__) by extension 'ignore_ament_install'
[1.170s] Level 1:colcon.colcon_core.package_identification:_identify(venv/lib/python3.10/site-packages/pip/_vendor/cachecontrol/caches/__pycache__) by extensions ['colcon_pkg']
[1.170s] Level 1:colcon.colcon_core.package_identification:_identify(venv/lib/python3.10/site-packages/pip/_vendor/cachecontrol/caches/__pycache__) by extension 'colcon_pkg'
[1.170s] Level 1:colcon.colcon_core.package_identification:_identify(venv/lib/python3.10/site-packages/pip/_vendor/cachecontrol/caches/__pycache__) by extensions ['colcon_meta']
[1.170s] Level 1:colcon.colcon_core.package_identification:_identify(venv/lib/python3.10/site-packages/pip/_vendor/cachecontrol/caches/__pycache__) by extension 'colcon_meta'
[1.170s] Level 1:colcon.colcon_core.package_identification:_identify(venv/lib/python3.10/site-packages/pip/_vendor/cachecontrol/caches/__pycache__) by extensions ['ros']
[1.170s] Level 1:colcon.colcon_core.package_identification:_identify(venv/lib/python3.10/site-packages/pip/_vendor/cachecontrol/caches/__pycache__) by extension 'ros'
[1.170s] Level 1:colcon.colcon_core.package_identification:_identify(venv/lib/python3.10/site-packages/pip/_vendor/cachecontrol/caches/__pycache__) by extensions ['cmake', 'python']
[1.170s] Level 1:colcon.colcon_core.package_identification:_identify(venv/lib/python3.10/site-packages/pip/_vendor/cachecontrol/caches/__pycache__) by extension 'cmake'
[1.170s] Level 1:colcon.colcon_core.package_identification:_identify(venv/lib/python3.10/site-packages/pip/_vendor/cachecontrol/caches/__pycache__) by extension 'python'
[1.170s] Level 1:colcon.colcon_core.package_identification:_identify(venv/lib/python3.10/site-packages/pip/_vendor/cachecontrol/caches/__pycache__) by extensions ['python_setup_py']
[1.170s] Level 1:colcon.colcon_core.package_identification:_identify(venv/lib/python3.10/site-packages/pip/_vendor/cachecontrol/caches/__pycache__) by extension 'python_setup_py'
[1.170s] Level 1:colcon.colcon_core.package_identification:_identify(venv/lib/python3.10/site-packages/pip/_vendor/certifi) by extensions ['ignore', 'ignore_ament_install']
[1.170s] Level 1:colcon.colcon_core.package_identification:_identify(venv/lib/python3.10/site-packages/pip/_vendor/certifi) by extension 'ignore'
[1.171s] Level 1:colcon.colcon_core.package_identification:_identify(venv/lib/python3.10/site-packages/pip/_vendor/certifi) by extension 'ignore_ament_install'
[1.171s] Level 1:colcon.colcon_core.package_identification:_identify(venv/lib/python3.10/site-packages/pip/_vendor/certifi) by extensions ['colcon_pkg']
[1.171s] Level 1:colcon.colcon_core.package_identification:_identify(venv/lib/python3.10/site-packages/pip/_vendor/certifi) by extension 'colcon_pkg'
[1.171s] Level 1:colcon.colcon_core.package_identification:_identify(venv/lib/python3.10/site-packages/pip/_vendor/certifi) by extensions ['colcon_meta']
[1.171s] Level 1:colcon.colcon_core.package_identification:_identify(venv/lib/python3.10/site-packages/pip/_vendor/certifi) by extension 'colcon_meta'
[1.171s] Level 1:colcon.colcon_core.package_identification:_identify(venv/lib/python3.10/site-packages/pip/_vendor/certifi) by extensions ['ros']
[1.171s] Level 1:colcon.colcon_core.package_identification:_identify(venv/lib/python3.10/site-packages/pip/_vendor/certifi) by extension 'ros'
[1.171s] Level 1:colcon.colcon_core.package_identification:_identify(venv/lib/python3.10/site-packages/pip/_vendor/certifi) by extensions ['cmake', 'python']
[1.171s] Level 1:colcon.colcon_core.package_identification:_identify(venv/lib/python3.10/site-packages/pip/_vendor/certifi) by extension 'cmake'
[1.171s] Level 1:colcon.colcon_core.package_identification:_identify(venv/lib/python3.10/site-packages/pip/_vendor/certifi) by extension 'python'
[1.171s] Level 1:colcon.colcon_core.package_identification:_identify(venv/lib/python3.10/site-packages/pip/_vendor/certifi) by extensions ['python_setup_py']
[1.171s] Level 1:colcon.colcon_core.package_identification:_identify(venv/lib/python3.10/site-packages/pip/_vendor/certifi) by extension 'python_setup_py'
[1.171s] Level 1:colcon.colcon_core.package_identification:_identify(venv/lib/python3.10/site-packages/pip/_vendor/certifi/__pycache__) by extensions ['ignore', 'ignore_ament_install']
[1.171s] Level 1:colcon.colcon_core.package_identification:_identify(venv/lib/python3.10/site-packages/pip/_vendor/certifi/__pycache__) by extension 'ignore'
[1.171s] Level 1:colcon.colcon_core.package_identification:_identify(venv/lib/python3.10/site-packages/pip/_vendor/certifi/__pycache__) by extension 'ignore_ament_install'
[1.171s] Level 1:colcon.colcon_core.package_identification:_identify(venv/lib/python3.10/site-packages/pip/_vendor/certifi/__pycache__) by extensions ['colcon_pkg']
[1.171s] Level 1:colcon.colcon_core.package_identification:_identify(venv/lib/python3.10/site-packages/pip/_vendor/certifi/__pycache__) by extension 'colcon_pkg'
[1.171s] Level 1:colcon.colcon_core.package_identification:_identify(venv/lib/python3.10/site-packages/pip/_vendor/certifi/__pycache__) by extensions ['colcon_meta']
[1.171s] Level 1:colcon.colcon_core.package_identification:_identify(venv/lib/python3.10/site-packages/pip/_vendor/certifi/__pycache__) by extension 'colcon_meta'
[1.171s] Level 1:colcon.colcon_core.package_identification:_identify(venv/lib/python3.10/site-packages/pip/_vendor/certifi/__pycache__) by extensions ['ros']
[1.171s] Level 1:colcon.colcon_core.package_identification:_identify(venv/lib/python3.10/site-packages/pip/_vendor/certifi/__pycache__) by extension 'ros'
[1.171s] Level 1:colcon.colcon_core.package_identification:_identify(venv/lib/python3.10/site-packages/pip/_vendor/certifi/__pycache__) by extensions ['cmake', 'python']
[1.171s] Level 1:colcon.colcon_core.package_identification:_identify(venv/lib/python3.10/site-packages/pip/_vendor/certifi/__pycache__) by extension 'cmake'
[1.171s] Level 1:colcon.colcon_core.package_identification:_identify(venv/lib/python3.10/site-packages/pip/_vendor/certifi/__pycache__) by extension 'python'
[1.171s] Level 1:colcon.colcon_core.package_identification:_identify(venv/lib/python3.10/site-packages/pip/_vendor/certifi/__pycache__) by extensions ['python_setup_py']
[1.171s] Level 1:colcon.colcon_core.package_identification:_identify(venv/lib/python3.10/site-packages/pip/_vendor/certifi/__pycache__) by extension 'python_setup_py'
[1.171s] Level 1:colcon.colcon_core.package_identification:_identify(venv/lib/python3.10/site-packages/pip/_vendor/chardet) by extensions ['ignore', 'ignore_ament_install']
[1.171s] Level 1:colcon.colcon_core.package_identification:_identify(venv/lib/python3.10/site-packages/pip/_vendor/chardet) by extension 'ignore'
[1.171s] Level 1:colcon.colcon_core.package_identification:_identify(venv/lib/python3.10/site-packages/pip/_vendor/chardet) by extension 'ignore_ament_install'
[1.171s] Level 1:colcon.colcon_core.package_identification:_identify(venv/lib/python3.10/site-packages/pip/_vendor/chardet) by extensions ['colcon_pkg']
[1.171s] Level 1:colcon.colcon_core.package_identification:_identify(venv/lib/python3.10/site-packages/pip/_vendor/chardet) by extension 'colcon_pkg'
[1.171s] Level 1:colcon.colcon_core.package_identification:_identify(venv/lib/python3.10/site-packages/pip/_vendor/chardet) by extensions ['colcon_meta']
[1.171s] Level 1:colcon.colcon_core.package_identification:_identify(venv/lib/python3.10/site-packages/pip/_vendor/chardet) by extension 'colcon_meta'
[1.172s] Level 1:colcon.colcon_core.package_identification:_identify(venv/lib/python3.10/site-packages/pip/_vendor/chardet) by extensions ['ros']
[1.172s] Level 1:colcon.colcon_core.package_identification:_identify(venv/lib/python3.10/site-packages/pip/_vendor/chardet) by extension 'ros'
[1.172s] Level 1:colcon.colcon_core.package_identification:_identify(venv/lib/python3.10/site-packages/pip/_vendor/chardet) by extensions ['cmake', 'python']
[1.172s] Level 1:colcon.colcon_core.package_identification:_identify(venv/lib/python3.10/site-packages/pip/_vendor/chardet) by extension 'cmake'
[1.172s] Level 1:colcon.colcon_core.package_identification:_identify(venv/lib/python3.10/site-packages/pip/_vendor/chardet) by extension 'python'
[1.172s] Level 1:colcon.colcon_core.package_identification:_identify(venv/lib/python3.10/site-packages/pip/_vendor/chardet) by extensions ['python_setup_py']
[1.172s] Level 1:colcon.colcon_core.package_identification:_identify(venv/lib/python3.10/site-packages/pip/_vendor/chardet) by extension 'python_setup_py'
[1.172s] Level 1:colcon.colcon_core.package_identification:_identify(venv/lib/python3.10/site-packages/pip/_vendor/chardet/__pycache__) by extensions ['ignore', 'ignore_ament_install']
[1.172s] Level 1:colcon.colcon_core.package_identification:_identify(venv/lib/python3.10/site-packages/pip/_vendor/chardet/__pycache__) by extension 'ignore'
[1.172s] Level 1:colcon.colcon_core.package_identification:_identify(venv/lib/python3.10/site-packages/pip/_vendor/chardet/__pycache__) by extension 'ignore_ament_install'
[1.172s] Level 1:colcon.colcon_core.package_identification:_identify(venv/lib/python3.10/site-packages/pip/_vendor/chardet/__pycache__) by extensions ['colcon_pkg']
[1.172s] Level 1:colcon.colcon_core.package_identification:_identify(venv/lib/python3.10/site-packages/pip/_vendor/chardet/__pycache__) by extension 'colcon_pkg'
[1.172s] Level 1:colcon.colcon_core.package_identification:_identify(venv/lib/python3.10/site-packages/pip/_vendor/chardet/__pycache__) by extensions ['colcon_meta']
[1.172s] Level 1:colcon.colcon_core.package_identification:_identify(venv/lib/python3.10/site-packages/pip/_vendor/chardet/__pycache__) by extension 'colcon_meta'
[1.172s] Level 1:colcon.colcon_core.package_identification:_identify(venv/lib/python3.10/site-packages/pip/_vendor/chardet/__pycache__) by extensions ['ros']
[1.172s] Level 1:colcon.colcon_core.package_identification:_identify(venv/lib/python3.10/site-packages/pip/_vendor/chardet/__pycache__) by extension 'ros'
[1.172s] Level 1:colcon.colcon_core.package_identification:_identify(venv/lib/python3.10/site-packages/pip/_vendor/chardet/__pycache__) by extensions ['cmake', 'python']
[1.172s] Level 1:colcon.colcon_core.package_identification:_identify(venv/lib/python3.10/site-packages/pip/_vendor/chardet/__pycache__) by extension 'cmake'
[1.172s] Level 1:colcon.colcon_core.package_identification:_identify(venv/lib/python3.10/site-packages/pip/_vendor/chardet/__pycache__) by extension 'python'
[1.172s] Level 1:colcon.colcon_core.package_identification:_identify(venv/lib/python3.10/site-packages/pip/_vendor/chardet/__pycache__) by extensions ['python_setup_py']
[1.172s] Level 1:colcon.colcon_core.package_identification:_identify(venv/lib/python3.10/site-packages/pip/_vendor/chardet/__pycache__) by extension 'python_setup_py'
[1.172s] Level 1:colcon.colcon_core.package_identification:_identify(venv/lib/python3.10/site-packages/pip/_vendor/chardet/cli) by extensions ['ignore', 'ignore_ament_install']
[1.172s] Level 1:colcon.colcon_core.package_identification:_identify(venv/lib/python3.10/site-packages/pip/_vendor/chardet/cli) by extension 'ignore'
[1.172s] Level 1:colcon.colcon_core.package_identification:_identify(venv/lib/python3.10/site-packages/pip/_vendor/chardet/cli) by extension 'ignore_ament_install'
[1.172s] Level 1:colcon.colcon_core.package_identification:_identify(venv/lib/python3.10/site-packages/pip/_vendor/chardet/cli) by extensions ['colcon_pkg']
[1.172s] Level 1:colcon.colcon_core.package_identification:_identify(venv/lib/python3.10/site-packages/pip/_vendor/chardet/cli) by extension 'colcon_pkg'
[1.172s] Level 1:colcon.colcon_core.package_identification:_identify(venv/lib/python3.10/site-packages/pip/_vendor/chardet/cli) by extensions ['colcon_meta']
[1.172s] Level 1:colcon.colcon_core.package_identification:_identify(venv/lib/python3.10/site-packages/pip/_vendor/chardet/cli) by extension 'colcon_meta'
[1.172s] Level 1:colcon.colcon_core.package_identification:_identify(venv/lib/python3.10/site-packages/pip/_vendor/chardet/cli) by extensions ['ros']
[1.172s] Level 1:colcon.colcon_core.package_identification:_identify(venv/lib/python3.10/site-packages/pip/_vendor/chardet/cli) by extension 'ros'
[1.172s] Level 1:colcon.colcon_core.package_identification:_identify(venv/lib/python3.10/site-packages/pip/_vendor/chardet/cli) by extensions ['cmake', 'python']
[1.172s] Level 1:colcon.colcon_core.package_identification:_identify(venv/lib/python3.10/site-packages/pip/_vendor/chardet/cli) by extension 'cmake'
[1.172s] Level 1:colcon.colcon_core.package_identification:_identify(venv/lib/python3.10/site-packages/pip/_vendor/chardet/cli) by extension 'python'
[1.173s] Level 1:colcon.colcon_core.package_identification:_identify(venv/lib/python3.10/site-packages/pip/_vendor/chardet/cli) by extensions ['python_setup_py']
[1.173s] Level 1:colcon.colcon_core.package_identification:_identify(venv/lib/python3.10/site-packages/pip/_vendor/chardet/cli) by extension 'python_setup_py'
[1.173s] Level 1:colcon.colcon_core.package_identification:_identify(venv/lib/python3.10/site-packages/pip/_vendor/chardet/cli/__pycache__) by extensions ['ignore', 'ignore_ament_install']
[1.173s] Level 1:colcon.colcon_core.package_identification:_identify(venv/lib/python3.10/site-packages/pip/_vendor/chardet/cli/__pycache__) by extension 'ignore'
[1.173s] Level 1:colcon.colcon_core.package_identification:_identify(venv/lib/python3.10/site-packages/pip/_vendor/chardet/cli/__pycache__) by extension 'ignore_ament_install'
[1.173s] Level 1:colcon.colcon_core.package_identification:_identify(venv/lib/python3.10/site-packages/pip/_vendor/chardet/cli/__pycache__) by extensions ['colcon_pkg']
[1.173s] Level 1:colcon.colcon_core.package_identification:_identify(venv/lib/python3.10/site-packages/pip/_vendor/chardet/cli/__pycache__) by extension 'colcon_pkg'
[1.173s] Level 1:colcon.colcon_core.package_identification:_identify(venv/lib/python3.10/site-packages/pip/_vendor/chardet/cli/__pycache__) by extensions ['colcon_meta']
[1.173s] Level 1:colcon.colcon_core.package_identification:_identify(venv/lib/python3.10/site-packages/pip/_vendor/chardet/cli/__pycache__) by extension 'colcon_meta'
[1.173s] Level 1:colcon.colcon_core.package_identification:_identify(venv/lib/python3.10/site-packages/pip/_vendor/chardet/cli/__pycache__) by extensions ['ros']
[1.173s] Level 1:colcon.colcon_core.package_identification:_identify(venv/lib/python3.10/site-packages/pip/_vendor/chardet/cli/__pycache__) by extension 'ros'
[1.173s] Level 1:colcon.colcon_core.package_identification:_identify(venv/lib/python3.10/site-packages/pip/_vendor/chardet/cli/__pycache__) by extensions ['cmake', 'python']
[1.173s] Level 1:colcon.colcon_core.package_identification:_identify(venv/lib/python3.10/site-packages/pip/_vendor/chardet/cli/__pycache__) by extension 'cmake'
[1.173s] Level 1:colcon.colcon_core.package_identification:_identify(venv/lib/python3.10/site-packages/pip/_vendor/chardet/cli/__pycache__) by extension 'python'
[1.173s] Level 1:colcon.colcon_core.package_identification:_identify(venv/lib/python3.10/site-packages/pip/_vendor/chardet/cli/__pycache__) by extensions ['python_setup_py']
[1.173s] Level 1:colcon.colcon_core.package_identification:_identify(venv/lib/python3.10/site-packages/pip/_vendor/chardet/cli/__pycache__) by extension 'python_setup_py'
[1.173s] Level 1:colcon.colcon_core.package_identification:_identify(venv/lib/python3.10/site-packages/pip/_vendor/chardet/metadata) by extensions ['ignore', 'ignore_ament_install']
[1.173s] Level 1:colcon.colcon_core.package_identification:_identify(venv/lib/python3.10/site-packages/pip/_vendor/chardet/metadata) by extension 'ignore'
[1.173s] Level 1:colcon.colcon_core.package_identification:_identify(venv/lib/python3.10/site-packages/pip/_vendor/chardet/metadata) by extension 'ignore_ament_install'
[1.173s] Level 1:colcon.colcon_core.package_identification:_identify(venv/lib/python3.10/site-packages/pip/_vendor/chardet/metadata) by extensions ['colcon_pkg']
[1.173s] Level 1:colcon.colcon_core.package_identification:_identify(venv/lib/python3.10/site-packages/pip/_vendor/chardet/metadata) by extension 'colcon_pkg'
[1.173s] Level 1:colcon.colcon_core.package_identification:_identify(venv/lib/python3.10/site-packages/pip/_vendor/chardet/metadata) by extensions ['colcon_meta']
[1.173s] Level 1:colcon.colcon_core.package_identification:_identify(venv/lib/python3.10/site-packages/pip/_vendor/chardet/metadata) by extension 'colcon_meta'
[1.173s] Level 1:colcon.colcon_core.package_identification:_identify(venv/lib/python3.10/site-packages/pip/_vendor/chardet/metadata) by extensions ['ros']
[1.173s] Level 1:colcon.colcon_core.package_identification:_identify(venv/lib/python3.10/site-packages/pip/_vendor/chardet/metadata) by extension 'ros'
[1.173s] Level 1:colcon.colcon_core.package_identification:_identify(venv/lib/python3.10/site-packages/pip/_vendor/chardet/metadata) by extensions ['cmake', 'python']
[1.173s] Level 1:colcon.colcon_core.package_identification:_identify(venv/lib/python3.10/site-packages/pip/_vendor/chardet/metadata) by extension 'cmake'
[1.173s] Level 1:colcon.colcon_core.package_identification:_identify(venv/lib/python3.10/site-packages/pip/_vendor/chardet/metadata) by extension 'python'
[1.173s] Level 1:colcon.colcon_core.package_identification:_identify(venv/lib/python3.10/site-packages/pip/_vendor/chardet/metadata) by extensions ['python_setup_py']
[1.173s] Level 1:colcon.colcon_core.package_identification:_identify(venv/lib/python3.10/site-packages/pip/_vendor/chardet/metadata) by extension 'python_setup_py'
[1.173s] Level 1:colcon.colcon_core.package_identification:_identify(venv/lib/python3.10/site-packages/pip/_vendor/chardet/metadata/__pycache__) by extensions ['ignore', 'ignore_ament_install']
[1.173s] Level 1:colcon.colcon_core.package_identification:_identify(venv/lib/python3.10/site-packages/pip/_vendor/chardet/metadata/__pycache__) by extension 'ignore'
[1.173s] Level 1:colcon.colcon_core.package_identification:_identify(venv/lib/python3.10/site-packages/pip/_vendor/chardet/metadata/__pycache__) by extension 'ignore_ament_install'
[1.174s] Level 1:colcon.colcon_core.package_identification:_identify(venv/lib/python3.10/site-packages/pip/_vendor/chardet/metadata/__pycache__) by extensions ['colcon_pkg']
[1.174s] Level 1:colcon.colcon_core.package_identification:_identify(venv/lib/python3.10/site-packages/pip/_vendor/chardet/metadata/__pycache__) by extension 'colcon_pkg'
[1.174s] Level 1:colcon.colcon_core.package_identification:_identify(venv/lib/python3.10/site-packages/pip/_vendor/chardet/metadata/__pycache__) by extensions ['colcon_meta']
[1.174s] Level 1:colcon.colcon_core.package_identification:_identify(venv/lib/python3.10/site-packages/pip/_vendor/chardet/metadata/__pycache__) by extension 'colcon_meta'
[1.174s] Level 1:colcon.colcon_core.package_identification:_identify(venv/lib/python3.10/site-packages/pip/_vendor/chardet/metadata/__pycache__) by extensions ['ros']
[1.174s] Level 1:colcon.colcon_core.package_identification:_identify(venv/lib/python3.10/site-packages/pip/_vendor/chardet/metadata/__pycache__) by extension 'ros'
[1.174s] Level 1:colcon.colcon_core.package_identification:_identify(venv/lib/python3.10/site-packages/pip/_vendor/chardet/metadata/__pycache__) by extensions ['cmake', 'python']
[1.174s] Level 1:colcon.colcon_core.package_identification:_identify(venv/lib/python3.10/site-packages/pip/_vendor/chardet/metadata/__pycache__) by extension 'cmake'
[1.174s] Level 1:colcon.colcon_core.package_identification:_identify(venv/lib/python3.10/site-packages/pip/_vendor/chardet/metadata/__pycache__) by extension 'python'
[1.174s] Level 1:colcon.colcon_core.package_identification:_identify(venv/lib/python3.10/site-packages/pip/_vendor/chardet/metadata/__pycache__) by extensions ['python_setup_py']
[1.174s] Level 1:colcon.colcon_core.package_identification:_identify(venv/lib/python3.10/site-packages/pip/_vendor/chardet/metadata/__pycache__) by extension 'python_setup_py'
[1.174s] Level 1:colcon.colcon_core.package_identification:_identify(venv/lib/python3.10/site-packages/pip/_vendor/colorama) by extensions ['ignore', 'ignore_ament_install']
[1.174s] Level 1:colcon.colcon_core.package_identification:_identify(venv/lib/python3.10/site-packages/pip/_vendor/colorama) by extension 'ignore'
[1.174s] Level 1:colcon.colcon_core.package_identification:_identify(venv/lib/python3.10/site-packages/pip/_vendor/colorama) by extension 'ignore_ament_install'
[1.174s] Level 1:colcon.colcon_core.package_identification:_identify(venv/lib/python3.10/site-packages/pip/_vendor/colorama) by extensions ['colcon_pkg']
[1.174s] Level 1:colcon.colcon_core.package_identification:_identify(venv/lib/python3.10/site-packages/pip/_vendor/colorama) by extension 'colcon_pkg'
[1.174s] Level 1:colcon.colcon_core.package_identification:_identify(venv/lib/python3.10/site-packages/pip/_vendor/colorama) by extensions ['colcon_meta']
[1.174s] Level 1:colcon.colcon_core.package_identification:_identify(venv/lib/python3.10/site-packages/pip/_vendor/colorama) by extension 'colcon_meta'
[1.174s] Level 1:colcon.colcon_core.package_identification:_identify(venv/lib/python3.10/site-packages/pip/_vendor/colorama) by extensions ['ros']
[1.174s] Level 1:colcon.colcon_core.package_identification:_identify(venv/lib/python3.10/site-packages/pip/_vendor/colorama) by extension 'ros'
[1.174s] Level 1:colcon.colcon_core.package_identification:_identify(venv/lib/python3.10/site-packages/pip/_vendor/colorama) by extensions ['cmake', 'python']
[1.174s] Level 1:colcon.colcon_core.package_identification:_identify(venv/lib/python3.10/site-packages/pip/_vendor/colorama) by extension 'cmake'
[1.174s] Level 1:colcon.colcon_core.package_identification:_identify(venv/lib/python3.10/site-packages/pip/_vendor/colorama) by extension 'python'
[1.174s] Level 1:colcon.colcon_core.package_identification:_identify(venv/lib/python3.10/site-packages/pip/_vendor/colorama) by extensions ['python_setup_py']
[1.174s] Level 1:colcon.colcon_core.package_identification:_identify(venv/lib/python3.10/site-packages/pip/_vendor/colorama) by extension 'python_setup_py'
[1.174s] Level 1:colcon.colcon_core.package_identification:_identify(venv/lib/python3.10/site-packages/pip/_vendor/colorama/__pycache__) by extensions ['ignore', 'ignore_ament_install']
[1.174s] Level 1:colcon.colcon_core.package_identification:_identify(venv/lib/python3.10/site-packages/pip/_vendor/colorama/__pycache__) by extension 'ignore'
[1.174s] Level 1:colcon.colcon_core.package_identification:_identify(venv/lib/python3.10/site-packages/pip/_vendor/colorama/__pycache__) by extension 'ignore_ament_install'
[1.174s] Level 1:colcon.colcon_core.package_identification:_identify(venv/lib/python3.10/site-packages/pip/_vendor/colorama/__pycache__) by extensions ['colcon_pkg']
[1.174s] Level 1:colcon.colcon_core.package_identification:_identify(venv/lib/python3.10/site-packages/pip/_vendor/colorama/__pycache__) by extension 'colcon_pkg'
[1.174s] Level 1:colcon.colcon_core.package_identification:_identify(venv/lib/python3.10/site-packages/pip/_vendor/colorama/__pycache__) by extensions ['colcon_meta']
[1.174s] Level 1:colcon.colcon_core.package_identification:_identify(venv/lib/python3.10/site-packages/pip/_vendor/colorama/__pycache__) by extension 'colcon_meta'
[1.174s] Level 1:colcon.colcon_core.package_identification:_identify(venv/lib/python3.10/site-packages/pip/_vendor/colorama/__pycache__) by extensions ['ros']
[1.174s] Level 1:colcon.colcon_core.package_identification:_identify(venv/lib/python3.10/site-packages/pip/_vendor/colorama/__pycache__) by extension 'ros'
[1.175s] Level 1:colcon.colcon_core.package_identification:_identify(venv/lib/python3.10/site-packages/pip/_vendor/colorama/__pycache__) by extensions ['cmake', 'python']
[1.175s] Level 1:colcon.colcon_core.package_identification:_identify(venv/lib/python3.10/site-packages/pip/_vendor/colorama/__pycache__) by extension 'cmake'
[1.175s] Level 1:colcon.colcon_core.package_identification:_identify(venv/lib/python3.10/site-packages/pip/_vendor/colorama/__pycache__) by extension 'python'
[1.175s] Level 1:colcon.colcon_core.package_identification:_identify(venv/lib/python3.10/site-packages/pip/_vendor/colorama/__pycache__) by extensions ['python_setup_py']
[1.175s] Level 1:colcon.colcon_core.package_identification:_identify(venv/lib/python3.10/site-packages/pip/_vendor/colorama/__pycache__) by extension 'python_setup_py'
[1.175s] Level 1:colcon.colcon_core.package_identification:_identify(venv/lib/python3.10/site-packages/pip/_vendor/distlib) by extensions ['ignore', 'ignore_ament_install']
[1.175s] Level 1:colcon.colcon_core.package_identification:_identify(venv/lib/python3.10/site-packages/pip/_vendor/distlib) by extension 'ignore'
[1.175s] Level 1:colcon.colcon_core.package_identification:_identify(venv/lib/python3.10/site-packages/pip/_vendor/distlib) by extension 'ignore_ament_install'
[1.175s] Level 1:colcon.colcon_core.package_identification:_identify(venv/lib/python3.10/site-packages/pip/_vendor/distlib) by extensions ['colcon_pkg']
[1.175s] Level 1:colcon.colcon_core.package_identification:_identify(venv/lib/python3.10/site-packages/pip/_vendor/distlib) by extension 'colcon_pkg'
[1.175s] Level 1:colcon.colcon_core.package_identification:_identify(venv/lib/python3.10/site-packages/pip/_vendor/distlib) by extensions ['colcon_meta']
[1.175s] Level 1:colcon.colcon_core.package_identification:_identify(venv/lib/python3.10/site-packages/pip/_vendor/distlib) by extension 'colcon_meta'
[1.175s] Level 1:colcon.colcon_core.package_identification:_identify(venv/lib/python3.10/site-packages/pip/_vendor/distlib) by extensions ['ros']
[1.175s] Level 1:colcon.colcon_core.package_identification:_identify(venv/lib/python3.10/site-packages/pip/_vendor/distlib) by extension 'ros'
[1.175s] Level 1:colcon.colcon_core.package_identification:_identify(venv/lib/python3.10/site-packages/pip/_vendor/distlib) by extensions ['cmake', 'python']
[1.175s] Level 1:colcon.colcon_core.package_identification:_identify(venv/lib/python3.10/site-packages/pip/_vendor/distlib) by extension 'cmake'
[1.175s] Level 1:colcon.colcon_core.package_identification:_identify(venv/lib/python3.10/site-packages/pip/_vendor/distlib) by extension 'python'
[1.175s] Level 1:colcon.colcon_core.package_identification:_identify(venv/lib/python3.10/site-packages/pip/_vendor/distlib) by extensions ['python_setup_py']
[1.175s] Level 1:colcon.colcon_core.package_identification:_identify(venv/lib/python3.10/site-packages/pip/_vendor/distlib) by extension 'python_setup_py'
[1.175s] Level 1:colcon.colcon_core.package_identification:_identify(venv/lib/python3.10/site-packages/pip/_vendor/distlib/__pycache__) by extensions ['ignore', 'ignore_ament_install']
[1.175s] Level 1:colcon.colcon_core.package_identification:_identify(venv/lib/python3.10/site-packages/pip/_vendor/distlib/__pycache__) by extension 'ignore'
[1.175s] Level 1:colcon.colcon_core.package_identification:_identify(venv/lib/python3.10/site-packages/pip/_vendor/distlib/__pycache__) by extension 'ignore_ament_install'
[1.175s] Level 1:colcon.colcon_core.package_identification:_identify(venv/lib/python3.10/site-packages/pip/_vendor/distlib/__pycache__) by extensions ['colcon_pkg']
[1.175s] Level 1:colcon.colcon_core.package_identification:_identify(venv/lib/python3.10/site-packages/pip/_vendor/distlib/__pycache__) by extension 'colcon_pkg'
[1.175s] Level 1:colcon.colcon_core.package_identification:_identify(venv/lib/python3.10/site-packages/pip/_vendor/distlib/__pycache__) by extensions ['colcon_meta']
[1.175s] Level 1:colcon.colcon_core.package_identification:_identify(venv/lib/python3.10/site-packages/pip/_vendor/distlib/__pycache__) by extension 'colcon_meta'
[1.175s] Level 1:colcon.colcon_core.package_identification:_identify(venv/lib/python3.10/site-packages/pip/_vendor/distlib/__pycache__) by extensions ['ros']
[1.175s] Level 1:colcon.colcon_core.package_identification:_identify(venv/lib/python3.10/site-packages/pip/_vendor/distlib/__pycache__) by extension 'ros'
[1.175s] Level 1:colcon.colcon_core.package_identification:_identify(venv/lib/python3.10/site-packages/pip/_vendor/distlib/__pycache__) by extensions ['cmake', 'python']
[1.175s] Level 1:colcon.colcon_core.package_identification:_identify(venv/lib/python3.10/site-packages/pip/_vendor/distlib/__pycache__) by extension 'cmake'
[1.175s] Level 1:colcon.colcon_core.package_identification:_identify(venv/lib/python3.10/site-packages/pip/_vendor/distlib/__pycache__) by extension 'python'
[1.175s] Level 1:colcon.colcon_core.package_identification:_identify(venv/lib/python3.10/site-packages/pip/_vendor/distlib/__pycache__) by extensions ['python_setup_py']
[1.176s] Level 1:colcon.colcon_core.package_identification:_identify(venv/lib/python3.10/site-packages/pip/_vendor/distlib/__pycache__) by extension 'python_setup_py'
[1.176s] Level 1:colcon.colcon_core.package_identification:_identify(venv/lib/python3.10/site-packages/pip/_vendor/html5lib) by extensions ['ignore', 'ignore_ament_install']
[1.176s] Level 1:colcon.colcon_core.package_identification:_identify(venv/lib/python3.10/site-packages/pip/_vendor/html5lib) by extension 'ignore'
[1.176s] Level 1:colcon.colcon_core.package_identification:_identify(venv/lib/python3.10/site-packages/pip/_vendor/html5lib) by extension 'ignore_ament_install'
[1.176s] Level 1:colcon.colcon_core.package_identification:_identify(venv/lib/python3.10/site-packages/pip/_vendor/html5lib) by extensions ['colcon_pkg']
[1.176s] Level 1:colcon.colcon_core.package_identification:_identify(venv/lib/python3.10/site-packages/pip/_vendor/html5lib) by extension 'colcon_pkg'
[1.176s] Level 1:colcon.colcon_core.package_identification:_identify(venv/lib/python3.10/site-packages/pip/_vendor/html5lib) by extensions ['colcon_meta']
[1.176s] Level 1:colcon.colcon_core.package_identification:_identify(venv/lib/python3.10/site-packages/pip/_vendor/html5lib) by extension 'colcon_meta'
[1.176s] Level 1:colcon.colcon_core.package_identification:_identify(venv/lib/python3.10/site-packages/pip/_vendor/html5lib) by extensions ['ros']
[1.176s] Level 1:colcon.colcon_core.package_identification:_identify(venv/lib/python3.10/site-packages/pip/_vendor/html5lib) by extension 'ros'
[1.176s] Level 1:colcon.colcon_core.package_identification:_identify(venv/lib/python3.10/site-packages/pip/_vendor/html5lib) by extensions ['cmake', 'python']
[1.176s] Level 1:colcon.colcon_core.package_identification:_identify(venv/lib/python3.10/site-packages/pip/_vendor/html5lib) by extension 'cmake'
[1.176s] Level 1:colcon.colcon_core.package_identification:_identify(venv/lib/python3.10/site-packages/pip/_vendor/html5lib) by extension 'python'
[1.176s] Level 1:colcon.colcon_core.package_identification:_identify(venv/lib/python3.10/site-packages/pip/_vendor/html5lib) by extensions ['python_setup_py']
[1.176s] Level 1:colcon.colcon_core.package_identification:_identify(venv/lib/python3.10/site-packages/pip/_vendor/html5lib) by extension 'python_setup_py'
[1.176s] Level 1:colcon.colcon_core.package_identification:_identify(venv/lib/python3.10/site-packages/pip/_vendor/html5lib/__pycache__) by extensions ['ignore', 'ignore_ament_install']
[1.176s] Level 1:colcon.colcon_core.package_identification:_identify(venv/lib/python3.10/site-packages/pip/_vendor/html5lib/__pycache__) by extension 'ignore'
[1.176s] Level 1:colcon.colcon_core.package_identification:_identify(venv/lib/python3.10/site-packages/pip/_vendor/html5lib/__pycache__) by extension 'ignore_ament_install'
[1.176s] Level 1:colcon.colcon_core.package_identification:_identify(venv/lib/python3.10/site-packages/pip/_vendor/html5lib/__pycache__) by extensions ['colcon_pkg']
[1.176s] Level 1:colcon.colcon_core.package_identification:_identify(venv/lib/python3.10/site-packages/pip/_vendor/html5lib/__pycache__) by extension 'colcon_pkg'
[1.176s] Level 1:colcon.colcon_core.package_identification:_identify(venv/lib/python3.10/site-packages/pip/_vendor/html5lib/__pycache__) by extensions ['colcon_meta']
[1.176s] Level 1:colcon.colcon_core.package_identification:_identify(venv/lib/python3.10/site-packages/pip/_vendor/html5lib/__pycache__) by extension 'colcon_meta'
[1.176s] Level 1:colcon.colcon_core.package_identification:_identify(venv/lib/python3.10/site-packages/pip/_vendor/html5lib/__pycache__) by extensions ['ros']
[1.176s] Level 1:colcon.colcon_core.package_identification:_identify(venv/lib/python3.10/site-packages/pip/_vendor/html5lib/__pycache__) by extension 'ros'
[1.176s] Level 1:colcon.colcon_core.package_identification:_identify(venv/lib/python3.10/site-packages/pip/_vendor/html5lib/__pycache__) by extensions ['cmake', 'python']
[1.176s] Level 1:colcon.colcon_core.package_identification:_identify(venv/lib/python3.10/site-packages/pip/_vendor/html5lib/__pycache__) by extension 'cmake'
[1.176s] Level 1:colcon.colcon_core.package_identification:_identify(venv/lib/python3.10/site-packages/pip/_vendor/html5lib/__pycache__) by extension 'python'
[1.176s] Level 1:colcon.colcon_core.package_identification:_identify(venv/lib/python3.10/site-packages/pip/_vendor/html5lib/__pycache__) by extensions ['python_setup_py']
[1.176s] Level 1:colcon.colcon_core.package_identification:_identify(venv/lib/python3.10/site-packages/pip/_vendor/html5lib/__pycache__) by extension 'python_setup_py'
[1.176s] Level 1:colcon.colcon_core.package_identification:_identify(venv/lib/python3.10/site-packages/pip/_vendor/html5lib/_trie) by extensions ['ignore', 'ignore_ament_install']
[1.176s] Level 1:colcon.colcon_core.package_identification:_identify(venv/lib/python3.10/site-packages/pip/_vendor/html5lib/_trie) by extension 'ignore'
[1.177s] Level 1:colcon.colcon_core.package_identification:_identify(venv/lib/python3.10/site-packages/pip/_vendor/html5lib/_trie) by extension 'ignore_ament_install'
[1.177s] Level 1:colcon.colcon_core.package_identification:_identify(venv/lib/python3.10/site-packages/pip/_vendor/html5lib/_trie) by extensions ['colcon_pkg']
[1.177s] Level 1:colcon.colcon_core.package_identification:_identify(venv/lib/python3.10/site-packages/pip/_vendor/html5lib/_trie) by extension 'colcon_pkg'
[1.177s] Level 1:colcon.colcon_core.package_identification:_identify(venv/lib/python3.10/site-packages/pip/_vendor/html5lib/_trie) by extensions ['colcon_meta']
[1.177s] Level 1:colcon.colcon_core.package_identification:_identify(venv/lib/python3.10/site-packages/pip/_vendor/html5lib/_trie) by extension 'colcon_meta'
[1.177s] Level 1:colcon.colcon_core.package_identification:_identify(venv/lib/python3.10/site-packages/pip/_vendor/html5lib/_trie) by extensions ['ros']
[1.177s] Level 1:colcon.colcon_core.package_identification:_identify(venv/lib/python3.10/site-packages/pip/_vendor/html5lib/_trie) by extension 'ros'
[1.177s] Level 1:colcon.colcon_core.package_identification:_identify(venv/lib/python3.10/site-packages/pip/_vendor/html5lib/_trie) by extensions ['cmake', 'python']
[1.177s] Level 1:colcon.colcon_core.package_identification:_identify(venv/lib/python3.10/site-packages/pip/_vendor/html5lib/_trie) by extension 'cmake'
[1.177s] Level 1:colcon.colcon_core.package_identification:_identify(venv/lib/python3.10/site-packages/pip/_vendor/html5lib/_trie) by extension 'python'
[1.177s] Level 1:colcon.colcon_core.package_identification:_identify(venv/lib/python3.10/site-packages/pip/_vendor/html5lib/_trie) by extensions ['python_setup_py']
[1.177s] Level 1:colcon.colcon_core.package_identification:_identify(venv/lib/python3.10/site-packages/pip/_vendor/html5lib/_trie) by extension 'python_setup_py'
[1.177s] Level 1:colcon.colcon_core.package_identification:_identify(venv/lib/python3.10/site-packages/pip/_vendor/html5lib/_trie/__pycache__) by extensions ['ignore', 'ignore_ament_install']
[1.177s] Level 1:colcon.colcon_core.package_identification:_identify(venv/lib/python3.10/site-packages/pip/_vendor/html5lib/_trie/__pycache__) by extension 'ignore'
[1.177s] Level 1:colcon.colcon_core.package_identification:_identify(venv/lib/python3.10/site-packages/pip/_vendor/html5lib/_trie/__pycache__) by extension 'ignore_ament_install'
[1.177s] Level 1:colcon.colcon_core.package_identification:_identify(venv/lib/python3.10/site-packages/pip/_vendor/html5lib/_trie/__pycache__) by extensions ['colcon_pkg']
[1.177s] Level 1:colcon.colcon_core.package_identification:_identify(venv/lib/python3.10/site-packages/pip/_vendor/html5lib/_trie/__pycache__) by extension 'colcon_pkg'
[1.177s] Level 1:colcon.colcon_core.package_identification:_identify(venv/lib/python3.10/site-packages/pip/_vendor/html5lib/_trie/__pycache__) by extensions ['colcon_meta']
[1.177s] Level 1:colcon.colcon_core.package_identification:_identify(venv/lib/python3.10/site-packages/pip/_vendor/html5lib/_trie/__pycache__) by extension 'colcon_meta'
[1.177s] Level 1:colcon.colcon_core.package_identification:_identify(venv/lib/python3.10/site-packages/pip/_vendor/html5lib/_trie/__pycache__) by extensions ['ros']
[1.177s] Level 1:colcon.colcon_core.package_identification:_identify(venv/lib/python3.10/site-packages/pip/_vendor/html5lib/_trie/__pycache__) by extension 'ros'
[1.177s] Level 1:colcon.colcon_core.package_identification:_identify(venv/lib/python3.10/site-packages/pip/_vendor/html5lib/_trie/__pycache__) by extensions ['cmake', 'python']
[1.177s] Level 1:colcon.colcon_core.package_identification:_identify(venv/lib/python3.10/site-packages/pip/_vendor/html5lib/_trie/__pycache__) by extension 'cmake'
[1.177s] Level 1:colcon.colcon_core.package_identification:_identify(venv/lib/python3.10/site-packages/pip/_vendor/html5lib/_trie/__pycache__) by extension 'python'
[1.177s] Level 1:colcon.colcon_core.package_identification:_identify(venv/lib/python3.10/site-packages/pip/_vendor/html5lib/_trie/__pycache__) by extensions ['python_setup_py']
[1.177s] Level 1:colcon.colcon_core.package_identification:_identify(venv/lib/python3.10/site-packages/pip/_vendor/html5lib/_trie/__pycache__) by extension 'python_setup_py'
[1.177s] Level 1:colcon.colcon_core.package_identification:_identify(venv/lib/python3.10/site-packages/pip/_vendor/html5lib/filters) by extensions ['ignore', 'ignore_ament_install']
[1.177s] Level 1:colcon.colcon_core.package_identification:_identify(venv/lib/python3.10/site-packages/pip/_vendor/html5lib/filters) by extension 'ignore'
[1.177s] Level 1:colcon.colcon_core.package_identification:_identify(venv/lib/python3.10/site-packages/pip/_vendor/html5lib/filters) by extension 'ignore_ament_install'
[1.177s] Level 1:colcon.colcon_core.package_identification:_identify(venv/lib/python3.10/site-packages/pip/_vendor/html5lib/filters) by extensions ['colcon_pkg']
[1.177s] Level 1:colcon.colcon_core.package_identification:_identify(venv/lib/python3.10/site-packages/pip/_vendor/html5lib/filters) by extension 'colcon_pkg'
[1.177s] Level 1:colcon.colcon_core.package_identification:_identify(venv/lib/python3.10/site-packages/pip/_vendor/html5lib/filters) by extensions ['colcon_meta']
[1.177s] Level 1:colcon.colcon_core.package_identification:_identify(venv/lib/python3.10/site-packages/pip/_vendor/html5lib/filters) by extension 'colcon_meta'
[1.178s] Level 1:colcon.colcon_core.package_identification:_identify(venv/lib/python3.10/site-packages/pip/_vendor/html5lib/filters) by extensions ['ros']
[1.178s] Level 1:colcon.colcon_core.package_identification:_identify(venv/lib/python3.10/site-packages/pip/_vendor/html5lib/filters) by extension 'ros'
[1.178s] Level 1:colcon.colcon_core.package_identification:_identify(venv/lib/python3.10/site-packages/pip/_vendor/html5lib/filters) by extensions ['cmake', 'python']
[1.178s] Level 1:colcon.colcon_core.package_identification:_identify(venv/lib/python3.10/site-packages/pip/_vendor/html5lib/filters) by extension 'cmake'
[1.178s] Level 1:colcon.colcon_core.package_identification:_identify(venv/lib/python3.10/site-packages/pip/_vendor/html5lib/filters) by extension 'python'
[1.178s] Level 1:colcon.colcon_core.package_identification:_identify(venv/lib/python3.10/site-packages/pip/_vendor/html5lib/filters) by extensions ['python_setup_py']
[1.178s] Level 1:colcon.colcon_core.package_identification:_identify(venv/lib/python3.10/site-packages/pip/_vendor/html5lib/filters) by extension 'python_setup_py'
[1.178s] Level 1:colcon.colcon_core.package_identification:_identify(venv/lib/python3.10/site-packages/pip/_vendor/html5lib/filters/__pycache__) by extensions ['ignore', 'ignore_ament_install']
[1.178s] Level 1:colcon.colcon_core.package_identification:_identify(venv/lib/python3.10/site-packages/pip/_vendor/html5lib/filters/__pycache__) by extension 'ignore'
[1.178s] Level 1:colcon.colcon_core.package_identification:_identify(venv/lib/python3.10/site-packages/pip/_vendor/html5lib/filters/__pycache__) by extension 'ignore_ament_install'
[1.178s] Level 1:colcon.colcon_core.package_identification:_identify(venv/lib/python3.10/site-packages/pip/_vendor/html5lib/filters/__pycache__) by extensions ['colcon_pkg']
[1.178s] Level 1:colcon.colcon_core.package_identification:_identify(venv/lib/python3.10/site-packages/pip/_vendor/html5lib/filters/__pycache__) by extension 'colcon_pkg'
[1.178s] Level 1:colcon.colcon_core.package_identification:_identify(venv/lib/python3.10/site-packages/pip/_vendor/html5lib/filters/__pycache__) by extensions ['colcon_meta']
[1.178s] Level 1:colcon.colcon_core.package_identification:_identify(venv/lib/python3.10/site-packages/pip/_vendor/html5lib/filters/__pycache__) by extension 'colcon_meta'
[1.178s] Level 1:colcon.colcon_core.package_identification:_identify(venv/lib/python3.10/site-packages/pip/_vendor/html5lib/filters/__pycache__) by extensions ['ros']
[1.178s] Level 1:colcon.colcon_core.package_identification:_identify(venv/lib/python3.10/site-packages/pip/_vendor/html5lib/filters/__pycache__) by extension 'ros'
[1.178s] Level 1:colcon.colcon_core.package_identification:_identify(venv/lib/python3.10/site-packages/pip/_vendor/html5lib/filters/__pycache__) by extensions ['cmake', 'python']
[1.178s] Level 1:colcon.colcon_core.package_identification:_identify(venv/lib/python3.10/site-packages/pip/_vendor/html5lib/filters/__pycache__) by extension 'cmake'
[1.178s] Level 1:colcon.colcon_core.package_identification:_identify(venv/lib/python3.10/site-packages/pip/_vendor/html5lib/filters/__pycache__) by extension 'python'
[1.178s] Level 1:colcon.colcon_core.package_identification:_identify(venv/lib/python3.10/site-packages/pip/_vendor/html5lib/filters/__pycache__) by extensions ['python_setup_py']
[1.178s] Level 1:colcon.colcon_core.package_identification:_identify(venv/lib/python3.10/site-packages/pip/_vendor/html5lib/filters/__pycache__) by extension 'python_setup_py'
[1.178s] Level 1:colcon.colcon_core.package_identification:_identify(venv/lib/python3.10/site-packages/pip/_vendor/html5lib/treeadapters) by extensions ['ignore', 'ignore_ament_install']
[1.178s] Level 1:colcon.colcon_core.package_identification:_identify(venv/lib/python3.10/site-packages/pip/_vendor/html5lib/treeadapters) by extension 'ignore'
[1.178s] Level 1:colcon.colcon_core.package_identification:_identify(venv/lib/python3.10/site-packages/pip/_vendor/html5lib/treeadapters) by extension 'ignore_ament_install'
[1.178s] Level 1:colcon.colcon_core.package_identification:_identify(venv/lib/python3.10/site-packages/pip/_vendor/html5lib/treeadapters) by extensions ['colcon_pkg']
[1.178s] Level 1:colcon.colcon_core.package_identification:_identify(venv/lib/python3.10/site-packages/pip/_vendor/html5lib/treeadapters) by extension 'colcon_pkg'
[1.178s] Level 1:colcon.colcon_core.package_identification:_identify(venv/lib/python3.10/site-packages/pip/_vendor/html5lib/treeadapters) by extensions ['colcon_meta']
[1.178s] Level 1:colcon.colcon_core.package_identification:_identify(venv/lib/python3.10/site-packages/pip/_vendor/html5lib/treeadapters) by extension 'colcon_meta'
[1.178s] Level 1:colcon.colcon_core.package_identification:_identify(venv/lib/python3.10/site-packages/pip/_vendor/html5lib/treeadapters) by extensions ['ros']
[1.178s] Level 1:colcon.colcon_core.package_identification:_identify(venv/lib/python3.10/site-packages/pip/_vendor/html5lib/treeadapters) by extension 'ros'
[1.178s] Level 1:colcon.colcon_core.package_identification:_identify(venv/lib/python3.10/site-packages/pip/_vendor/html5lib/treeadapters) by extensions ['cmake', 'python']
[1.178s] Level 1:colcon.colcon_core.package_identification:_identify(venv/lib/python3.10/site-packages/pip/_vendor/html5lib/treeadapters) by extension 'cmake'
[1.178s] Level 1:colcon.colcon_core.package_identification:_identify(venv/lib/python3.10/site-packages/pip/_vendor/html5lib/treeadapters) by extension 'python'
[1.178s] Level 1:colcon.colcon_core.package_identification:_identify(venv/lib/python3.10/site-packages/pip/_vendor/html5lib/treeadapters) by extensions ['python_setup_py']
[1.179s] Level 1:colcon.colcon_core.package_identification:_identify(venv/lib/python3.10/site-packages/pip/_vendor/html5lib/treeadapters) by extension 'python_setup_py'
[1.179s] Level 1:colcon.colcon_core.package_identification:_identify(venv/lib/python3.10/site-packages/pip/_vendor/html5lib/treeadapters/__pycache__) by extensions ['ignore', 'ignore_ament_install']
[1.179s] Level 1:colcon.colcon_core.package_identification:_identify(venv/lib/python3.10/site-packages/pip/_vendor/html5lib/treeadapters/__pycache__) by extension 'ignore'
[1.179s] Level 1:colcon.colcon_core.package_identification:_identify(venv/lib/python3.10/site-packages/pip/_vendor/html5lib/treeadapters/__pycache__) by extension 'ignore_ament_install'
[1.179s] Level 1:colcon.colcon_core.package_identification:_identify(venv/lib/python3.10/site-packages/pip/_vendor/html5lib/treeadapters/__pycache__) by extensions ['colcon_pkg']
[1.179s] Level 1:colcon.colcon_core.package_identification:_identify(venv/lib/python3.10/site-packages/pip/_vendor/html5lib/treeadapters/__pycache__) by extension 'colcon_pkg'
[1.179s] Level 1:colcon.colcon_core.package_identification:_identify(venv/lib/python3.10/site-packages/pip/_vendor/html5lib/treeadapters/__pycache__) by extensions ['colcon_meta']
[1.179s] Level 1:colcon.colcon_core.package_identification:_identify(venv/lib/python3.10/site-packages/pip/_vendor/html5lib/treeadapters/__pycache__) by extension 'colcon_meta'
[1.179s] Level 1:colcon.colcon_core.package_identification:_identify(venv/lib/python3.10/site-packages/pip/_vendor/html5lib/treeadapters/__pycache__) by extensions ['ros']
[1.179s] Level 1:colcon.colcon_core.package_identification:_identify(venv/lib/python3.10/site-packages/pip/_vendor/html5lib/treeadapters/__pycache__) by extension 'ros'
[1.179s] Level 1:colcon.colcon_core.package_identification:_identify(venv/lib/python3.10/site-packages/pip/_vendor/html5lib/treeadapters/__pycache__) by extensions ['cmake', 'python']
[1.179s] Level 1:colcon.colcon_core.package_identification:_identify(venv/lib/python3.10/site-packages/pip/_vendor/html5lib/treeadapters/__pycache__) by extension 'cmake'
[1.179s] Level 1:colcon.colcon_core.package_identification:_identify(venv/lib/python3.10/site-packages/pip/_vendor/html5lib/treeadapters/__pycache__) by extension 'python'
[1.179s] Level 1:colcon.colcon_core.package_identification:_identify(venv/lib/python3.10/site-packages/pip/_vendor/html5lib/treeadapters/__pycache__) by extensions ['python_setup_py']
[1.179s] Level 1:colcon.colcon_core.package_identification:_identify(venv/lib/python3.10/site-packages/pip/_vendor/html5lib/treeadapters/__pycache__) by extension 'python_setup_py'
[1.179s] Level 1:colcon.colcon_core.package_identification:_identify(venv/lib/python3.10/site-packages/pip/_vendor/html5lib/treebuilders) by extensions ['ignore', 'ignore_ament_install']
[1.179s] Level 1:colcon.colcon_core.package_identification:_identify(venv/lib/python3.10/site-packages/pip/_vendor/html5lib/treebuilders) by extension 'ignore'
[1.179s] Level 1:colcon.colcon_core.package_identification:_identify(venv/lib/python3.10/site-packages/pip/_vendor/html5lib/treebuilders) by extension 'ignore_ament_install'
[1.179s] Level 1:colcon.colcon_core.package_identification:_identify(venv/lib/python3.10/site-packages/pip/_vendor/html5lib/treebuilders) by extensions ['colcon_pkg']
[1.179s] Level 1:colcon.colcon_core.package_identification:_identify(venv/lib/python3.10/site-packages/pip/_vendor/html5lib/treebuilders) by extension 'colcon_pkg'
[1.179s] Level 1:colcon.colcon_core.package_identification:_identify(venv/lib/python3.10/site-packages/pip/_vendor/html5lib/treebuilders) by extensions ['colcon_meta']
[1.179s] Level 1:colcon.colcon_core.package_identification:_identify(venv/lib/python3.10/site-packages/pip/_vendor/html5lib/treebuilders) by extension 'colcon_meta'
[1.179s] Level 1:colcon.colcon_core.package_identification:_identify(venv/lib/python3.10/site-packages/pip/_vendor/html5lib/treebuilders) by extensions ['ros']
[1.179s] Level 1:colcon.colcon_core.package_identification:_identify(venv/lib/python3.10/site-packages/pip/_vendor/html5lib/treebuilders) by extension 'ros'
[1.179s] Level 1:colcon.colcon_core.package_identification:_identify(venv/lib/python3.10/site-packages/pip/_vendor/html5lib/treebuilders) by extensions ['cmake', 'python']
[1.179s] Level 1:colcon.colcon_core.package_identification:_identify(venv/lib/python3.10/site-packages/pip/_vendor/html5lib/treebuilders) by extension 'cmake'
[1.179s] Level 1:colcon.colcon_core.package_identification:_identify(venv/lib/python3.10/site-packages/pip/_vendor/html5lib/treebuilders) by extension 'python'
[1.179s] Level 1:colcon.colcon_core.package_identification:_identify(venv/lib/python3.10/site-packages/pip/_vendor/html5lib/treebuilders) by extensions ['python_setup_py']
[1.179s] Level 1:colcon.colcon_core.package_identification:_identify(venv/lib/python3.10/site-packages/pip/_vendor/html5lib/treebuilders) by extension 'python_setup_py'
[1.179s] Level 1:colcon.colcon_core.package_identification:_identify(venv/lib/python3.10/site-packages/pip/_vendor/html5lib/treebuilders/__pycache__) by extensions ['ignore', 'ignore_ament_install']
[1.179s] Level 1:colcon.colcon_core.package_identification:_identify(venv/lib/python3.10/site-packages/pip/_vendor/html5lib/treebuilders/__pycache__) by extension 'ignore'
[1.180s] Level 1:colcon.colcon_core.package_identification:_identify(venv/lib/python3.10/site-packages/pip/_vendor/html5lib/treebuilders/__pycache__) by extension 'ignore_ament_install'
[1.180s] Level 1:colcon.colcon_core.package_identification:_identify(venv/lib/python3.10/site-packages/pip/_vendor/html5lib/treebuilders/__pycache__) by extensions ['colcon_pkg']
[1.180s] Level 1:colcon.colcon_core.package_identification:_identify(venv/lib/python3.10/site-packages/pip/_vendor/html5lib/treebuilders/__pycache__) by extension 'colcon_pkg'
[1.180s] Level 1:colcon.colcon_core.package_identification:_identify(venv/lib/python3.10/site-packages/pip/_vendor/html5lib/treebuilders/__pycache__) by extensions ['colcon_meta']
[1.180s] Level 1:colcon.colcon_core.package_identification:_identify(venv/lib/python3.10/site-packages/pip/_vendor/html5lib/treebuilders/__pycache__) by extension 'colcon_meta'
[1.180s] Level 1:colcon.colcon_core.package_identification:_identify(venv/lib/python3.10/site-packages/pip/_vendor/html5lib/treebuilders/__pycache__) by extensions ['ros']
[1.180s] Level 1:colcon.colcon_core.package_identification:_identify(venv/lib/python3.10/site-packages/pip/_vendor/html5lib/treebuilders/__pycache__) by extension 'ros'
[1.180s] Level 1:colcon.colcon_core.package_identification:_identify(venv/lib/python3.10/site-packages/pip/_vendor/html5lib/treebuilders/__pycache__) by extensions ['cmake', 'python']
[1.180s] Level 1:colcon.colcon_core.package_identification:_identify(venv/lib/python3.10/site-packages/pip/_vendor/html5lib/treebuilders/__pycache__) by extension 'cmake'
[1.180s] Level 1:colcon.colcon_core.package_identification:_identify(venv/lib/python3.10/site-packages/pip/_vendor/html5lib/treebuilders/__pycache__) by extension 'python'
[1.180s] Level 1:colcon.colcon_core.package_identification:_identify(venv/lib/python3.10/site-packages/pip/_vendor/html5lib/treebuilders/__pycache__) by extensions ['python_setup_py']
[1.180s] Level 1:colcon.colcon_core.package_identification:_identify(venv/lib/python3.10/site-packages/pip/_vendor/html5lib/treebuilders/__pycache__) by extension 'python_setup_py'
[1.180s] Level 1:colcon.colcon_core.package_identification:_identify(venv/lib/python3.10/site-packages/pip/_vendor/html5lib/treewalkers) by extensions ['ignore', 'ignore_ament_install']
[1.180s] Level 1:colcon.colcon_core.package_identification:_identify(venv/lib/python3.10/site-packages/pip/_vendor/html5lib/treewalkers) by extension 'ignore'
[1.180s] Level 1:colcon.colcon_core.package_identification:_identify(venv/lib/python3.10/site-packages/pip/_vendor/html5lib/treewalkers) by extension 'ignore_ament_install'
[1.180s] Level 1:colcon.colcon_core.package_identification:_identify(venv/lib/python3.10/site-packages/pip/_vendor/html5lib/treewalkers) by extensions ['colcon_pkg']
[1.180s] Level 1:colcon.colcon_core.package_identification:_identify(venv/lib/python3.10/site-packages/pip/_vendor/html5lib/treewalkers) by extension 'colcon_pkg'
[1.180s] Level 1:colcon.colcon_core.package_identification:_identify(venv/lib/python3.10/site-packages/pip/_vendor/html5lib/treewalkers) by extensions ['colcon_meta']
[1.180s] Level 1:colcon.colcon_core.package_identification:_identify(venv/lib/python3.10/site-packages/pip/_vendor/html5lib/treewalkers) by extension 'colcon_meta'
[1.180s] Level 1:colcon.colcon_core.package_identification:_identify(venv/lib/python3.10/site-packages/pip/_vendor/html5lib/treewalkers) by extensions ['ros']
[1.180s] Level 1:colcon.colcon_core.package_identification:_identify(venv/lib/python3.10/site-packages/pip/_vendor/html5lib/treewalkers) by extension 'ros'
[1.180s] Level 1:colcon.colcon_core.package_identification:_identify(venv/lib/python3.10/site-packages/pip/_vendor/html5lib/treewalkers) by extensions ['cmake', 'python']
[1.180s] Level 1:colcon.colcon_core.package_identification:_identify(venv/lib/python3.10/site-packages/pip/_vendor/html5lib/treewalkers) by extension 'cmake'
[1.180s] Level 1:colcon.colcon_core.package_identification:_identify(venv/lib/python3.10/site-packages/pip/_vendor/html5lib/treewalkers) by extension 'python'
[1.180s] Level 1:colcon.colcon_core.package_identification:_identify(venv/lib/python3.10/site-packages/pip/_vendor/html5lib/treewalkers) by extensions ['python_setup_py']
[1.180s] Level 1:colcon.colcon_core.package_identification:_identify(venv/lib/python3.10/site-packages/pip/_vendor/html5lib/treewalkers) by extension 'python_setup_py'
[1.180s] Level 1:colcon.colcon_core.package_identification:_identify(venv/lib/python3.10/site-packages/pip/_vendor/html5lib/treewalkers/__pycache__) by extensions ['ignore', 'ignore_ament_install']
[1.180s] Level 1:colcon.colcon_core.package_identification:_identify(venv/lib/python3.10/site-packages/pip/_vendor/html5lib/treewalkers/__pycache__) by extension 'ignore'
[1.180s] Level 1:colcon.colcon_core.package_identification:_identify(venv/lib/python3.10/site-packages/pip/_vendor/html5lib/treewalkers/__pycache__) by extension 'ignore_ament_install'
[1.180s] Level 1:colcon.colcon_core.package_identification:_identify(venv/lib/python3.10/site-packages/pip/_vendor/html5lib/treewalkers/__pycache__) by extensions ['colcon_pkg']
[1.180s] Level 1:colcon.colcon_core.package_identification:_identify(venv/lib/python3.10/site-packages/pip/_vendor/html5lib/treewalkers/__pycache__) by extension 'colcon_pkg'
[1.180s] Level 1:colcon.colcon_core.package_identification:_identify(venv/lib/python3.10/site-packages/pip/_vendor/html5lib/treewalkers/__pycache__) by extensions ['colcon_meta']
[1.180s] Level 1:colcon.colcon_core.package_identification:_identify(venv/lib/python3.10/site-packages/pip/_vendor/html5lib/treewalkers/__pycache__) by extension 'colcon_meta'
[1.181s] Level 1:colcon.colcon_core.package_identification:_identify(venv/lib/python3.10/site-packages/pip/_vendor/html5lib/treewalkers/__pycache__) by extensions ['ros']
[1.181s] Level 1:colcon.colcon_core.package_identification:_identify(venv/lib/python3.10/site-packages/pip/_vendor/html5lib/treewalkers/__pycache__) by extension 'ros'
[1.181s] Level 1:colcon.colcon_core.package_identification:_identify(venv/lib/python3.10/site-packages/pip/_vendor/html5lib/treewalkers/__pycache__) by extensions ['cmake', 'python']
[1.181s] Level 1:colcon.colcon_core.package_identification:_identify(venv/lib/python3.10/site-packages/pip/_vendor/html5lib/treewalkers/__pycache__) by extension 'cmake'
[1.181s] Level 1:colcon.colcon_core.package_identification:_identify(venv/lib/python3.10/site-packages/pip/_vendor/html5lib/treewalkers/__pycache__) by extension 'python'
[1.181s] Level 1:colcon.colcon_core.package_identification:_identify(venv/lib/python3.10/site-packages/pip/_vendor/html5lib/treewalkers/__pycache__) by extensions ['python_setup_py']
[1.181s] Level 1:colcon.colcon_core.package_identification:_identify(venv/lib/python3.10/site-packages/pip/_vendor/html5lib/treewalkers/__pycache__) by extension 'python_setup_py'
[1.181s] Level 1:colcon.colcon_core.package_identification:_identify(venv/lib/python3.10/site-packages/pip/_vendor/idna) by extensions ['ignore', 'ignore_ament_install']
[1.181s] Level 1:colcon.colcon_core.package_identification:_identify(venv/lib/python3.10/site-packages/pip/_vendor/idna) by extension 'ignore'
[1.181s] Level 1:colcon.colcon_core.package_identification:_identify(venv/lib/python3.10/site-packages/pip/_vendor/idna) by extension 'ignore_ament_install'
[1.181s] Level 1:colcon.colcon_core.package_identification:_identify(venv/lib/python3.10/site-packages/pip/_vendor/idna) by extensions ['colcon_pkg']
[1.181s] Level 1:colcon.colcon_core.package_identification:_identify(venv/lib/python3.10/site-packages/pip/_vendor/idna) by extension 'colcon_pkg'
[1.181s] Level 1:colcon.colcon_core.package_identification:_identify(venv/lib/python3.10/site-packages/pip/_vendor/idna) by extensions ['colcon_meta']
[1.181s] Level 1:colcon.colcon_core.package_identification:_identify(venv/lib/python3.10/site-packages/pip/_vendor/idna) by extension 'colcon_meta'
[1.181s] Level 1:colcon.colcon_core.package_identification:_identify(venv/lib/python3.10/site-packages/pip/_vendor/idna) by extensions ['ros']
[1.181s] Level 1:colcon.colcon_core.package_identification:_identify(venv/lib/python3.10/site-packages/pip/_vendor/idna) by extension 'ros'
[1.181s] Level 1:colcon.colcon_core.package_identification:_identify(venv/lib/python3.10/site-packages/pip/_vendor/idna) by extensions ['cmake', 'python']
[1.181s] Level 1:colcon.colcon_core.package_identification:_identify(venv/lib/python3.10/site-packages/pip/_vendor/idna) by extension 'cmake'
[1.181s] Level 1:colcon.colcon_core.package_identification:_identify(venv/lib/python3.10/site-packages/pip/_vendor/idna) by extension 'python'
[1.181s] Level 1:colcon.colcon_core.package_identification:_identify(venv/lib/python3.10/site-packages/pip/_vendor/idna) by extensions ['python_setup_py']
[1.181s] Level 1:colcon.colcon_core.package_identification:_identify(venv/lib/python3.10/site-packages/pip/_vendor/idna) by extension 'python_setup_py'
[1.181s] Level 1:colcon.colcon_core.package_identification:_identify(venv/lib/python3.10/site-packages/pip/_vendor/idna/__pycache__) by extensions ['ignore', 'ignore_ament_install']
[1.181s] Level 1:colcon.colcon_core.package_identification:_identify(venv/lib/python3.10/site-packages/pip/_vendor/idna/__pycache__) by extension 'ignore'
[1.181s] Level 1:colcon.colcon_core.package_identification:_identify(venv/lib/python3.10/site-packages/pip/_vendor/idna/__pycache__) by extension 'ignore_ament_install'
[1.181s] Level 1:colcon.colcon_core.package_identification:_identify(venv/lib/python3.10/site-packages/pip/_vendor/idna/__pycache__) by extensions ['colcon_pkg']
[1.181s] Level 1:colcon.colcon_core.package_identification:_identify(venv/lib/python3.10/site-packages/pip/_vendor/idna/__pycache__) by extension 'colcon_pkg'
[1.181s] Level 1:colcon.colcon_core.package_identification:_identify(venv/lib/python3.10/site-packages/pip/_vendor/idna/__pycache__) by extensions ['colcon_meta']
[1.181s] Level 1:colcon.colcon_core.package_identification:_identify(venv/lib/python3.10/site-packages/pip/_vendor/idna/__pycache__) by extension 'colcon_meta'
[1.181s] Level 1:colcon.colcon_core.package_identification:_identify(venv/lib/python3.10/site-packages/pip/_vendor/idna/__pycache__) by extensions ['ros']
[1.181s] Level 1:colcon.colcon_core.package_identification:_identify(venv/lib/python3.10/site-packages/pip/_vendor/idna/__pycache__) by extension 'ros'
[1.181s] Level 1:colcon.colcon_core.package_identification:_identify(venv/lib/python3.10/site-packages/pip/_vendor/idna/__pycache__) by extensions ['cmake', 'python']
[1.181s] Level 1:colcon.colcon_core.package_identification:_identify(venv/lib/python3.10/site-packages/pip/_vendor/idna/__pycache__) by extension 'cmake'
[1.181s] Level 1:colcon.colcon_core.package_identification:_identify(venv/lib/python3.10/site-packages/pip/_vendor/idna/__pycache__) by extension 'python'
[1.181s] Level 1:colcon.colcon_core.package_identification:_identify(venv/lib/python3.10/site-packages/pip/_vendor/idna/__pycache__) by extensions ['python_setup_py']
[1.182s] Level 1:colcon.colcon_core.package_identification:_identify(venv/lib/python3.10/site-packages/pip/_vendor/idna/__pycache__) by extension 'python_setup_py'
[1.182s] Level 1:colcon.colcon_core.package_identification:_identify(venv/lib/python3.10/site-packages/pip/_vendor/msgpack) by extensions ['ignore', 'ignore_ament_install']
[1.182s] Level 1:colcon.colcon_core.package_identification:_identify(venv/lib/python3.10/site-packages/pip/_vendor/msgpack) by extension 'ignore'
[1.182s] Level 1:colcon.colcon_core.package_identification:_identify(venv/lib/python3.10/site-packages/pip/_vendor/msgpack) by extension 'ignore_ament_install'
[1.182s] Level 1:colcon.colcon_core.package_identification:_identify(venv/lib/python3.10/site-packages/pip/_vendor/msgpack) by extensions ['colcon_pkg']
[1.182s] Level 1:colcon.colcon_core.package_identification:_identify(venv/lib/python3.10/site-packages/pip/_vendor/msgpack) by extension 'colcon_pkg'
[1.182s] Level 1:colcon.colcon_core.package_identification:_identify(venv/lib/python3.10/site-packages/pip/_vendor/msgpack) by extensions ['colcon_meta']
[1.182s] Level 1:colcon.colcon_core.package_identification:_identify(venv/lib/python3.10/site-packages/pip/_vendor/msgpack) by extension 'colcon_meta'
[1.182s] Level 1:colcon.colcon_core.package_identification:_identify(venv/lib/python3.10/site-packages/pip/_vendor/msgpack) by extensions ['ros']
[1.182s] Level 1:colcon.colcon_core.package_identification:_identify(venv/lib/python3.10/site-packages/pip/_vendor/msgpack) by extension 'ros'
[1.182s] Level 1:colcon.colcon_core.package_identification:_identify(venv/lib/python3.10/site-packages/pip/_vendor/msgpack) by extensions ['cmake', 'python']
[1.182s] Level 1:colcon.colcon_core.package_identification:_identify(venv/lib/python3.10/site-packages/pip/_vendor/msgpack) by extension 'cmake'
[1.182s] Level 1:colcon.colcon_core.package_identification:_identify(venv/lib/python3.10/site-packages/pip/_vendor/msgpack) by extension 'python'
[1.182s] Level 1:colcon.colcon_core.package_identification:_identify(venv/lib/python3.10/site-packages/pip/_vendor/msgpack) by extensions ['python_setup_py']
[1.182s] Level 1:colcon.colcon_core.package_identification:_identify(venv/lib/python3.10/site-packages/pip/_vendor/msgpack) by extension 'python_setup_py'
[1.182s] Level 1:colcon.colcon_core.package_identification:_identify(venv/lib/python3.10/site-packages/pip/_vendor/msgpack/__pycache__) by extensions ['ignore', 'ignore_ament_install']
[1.182s] Level 1:colcon.colcon_core.package_identification:_identify(venv/lib/python3.10/site-packages/pip/_vendor/msgpack/__pycache__) by extension 'ignore'
[1.182s] Level 1:colcon.colcon_core.package_identification:_identify(venv/lib/python3.10/site-packages/pip/_vendor/msgpack/__pycache__) by extension 'ignore_ament_install'
[1.182s] Level 1:colcon.colcon_core.package_identification:_identify(venv/lib/python3.10/site-packages/pip/_vendor/msgpack/__pycache__) by extensions ['colcon_pkg']
[1.182s] Level 1:colcon.colcon_core.package_identification:_identify(venv/lib/python3.10/site-packages/pip/_vendor/msgpack/__pycache__) by extension 'colcon_pkg'
[1.182s] Level 1:colcon.colcon_core.package_identification:_identify(venv/lib/python3.10/site-packages/pip/_vendor/msgpack/__pycache__) by extensions ['colcon_meta']
[1.182s] Level 1:colcon.colcon_core.package_identification:_identify(venv/lib/python3.10/site-packages/pip/_vendor/msgpack/__pycache__) by extension 'colcon_meta'
[1.182s] Level 1:colcon.colcon_core.package_identification:_identify(venv/lib/python3.10/site-packages/pip/_vendor/msgpack/__pycache__) by extensions ['ros']
[1.182s] Level 1:colcon.colcon_core.package_identification:_identify(venv/lib/python3.10/site-packages/pip/_vendor/msgpack/__pycache__) by extension 'ros'
[1.182s] Level 1:colcon.colcon_core.package_identification:_identify(venv/lib/python3.10/site-packages/pip/_vendor/msgpack/__pycache__) by extensions ['cmake', 'python']
[1.182s] Level 1:colcon.colcon_core.package_identification:_identify(venv/lib/python3.10/site-packages/pip/_vendor/msgpack/__pycache__) by extension 'cmake'
[1.182s] Level 1:colcon.colcon_core.package_identification:_identify(venv/lib/python3.10/site-packages/pip/_vendor/msgpack/__pycache__) by extension 'python'
[1.182s] Level 1:colcon.colcon_core.package_identification:_identify(venv/lib/python3.10/site-packages/pip/_vendor/msgpack/__pycache__) by extensions ['python_setup_py']
[1.182s] Level 1:colcon.colcon_core.package_identification:_identify(venv/lib/python3.10/site-packages/pip/_vendor/msgpack/__pycache__) by extension 'python_setup_py'
[1.182s] Level 1:colcon.colcon_core.package_identification:_identify(venv/lib/python3.10/site-packages/pip/_vendor/packaging) by extensions ['ignore', 'ignore_ament_install']
[1.182s] Level 1:colcon.colcon_core.package_identification:_identify(venv/lib/python3.10/site-packages/pip/_vendor/packaging) by extension 'ignore'
[1.182s] Level 1:colcon.colcon_core.package_identification:_identify(venv/lib/python3.10/site-packages/pip/_vendor/packaging) by extension 'ignore_ament_install'
[1.183s] Level 1:colcon.colcon_core.package_identification:_identify(venv/lib/python3.10/site-packages/pip/_vendor/packaging) by extensions ['colcon_pkg']
[1.183s] Level 1:colcon.colcon_core.package_identification:_identify(venv/lib/python3.10/site-packages/pip/_vendor/packaging) by extension 'colcon_pkg'
[1.183s] Level 1:colcon.colcon_core.package_identification:_identify(venv/lib/python3.10/site-packages/pip/_vendor/packaging) by extensions ['colcon_meta']
[1.183s] Level 1:colcon.colcon_core.package_identification:_identify(venv/lib/python3.10/site-packages/pip/_vendor/packaging) by extension 'colcon_meta'
[1.183s] Level 1:colcon.colcon_core.package_identification:_identify(venv/lib/python3.10/site-packages/pip/_vendor/packaging) by extensions ['ros']
[1.183s] Level 1:colcon.colcon_core.package_identification:_identify(venv/lib/python3.10/site-packages/pip/_vendor/packaging) by extension 'ros'
[1.183s] Level 1:colcon.colcon_core.package_identification:_identify(venv/lib/python3.10/site-packages/pip/_vendor/packaging) by extensions ['cmake', 'python']
[1.183s] Level 1:colcon.colcon_core.package_identification:_identify(venv/lib/python3.10/site-packages/pip/_vendor/packaging) by extension 'cmake'
[1.183s] Level 1:colcon.colcon_core.package_identification:_identify(venv/lib/python3.10/site-packages/pip/_vendor/packaging) by extension 'python'
[1.183s] Level 1:colcon.colcon_core.package_identification:_identify(venv/lib/python3.10/site-packages/pip/_vendor/packaging) by extensions ['python_setup_py']
[1.183s] Level 1:colcon.colcon_core.package_identification:_identify(venv/lib/python3.10/site-packages/pip/_vendor/packaging) by extension 'python_setup_py'
[1.183s] Level 1:colcon.colcon_core.package_identification:_identify(venv/lib/python3.10/site-packages/pip/_vendor/packaging/__pycache__) by extensions ['ignore', 'ignore_ament_install']
[1.183s] Level 1:colcon.colcon_core.package_identification:_identify(venv/lib/python3.10/site-packages/pip/_vendor/packaging/__pycache__) by extension 'ignore'
[1.183s] Level 1:colcon.colcon_core.package_identification:_identify(venv/lib/python3.10/site-packages/pip/_vendor/packaging/__pycache__) by extension 'ignore_ament_install'
[1.183s] Level 1:colcon.colcon_core.package_identification:_identify(venv/lib/python3.10/site-packages/pip/_vendor/packaging/__pycache__) by extensions ['colcon_pkg']
[1.183s] Level 1:colcon.colcon_core.package_identification:_identify(venv/lib/python3.10/site-packages/pip/_vendor/packaging/__pycache__) by extension 'colcon_pkg'
[1.183s] Level 1:colcon.colcon_core.package_identification:_identify(venv/lib/python3.10/site-packages/pip/_vendor/packaging/__pycache__) by extensions ['colcon_meta']
[1.183s] Level 1:colcon.colcon_core.package_identification:_identify(venv/lib/python3.10/site-packages/pip/_vendor/packaging/__pycache__) by extension 'colcon_meta'
[1.183s] Level 1:colcon.colcon_core.package_identification:_identify(venv/lib/python3.10/site-packages/pip/_vendor/packaging/__pycache__) by extensions ['ros']
[1.183s] Level 1:colcon.colcon_core.package_identification:_identify(venv/lib/python3.10/site-packages/pip/_vendor/packaging/__pycache__) by extension 'ros'
[1.183s] Level 1:colcon.colcon_core.package_identification:_identify(venv/lib/python3.10/site-packages/pip/_vendor/packaging/__pycache__) by extensions ['cmake', 'python']
[1.183s] Level 1:colcon.colcon_core.package_identification:_identify(venv/lib/python3.10/site-packages/pip/_vendor/packaging/__pycache__) by extension 'cmake'
[1.183s] Level 1:colcon.colcon_core.package_identification:_identify(venv/lib/python3.10/site-packages/pip/_vendor/packaging/__pycache__) by extension 'python'
[1.183s] Level 1:colcon.colcon_core.package_identification:_identify(venv/lib/python3.10/site-packages/pip/_vendor/packaging/__pycache__) by extensions ['python_setup_py']
[1.183s] Level 1:colcon.colcon_core.package_identification:_identify(venv/lib/python3.10/site-packages/pip/_vendor/packaging/__pycache__) by extension 'python_setup_py'
[1.183s] Level 1:colcon.colcon_core.package_identification:_identify(venv/lib/python3.10/site-packages/pip/_vendor/pep517) by extensions ['ignore', 'ignore_ament_install']
[1.183s] Level 1:colcon.colcon_core.package_identification:_identify(venv/lib/python3.10/site-packages/pip/_vendor/pep517) by extension 'ignore'
[1.183s] Level 1:colcon.colcon_core.package_identification:_identify(venv/lib/python3.10/site-packages/pip/_vendor/pep517) by extension 'ignore_ament_install'
[1.183s] Level 1:colcon.colcon_core.package_identification:_identify(venv/lib/python3.10/site-packages/pip/_vendor/pep517) by extensions ['colcon_pkg']
[1.183s] Level 1:colcon.colcon_core.package_identification:_identify(venv/lib/python3.10/site-packages/pip/_vendor/pep517) by extension 'colcon_pkg'
[1.183s] Level 1:colcon.colcon_core.package_identification:_identify(venv/lib/python3.10/site-packages/pip/_vendor/pep517) by extensions ['colcon_meta']
[1.183s] Level 1:colcon.colcon_core.package_identification:_identify(venv/lib/python3.10/site-packages/pip/_vendor/pep517) by extension 'colcon_meta'
[1.183s] Level 1:colcon.colcon_core.package_identification:_identify(venv/lib/python3.10/site-packages/pip/_vendor/pep517) by extensions ['ros']
[1.183s] Level 1:colcon.colcon_core.package_identification:_identify(venv/lib/python3.10/site-packages/pip/_vendor/pep517) by extension 'ros'
[1.184s] Level 1:colcon.colcon_core.package_identification:_identify(venv/lib/python3.10/site-packages/pip/_vendor/pep517) by extensions ['cmake', 'python']
[1.184s] Level 1:colcon.colcon_core.package_identification:_identify(venv/lib/python3.10/site-packages/pip/_vendor/pep517) by extension 'cmake'
[1.184s] Level 1:colcon.colcon_core.package_identification:_identify(venv/lib/python3.10/site-packages/pip/_vendor/pep517) by extension 'python'
[1.184s] Level 1:colcon.colcon_core.package_identification:_identify(venv/lib/python3.10/site-packages/pip/_vendor/pep517) by extensions ['python_setup_py']
[1.184s] Level 1:colcon.colcon_core.package_identification:_identify(venv/lib/python3.10/site-packages/pip/_vendor/pep517) by extension 'python_setup_py'
[1.184s] Level 1:colcon.colcon_core.package_identification:_identify(venv/lib/python3.10/site-packages/pip/_vendor/pep517/__pycache__) by extensions ['ignore', 'ignore_ament_install']
[1.184s] Level 1:colcon.colcon_core.package_identification:_identify(venv/lib/python3.10/site-packages/pip/_vendor/pep517/__pycache__) by extension 'ignore'
[1.184s] Level 1:colcon.colcon_core.package_identification:_identify(venv/lib/python3.10/site-packages/pip/_vendor/pep517/__pycache__) by extension 'ignore_ament_install'
[1.184s] Level 1:colcon.colcon_core.package_identification:_identify(venv/lib/python3.10/site-packages/pip/_vendor/pep517/__pycache__) by extensions ['colcon_pkg']
[1.184s] Level 1:colcon.colcon_core.package_identification:_identify(venv/lib/python3.10/site-packages/pip/_vendor/pep517/__pycache__) by extension 'colcon_pkg'
[1.184s] Level 1:colcon.colcon_core.package_identification:_identify(venv/lib/python3.10/site-packages/pip/_vendor/pep517/__pycache__) by extensions ['colcon_meta']
[1.184s] Level 1:colcon.colcon_core.package_identification:_identify(venv/lib/python3.10/site-packages/pip/_vendor/pep517/__pycache__) by extension 'colcon_meta'
[1.184s] Level 1:colcon.colcon_core.package_identification:_identify(venv/lib/python3.10/site-packages/pip/_vendor/pep517/__pycache__) by extensions ['ros']
[1.184s] Level 1:colcon.colcon_core.package_identification:_identify(venv/lib/python3.10/site-packages/pip/_vendor/pep517/__pycache__) by extension 'ros'
[1.184s] Level 1:colcon.colcon_core.package_identification:_identify(venv/lib/python3.10/site-packages/pip/_vendor/pep517/__pycache__) by extensions ['cmake', 'python']
[1.184s] Level 1:colcon.colcon_core.package_identification:_identify(venv/lib/python3.10/site-packages/pip/_vendor/pep517/__pycache__) by extension 'cmake'
[1.184s] Level 1:colcon.colcon_core.package_identification:_identify(venv/lib/python3.10/site-packages/pip/_vendor/pep517/__pycache__) by extension 'python'
[1.184s] Level 1:colcon.colcon_core.package_identification:_identify(venv/lib/python3.10/site-packages/pip/_vendor/pep517/__pycache__) by extensions ['python_setup_py']
[1.184s] Level 1:colcon.colcon_core.package_identification:_identify(venv/lib/python3.10/site-packages/pip/_vendor/pep517/__pycache__) by extension 'python_setup_py'
[1.184s] Level 1:colcon.colcon_core.package_identification:_identify(venv/lib/python3.10/site-packages/pip/_vendor/pep517/in_process) by extensions ['ignore', 'ignore_ament_install']
[1.184s] Level 1:colcon.colcon_core.package_identification:_identify(venv/lib/python3.10/site-packages/pip/_vendor/pep517/in_process) by extension 'ignore'
[1.184s] Level 1:colcon.colcon_core.package_identification:_identify(venv/lib/python3.10/site-packages/pip/_vendor/pep517/in_process) by extension 'ignore_ament_install'
[1.184s] Level 1:colcon.colcon_core.package_identification:_identify(venv/lib/python3.10/site-packages/pip/_vendor/pep517/in_process) by extensions ['colcon_pkg']
[1.184s] Level 1:colcon.colcon_core.package_identification:_identify(venv/lib/python3.10/site-packages/pip/_vendor/pep517/in_process) by extension 'colcon_pkg'
[1.184s] Level 1:colcon.colcon_core.package_identification:_identify(venv/lib/python3.10/site-packages/pip/_vendor/pep517/in_process) by extensions ['colcon_meta']
[1.184s] Level 1:colcon.colcon_core.package_identification:_identify(venv/lib/python3.10/site-packages/pip/_vendor/pep517/in_process) by extension 'colcon_meta'
[1.184s] Level 1:colcon.colcon_core.package_identification:_identify(venv/lib/python3.10/site-packages/pip/_vendor/pep517/in_process) by extensions ['ros']
[1.184s] Level 1:colcon.colcon_core.package_identification:_identify(venv/lib/python3.10/site-packages/pip/_vendor/pep517/in_process) by extension 'ros'
[1.184s] Level 1:colcon.colcon_core.package_identification:_identify(venv/lib/python3.10/site-packages/pip/_vendor/pep517/in_process) by extensions ['cmake', 'python']
[1.184s] Level 1:colcon.colcon_core.package_identification:_identify(venv/lib/python3.10/site-packages/pip/_vendor/pep517/in_process) by extension 'cmake'
[1.184s] Level 1:colcon.colcon_core.package_identification:_identify(venv/lib/python3.10/site-packages/pip/_vendor/pep517/in_process) by extension 'python'
[1.184s] Level 1:colcon.colcon_core.package_identification:_identify(venv/lib/python3.10/site-packages/pip/_vendor/pep517/in_process) by extensions ['python_setup_py']
[1.184s] Level 1:colcon.colcon_core.package_identification:_identify(venv/lib/python3.10/site-packages/pip/_vendor/pep517/in_process) by extension 'python_setup_py'
[1.185s] Level 1:colcon.colcon_core.package_identification:_identify(venv/lib/python3.10/site-packages/pip/_vendor/pep517/in_process/__pycache__) by extensions ['ignore', 'ignore_ament_install']
[1.185s] Level 1:colcon.colcon_core.package_identification:_identify(venv/lib/python3.10/site-packages/pip/_vendor/pep517/in_process/__pycache__) by extension 'ignore'
[1.185s] Level 1:colcon.colcon_core.package_identification:_identify(venv/lib/python3.10/site-packages/pip/_vendor/pep517/in_process/__pycache__) by extension 'ignore_ament_install'
[1.185s] Level 1:colcon.colcon_core.package_identification:_identify(venv/lib/python3.10/site-packages/pip/_vendor/pep517/in_process/__pycache__) by extensions ['colcon_pkg']
[1.185s] Level 1:colcon.colcon_core.package_identification:_identify(venv/lib/python3.10/site-packages/pip/_vendor/pep517/in_process/__pycache__) by extension 'colcon_pkg'
[1.185s] Level 1:colcon.colcon_core.package_identification:_identify(venv/lib/python3.10/site-packages/pip/_vendor/pep517/in_process/__pycache__) by extensions ['colcon_meta']
[1.185s] Level 1:colcon.colcon_core.package_identification:_identify(venv/lib/python3.10/site-packages/pip/_vendor/pep517/in_process/__pycache__) by extension 'colcon_meta'
[1.185s] Level 1:colcon.colcon_core.package_identification:_identify(venv/lib/python3.10/site-packages/pip/_vendor/pep517/in_process/__pycache__) by extensions ['ros']
[1.185s] Level 1:colcon.colcon_core.package_identification:_identify(venv/lib/python3.10/site-packages/pip/_vendor/pep517/in_process/__pycache__) by extension 'ros'
[1.185s] Level 1:colcon.colcon_core.package_identification:_identify(venv/lib/python3.10/site-packages/pip/_vendor/pep517/in_process/__pycache__) by extensions ['cmake', 'python']
[1.185s] Level 1:colcon.colcon_core.package_identification:_identify(venv/lib/python3.10/site-packages/pip/_vendor/pep517/in_process/__pycache__) by extension 'cmake'
[1.185s] Level 1:colcon.colcon_core.package_identification:_identify(venv/lib/python3.10/site-packages/pip/_vendor/pep517/in_process/__pycache__) by extension 'python'
[1.185s] Level 1:colcon.colcon_core.package_identification:_identify(venv/lib/python3.10/site-packages/pip/_vendor/pep517/in_process/__pycache__) by extensions ['python_setup_py']
[1.185s] Level 1:colcon.colcon_core.package_identification:_identify(venv/lib/python3.10/site-packages/pip/_vendor/pep517/in_process/__pycache__) by extension 'python_setup_py'
[1.185s] Level 1:colcon.colcon_core.package_identification:_identify(venv/lib/python3.10/site-packages/pip/_vendor/pkg_resources) by extensions ['ignore', 'ignore_ament_install']
[1.185s] Level 1:colcon.colcon_core.package_identification:_identify(venv/lib/python3.10/site-packages/pip/_vendor/pkg_resources) by extension 'ignore'
[1.185s] Level 1:colcon.colcon_core.package_identification:_identify(venv/lib/python3.10/site-packages/pip/_vendor/pkg_resources) by extension 'ignore_ament_install'
[1.185s] Level 1:colcon.colcon_core.package_identification:_identify(venv/lib/python3.10/site-packages/pip/_vendor/pkg_resources) by extensions ['colcon_pkg']
[1.185s] Level 1:colcon.colcon_core.package_identification:_identify(venv/lib/python3.10/site-packages/pip/_vendor/pkg_resources) by extension 'colcon_pkg'
[1.185s] Level 1:colcon.colcon_core.package_identification:_identify(venv/lib/python3.10/site-packages/pip/_vendor/pkg_resources) by extensions ['colcon_meta']
[1.185s] Level 1:colcon.colcon_core.package_identification:_identify(venv/lib/python3.10/site-packages/pip/_vendor/pkg_resources) by extension 'colcon_meta'
[1.185s] Level 1:colcon.colcon_core.package_identification:_identify(venv/lib/python3.10/site-packages/pip/_vendor/pkg_resources) by extensions ['ros']
[1.185s] Level 1:colcon.colcon_core.package_identification:_identify(venv/lib/python3.10/site-packages/pip/_vendor/pkg_resources) by extension 'ros'
[1.185s] Level 1:colcon.colcon_core.package_identification:_identify(venv/lib/python3.10/site-packages/pip/_vendor/pkg_resources) by extensions ['cmake', 'python']
[1.185s] Level 1:colcon.colcon_core.package_identification:_identify(venv/lib/python3.10/site-packages/pip/_vendor/pkg_resources) by extension 'cmake'
[1.185s] Level 1:colcon.colcon_core.package_identification:_identify(venv/lib/python3.10/site-packages/pip/_vendor/pkg_resources) by extension 'python'
[1.185s] Level 1:colcon.colcon_core.package_identification:_identify(venv/lib/python3.10/site-packages/pip/_vendor/pkg_resources) by extensions ['python_setup_py']
[1.185s] Level 1:colcon.colcon_core.package_identification:_identify(venv/lib/python3.10/site-packages/pip/_vendor/pkg_resources) by extension 'python_setup_py'
[1.185s] Level 1:colcon.colcon_core.package_identification:_identify(venv/lib/python3.10/site-packages/pip/_vendor/pkg_resources/__pycache__) by extensions ['ignore', 'ignore_ament_install']
[1.185s] Level 1:colcon.colcon_core.package_identification:_identify(venv/lib/python3.10/site-packages/pip/_vendor/pkg_resources/__pycache__) by extension 'ignore'
[1.185s] Level 1:colcon.colcon_core.package_identification:_identify(venv/lib/python3.10/site-packages/pip/_vendor/pkg_resources/__pycache__) by extension 'ignore_ament_install'
[1.185s] Level 1:colcon.colcon_core.package_identification:_identify(venv/lib/python3.10/site-packages/pip/_vendor/pkg_resources/__pycache__) by extensions ['colcon_pkg']
[1.186s] Level 1:colcon.colcon_core.package_identification:_identify(venv/lib/python3.10/site-packages/pip/_vendor/pkg_resources/__pycache__) by extension 'colcon_pkg'
[1.186s] Level 1:colcon.colcon_core.package_identification:_identify(venv/lib/python3.10/site-packages/pip/_vendor/pkg_resources/__pycache__) by extensions ['colcon_meta']
[1.186s] Level 1:colcon.colcon_core.package_identification:_identify(venv/lib/python3.10/site-packages/pip/_vendor/pkg_resources/__pycache__) by extension 'colcon_meta'
[1.186s] Level 1:colcon.colcon_core.package_identification:_identify(venv/lib/python3.10/site-packages/pip/_vendor/pkg_resources/__pycache__) by extensions ['ros']
[1.186s] Level 1:colcon.colcon_core.package_identification:_identify(venv/lib/python3.10/site-packages/pip/_vendor/pkg_resources/__pycache__) by extension 'ros'
[1.186s] Level 1:colcon.colcon_core.package_identification:_identify(venv/lib/python3.10/site-packages/pip/_vendor/pkg_resources/__pycache__) by extensions ['cmake', 'python']
[1.186s] Level 1:colcon.colcon_core.package_identification:_identify(venv/lib/python3.10/site-packages/pip/_vendor/pkg_resources/__pycache__) by extension 'cmake'
[1.186s] Level 1:colcon.colcon_core.package_identification:_identify(venv/lib/python3.10/site-packages/pip/_vendor/pkg_resources/__pycache__) by extension 'python'
[1.186s] Level 1:colcon.colcon_core.package_identification:_identify(venv/lib/python3.10/site-packages/pip/_vendor/pkg_resources/__pycache__) by extensions ['python_setup_py']
[1.186s] Level 1:colcon.colcon_core.package_identification:_identify(venv/lib/python3.10/site-packages/pip/_vendor/pkg_resources/__pycache__) by extension 'python_setup_py'
[1.186s] Level 1:colcon.colcon_core.package_identification:_identify(venv/lib/python3.10/site-packages/pip/_vendor/platformdirs) by extensions ['ignore', 'ignore_ament_install']
[1.186s] Level 1:colcon.colcon_core.package_identification:_identify(venv/lib/python3.10/site-packages/pip/_vendor/platformdirs) by extension 'ignore'
[1.186s] Level 1:colcon.colcon_core.package_identification:_identify(venv/lib/python3.10/site-packages/pip/_vendor/platformdirs) by extension 'ignore_ament_install'
[1.186s] Level 1:colcon.colcon_core.package_identification:_identify(venv/lib/python3.10/site-packages/pip/_vendor/platformdirs) by extensions ['colcon_pkg']
[1.186s] Level 1:colcon.colcon_core.package_identification:_identify(venv/lib/python3.10/site-packages/pip/_vendor/platformdirs) by extension 'colcon_pkg'
[1.186s] Level 1:colcon.colcon_core.package_identification:_identify(venv/lib/python3.10/site-packages/pip/_vendor/platformdirs) by extensions ['colcon_meta']
[1.186s] Level 1:colcon.colcon_core.package_identification:_identify(venv/lib/python3.10/site-packages/pip/_vendor/platformdirs) by extension 'colcon_meta'
[1.186s] Level 1:colcon.colcon_core.package_identification:_identify(venv/lib/python3.10/site-packages/pip/_vendor/platformdirs) by extensions ['ros']
[1.186s] Level 1:colcon.colcon_core.package_identification:_identify(venv/lib/python3.10/site-packages/pip/_vendor/platformdirs) by extension 'ros'
[1.186s] Level 1:colcon.colcon_core.package_identification:_identify(venv/lib/python3.10/site-packages/pip/_vendor/platformdirs) by extensions ['cmake', 'python']
[1.186s] Level 1:colcon.colcon_core.package_identification:_identify(venv/lib/python3.10/site-packages/pip/_vendor/platformdirs) by extension 'cmake'
[1.186s] Level 1:colcon.colcon_core.package_identification:_identify(venv/lib/python3.10/site-packages/pip/_vendor/platformdirs) by extension 'python'
[1.186s] Level 1:colcon.colcon_core.package_identification:_identify(venv/lib/python3.10/site-packages/pip/_vendor/platformdirs) by extensions ['python_setup_py']
[1.186s] Level 1:colcon.colcon_core.package_identification:_identify(venv/lib/python3.10/site-packages/pip/_vendor/platformdirs) by extension 'python_setup_py'
[1.186s] Level 1:colcon.colcon_core.package_identification:_identify(venv/lib/python3.10/site-packages/pip/_vendor/platformdirs/__pycache__) by extensions ['ignore', 'ignore_ament_install']
[1.186s] Level 1:colcon.colcon_core.package_identification:_identify(venv/lib/python3.10/site-packages/pip/_vendor/platformdirs/__pycache__) by extension 'ignore'
[1.186s] Level 1:colcon.colcon_core.package_identification:_identify(venv/lib/python3.10/site-packages/pip/_vendor/platformdirs/__pycache__) by extension 'ignore_ament_install'
[1.186s] Level 1:colcon.colcon_core.package_identification:_identify(venv/lib/python3.10/site-packages/pip/_vendor/platformdirs/__pycache__) by extensions ['colcon_pkg']
[1.186s] Level 1:colcon.colcon_core.package_identification:_identify(venv/lib/python3.10/site-packages/pip/_vendor/platformdirs/__pycache__) by extension 'colcon_pkg'
[1.186s] Level 1:colcon.colcon_core.package_identification:_identify(venv/lib/python3.10/site-packages/pip/_vendor/platformdirs/__pycache__) by extensions ['colcon_meta']
[1.186s] Level 1:colcon.colcon_core.package_identification:_identify(venv/lib/python3.10/site-packages/pip/_vendor/platformdirs/__pycache__) by extension 'colcon_meta'
[1.186s] Level 1:colcon.colcon_core.package_identification:_identify(venv/lib/python3.10/site-packages/pip/_vendor/platformdirs/__pycache__) by extensions ['ros']
[1.186s] Level 1:colcon.colcon_core.package_identification:_identify(venv/lib/python3.10/site-packages/pip/_vendor/platformdirs/__pycache__) by extension 'ros'
[1.186s] Level 1:colcon.colcon_core.package_identification:_identify(venv/lib/python3.10/site-packages/pip/_vendor/platformdirs/__pycache__) by extensions ['cmake', 'python']
[1.187s] Level 1:colcon.colcon_core.package_identification:_identify(venv/lib/python3.10/site-packages/pip/_vendor/platformdirs/__pycache__) by extension 'cmake'
[1.187s] Level 1:colcon.colcon_core.package_identification:_identify(venv/lib/python3.10/site-packages/pip/_vendor/platformdirs/__pycache__) by extension 'python'
[1.187s] Level 1:colcon.colcon_core.package_identification:_identify(venv/lib/python3.10/site-packages/pip/_vendor/platformdirs/__pycache__) by extensions ['python_setup_py']
[1.187s] Level 1:colcon.colcon_core.package_identification:_identify(venv/lib/python3.10/site-packages/pip/_vendor/platformdirs/__pycache__) by extension 'python_setup_py'
[1.187s] Level 1:colcon.colcon_core.package_identification:_identify(venv/lib/python3.10/site-packages/pip/_vendor/progress) by extensions ['ignore', 'ignore_ament_install']
[1.187s] Level 1:colcon.colcon_core.package_identification:_identify(venv/lib/python3.10/site-packages/pip/_vendor/progress) by extension 'ignore'
[1.187s] Level 1:colcon.colcon_core.package_identification:_identify(venv/lib/python3.10/site-packages/pip/_vendor/progress) by extension 'ignore_ament_install'
[1.187s] Level 1:colcon.colcon_core.package_identification:_identify(venv/lib/python3.10/site-packages/pip/_vendor/progress) by extensions ['colcon_pkg']
[1.187s] Level 1:colcon.colcon_core.package_identification:_identify(venv/lib/python3.10/site-packages/pip/_vendor/progress) by extension 'colcon_pkg'
[1.187s] Level 1:colcon.colcon_core.package_identification:_identify(venv/lib/python3.10/site-packages/pip/_vendor/progress) by extensions ['colcon_meta']
[1.187s] Level 1:colcon.colcon_core.package_identification:_identify(venv/lib/python3.10/site-packages/pip/_vendor/progress) by extension 'colcon_meta'
[1.187s] Level 1:colcon.colcon_core.package_identification:_identify(venv/lib/python3.10/site-packages/pip/_vendor/progress) by extensions ['ros']
[1.187s] Level 1:colcon.colcon_core.package_identification:_identify(venv/lib/python3.10/site-packages/pip/_vendor/progress) by extension 'ros'
[1.187s] Level 1:colcon.colcon_core.package_identification:_identify(venv/lib/python3.10/site-packages/pip/_vendor/progress) by extensions ['cmake', 'python']
[1.187s] Level 1:colcon.colcon_core.package_identification:_identify(venv/lib/python3.10/site-packages/pip/_vendor/progress) by extension 'cmake'
[1.187s] Level 1:colcon.colcon_core.package_identification:_identify(venv/lib/python3.10/site-packages/pip/_vendor/progress) by extension 'python'
[1.187s] Level 1:colcon.colcon_core.package_identification:_identify(venv/lib/python3.10/site-packages/pip/_vendor/progress) by extensions ['python_setup_py']
[1.187s] Level 1:colcon.colcon_core.package_identification:_identify(venv/lib/python3.10/site-packages/pip/_vendor/progress) by extension 'python_setup_py'
[1.187s] Level 1:colcon.colcon_core.package_identification:_identify(venv/lib/python3.10/site-packages/pip/_vendor/progress/__pycache__) by extensions ['ignore', 'ignore_ament_install']
[1.187s] Level 1:colcon.colcon_core.package_identification:_identify(venv/lib/python3.10/site-packages/pip/_vendor/progress/__pycache__) by extension 'ignore'
[1.187s] Level 1:colcon.colcon_core.package_identification:_identify(venv/lib/python3.10/site-packages/pip/_vendor/progress/__pycache__) by extension 'ignore_ament_install'
[1.187s] Level 1:colcon.colcon_core.package_identification:_identify(venv/lib/python3.10/site-packages/pip/_vendor/progress/__pycache__) by extensions ['colcon_pkg']
[1.187s] Level 1:colcon.colcon_core.package_identification:_identify(venv/lib/python3.10/site-packages/pip/_vendor/progress/__pycache__) by extension 'colcon_pkg'
[1.187s] Level 1:colcon.colcon_core.package_identification:_identify(venv/lib/python3.10/site-packages/pip/_vendor/progress/__pycache__) by extensions ['colcon_meta']
[1.187s] Level 1:colcon.colcon_core.package_identification:_identify(venv/lib/python3.10/site-packages/pip/_vendor/progress/__pycache__) by extension 'colcon_meta'
[1.187s] Level 1:colcon.colcon_core.package_identification:_identify(venv/lib/python3.10/site-packages/pip/_vendor/progress/__pycache__) by extensions ['ros']
[1.187s] Level 1:colcon.colcon_core.package_identification:_identify(venv/lib/python3.10/site-packages/pip/_vendor/progress/__pycache__) by extension 'ros'
[1.187s] Level 1:colcon.colcon_core.package_identification:_identify(venv/lib/python3.10/site-packages/pip/_vendor/progress/__pycache__) by extensions ['cmake', 'python']
[1.187s] Level 1:colcon.colcon_core.package_identification:_identify(venv/lib/python3.10/site-packages/pip/_vendor/progress/__pycache__) by extension 'cmake'
[1.187s] Level 1:colcon.colcon_core.package_identification:_identify(venv/lib/python3.10/site-packages/pip/_vendor/progress/__pycache__) by extension 'python'
[1.187s] Level 1:colcon.colcon_core.package_identification:_identify(venv/lib/python3.10/site-packages/pip/_vendor/progress/__pycache__) by extensions ['python_setup_py']
[1.187s] Level 1:colcon.colcon_core.package_identification:_identify(venv/lib/python3.10/site-packages/pip/_vendor/progress/__pycache__) by extension 'python_setup_py'
[1.188s] Level 1:colcon.colcon_core.package_identification:_identify(venv/lib/python3.10/site-packages/pip/_vendor/pygments) by extensions ['ignore', 'ignore_ament_install']
[1.188s] Level 1:colcon.colcon_core.package_identification:_identify(venv/lib/python3.10/site-packages/pip/_vendor/pygments) by extension 'ignore'
[1.188s] Level 1:colcon.colcon_core.package_identification:_identify(venv/lib/python3.10/site-packages/pip/_vendor/pygments) by extension 'ignore_ament_install'
[1.188s] Level 1:colcon.colcon_core.package_identification:_identify(venv/lib/python3.10/site-packages/pip/_vendor/pygments) by extensions ['colcon_pkg']
[1.188s] Level 1:colcon.colcon_core.package_identification:_identify(venv/lib/python3.10/site-packages/pip/_vendor/pygments) by extension 'colcon_pkg'
[1.188s] Level 1:colcon.colcon_core.package_identification:_identify(venv/lib/python3.10/site-packages/pip/_vendor/pygments) by extensions ['colcon_meta']
[1.188s] Level 1:colcon.colcon_core.package_identification:_identify(venv/lib/python3.10/site-packages/pip/_vendor/pygments) by extension 'colcon_meta'
[1.188s] Level 1:colcon.colcon_core.package_identification:_identify(venv/lib/python3.10/site-packages/pip/_vendor/pygments) by extensions ['ros']
[1.188s] Level 1:colcon.colcon_core.package_identification:_identify(venv/lib/python3.10/site-packages/pip/_vendor/pygments) by extension 'ros'
[1.188s] Level 1:colcon.colcon_core.package_identification:_identify(venv/lib/python3.10/site-packages/pip/_vendor/pygments) by extensions ['cmake', 'python']
[1.188s] Level 1:colcon.colcon_core.package_identification:_identify(venv/lib/python3.10/site-packages/pip/_vendor/pygments) by extension 'cmake'
[1.188s] Level 1:colcon.colcon_core.package_identification:_identify(venv/lib/python3.10/site-packages/pip/_vendor/pygments) by extension 'python'
[1.188s] Level 1:colcon.colcon_core.package_identification:_identify(venv/lib/python3.10/site-packages/pip/_vendor/pygments) by extensions ['python_setup_py']
[1.188s] Level 1:colcon.colcon_core.package_identification:_identify(venv/lib/python3.10/site-packages/pip/_vendor/pygments) by extension 'python_setup_py'
[1.188s] Level 1:colcon.colcon_core.package_identification:_identify(venv/lib/python3.10/site-packages/pip/_vendor/pygments/__pycache__) by extensions ['ignore', 'ignore_ament_install']
[1.188s] Level 1:colcon.colcon_core.package_identification:_identify(venv/lib/python3.10/site-packages/pip/_vendor/pygments/__pycache__) by extension 'ignore'
[1.188s] Level 1:colcon.colcon_core.package_identification:_identify(venv/lib/python3.10/site-packages/pip/_vendor/pygments/__pycache__) by extension 'ignore_ament_install'
[1.188s] Level 1:colcon.colcon_core.package_identification:_identify(venv/lib/python3.10/site-packages/pip/_vendor/pygments/__pycache__) by extensions ['colcon_pkg']
[1.188s] Level 1:colcon.colcon_core.package_identification:_identify(venv/lib/python3.10/site-packages/pip/_vendor/pygments/__pycache__) by extension 'colcon_pkg'
[1.188s] Level 1:colcon.colcon_core.package_identification:_identify(venv/lib/python3.10/site-packages/pip/_vendor/pygments/__pycache__) by extensions ['colcon_meta']
[1.188s] Level 1:colcon.colcon_core.package_identification:_identify(venv/lib/python3.10/site-packages/pip/_vendor/pygments/__pycache__) by extension 'colcon_meta'
[1.188s] Level 1:colcon.colcon_core.package_identification:_identify(venv/lib/python3.10/site-packages/pip/_vendor/pygments/__pycache__) by extensions ['ros']
[1.188s] Level 1:colcon.colcon_core.package_identification:_identify(venv/lib/python3.10/site-packages/pip/_vendor/pygments/__pycache__) by extension 'ros'
[1.188s] Level 1:colcon.colcon_core.package_identification:_identify(venv/lib/python3.10/site-packages/pip/_vendor/pygments/__pycache__) by extensions ['cmake', 'python']
[1.188s] Level 1:colcon.colcon_core.package_identification:_identify(venv/lib/python3.10/site-packages/pip/_vendor/pygments/__pycache__) by extension 'cmake'
[1.188s] Level 1:colcon.colcon_core.package_identification:_identify(venv/lib/python3.10/site-packages/pip/_vendor/pygments/__pycache__) by extension 'python'
[1.188s] Level 1:colcon.colcon_core.package_identification:_identify(venv/lib/python3.10/site-packages/pip/_vendor/pygments/__pycache__) by extensions ['python_setup_py']
[1.188s] Level 1:colcon.colcon_core.package_identification:_identify(venv/lib/python3.10/site-packages/pip/_vendor/pygments/__pycache__) by extension 'python_setup_py'
[1.188s] Level 1:colcon.colcon_core.package_identification:_identify(venv/lib/python3.10/site-packages/pip/_vendor/pygments/filters) by extensions ['ignore', 'ignore_ament_install']
[1.188s] Level 1:colcon.colcon_core.package_identification:_identify(venv/lib/python3.10/site-packages/pip/_vendor/pygments/filters) by extension 'ignore'
[1.188s] Level 1:colcon.colcon_core.package_identification:_identify(venv/lib/python3.10/site-packages/pip/_vendor/pygments/filters) by extension 'ignore_ament_install'
[1.188s] Level 1:colcon.colcon_core.package_identification:_identify(venv/lib/python3.10/site-packages/pip/_vendor/pygments/filters) by extensions ['colcon_pkg']
[1.188s] Level 1:colcon.colcon_core.package_identification:_identify(venv/lib/python3.10/site-packages/pip/_vendor/pygments/filters) by extension 'colcon_pkg'
[1.189s] Level 1:colcon.colcon_core.package_identification:_identify(venv/lib/python3.10/site-packages/pip/_vendor/pygments/filters) by extensions ['colcon_meta']
[1.189s] Level 1:colcon.colcon_core.package_identification:_identify(venv/lib/python3.10/site-packages/pip/_vendor/pygments/filters) by extension 'colcon_meta'
[1.189s] Level 1:colcon.colcon_core.package_identification:_identify(venv/lib/python3.10/site-packages/pip/_vendor/pygments/filters) by extensions ['ros']
[1.189s] Level 1:colcon.colcon_core.package_identification:_identify(venv/lib/python3.10/site-packages/pip/_vendor/pygments/filters) by extension 'ros'
[1.189s] Level 1:colcon.colcon_core.package_identification:_identify(venv/lib/python3.10/site-packages/pip/_vendor/pygments/filters) by extensions ['cmake', 'python']
[1.189s] Level 1:colcon.colcon_core.package_identification:_identify(venv/lib/python3.10/site-packages/pip/_vendor/pygments/filters) by extension 'cmake'
[1.189s] Level 1:colcon.colcon_core.package_identification:_identify(venv/lib/python3.10/site-packages/pip/_vendor/pygments/filters) by extension 'python'
[1.189s] Level 1:colcon.colcon_core.package_identification:_identify(venv/lib/python3.10/site-packages/pip/_vendor/pygments/filters) by extensions ['python_setup_py']
[1.189s] Level 1:colcon.colcon_core.package_identification:_identify(venv/lib/python3.10/site-packages/pip/_vendor/pygments/filters) by extension 'python_setup_py'
[1.189s] Level 1:colcon.colcon_core.package_identification:_identify(venv/lib/python3.10/site-packages/pip/_vendor/pygments/filters/__pycache__) by extensions ['ignore', 'ignore_ament_install']
[1.189s] Level 1:colcon.colcon_core.package_identification:_identify(venv/lib/python3.10/site-packages/pip/_vendor/pygments/filters/__pycache__) by extension 'ignore'
[1.189s] Level 1:colcon.colcon_core.package_identification:_identify(venv/lib/python3.10/site-packages/pip/_vendor/pygments/filters/__pycache__) by extension 'ignore_ament_install'
[1.189s] Level 1:colcon.colcon_core.package_identification:_identify(venv/lib/python3.10/site-packages/pip/_vendor/pygments/filters/__pycache__) by extensions ['colcon_pkg']
[1.189s] Level 1:colcon.colcon_core.package_identification:_identify(venv/lib/python3.10/site-packages/pip/_vendor/pygments/filters/__pycache__) by extension 'colcon_pkg'
[1.189s] Level 1:colcon.colcon_core.package_identification:_identify(venv/lib/python3.10/site-packages/pip/_vendor/pygments/filters/__pycache__) by extensions ['colcon_meta']
[1.189s] Level 1:colcon.colcon_core.package_identification:_identify(venv/lib/python3.10/site-packages/pip/_vendor/pygments/filters/__pycache__) by extension 'colcon_meta'
[1.189s] Level 1:colcon.colcon_core.package_identification:_identify(venv/lib/python3.10/site-packages/pip/_vendor/pygments/filters/__pycache__) by extensions ['ros']
[1.189s] Level 1:colcon.colcon_core.package_identification:_identify(venv/lib/python3.10/site-packages/pip/_vendor/pygments/filters/__pycache__) by extension 'ros'
[1.189s] Level 1:colcon.colcon_core.package_identification:_identify(venv/lib/python3.10/site-packages/pip/_vendor/pygments/filters/__pycache__) by extensions ['cmake', 'python']
[1.189s] Level 1:colcon.colcon_core.package_identification:_identify(venv/lib/python3.10/site-packages/pip/_vendor/pygments/filters/__pycache__) by extension 'cmake'
[1.189s] Level 1:colcon.colcon_core.package_identification:_identify(venv/lib/python3.10/site-packages/pip/_vendor/pygments/filters/__pycache__) by extension 'python'
[1.189s] Level 1:colcon.colcon_core.package_identification:_identify(venv/lib/python3.10/site-packages/pip/_vendor/pygments/filters/__pycache__) by extensions ['python_setup_py']
[1.189s] Level 1:colcon.colcon_core.package_identification:_identify(venv/lib/python3.10/site-packages/pip/_vendor/pygments/filters/__pycache__) by extension 'python_setup_py'
[1.189s] Level 1:colcon.colcon_core.package_identification:_identify(venv/lib/python3.10/site-packages/pip/_vendor/pygments/formatters) by extensions ['ignore', 'ignore_ament_install']
[1.189s] Level 1:colcon.colcon_core.package_identification:_identify(venv/lib/python3.10/site-packages/pip/_vendor/pygments/formatters) by extension 'ignore'
[1.189s] Level 1:colcon.colcon_core.package_identification:_identify(venv/lib/python3.10/site-packages/pip/_vendor/pygments/formatters) by extension 'ignore_ament_install'
[1.189s] Level 1:colcon.colcon_core.package_identification:_identify(venv/lib/python3.10/site-packages/pip/_vendor/pygments/formatters) by extensions ['colcon_pkg']
[1.189s] Level 1:colcon.colcon_core.package_identification:_identify(venv/lib/python3.10/site-packages/pip/_vendor/pygments/formatters) by extension 'colcon_pkg'
[1.189s] Level 1:colcon.colcon_core.package_identification:_identify(venv/lib/python3.10/site-packages/pip/_vendor/pygments/formatters) by extensions ['colcon_meta']
[1.189s] Level 1:colcon.colcon_core.package_identification:_identify(venv/lib/python3.10/site-packages/pip/_vendor/pygments/formatters) by extension 'colcon_meta'
[1.189s] Level 1:colcon.colcon_core.package_identification:_identify(venv/lib/python3.10/site-packages/pip/_vendor/pygments/formatters) by extensions ['ros']
[1.189s] Level 1:colcon.colcon_core.package_identification:_identify(venv/lib/python3.10/site-packages/pip/_vendor/pygments/formatters) by extension 'ros'
[1.190s] Level 1:colcon.colcon_core.package_identification:_identify(venv/lib/python3.10/site-packages/pip/_vendor/pygments/formatters) by extensions ['cmake', 'python']
[1.190s] Level 1:colcon.colcon_core.package_identification:_identify(venv/lib/python3.10/site-packages/pip/_vendor/pygments/formatters) by extension 'cmake'
[1.190s] Level 1:colcon.colcon_core.package_identification:_identify(venv/lib/python3.10/site-packages/pip/_vendor/pygments/formatters) by extension 'python'
[1.190s] Level 1:colcon.colcon_core.package_identification:_identify(venv/lib/python3.10/site-packages/pip/_vendor/pygments/formatters) by extensions ['python_setup_py']
[1.190s] Level 1:colcon.colcon_core.package_identification:_identify(venv/lib/python3.10/site-packages/pip/_vendor/pygments/formatters) by extension 'python_setup_py'
[1.190s] Level 1:colcon.colcon_core.package_identification:_identify(venv/lib/python3.10/site-packages/pip/_vendor/pygments/formatters/__pycache__) by extensions ['ignore', 'ignore_ament_install']
[1.190s] Level 1:colcon.colcon_core.package_identification:_identify(venv/lib/python3.10/site-packages/pip/_vendor/pygments/formatters/__pycache__) by extension 'ignore'
[1.190s] Level 1:colcon.colcon_core.package_identification:_identify(venv/lib/python3.10/site-packages/pip/_vendor/pygments/formatters/__pycache__) by extension 'ignore_ament_install'
[1.190s] Level 1:colcon.colcon_core.package_identification:_identify(venv/lib/python3.10/site-packages/pip/_vendor/pygments/formatters/__pycache__) by extensions ['colcon_pkg']
[1.190s] Level 1:colcon.colcon_core.package_identification:_identify(venv/lib/python3.10/site-packages/pip/_vendor/pygments/formatters/__pycache__) by extension 'colcon_pkg'
[1.190s] Level 1:colcon.colcon_core.package_identification:_identify(venv/lib/python3.10/site-packages/pip/_vendor/pygments/formatters/__pycache__) by extensions ['colcon_meta']
[1.190s] Level 1:colcon.colcon_core.package_identification:_identify(venv/lib/python3.10/site-packages/pip/_vendor/pygments/formatters/__pycache__) by extension 'colcon_meta'
[1.190s] Level 1:colcon.colcon_core.package_identification:_identify(venv/lib/python3.10/site-packages/pip/_vendor/pygments/formatters/__pycache__) by extensions ['ros']
[1.190s] Level 1:colcon.colcon_core.package_identification:_identify(venv/lib/python3.10/site-packages/pip/_vendor/pygments/formatters/__pycache__) by extension 'ros'
[1.190s] Level 1:colcon.colcon_core.package_identification:_identify(venv/lib/python3.10/site-packages/pip/_vendor/pygments/formatters/__pycache__) by extensions ['cmake', 'python']
[1.190s] Level 1:colcon.colcon_core.package_identification:_identify(venv/lib/python3.10/site-packages/pip/_vendor/pygments/formatters/__pycache__) by extension 'cmake'
[1.190s] Level 1:colcon.colcon_core.package_identification:_identify(venv/lib/python3.10/site-packages/pip/_vendor/pygments/formatters/__pycache__) by extension 'python'
[1.190s] Level 1:colcon.colcon_core.package_identification:_identify(venv/lib/python3.10/site-packages/pip/_vendor/pygments/formatters/__pycache__) by extensions ['python_setup_py']
[1.190s] Level 1:colcon.colcon_core.package_identification:_identify(venv/lib/python3.10/site-packages/pip/_vendor/pygments/formatters/__pycache__) by extension 'python_setup_py'
[1.190s] Level 1:colcon.colcon_core.package_identification:_identify(venv/lib/python3.10/site-packages/pip/_vendor/pygments/lexers) by extensions ['ignore', 'ignore_ament_install']
[1.190s] Level 1:colcon.colcon_core.package_identification:_identify(venv/lib/python3.10/site-packages/pip/_vendor/pygments/lexers) by extension 'ignore'
[1.190s] Level 1:colcon.colcon_core.package_identification:_identify(venv/lib/python3.10/site-packages/pip/_vendor/pygments/lexers) by extension 'ignore_ament_install'
[1.190s] Level 1:colcon.colcon_core.package_identification:_identify(venv/lib/python3.10/site-packages/pip/_vendor/pygments/lexers) by extensions ['colcon_pkg']
[1.190s] Level 1:colcon.colcon_core.package_identification:_identify(venv/lib/python3.10/site-packages/pip/_vendor/pygments/lexers) by extension 'colcon_pkg'
[1.190s] Level 1:colcon.colcon_core.package_identification:_identify(venv/lib/python3.10/site-packages/pip/_vendor/pygments/lexers) by extensions ['colcon_meta']
[1.190s] Level 1:colcon.colcon_core.package_identification:_identify(venv/lib/python3.10/site-packages/pip/_vendor/pygments/lexers) by extension 'colcon_meta'
[1.190s] Level 1:colcon.colcon_core.package_identification:_identify(venv/lib/python3.10/site-packages/pip/_vendor/pygments/lexers) by extensions ['ros']
[1.190s] Level 1:colcon.colcon_core.package_identification:_identify(venv/lib/python3.10/site-packages/pip/_vendor/pygments/lexers) by extension 'ros'
[1.190s] Level 1:colcon.colcon_core.package_identification:_identify(venv/lib/python3.10/site-packages/pip/_vendor/pygments/lexers) by extensions ['cmake', 'python']
[1.190s] Level 1:colcon.colcon_core.package_identification:_identify(venv/lib/python3.10/site-packages/pip/_vendor/pygments/lexers) by extension 'cmake'
[1.190s] Level 1:colcon.colcon_core.package_identification:_identify(venv/lib/python3.10/site-packages/pip/_vendor/pygments/lexers) by extension 'python'
[1.190s] Level 1:colcon.colcon_core.package_identification:_identify(venv/lib/python3.10/site-packages/pip/_vendor/pygments/lexers) by extensions ['python_setup_py']
[1.190s] Level 1:colcon.colcon_core.package_identification:_identify(venv/lib/python3.10/site-packages/pip/_vendor/pygments/lexers) by extension 'python_setup_py'
[1.191s] Level 1:colcon.colcon_core.package_identification:_identify(venv/lib/python3.10/site-packages/pip/_vendor/pygments/lexers/__pycache__) by extensions ['ignore', 'ignore_ament_install']
[1.191s] Level 1:colcon.colcon_core.package_identification:_identify(venv/lib/python3.10/site-packages/pip/_vendor/pygments/lexers/__pycache__) by extension 'ignore'
[1.191s] Level 1:colcon.colcon_core.package_identification:_identify(venv/lib/python3.10/site-packages/pip/_vendor/pygments/lexers/__pycache__) by extension 'ignore_ament_install'
[1.191s] Level 1:colcon.colcon_core.package_identification:_identify(venv/lib/python3.10/site-packages/pip/_vendor/pygments/lexers/__pycache__) by extensions ['colcon_pkg']
[1.191s] Level 1:colcon.colcon_core.package_identification:_identify(venv/lib/python3.10/site-packages/pip/_vendor/pygments/lexers/__pycache__) by extension 'colcon_pkg'
[1.191s] Level 1:colcon.colcon_core.package_identification:_identify(venv/lib/python3.10/site-packages/pip/_vendor/pygments/lexers/__pycache__) by extensions ['colcon_meta']
[1.191s] Level 1:colcon.colcon_core.package_identification:_identify(venv/lib/python3.10/site-packages/pip/_vendor/pygments/lexers/__pycache__) by extension 'colcon_meta'
[1.191s] Level 1:colcon.colcon_core.package_identification:_identify(venv/lib/python3.10/site-packages/pip/_vendor/pygments/lexers/__pycache__) by extensions ['ros']
[1.191s] Level 1:colcon.colcon_core.package_identification:_identify(venv/lib/python3.10/site-packages/pip/_vendor/pygments/lexers/__pycache__) by extension 'ros'
[1.191s] Level 1:colcon.colcon_core.package_identification:_identify(venv/lib/python3.10/site-packages/pip/_vendor/pygments/lexers/__pycache__) by extensions ['cmake', 'python']
[1.191s] Level 1:colcon.colcon_core.package_identification:_identify(venv/lib/python3.10/site-packages/pip/_vendor/pygments/lexers/__pycache__) by extension 'cmake'
[1.191s] Level 1:colcon.colcon_core.package_identification:_identify(venv/lib/python3.10/site-packages/pip/_vendor/pygments/lexers/__pycache__) by extension 'python'
[1.191s] Level 1:colcon.colcon_core.package_identification:_identify(venv/lib/python3.10/site-packages/pip/_vendor/pygments/lexers/__pycache__) by extensions ['python_setup_py']
[1.191s] Level 1:colcon.colcon_core.package_identification:_identify(venv/lib/python3.10/site-packages/pip/_vendor/pygments/lexers/__pycache__) by extension 'python_setup_py'
[1.191s] Level 1:colcon.colcon_core.package_identification:_identify(venv/lib/python3.10/site-packages/pip/_vendor/pygments/styles) by extensions ['ignore', 'ignore_ament_install']
[1.191s] Level 1:colcon.colcon_core.package_identification:_identify(venv/lib/python3.10/site-packages/pip/_vendor/pygments/styles) by extension 'ignore'
[1.191s] Level 1:colcon.colcon_core.package_identification:_identify(venv/lib/python3.10/site-packages/pip/_vendor/pygments/styles) by extension 'ignore_ament_install'
[1.191s] Level 1:colcon.colcon_core.package_identification:_identify(venv/lib/python3.10/site-packages/pip/_vendor/pygments/styles) by extensions ['colcon_pkg']
[1.191s] Level 1:colcon.colcon_core.package_identification:_identify(venv/lib/python3.10/site-packages/pip/_vendor/pygments/styles) by extension 'colcon_pkg'
[1.191s] Level 1:colcon.colcon_core.package_identification:_identify(venv/lib/python3.10/site-packages/pip/_vendor/pygments/styles) by extensions ['colcon_meta']
[1.191s] Level 1:colcon.colcon_core.package_identification:_identify(venv/lib/python3.10/site-packages/pip/_vendor/pygments/styles) by extension 'colcon_meta'
[1.191s] Level 1:colcon.colcon_core.package_identification:_identify(venv/lib/python3.10/site-packages/pip/_vendor/pygments/styles) by extensions ['ros']
[1.191s] Level 1:colcon.colcon_core.package_identification:_identify(venv/lib/python3.10/site-packages/pip/_vendor/pygments/styles) by extension 'ros'
[1.191s] Level 1:colcon.colcon_core.package_identification:_identify(venv/lib/python3.10/site-packages/pip/_vendor/pygments/styles) by extensions ['cmake', 'python']
[1.191s] Level 1:colcon.colcon_core.package_identification:_identify(venv/lib/python3.10/site-packages/pip/_vendor/pygments/styles) by extension 'cmake'
[1.191s] Level 1:colcon.colcon_core.package_identification:_identify(venv/lib/python3.10/site-packages/pip/_vendor/pygments/styles) by extension 'python'
[1.191s] Level 1:colcon.colcon_core.package_identification:_identify(venv/lib/python3.10/site-packages/pip/_vendor/pygments/styles) by extensions ['python_setup_py']
[1.191s] Level 1:colcon.colcon_core.package_identification:_identify(venv/lib/python3.10/site-packages/pip/_vendor/pygments/styles) by extension 'python_setup_py'
[1.191s] Level 1:colcon.colcon_core.package_identification:_identify(venv/lib/python3.10/site-packages/pip/_vendor/pygments/styles/__pycache__) by extensions ['ignore', 'ignore_ament_install']
[1.191s] Level 1:colcon.colcon_core.package_identification:_identify(venv/lib/python3.10/site-packages/pip/_vendor/pygments/styles/__pycache__) by extension 'ignore'
[1.191s] Level 1:colcon.colcon_core.package_identification:_identify(venv/lib/python3.10/site-packages/pip/_vendor/pygments/styles/__pycache__) by extension 'ignore_ament_install'
[1.192s] Level 1:colcon.colcon_core.package_identification:_identify(venv/lib/python3.10/site-packages/pip/_vendor/pygments/styles/__pycache__) by extensions ['colcon_pkg']
[1.192s] Level 1:colcon.colcon_core.package_identification:_identify(venv/lib/python3.10/site-packages/pip/_vendor/pygments/styles/__pycache__) by extension 'colcon_pkg'
[1.192s] Level 1:colcon.colcon_core.package_identification:_identify(venv/lib/python3.10/site-packages/pip/_vendor/pygments/styles/__pycache__) by extensions ['colcon_meta']
[1.192s] Level 1:colcon.colcon_core.package_identification:_identify(venv/lib/python3.10/site-packages/pip/_vendor/pygments/styles/__pycache__) by extension 'colcon_meta'
[1.192s] Level 1:colcon.colcon_core.package_identification:_identify(venv/lib/python3.10/site-packages/pip/_vendor/pygments/styles/__pycache__) by extensions ['ros']
[1.192s] Level 1:colcon.colcon_core.package_identification:_identify(venv/lib/python3.10/site-packages/pip/_vendor/pygments/styles/__pycache__) by extension 'ros'
[1.192s] Level 1:colcon.colcon_core.package_identification:_identify(venv/lib/python3.10/site-packages/pip/_vendor/pygments/styles/__pycache__) by extensions ['cmake', 'python']
[1.192s] Level 1:colcon.colcon_core.package_identification:_identify(venv/lib/python3.10/site-packages/pip/_vendor/pygments/styles/__pycache__) by extension 'cmake'
[1.192s] Level 1:colcon.colcon_core.package_identification:_identify(venv/lib/python3.10/site-packages/pip/_vendor/pygments/styles/__pycache__) by extension 'python'
[1.192s] Level 1:colcon.colcon_core.package_identification:_identify(venv/lib/python3.10/site-packages/pip/_vendor/pygments/styles/__pycache__) by extensions ['python_setup_py']
[1.192s] Level 1:colcon.colcon_core.package_identification:_identify(venv/lib/python3.10/site-packages/pip/_vendor/pygments/styles/__pycache__) by extension 'python_setup_py'
[1.192s] Level 1:colcon.colcon_core.package_identification:_identify(venv/lib/python3.10/site-packages/pip/_vendor/pyparsing) by extensions ['ignore', 'ignore_ament_install']
[1.192s] Level 1:colcon.colcon_core.package_identification:_identify(venv/lib/python3.10/site-packages/pip/_vendor/pyparsing) by extension 'ignore'
[1.192s] Level 1:colcon.colcon_core.package_identification:_identify(venv/lib/python3.10/site-packages/pip/_vendor/pyparsing) by extension 'ignore_ament_install'
[1.192s] Level 1:colcon.colcon_core.package_identification:_identify(venv/lib/python3.10/site-packages/pip/_vendor/pyparsing) by extensions ['colcon_pkg']
[1.192s] Level 1:colcon.colcon_core.package_identification:_identify(venv/lib/python3.10/site-packages/pip/_vendor/pyparsing) by extension 'colcon_pkg'
[1.192s] Level 1:colcon.colcon_core.package_identification:_identify(venv/lib/python3.10/site-packages/pip/_vendor/pyparsing) by extensions ['colcon_meta']
[1.192s] Level 1:colcon.colcon_core.package_identification:_identify(venv/lib/python3.10/site-packages/pip/_vendor/pyparsing) by extension 'colcon_meta'
[1.192s] Level 1:colcon.colcon_core.package_identification:_identify(venv/lib/python3.10/site-packages/pip/_vendor/pyparsing) by extensions ['ros']
[1.192s] Level 1:colcon.colcon_core.package_identification:_identify(venv/lib/python3.10/site-packages/pip/_vendor/pyparsing) by extension 'ros'
[1.192s] Level 1:colcon.colcon_core.package_identification:_identify(venv/lib/python3.10/site-packages/pip/_vendor/pyparsing) by extensions ['cmake', 'python']
[1.192s] Level 1:colcon.colcon_core.package_identification:_identify(venv/lib/python3.10/site-packages/pip/_vendor/pyparsing) by extension 'cmake'
[1.192s] Level 1:colcon.colcon_core.package_identification:_identify(venv/lib/python3.10/site-packages/pip/_vendor/pyparsing) by extension 'python'
[1.192s] Level 1:colcon.colcon_core.package_identification:_identify(venv/lib/python3.10/site-packages/pip/_vendor/pyparsing) by extensions ['python_setup_py']
[1.192s] Level 1:colcon.colcon_core.package_identification:_identify(venv/lib/python3.10/site-packages/pip/_vendor/pyparsing) by extension 'python_setup_py'
[1.192s] Level 1:colcon.colcon_core.package_identification:_identify(venv/lib/python3.10/site-packages/pip/_vendor/pyparsing/__pycache__) by extensions ['ignore', 'ignore_ament_install']
[1.192s] Level 1:colcon.colcon_core.package_identification:_identify(venv/lib/python3.10/site-packages/pip/_vendor/pyparsing/__pycache__) by extension 'ignore'
[1.192s] Level 1:colcon.colcon_core.package_identification:_identify(venv/lib/python3.10/site-packages/pip/_vendor/pyparsing/__pycache__) by extension 'ignore_ament_install'
[1.192s] Level 1:colcon.colcon_core.package_identification:_identify(venv/lib/python3.10/site-packages/pip/_vendor/pyparsing/__pycache__) by extensions ['colcon_pkg']
[1.192s] Level 1:colcon.colcon_core.package_identification:_identify(venv/lib/python3.10/site-packages/pip/_vendor/pyparsing/__pycache__) by extension 'colcon_pkg'
[1.192s] Level 1:colcon.colcon_core.package_identification:_identify(venv/lib/python3.10/site-packages/pip/_vendor/pyparsing/__pycache__) by extensions ['colcon_meta']
[1.193s] Level 1:colcon.colcon_core.package_identification:_identify(venv/lib/python3.10/site-packages/pip/_vendor/pyparsing/__pycache__) by extension 'colcon_meta'
[1.193s] Level 1:colcon.colcon_core.package_identification:_identify(venv/lib/python3.10/site-packages/pip/_vendor/pyparsing/__pycache__) by extensions ['ros']
[1.193s] Level 1:colcon.colcon_core.package_identification:_identify(venv/lib/python3.10/site-packages/pip/_vendor/pyparsing/__pycache__) by extension 'ros'
[1.193s] Level 1:colcon.colcon_core.package_identification:_identify(venv/lib/python3.10/site-packages/pip/_vendor/pyparsing/__pycache__) by extensions ['cmake', 'python']
[1.193s] Level 1:colcon.colcon_core.package_identification:_identify(venv/lib/python3.10/site-packages/pip/_vendor/pyparsing/__pycache__) by extension 'cmake'
[1.193s] Level 1:colcon.colcon_core.package_identification:_identify(venv/lib/python3.10/site-packages/pip/_vendor/pyparsing/__pycache__) by extension 'python'
[1.193s] Level 1:colcon.colcon_core.package_identification:_identify(venv/lib/python3.10/site-packages/pip/_vendor/pyparsing/__pycache__) by extensions ['python_setup_py']
[1.193s] Level 1:colcon.colcon_core.package_identification:_identify(venv/lib/python3.10/site-packages/pip/_vendor/pyparsing/__pycache__) by extension 'python_setup_py'
[1.193s] Level 1:colcon.colcon_core.package_identification:_identify(venv/lib/python3.10/site-packages/pip/_vendor/pyparsing/diagram) by extensions ['ignore', 'ignore_ament_install']
[1.193s] Level 1:colcon.colcon_core.package_identification:_identify(venv/lib/python3.10/site-packages/pip/_vendor/pyparsing/diagram) by extension 'ignore'
[1.193s] Level 1:colcon.colcon_core.package_identification:_identify(venv/lib/python3.10/site-packages/pip/_vendor/pyparsing/diagram) by extension 'ignore_ament_install'
[1.193s] Level 1:colcon.colcon_core.package_identification:_identify(venv/lib/python3.10/site-packages/pip/_vendor/pyparsing/diagram) by extensions ['colcon_pkg']
[1.193s] Level 1:colcon.colcon_core.package_identification:_identify(venv/lib/python3.10/site-packages/pip/_vendor/pyparsing/diagram) by extension 'colcon_pkg'
[1.193s] Level 1:colcon.colcon_core.package_identification:_identify(venv/lib/python3.10/site-packages/pip/_vendor/pyparsing/diagram) by extensions ['colcon_meta']
[1.193s] Level 1:colcon.colcon_core.package_identification:_identify(venv/lib/python3.10/site-packages/pip/_vendor/pyparsing/diagram) by extension 'colcon_meta'
[1.193s] Level 1:colcon.colcon_core.package_identification:_identify(venv/lib/python3.10/site-packages/pip/_vendor/pyparsing/diagram) by extensions ['ros']
[1.193s] Level 1:colcon.colcon_core.package_identification:_identify(venv/lib/python3.10/site-packages/pip/_vendor/pyparsing/diagram) by extension 'ros'
[1.193s] Level 1:colcon.colcon_core.package_identification:_identify(venv/lib/python3.10/site-packages/pip/_vendor/pyparsing/diagram) by extensions ['cmake', 'python']
[1.193s] Level 1:colcon.colcon_core.package_identification:_identify(venv/lib/python3.10/site-packages/pip/_vendor/pyparsing/diagram) by extension 'cmake'
[1.193s] Level 1:colcon.colcon_core.package_identification:_identify(venv/lib/python3.10/site-packages/pip/_vendor/pyparsing/diagram) by extension 'python'
[1.193s] Level 1:colcon.colcon_core.package_identification:_identify(venv/lib/python3.10/site-packages/pip/_vendor/pyparsing/diagram) by extensions ['python_setup_py']
[1.193s] Level 1:colcon.colcon_core.package_identification:_identify(venv/lib/python3.10/site-packages/pip/_vendor/pyparsing/diagram) by extension 'python_setup_py'
[1.193s] Level 1:colcon.colcon_core.package_identification:_identify(venv/lib/python3.10/site-packages/pip/_vendor/pyparsing/diagram/__pycache__) by extensions ['ignore', 'ignore_ament_install']
[1.193s] Level 1:colcon.colcon_core.package_identification:_identify(venv/lib/python3.10/site-packages/pip/_vendor/pyparsing/diagram/__pycache__) by extension 'ignore'
[1.193s] Level 1:colcon.colcon_core.package_identification:_identify(venv/lib/python3.10/site-packages/pip/_vendor/pyparsing/diagram/__pycache__) by extension 'ignore_ament_install'
[1.193s] Level 1:colcon.colcon_core.package_identification:_identify(venv/lib/python3.10/site-packages/pip/_vendor/pyparsing/diagram/__pycache__) by extensions ['colcon_pkg']
[1.193s] Level 1:colcon.colcon_core.package_identification:_identify(venv/lib/python3.10/site-packages/pip/_vendor/pyparsing/diagram/__pycache__) by extension 'colcon_pkg'
[1.193s] Level 1:colcon.colcon_core.package_identification:_identify(venv/lib/python3.10/site-packages/pip/_vendor/pyparsing/diagram/__pycache__) by extensions ['colcon_meta']
[1.193s] Level 1:colcon.colcon_core.package_identification:_identify(venv/lib/python3.10/site-packages/pip/_vendor/pyparsing/diagram/__pycache__) by extension 'colcon_meta'
[1.193s] Level 1:colcon.colcon_core.package_identification:_identify(venv/lib/python3.10/site-packages/pip/_vendor/pyparsing/diagram/__pycache__) by extensions ['ros']
[1.193s] Level 1:colcon.colcon_core.package_identification:_identify(venv/lib/python3.10/site-packages/pip/_vendor/pyparsing/diagram/__pycache__) by extension 'ros'
[1.193s] Level 1:colcon.colcon_core.package_identification:_identify(venv/lib/python3.10/site-packages/pip/_vendor/pyparsing/diagram/__pycache__) by extensions ['cmake', 'python']
[1.193s] Level 1:colcon.colcon_core.package_identification:_identify(venv/lib/python3.10/site-packages/pip/_vendor/pyparsing/diagram/__pycache__) by extension 'cmake'
[1.194s] Level 1:colcon.colcon_core.package_identification:_identify(venv/lib/python3.10/site-packages/pip/_vendor/pyparsing/diagram/__pycache__) by extension 'python'
[1.194s] Level 1:colcon.colcon_core.package_identification:_identify(venv/lib/python3.10/site-packages/pip/_vendor/pyparsing/diagram/__pycache__) by extensions ['python_setup_py']
[1.194s] Level 1:colcon.colcon_core.package_identification:_identify(venv/lib/python3.10/site-packages/pip/_vendor/pyparsing/diagram/__pycache__) by extension 'python_setup_py'
[1.194s] Level 1:colcon.colcon_core.package_identification:_identify(venv/lib/python3.10/site-packages/pip/_vendor/requests) by extensions ['ignore', 'ignore_ament_install']
[1.194s] Level 1:colcon.colcon_core.package_identification:_identify(venv/lib/python3.10/site-packages/pip/_vendor/requests) by extension 'ignore'
[1.194s] Level 1:colcon.colcon_core.package_identification:_identify(venv/lib/python3.10/site-packages/pip/_vendor/requests) by extension 'ignore_ament_install'
[1.194s] Level 1:colcon.colcon_core.package_identification:_identify(venv/lib/python3.10/site-packages/pip/_vendor/requests) by extensions ['colcon_pkg']
[1.194s] Level 1:colcon.colcon_core.package_identification:_identify(venv/lib/python3.10/site-packages/pip/_vendor/requests) by extension 'colcon_pkg'
[1.194s] Level 1:colcon.colcon_core.package_identification:_identify(venv/lib/python3.10/site-packages/pip/_vendor/requests) by extensions ['colcon_meta']
[1.194s] Level 1:colcon.colcon_core.package_identification:_identify(venv/lib/python3.10/site-packages/pip/_vendor/requests) by extension 'colcon_meta'
[1.194s] Level 1:colcon.colcon_core.package_identification:_identify(venv/lib/python3.10/site-packages/pip/_vendor/requests) by extensions ['ros']
[1.194s] Level 1:colcon.colcon_core.package_identification:_identify(venv/lib/python3.10/site-packages/pip/_vendor/requests) by extension 'ros'
[1.194s] Level 1:colcon.colcon_core.package_identification:_identify(venv/lib/python3.10/site-packages/pip/_vendor/requests) by extensions ['cmake', 'python']
[1.194s] Level 1:colcon.colcon_core.package_identification:_identify(venv/lib/python3.10/site-packages/pip/_vendor/requests) by extension 'cmake'
[1.194s] Level 1:colcon.colcon_core.package_identification:_identify(venv/lib/python3.10/site-packages/pip/_vendor/requests) by extension 'python'
[1.194s] Level 1:colcon.colcon_core.package_identification:_identify(venv/lib/python3.10/site-packages/pip/_vendor/requests) by extensions ['python_setup_py']
[1.194s] Level 1:colcon.colcon_core.package_identification:_identify(venv/lib/python3.10/site-packages/pip/_vendor/requests) by extension 'python_setup_py'
[1.194s] Level 1:colcon.colcon_core.package_identification:_identify(venv/lib/python3.10/site-packages/pip/_vendor/requests/__pycache__) by extensions ['ignore', 'ignore_ament_install']
[1.194s] Level 1:colcon.colcon_core.package_identification:_identify(venv/lib/python3.10/site-packages/pip/_vendor/requests/__pycache__) by extension 'ignore'
[1.194s] Level 1:colcon.colcon_core.package_identification:_identify(venv/lib/python3.10/site-packages/pip/_vendor/requests/__pycache__) by extension 'ignore_ament_install'
[1.194s] Level 1:colcon.colcon_core.package_identification:_identify(venv/lib/python3.10/site-packages/pip/_vendor/requests/__pycache__) by extensions ['colcon_pkg']
[1.194s] Level 1:colcon.colcon_core.package_identification:_identify(venv/lib/python3.10/site-packages/pip/_vendor/requests/__pycache__) by extension 'colcon_pkg'
[1.194s] Level 1:colcon.colcon_core.package_identification:_identify(venv/lib/python3.10/site-packages/pip/_vendor/requests/__pycache__) by extensions ['colcon_meta']
[1.194s] Level 1:colcon.colcon_core.package_identification:_identify(venv/lib/python3.10/site-packages/pip/_vendor/requests/__pycache__) by extension 'colcon_meta'
[1.194s] Level 1:colcon.colcon_core.package_identification:_identify(venv/lib/python3.10/site-packages/pip/_vendor/requests/__pycache__) by extensions ['ros']
[1.194s] Level 1:colcon.colcon_core.package_identification:_identify(venv/lib/python3.10/site-packages/pip/_vendor/requests/__pycache__) by extension 'ros'
[1.194s] Level 1:colcon.colcon_core.package_identification:_identify(venv/lib/python3.10/site-packages/pip/_vendor/requests/__pycache__) by extensions ['cmake', 'python']
[1.194s] Level 1:colcon.colcon_core.package_identification:_identify(venv/lib/python3.10/site-packages/pip/_vendor/requests/__pycache__) by extension 'cmake'
[1.194s] Level 1:colcon.colcon_core.package_identification:_identify(venv/lib/python3.10/site-packages/pip/_vendor/requests/__pycache__) by extension 'python'
[1.194s] Level 1:colcon.colcon_core.package_identification:_identify(venv/lib/python3.10/site-packages/pip/_vendor/requests/__pycache__) by extensions ['python_setup_py']
[1.194s] Level 1:colcon.colcon_core.package_identification:_identify(venv/lib/python3.10/site-packages/pip/_vendor/requests/__pycache__) by extension 'python_setup_py'
[1.195s] Level 1:colcon.colcon_core.package_identification:_identify(venv/lib/python3.10/site-packages/pip/_vendor/resolvelib) by extensions ['ignore', 'ignore_ament_install']
[1.195s] Level 1:colcon.colcon_core.package_identification:_identify(venv/lib/python3.10/site-packages/pip/_vendor/resolvelib) by extension 'ignore'
[1.195s] Level 1:colcon.colcon_core.package_identification:_identify(venv/lib/python3.10/site-packages/pip/_vendor/resolvelib) by extension 'ignore_ament_install'
[1.195s] Level 1:colcon.colcon_core.package_identification:_identify(venv/lib/python3.10/site-packages/pip/_vendor/resolvelib) by extensions ['colcon_pkg']
[1.195s] Level 1:colcon.colcon_core.package_identification:_identify(venv/lib/python3.10/site-packages/pip/_vendor/resolvelib) by extension 'colcon_pkg'
[1.195s] Level 1:colcon.colcon_core.package_identification:_identify(venv/lib/python3.10/site-packages/pip/_vendor/resolvelib) by extensions ['colcon_meta']
[1.195s] Level 1:colcon.colcon_core.package_identification:_identify(venv/lib/python3.10/site-packages/pip/_vendor/resolvelib) by extension 'colcon_meta'
[1.195s] Level 1:colcon.colcon_core.package_identification:_identify(venv/lib/python3.10/site-packages/pip/_vendor/resolvelib) by extensions ['ros']
[1.195s] Level 1:colcon.colcon_core.package_identification:_identify(venv/lib/python3.10/site-packages/pip/_vendor/resolvelib) by extension 'ros'
[1.195s] Level 1:colcon.colcon_core.package_identification:_identify(venv/lib/python3.10/site-packages/pip/_vendor/resolvelib) by extensions ['cmake', 'python']
[1.195s] Level 1:colcon.colcon_core.package_identification:_identify(venv/lib/python3.10/site-packages/pip/_vendor/resolvelib) by extension 'cmake'
[1.195s] Level 1:colcon.colcon_core.package_identification:_identify(venv/lib/python3.10/site-packages/pip/_vendor/resolvelib) by extension 'python'
[1.195s] Level 1:colcon.colcon_core.package_identification:_identify(venv/lib/python3.10/site-packages/pip/_vendor/resolvelib) by extensions ['python_setup_py']
[1.195s] Level 1:colcon.colcon_core.package_identification:_identify(venv/lib/python3.10/site-packages/pip/_vendor/resolvelib) by extension 'python_setup_py'
[1.195s] Level 1:colcon.colcon_core.package_identification:_identify(venv/lib/python3.10/site-packages/pip/_vendor/resolvelib/__pycache__) by extensions ['ignore', 'ignore_ament_install']
[1.195s] Level 1:colcon.colcon_core.package_identification:_identify(venv/lib/python3.10/site-packages/pip/_vendor/resolvelib/__pycache__) by extension 'ignore'
[1.195s] Level 1:colcon.colcon_core.package_identification:_identify(venv/lib/python3.10/site-packages/pip/_vendor/resolvelib/__pycache__) by extension 'ignore_ament_install'
[1.195s] Level 1:colcon.colcon_core.package_identification:_identify(venv/lib/python3.10/site-packages/pip/_vendor/resolvelib/__pycache__) by extensions ['colcon_pkg']
[1.195s] Level 1:colcon.colcon_core.package_identification:_identify(venv/lib/python3.10/site-packages/pip/_vendor/resolvelib/__pycache__) by extension 'colcon_pkg'
[1.195s] Level 1:colcon.colcon_core.package_identification:_identify(venv/lib/python3.10/site-packages/pip/_vendor/resolvelib/__pycache__) by extensions ['colcon_meta']
[1.195s] Level 1:colcon.colcon_core.package_identification:_identify(venv/lib/python3.10/site-packages/pip/_vendor/resolvelib/__pycache__) by extension 'colcon_meta'
[1.195s] Level 1:colcon.colcon_core.package_identification:_identify(venv/lib/python3.10/site-packages/pip/_vendor/resolvelib/__pycache__) by extensions ['ros']
[1.195s] Level 1:colcon.colcon_core.package_identification:_identify(venv/lib/python3.10/site-packages/pip/_vendor/resolvelib/__pycache__) by extension 'ros'
[1.195s] Level 1:colcon.colcon_core.package_identification:_identify(venv/lib/python3.10/site-packages/pip/_vendor/resolvelib/__pycache__) by extensions ['cmake', 'python']
[1.195s] Level 1:colcon.colcon_core.package_identification:_identify(venv/lib/python3.10/site-packages/pip/_vendor/resolvelib/__pycache__) by extension 'cmake'
[1.195s] Level 1:colcon.colcon_core.package_identification:_identify(venv/lib/python3.10/site-packages/pip/_vendor/resolvelib/__pycache__) by extension 'python'
[1.195s] Level 1:colcon.colcon_core.package_identification:_identify(venv/lib/python3.10/site-packages/pip/_vendor/resolvelib/__pycache__) by extensions ['python_setup_py']
[1.195s] Level 1:colcon.colcon_core.package_identification:_identify(venv/lib/python3.10/site-packages/pip/_vendor/resolvelib/__pycache__) by extension 'python_setup_py'
[1.195s] Level 1:colcon.colcon_core.package_identification:_identify(venv/lib/python3.10/site-packages/pip/_vendor/resolvelib/compat) by extensions ['ignore', 'ignore_ament_install']
[1.195s] Level 1:colcon.colcon_core.package_identification:_identify(venv/lib/python3.10/site-packages/pip/_vendor/resolvelib/compat) by extension 'ignore'
[1.196s] Level 1:colcon.colcon_core.package_identification:_identify(venv/lib/python3.10/site-packages/pip/_vendor/resolvelib/compat) by extension 'ignore_ament_install'
[1.196s] Level 1:colcon.colcon_core.package_identification:_identify(venv/lib/python3.10/site-packages/pip/_vendor/resolvelib/compat) by extensions ['colcon_pkg']
[1.196s] Level 1:colcon.colcon_core.package_identification:_identify(venv/lib/python3.10/site-packages/pip/_vendor/resolvelib/compat) by extension 'colcon_pkg'
[1.196s] Level 1:colcon.colcon_core.package_identification:_identify(venv/lib/python3.10/site-packages/pip/_vendor/resolvelib/compat) by extensions ['colcon_meta']
[1.196s] Level 1:colcon.colcon_core.package_identification:_identify(venv/lib/python3.10/site-packages/pip/_vendor/resolvelib/compat) by extension 'colcon_meta'
[1.196s] Level 1:colcon.colcon_core.package_identification:_identify(venv/lib/python3.10/site-packages/pip/_vendor/resolvelib/compat) by extensions ['ros']
[1.196s] Level 1:colcon.colcon_core.package_identification:_identify(venv/lib/python3.10/site-packages/pip/_vendor/resolvelib/compat) by extension 'ros'
[1.196s] Level 1:colcon.colcon_core.package_identification:_identify(venv/lib/python3.10/site-packages/pip/_vendor/resolvelib/compat) by extensions ['cmake', 'python']
[1.196s] Level 1:colcon.colcon_core.package_identification:_identify(venv/lib/python3.10/site-packages/pip/_vendor/resolvelib/compat) by extension 'cmake'
[1.196s] Level 1:colcon.colcon_core.package_identification:_identify(venv/lib/python3.10/site-packages/pip/_vendor/resolvelib/compat) by extension 'python'
[1.196s] Level 1:colcon.colcon_core.package_identification:_identify(venv/lib/python3.10/site-packages/pip/_vendor/resolvelib/compat) by extensions ['python_setup_py']
[1.196s] Level 1:colcon.colcon_core.package_identification:_identify(venv/lib/python3.10/site-packages/pip/_vendor/resolvelib/compat) by extension 'python_setup_py'
[1.196s] Level 1:colcon.colcon_core.package_identification:_identify(venv/lib/python3.10/site-packages/pip/_vendor/resolvelib/compat/__pycache__) by extensions ['ignore', 'ignore_ament_install']
[1.196s] Level 1:colcon.colcon_core.package_identification:_identify(venv/lib/python3.10/site-packages/pip/_vendor/resolvelib/compat/__pycache__) by extension 'ignore'
[1.196s] Level 1:colcon.colcon_core.package_identification:_identify(venv/lib/python3.10/site-packages/pip/_vendor/resolvelib/compat/__pycache__) by extension 'ignore_ament_install'
[1.196s] Level 1:colcon.colcon_core.package_identification:_identify(venv/lib/python3.10/site-packages/pip/_vendor/resolvelib/compat/__pycache__) by extensions ['colcon_pkg']
[1.196s] Level 1:colcon.colcon_core.package_identification:_identify(venv/lib/python3.10/site-packages/pip/_vendor/resolvelib/compat/__pycache__) by extension 'colcon_pkg'
[1.196s] Level 1:colcon.colcon_core.package_identification:_identify(venv/lib/python3.10/site-packages/pip/_vendor/resolvelib/compat/__pycache__) by extensions ['colcon_meta']
[1.196s] Level 1:colcon.colcon_core.package_identification:_identify(venv/lib/python3.10/site-packages/pip/_vendor/resolvelib/compat/__pycache__) by extension 'colcon_meta'
[1.196s] Level 1:colcon.colcon_core.package_identification:_identify(venv/lib/python3.10/site-packages/pip/_vendor/resolvelib/compat/__pycache__) by extensions ['ros']
[1.196s] Level 1:colcon.colcon_core.package_identification:_identify(venv/lib/python3.10/site-packages/pip/_vendor/resolvelib/compat/__pycache__) by extension 'ros'
[1.196s] Level 1:colcon.colcon_core.package_identification:_identify(venv/lib/python3.10/site-packages/pip/_vendor/resolvelib/compat/__pycache__) by extensions ['cmake', 'python']
[1.196s] Level 1:colcon.colcon_core.package_identification:_identify(venv/lib/python3.10/site-packages/pip/_vendor/resolvelib/compat/__pycache__) by extension 'cmake'
[1.196s] Level 1:colcon.colcon_core.package_identification:_identify(venv/lib/python3.10/site-packages/pip/_vendor/resolvelib/compat/__pycache__) by extension 'python'
[1.196s] Level 1:colcon.colcon_core.package_identification:_identify(venv/lib/python3.10/site-packages/pip/_vendor/resolvelib/compat/__pycache__) by extensions ['python_setup_py']
[1.196s] Level 1:colcon.colcon_core.package_identification:_identify(venv/lib/python3.10/site-packages/pip/_vendor/resolvelib/compat/__pycache__) by extension 'python_setup_py'
[1.196s] Level 1:colcon.colcon_core.package_identification:_identify(venv/lib/python3.10/site-packages/pip/_vendor/rich) by extensions ['ignore', 'ignore_ament_install']
[1.196s] Level 1:colcon.colcon_core.package_identification:_identify(venv/lib/python3.10/site-packages/pip/_vendor/rich) by extension 'ignore'
[1.196s] Level 1:colcon.colcon_core.package_identification:_identify(venv/lib/python3.10/site-packages/pip/_vendor/rich) by extension 'ignore_ament_install'
[1.196s] Level 1:colcon.colcon_core.package_identification:_identify(venv/lib/python3.10/site-packages/pip/_vendor/rich) by extensions ['colcon_pkg']
[1.196s] Level 1:colcon.colcon_core.package_identification:_identify(venv/lib/python3.10/site-packages/pip/_vendor/rich) by extension 'colcon_pkg'
[1.197s] Level 1:colcon.colcon_core.package_identification:_identify(venv/lib/python3.10/site-packages/pip/_vendor/rich) by extensions ['colcon_meta']
[1.197s] Level 1:colcon.colcon_core.package_identification:_identify(venv/lib/python3.10/site-packages/pip/_vendor/rich) by extension 'colcon_meta'
[1.197s] Level 1:colcon.colcon_core.package_identification:_identify(venv/lib/python3.10/site-packages/pip/_vendor/rich) by extensions ['ros']
[1.197s] Level 1:colcon.colcon_core.package_identification:_identify(venv/lib/python3.10/site-packages/pip/_vendor/rich) by extension 'ros'
[1.197s] Level 1:colcon.colcon_core.package_identification:_identify(venv/lib/python3.10/site-packages/pip/_vendor/rich) by extensions ['cmake', 'python']
[1.197s] Level 1:colcon.colcon_core.package_identification:_identify(venv/lib/python3.10/site-packages/pip/_vendor/rich) by extension 'cmake'
[1.197s] Level 1:colcon.colcon_core.package_identification:_identify(venv/lib/python3.10/site-packages/pip/_vendor/rich) by extension 'python'
[1.197s] Level 1:colcon.colcon_core.package_identification:_identify(venv/lib/python3.10/site-packages/pip/_vendor/rich) by extensions ['python_setup_py']
[1.197s] Level 1:colcon.colcon_core.package_identification:_identify(venv/lib/python3.10/site-packages/pip/_vendor/rich) by extension 'python_setup_py'
[1.197s] Level 1:colcon.colcon_core.package_identification:_identify(venv/lib/python3.10/site-packages/pip/_vendor/rich/__pycache__) by extensions ['ignore', 'ignore_ament_install']
[1.197s] Level 1:colcon.colcon_core.package_identification:_identify(venv/lib/python3.10/site-packages/pip/_vendor/rich/__pycache__) by extension 'ignore'
[1.197s] Level 1:colcon.colcon_core.package_identification:_identify(venv/lib/python3.10/site-packages/pip/_vendor/rich/__pycache__) by extension 'ignore_ament_install'
[1.197s] Level 1:colcon.colcon_core.package_identification:_identify(venv/lib/python3.10/site-packages/pip/_vendor/rich/__pycache__) by extensions ['colcon_pkg']
[1.197s] Level 1:colcon.colcon_core.package_identification:_identify(venv/lib/python3.10/site-packages/pip/_vendor/rich/__pycache__) by extension 'colcon_pkg'
[1.197s] Level 1:colcon.colcon_core.package_identification:_identify(venv/lib/python3.10/site-packages/pip/_vendor/rich/__pycache__) by extensions ['colcon_meta']
[1.197s] Level 1:colcon.colcon_core.package_identification:_identify(venv/lib/python3.10/site-packages/pip/_vendor/rich/__pycache__) by extension 'colcon_meta'
[1.197s] Level 1:colcon.colcon_core.package_identification:_identify(venv/lib/python3.10/site-packages/pip/_vendor/rich/__pycache__) by extensions ['ros']
[1.197s] Level 1:colcon.colcon_core.package_identification:_identify(venv/lib/python3.10/site-packages/pip/_vendor/rich/__pycache__) by extension 'ros'
[1.197s] Level 1:colcon.colcon_core.package_identification:_identify(venv/lib/python3.10/site-packages/pip/_vendor/rich/__pycache__) by extensions ['cmake', 'python']
[1.197s] Level 1:colcon.colcon_core.package_identification:_identify(venv/lib/python3.10/site-packages/pip/_vendor/rich/__pycache__) by extension 'cmake'
[1.197s] Level 1:colcon.colcon_core.package_identification:_identify(venv/lib/python3.10/site-packages/pip/_vendor/rich/__pycache__) by extension 'python'
[1.197s] Level 1:colcon.colcon_core.package_identification:_identify(venv/lib/python3.10/site-packages/pip/_vendor/rich/__pycache__) by extensions ['python_setup_py']
[1.197s] Level 1:colcon.colcon_core.package_identification:_identify(venv/lib/python3.10/site-packages/pip/_vendor/rich/__pycache__) by extension 'python_setup_py'
[1.197s] Level 1:colcon.colcon_core.package_identification:_identify(venv/lib/python3.10/site-packages/pip/_vendor/tenacity) by extensions ['ignore', 'ignore_ament_install']
[1.197s] Level 1:colcon.colcon_core.package_identification:_identify(venv/lib/python3.10/site-packages/pip/_vendor/tenacity) by extension 'ignore'
[1.197s] Level 1:colcon.colcon_core.package_identification:_identify(venv/lib/python3.10/site-packages/pip/_vendor/tenacity) by extension 'ignore_ament_install'
[1.197s] Level 1:colcon.colcon_core.package_identification:_identify(venv/lib/python3.10/site-packages/pip/_vendor/tenacity) by extensions ['colcon_pkg']
[1.197s] Level 1:colcon.colcon_core.package_identification:_identify(venv/lib/python3.10/site-packages/pip/_vendor/tenacity) by extension 'colcon_pkg'
[1.197s] Level 1:colcon.colcon_core.package_identification:_identify(venv/lib/python3.10/site-packages/pip/_vendor/tenacity) by extensions ['colcon_meta']
[1.197s] Level 1:colcon.colcon_core.package_identification:_identify(venv/lib/python3.10/site-packages/pip/_vendor/tenacity) by extension 'colcon_meta'
[1.197s] Level 1:colcon.colcon_core.package_identification:_identify(venv/lib/python3.10/site-packages/pip/_vendor/tenacity) by extensions ['ros']
[1.198s] Level 1:colcon.colcon_core.package_identification:_identify(venv/lib/python3.10/site-packages/pip/_vendor/tenacity) by extension 'ros'
[1.198s] Level 1:colcon.colcon_core.package_identification:_identify(venv/lib/python3.10/site-packages/pip/_vendor/tenacity) by extensions ['cmake', 'python']
[1.198s] Level 1:colcon.colcon_core.package_identification:_identify(venv/lib/python3.10/site-packages/pip/_vendor/tenacity) by extension 'cmake'
[1.198s] Level 1:colcon.colcon_core.package_identification:_identify(venv/lib/python3.10/site-packages/pip/_vendor/tenacity) by extension 'python'
[1.198s] Level 1:colcon.colcon_core.package_identification:_identify(venv/lib/python3.10/site-packages/pip/_vendor/tenacity) by extensions ['python_setup_py']
[1.198s] Level 1:colcon.colcon_core.package_identification:_identify(venv/lib/python3.10/site-packages/pip/_vendor/tenacity) by extension 'python_setup_py'
[1.198s] Level 1:colcon.colcon_core.package_identification:_identify(venv/lib/python3.10/site-packages/pip/_vendor/tenacity/__pycache__) by extensions ['ignore', 'ignore_ament_install']
[1.198s] Level 1:colcon.colcon_core.package_identification:_identify(venv/lib/python3.10/site-packages/pip/_vendor/tenacity/__pycache__) by extension 'ignore'
[1.198s] Level 1:colcon.colcon_core.package_identification:_identify(venv/lib/python3.10/site-packages/pip/_vendor/tenacity/__pycache__) by extension 'ignore_ament_install'
[1.198s] Level 1:colcon.colcon_core.package_identification:_identify(venv/lib/python3.10/site-packages/pip/_vendor/tenacity/__pycache__) by extensions ['colcon_pkg']
[1.198s] Level 1:colcon.colcon_core.package_identification:_identify(venv/lib/python3.10/site-packages/pip/_vendor/tenacity/__pycache__) by extension 'colcon_pkg'
[1.198s] Level 1:colcon.colcon_core.package_identification:_identify(venv/lib/python3.10/site-packages/pip/_vendor/tenacity/__pycache__) by extensions ['colcon_meta']
[1.198s] Level 1:colcon.colcon_core.package_identification:_identify(venv/lib/python3.10/site-packages/pip/_vendor/tenacity/__pycache__) by extension 'colcon_meta'
[1.198s] Level 1:colcon.colcon_core.package_identification:_identify(venv/lib/python3.10/site-packages/pip/_vendor/tenacity/__pycache__) by extensions ['ros']
[1.198s] Level 1:colcon.colcon_core.package_identification:_identify(venv/lib/python3.10/site-packages/pip/_vendor/tenacity/__pycache__) by extension 'ros'
[1.198s] Level 1:colcon.colcon_core.package_identification:_identify(venv/lib/python3.10/site-packages/pip/_vendor/tenacity/__pycache__) by extensions ['cmake', 'python']
[1.198s] Level 1:colcon.colcon_core.package_identification:_identify(venv/lib/python3.10/site-packages/pip/_vendor/tenacity/__pycache__) by extension 'cmake'
[1.198s] Level 1:colcon.colcon_core.package_identification:_identify(venv/lib/python3.10/site-packages/pip/_vendor/tenacity/__pycache__) by extension 'python'
[1.198s] Level 1:colcon.colcon_core.package_identification:_identify(venv/lib/python3.10/site-packages/pip/_vendor/tenacity/__pycache__) by extensions ['python_setup_py']
[1.198s] Level 1:colcon.colcon_core.package_identification:_identify(venv/lib/python3.10/site-packages/pip/_vendor/tenacity/__pycache__) by extension 'python_setup_py'
[1.198s] Level 1:colcon.colcon_core.package_identification:_identify(venv/lib/python3.10/site-packages/pip/_vendor/tomli) by extensions ['ignore', 'ignore_ament_install']
[1.198s] Level 1:colcon.colcon_core.package_identification:_identify(venv/lib/python3.10/site-packages/pip/_vendor/tomli) by extension 'ignore'
[1.198s] Level 1:colcon.colcon_core.package_identification:_identify(venv/lib/python3.10/site-packages/pip/_vendor/tomli) by extension 'ignore_ament_install'
[1.198s] Level 1:colcon.colcon_core.package_identification:_identify(venv/lib/python3.10/site-packages/pip/_vendor/tomli) by extensions ['colcon_pkg']
[1.198s] Level 1:colcon.colcon_core.package_identification:_identify(venv/lib/python3.10/site-packages/pip/_vendor/tomli) by extension 'colcon_pkg'
[1.198s] Level 1:colcon.colcon_core.package_identification:_identify(venv/lib/python3.10/site-packages/pip/_vendor/tomli) by extensions ['colcon_meta']
[1.198s] Level 1:colcon.colcon_core.package_identification:_identify(venv/lib/python3.10/site-packages/pip/_vendor/tomli) by extension 'colcon_meta'
[1.198s] Level 1:colcon.colcon_core.package_identification:_identify(venv/lib/python3.10/site-packages/pip/_vendor/tomli) by extensions ['ros']
[1.198s] Level 1:colcon.colcon_core.package_identification:_identify(venv/lib/python3.10/site-packages/pip/_vendor/tomli) by extension 'ros'
[1.198s] Level 1:colcon.colcon_core.package_identification:_identify(venv/lib/python3.10/site-packages/pip/_vendor/tomli) by extensions ['cmake', 'python']
[1.198s] Level 1:colcon.colcon_core.package_identification:_identify(venv/lib/python3.10/site-packages/pip/_vendor/tomli) by extension 'cmake'
[1.199s] Level 1:colcon.colcon_core.package_identification:_identify(venv/lib/python3.10/site-packages/pip/_vendor/tomli) by extension 'python'
[1.199s] Level 1:colcon.colcon_core.package_identification:_identify(venv/lib/python3.10/site-packages/pip/_vendor/tomli) by extensions ['python_setup_py']
[1.199s] Level 1:colcon.colcon_core.package_identification:_identify(venv/lib/python3.10/site-packages/pip/_vendor/tomli) by extension 'python_setup_py'
[1.199s] Level 1:colcon.colcon_core.package_identification:_identify(venv/lib/python3.10/site-packages/pip/_vendor/tomli/__pycache__) by extensions ['ignore', 'ignore_ament_install']
[1.199s] Level 1:colcon.colcon_core.package_identification:_identify(venv/lib/python3.10/site-packages/pip/_vendor/tomli/__pycache__) by extension 'ignore'
[1.199s] Level 1:colcon.colcon_core.package_identification:_identify(venv/lib/python3.10/site-packages/pip/_vendor/tomli/__pycache__) by extension 'ignore_ament_install'
[1.199s] Level 1:colcon.colcon_core.package_identification:_identify(venv/lib/python3.10/site-packages/pip/_vendor/tomli/__pycache__) by extensions ['colcon_pkg']
[1.199s] Level 1:colcon.colcon_core.package_identification:_identify(venv/lib/python3.10/site-packages/pip/_vendor/tomli/__pycache__) by extension 'colcon_pkg'
[1.199s] Level 1:colcon.colcon_core.package_identification:_identify(venv/lib/python3.10/site-packages/pip/_vendor/tomli/__pycache__) by extensions ['colcon_meta']
[1.199s] Level 1:colcon.colcon_core.package_identification:_identify(venv/lib/python3.10/site-packages/pip/_vendor/tomli/__pycache__) by extension 'colcon_meta'
[1.199s] Level 1:colcon.colcon_core.package_identification:_identify(venv/lib/python3.10/site-packages/pip/_vendor/tomli/__pycache__) by extensions ['ros']
[1.199s] Level 1:colcon.colcon_core.package_identification:_identify(venv/lib/python3.10/site-packages/pip/_vendor/tomli/__pycache__) by extension 'ros'
[1.199s] Level 1:colcon.colcon_core.package_identification:_identify(venv/lib/python3.10/site-packages/pip/_vendor/tomli/__pycache__) by extensions ['cmake', 'python']
[1.199s] Level 1:colcon.colcon_core.package_identification:_identify(venv/lib/python3.10/site-packages/pip/_vendor/tomli/__pycache__) by extension 'cmake'
[1.199s] Level 1:colcon.colcon_core.package_identification:_identify(venv/lib/python3.10/site-packages/pip/_vendor/tomli/__pycache__) by extension 'python'
[1.199s] Level 1:colcon.colcon_core.package_identification:_identify(venv/lib/python3.10/site-packages/pip/_vendor/tomli/__pycache__) by extensions ['python_setup_py']
[1.199s] Level 1:colcon.colcon_core.package_identification:_identify(venv/lib/python3.10/site-packages/pip/_vendor/tomli/__pycache__) by extension 'python_setup_py'
[1.199s] Level 1:colcon.colcon_core.package_identification:_identify(venv/lib/python3.10/site-packages/pip/_vendor/urllib3) by extensions ['ignore', 'ignore_ament_install']
[1.199s] Level 1:colcon.colcon_core.package_identification:_identify(venv/lib/python3.10/site-packages/pip/_vendor/urllib3) by extension 'ignore'
[1.199s] Level 1:colcon.colcon_core.package_identification:_identify(venv/lib/python3.10/site-packages/pip/_vendor/urllib3) by extension 'ignore_ament_install'
[1.199s] Level 1:colcon.colcon_core.package_identification:_identify(venv/lib/python3.10/site-packages/pip/_vendor/urllib3) by extensions ['colcon_pkg']
[1.199s] Level 1:colcon.colcon_core.package_identification:_identify(venv/lib/python3.10/site-packages/pip/_vendor/urllib3) by extension 'colcon_pkg'
[1.199s] Level 1:colcon.colcon_core.package_identification:_identify(venv/lib/python3.10/site-packages/pip/_vendor/urllib3) by extensions ['colcon_meta']
[1.199s] Level 1:colcon.colcon_core.package_identification:_identify(venv/lib/python3.10/site-packages/pip/_vendor/urllib3) by extension 'colcon_meta'
[1.199s] Level 1:colcon.colcon_core.package_identification:_identify(venv/lib/python3.10/site-packages/pip/_vendor/urllib3) by extensions ['ros']
[1.199s] Level 1:colcon.colcon_core.package_identification:_identify(venv/lib/python3.10/site-packages/pip/_vendor/urllib3) by extension 'ros'
[1.199s] Level 1:colcon.colcon_core.package_identification:_identify(venv/lib/python3.10/site-packages/pip/_vendor/urllib3) by extensions ['cmake', 'python']
[1.199s] Level 1:colcon.colcon_core.package_identification:_identify(venv/lib/python3.10/site-packages/pip/_vendor/urllib3) by extension 'cmake'
[1.199s] Level 1:colcon.colcon_core.package_identification:_identify(venv/lib/python3.10/site-packages/pip/_vendor/urllib3) by extension 'python'
[1.199s] Level 1:colcon.colcon_core.package_identification:_identify(venv/lib/python3.10/site-packages/pip/_vendor/urllib3) by extensions ['python_setup_py']
[1.199s] Level 1:colcon.colcon_core.package_identification:_identify(venv/lib/python3.10/site-packages/pip/_vendor/urllib3) by extension 'python_setup_py'
[1.199s] Level 1:colcon.colcon_core.package_identification:_identify(venv/lib/python3.10/site-packages/pip/_vendor/urllib3/__pycache__) by extensions ['ignore', 'ignore_ament_install']
[1.200s] Level 1:colcon.colcon_core.package_identification:_identify(venv/lib/python3.10/site-packages/pip/_vendor/urllib3/__pycache__) by extension 'ignore'
[1.200s] Level 1:colcon.colcon_core.package_identification:_identify(venv/lib/python3.10/site-packages/pip/_vendor/urllib3/__pycache__) by extension 'ignore_ament_install'
[1.200s] Level 1:colcon.colcon_core.package_identification:_identify(venv/lib/python3.10/site-packages/pip/_vendor/urllib3/__pycache__) by extensions ['colcon_pkg']
[1.200s] Level 1:colcon.colcon_core.package_identification:_identify(venv/lib/python3.10/site-packages/pip/_vendor/urllib3/__pycache__) by extension 'colcon_pkg'
[1.200s] Level 1:colcon.colcon_core.package_identification:_identify(venv/lib/python3.10/site-packages/pip/_vendor/urllib3/__pycache__) by extensions ['colcon_meta']
[1.200s] Level 1:colcon.colcon_core.package_identification:_identify(venv/lib/python3.10/site-packages/pip/_vendor/urllib3/__pycache__) by extension 'colcon_meta'
[1.200s] Level 1:colcon.colcon_core.package_identification:_identify(venv/lib/python3.10/site-packages/pip/_vendor/urllib3/__pycache__) by extensions ['ros']
[1.200s] Level 1:colcon.colcon_core.package_identification:_identify(venv/lib/python3.10/site-packages/pip/_vendor/urllib3/__pycache__) by extension 'ros'
[1.200s] Level 1:colcon.colcon_core.package_identification:_identify(venv/lib/python3.10/site-packages/pip/_vendor/urllib3/__pycache__) by extensions ['cmake', 'python']
[1.200s] Level 1:colcon.colcon_core.package_identification:_identify(venv/lib/python3.10/site-packages/pip/_vendor/urllib3/__pycache__) by extension 'cmake'
[1.200s] Level 1:colcon.colcon_core.package_identification:_identify(venv/lib/python3.10/site-packages/pip/_vendor/urllib3/__pycache__) by extension 'python'
[1.200s] Level 1:colcon.colcon_core.package_identification:_identify(venv/lib/python3.10/site-packages/pip/_vendor/urllib3/__pycache__) by extensions ['python_setup_py']
[1.200s] Level 1:colcon.colcon_core.package_identification:_identify(venv/lib/python3.10/site-packages/pip/_vendor/urllib3/__pycache__) by extension 'python_setup_py'
[1.200s] Level 1:colcon.colcon_core.package_identification:_identify(venv/lib/python3.10/site-packages/pip/_vendor/urllib3/contrib) by extensions ['ignore', 'ignore_ament_install']
[1.200s] Level 1:colcon.colcon_core.package_identification:_identify(venv/lib/python3.10/site-packages/pip/_vendor/urllib3/contrib) by extension 'ignore'
[1.200s] Level 1:colcon.colcon_core.package_identification:_identify(venv/lib/python3.10/site-packages/pip/_vendor/urllib3/contrib) by extension 'ignore_ament_install'
[1.200s] Level 1:colcon.colcon_core.package_identification:_identify(venv/lib/python3.10/site-packages/pip/_vendor/urllib3/contrib) by extensions ['colcon_pkg']
[1.200s] Level 1:colcon.colcon_core.package_identification:_identify(venv/lib/python3.10/site-packages/pip/_vendor/urllib3/contrib) by extension 'colcon_pkg'
[1.200s] Level 1:colcon.colcon_core.package_identification:_identify(venv/lib/python3.10/site-packages/pip/_vendor/urllib3/contrib) by extensions ['colcon_meta']
[1.200s] Level 1:colcon.colcon_core.package_identification:_identify(venv/lib/python3.10/site-packages/pip/_vendor/urllib3/contrib) by extension 'colcon_meta'
[1.200s] Level 1:colcon.colcon_core.package_identification:_identify(venv/lib/python3.10/site-packages/pip/_vendor/urllib3/contrib) by extensions ['ros']
[1.200s] Level 1:colcon.colcon_core.package_identification:_identify(venv/lib/python3.10/site-packages/pip/_vendor/urllib3/contrib) by extension 'ros'
[1.200s] Level 1:colcon.colcon_core.package_identification:_identify(venv/lib/python3.10/site-packages/pip/_vendor/urllib3/contrib) by extensions ['cmake', 'python']
[1.200s] Level 1:colcon.colcon_core.package_identification:_identify(venv/lib/python3.10/site-packages/pip/_vendor/urllib3/contrib) by extension 'cmake'
[1.200s] Level 1:colcon.colcon_core.package_identification:_identify(venv/lib/python3.10/site-packages/pip/_vendor/urllib3/contrib) by extension 'python'
[1.200s] Level 1:colcon.colcon_core.package_identification:_identify(venv/lib/python3.10/site-packages/pip/_vendor/urllib3/contrib) by extensions ['python_setup_py']
[1.200s] Level 1:colcon.colcon_core.package_identification:_identify(venv/lib/python3.10/site-packages/pip/_vendor/urllib3/contrib) by extension 'python_setup_py'
[1.200s] Level 1:colcon.colcon_core.package_identification:_identify(venv/lib/python3.10/site-packages/pip/_vendor/urllib3/contrib/__pycache__) by extensions ['ignore', 'ignore_ament_install']
[1.200s] Level 1:colcon.colcon_core.package_identification:_identify(venv/lib/python3.10/site-packages/pip/_vendor/urllib3/contrib/__pycache__) by extension 'ignore'
[1.200s] Level 1:colcon.colcon_core.package_identification:_identify(venv/lib/python3.10/site-packages/pip/_vendor/urllib3/contrib/__pycache__) by extension 'ignore_ament_install'
[1.200s] Level 1:colcon.colcon_core.package_identification:_identify(venv/lib/python3.10/site-packages/pip/_vendor/urllib3/contrib/__pycache__) by extensions ['colcon_pkg']
[1.200s] Level 1:colcon.colcon_core.package_identification:_identify(venv/lib/python3.10/site-packages/pip/_vendor/urllib3/contrib/__pycache__) by extension 'colcon_pkg'
[1.201s] Level 1:colcon.colcon_core.package_identification:_identify(venv/lib/python3.10/site-packages/pip/_vendor/urllib3/contrib/__pycache__) by extensions ['colcon_meta']
[1.201s] Level 1:colcon.colcon_core.package_identification:_identify(venv/lib/python3.10/site-packages/pip/_vendor/urllib3/contrib/__pycache__) by extension 'colcon_meta'
[1.201s] Level 1:colcon.colcon_core.package_identification:_identify(venv/lib/python3.10/site-packages/pip/_vendor/urllib3/contrib/__pycache__) by extensions ['ros']
[1.201s] Level 1:colcon.colcon_core.package_identification:_identify(venv/lib/python3.10/site-packages/pip/_vendor/urllib3/contrib/__pycache__) by extension 'ros'
[1.201s] Level 1:colcon.colcon_core.package_identification:_identify(venv/lib/python3.10/site-packages/pip/_vendor/urllib3/contrib/__pycache__) by extensions ['cmake', 'python']
[1.201s] Level 1:colcon.colcon_core.package_identification:_identify(venv/lib/python3.10/site-packages/pip/_vendor/urllib3/contrib/__pycache__) by extension 'cmake'
[1.201s] Level 1:colcon.colcon_core.package_identification:_identify(venv/lib/python3.10/site-packages/pip/_vendor/urllib3/contrib/__pycache__) by extension 'python'
[1.201s] Level 1:colcon.colcon_core.package_identification:_identify(venv/lib/python3.10/site-packages/pip/_vendor/urllib3/contrib/__pycache__) by extensions ['python_setup_py']
[1.201s] Level 1:colcon.colcon_core.package_identification:_identify(venv/lib/python3.10/site-packages/pip/_vendor/urllib3/contrib/__pycache__) by extension 'python_setup_py'
[1.201s] Level 1:colcon.colcon_core.package_identification:_identify(venv/lib/python3.10/site-packages/pip/_vendor/urllib3/contrib/_securetransport) by extensions ['ignore', 'ignore_ament_install']
[1.201s] Level 1:colcon.colcon_core.package_identification:_identify(venv/lib/python3.10/site-packages/pip/_vendor/urllib3/contrib/_securetransport) by extension 'ignore'
[1.201s] Level 1:colcon.colcon_core.package_identification:_identify(venv/lib/python3.10/site-packages/pip/_vendor/urllib3/contrib/_securetransport) by extension 'ignore_ament_install'
[1.201s] Level 1:colcon.colcon_core.package_identification:_identify(venv/lib/python3.10/site-packages/pip/_vendor/urllib3/contrib/_securetransport) by extensions ['colcon_pkg']
[1.201s] Level 1:colcon.colcon_core.package_identification:_identify(venv/lib/python3.10/site-packages/pip/_vendor/urllib3/contrib/_securetransport) by extension 'colcon_pkg'
[1.201s] Level 1:colcon.colcon_core.package_identification:_identify(venv/lib/python3.10/site-packages/pip/_vendor/urllib3/contrib/_securetransport) by extensions ['colcon_meta']
[1.201s] Level 1:colcon.colcon_core.package_identification:_identify(venv/lib/python3.10/site-packages/pip/_vendor/urllib3/contrib/_securetransport) by extension 'colcon_meta'
[1.201s] Level 1:colcon.colcon_core.package_identification:_identify(venv/lib/python3.10/site-packages/pip/_vendor/urllib3/contrib/_securetransport) by extensions ['ros']
[1.201s] Level 1:colcon.colcon_core.package_identification:_identify(venv/lib/python3.10/site-packages/pip/_vendor/urllib3/contrib/_securetransport) by extension 'ros'
[1.201s] Level 1:colcon.colcon_core.package_identification:_identify(venv/lib/python3.10/site-packages/pip/_vendor/urllib3/contrib/_securetransport) by extensions ['cmake', 'python']
[1.201s] Level 1:colcon.colcon_core.package_identification:_identify(venv/lib/python3.10/site-packages/pip/_vendor/urllib3/contrib/_securetransport) by extension 'cmake'
[1.201s] Level 1:colcon.colcon_core.package_identification:_identify(venv/lib/python3.10/site-packages/pip/_vendor/urllib3/contrib/_securetransport) by extension 'python'
[1.201s] Level 1:colcon.colcon_core.package_identification:_identify(venv/lib/python3.10/site-packages/pip/_vendor/urllib3/contrib/_securetransport) by extensions ['python_setup_py']
[1.201s] Level 1:colcon.colcon_core.package_identification:_identify(venv/lib/python3.10/site-packages/pip/_vendor/urllib3/contrib/_securetransport) by extension 'python_setup_py'
[1.201s] Level 1:colcon.colcon_core.package_identification:_identify(venv/lib/python3.10/site-packages/pip/_vendor/urllib3/contrib/_securetransport/__pycache__) by extensions ['ignore', 'ignore_ament_install']
[1.201s] Level 1:colcon.colcon_core.package_identification:_identify(venv/lib/python3.10/site-packages/pip/_vendor/urllib3/contrib/_securetransport/__pycache__) by extension 'ignore'
[1.201s] Level 1:colcon.colcon_core.package_identification:_identify(venv/lib/python3.10/site-packages/pip/_vendor/urllib3/contrib/_securetransport/__pycache__) by extension 'ignore_ament_install'
[1.201s] Level 1:colcon.colcon_core.package_identification:_identify(venv/lib/python3.10/site-packages/pip/_vendor/urllib3/contrib/_securetransport/__pycache__) by extensions ['colcon_pkg']
[1.201s] Level 1:colcon.colcon_core.package_identification:_identify(venv/lib/python3.10/site-packages/pip/_vendor/urllib3/contrib/_securetransport/__pycache__) by extension 'colcon_pkg'
[1.201s] Level 1:colcon.colcon_core.package_identification:_identify(venv/lib/python3.10/site-packages/pip/_vendor/urllib3/contrib/_securetransport/__pycache__) by extensions ['colcon_meta']
[1.201s] Level 1:colcon.colcon_core.package_identification:_identify(venv/lib/python3.10/site-packages/pip/_vendor/urllib3/contrib/_securetransport/__pycache__) by extension 'colcon_meta'
[1.201s] Level 1:colcon.colcon_core.package_identification:_identify(venv/lib/python3.10/site-packages/pip/_vendor/urllib3/contrib/_securetransport/__pycache__) by extensions ['ros']
[1.202s] Level 1:colcon.colcon_core.package_identification:_identify(venv/lib/python3.10/site-packages/pip/_vendor/urllib3/contrib/_securetransport/__pycache__) by extension 'ros'
[1.202s] Level 1:colcon.colcon_core.package_identification:_identify(venv/lib/python3.10/site-packages/pip/_vendor/urllib3/contrib/_securetransport/__pycache__) by extensions ['cmake', 'python']
[1.202s] Level 1:colcon.colcon_core.package_identification:_identify(venv/lib/python3.10/site-packages/pip/_vendor/urllib3/contrib/_securetransport/__pycache__) by extension 'cmake'
[1.202s] Level 1:colcon.colcon_core.package_identification:_identify(venv/lib/python3.10/site-packages/pip/_vendor/urllib3/contrib/_securetransport/__pycache__) by extension 'python'
[1.202s] Level 1:colcon.colcon_core.package_identification:_identify(venv/lib/python3.10/site-packages/pip/_vendor/urllib3/contrib/_securetransport/__pycache__) by extensions ['python_setup_py']
[1.202s] Level 1:colcon.colcon_core.package_identification:_identify(venv/lib/python3.10/site-packages/pip/_vendor/urllib3/contrib/_securetransport/__pycache__) by extension 'python_setup_py'
[1.202s] Level 1:colcon.colcon_core.package_identification:_identify(venv/lib/python3.10/site-packages/pip/_vendor/urllib3/packages) by extensions ['ignore', 'ignore_ament_install']
[1.202s] Level 1:colcon.colcon_core.package_identification:_identify(venv/lib/python3.10/site-packages/pip/_vendor/urllib3/packages) by extension 'ignore'
[1.202s] Level 1:colcon.colcon_core.package_identification:_identify(venv/lib/python3.10/site-packages/pip/_vendor/urllib3/packages) by extension 'ignore_ament_install'
[1.202s] Level 1:colcon.colcon_core.package_identification:_identify(venv/lib/python3.10/site-packages/pip/_vendor/urllib3/packages) by extensions ['colcon_pkg']
[1.202s] Level 1:colcon.colcon_core.package_identification:_identify(venv/lib/python3.10/site-packages/pip/_vendor/urllib3/packages) by extension 'colcon_pkg'
[1.202s] Level 1:colcon.colcon_core.package_identification:_identify(venv/lib/python3.10/site-packages/pip/_vendor/urllib3/packages) by extensions ['colcon_meta']
[1.202s] Level 1:colcon.colcon_core.package_identification:_identify(venv/lib/python3.10/site-packages/pip/_vendor/urllib3/packages) by extension 'colcon_meta'
[1.202s] Level 1:colcon.colcon_core.package_identification:_identify(venv/lib/python3.10/site-packages/pip/_vendor/urllib3/packages) by extensions ['ros']
[1.202s] Level 1:colcon.colcon_core.package_identification:_identify(venv/lib/python3.10/site-packages/pip/_vendor/urllib3/packages) by extension 'ros'
[1.202s] Level 1:colcon.colcon_core.package_identification:_identify(venv/lib/python3.10/site-packages/pip/_vendor/urllib3/packages) by extensions ['cmake', 'python']
[1.202s] Level 1:colcon.colcon_core.package_identification:_identify(venv/lib/python3.10/site-packages/pip/_vendor/urllib3/packages) by extension 'cmake'
[1.202s] Level 1:colcon.colcon_core.package_identification:_identify(venv/lib/python3.10/site-packages/pip/_vendor/urllib3/packages) by extension 'python'
[1.202s] Level 1:colcon.colcon_core.package_identification:_identify(venv/lib/python3.10/site-packages/pip/_vendor/urllib3/packages) by extensions ['python_setup_py']
[1.202s] Level 1:colcon.colcon_core.package_identification:_identify(venv/lib/python3.10/site-packages/pip/_vendor/urllib3/packages) by extension 'python_setup_py'
[1.202s] Level 1:colcon.colcon_core.package_identification:_identify(venv/lib/python3.10/site-packages/pip/_vendor/urllib3/packages/__pycache__) by extensions ['ignore', 'ignore_ament_install']
[1.202s] Level 1:colcon.colcon_core.package_identification:_identify(venv/lib/python3.10/site-packages/pip/_vendor/urllib3/packages/__pycache__) by extension 'ignore'
[1.202s] Level 1:colcon.colcon_core.package_identification:_identify(venv/lib/python3.10/site-packages/pip/_vendor/urllib3/packages/__pycache__) by extension 'ignore_ament_install'
[1.202s] Level 1:colcon.colcon_core.package_identification:_identify(venv/lib/python3.10/site-packages/pip/_vendor/urllib3/packages/__pycache__) by extensions ['colcon_pkg']
[1.202s] Level 1:colcon.colcon_core.package_identification:_identify(venv/lib/python3.10/site-packages/pip/_vendor/urllib3/packages/__pycache__) by extension 'colcon_pkg'
[1.202s] Level 1:colcon.colcon_core.package_identification:_identify(venv/lib/python3.10/site-packages/pip/_vendor/urllib3/packages/__pycache__) by extensions ['colcon_meta']
[1.202s] Level 1:colcon.colcon_core.package_identification:_identify(venv/lib/python3.10/site-packages/pip/_vendor/urllib3/packages/__pycache__) by extension 'colcon_meta'
[1.202s] Level 1:colcon.colcon_core.package_identification:_identify(venv/lib/python3.10/site-packages/pip/_vendor/urllib3/packages/__pycache__) by extensions ['ros']
[1.202s] Level 1:colcon.colcon_core.package_identification:_identify(venv/lib/python3.10/site-packages/pip/_vendor/urllib3/packages/__pycache__) by extension 'ros'
[1.202s] Level 1:colcon.colcon_core.package_identification:_identify(venv/lib/python3.10/site-packages/pip/_vendor/urllib3/packages/__pycache__) by extensions ['cmake', 'python']
[1.202s] Level 1:colcon.colcon_core.package_identification:_identify(venv/lib/python3.10/site-packages/pip/_vendor/urllib3/packages/__pycache__) by extension 'cmake'
[1.202s] Level 1:colcon.colcon_core.package_identification:_identify(venv/lib/python3.10/site-packages/pip/_vendor/urllib3/packages/__pycache__) by extension 'python'
[1.202s] Level 1:colcon.colcon_core.package_identification:_identify(venv/lib/python3.10/site-packages/pip/_vendor/urllib3/packages/__pycache__) by extensions ['python_setup_py']
[1.203s] Level 1:colcon.colcon_core.package_identification:_identify(venv/lib/python3.10/site-packages/pip/_vendor/urllib3/packages/__pycache__) by extension 'python_setup_py'
[1.203s] Level 1:colcon.colcon_core.package_identification:_identify(venv/lib/python3.10/site-packages/pip/_vendor/urllib3/packages/backports) by extensions ['ignore', 'ignore_ament_install']
[1.203s] Level 1:colcon.colcon_core.package_identification:_identify(venv/lib/python3.10/site-packages/pip/_vendor/urllib3/packages/backports) by extension 'ignore'
[1.203s] Level 1:colcon.colcon_core.package_identification:_identify(venv/lib/python3.10/site-packages/pip/_vendor/urllib3/packages/backports) by extension 'ignore_ament_install'
[1.203s] Level 1:colcon.colcon_core.package_identification:_identify(venv/lib/python3.10/site-packages/pip/_vendor/urllib3/packages/backports) by extensions ['colcon_pkg']
[1.203s] Level 1:colcon.colcon_core.package_identification:_identify(venv/lib/python3.10/site-packages/pip/_vendor/urllib3/packages/backports) by extension 'colcon_pkg'
[1.203s] Level 1:colcon.colcon_core.package_identification:_identify(venv/lib/python3.10/site-packages/pip/_vendor/urllib3/packages/backports) by extensions ['colcon_meta']
[1.203s] Level 1:colcon.colcon_core.package_identification:_identify(venv/lib/python3.10/site-packages/pip/_vendor/urllib3/packages/backports) by extension 'colcon_meta'
[1.203s] Level 1:colcon.colcon_core.package_identification:_identify(venv/lib/python3.10/site-packages/pip/_vendor/urllib3/packages/backports) by extensions ['ros']
[1.203s] Level 1:colcon.colcon_core.package_identification:_identify(venv/lib/python3.10/site-packages/pip/_vendor/urllib3/packages/backports) by extension 'ros'
[1.203s] Level 1:colcon.colcon_core.package_identification:_identify(venv/lib/python3.10/site-packages/pip/_vendor/urllib3/packages/backports) by extensions ['cmake', 'python']
[1.203s] Level 1:colcon.colcon_core.package_identification:_identify(venv/lib/python3.10/site-packages/pip/_vendor/urllib3/packages/backports) by extension 'cmake'
[1.203s] Level 1:colcon.colcon_core.package_identification:_identify(venv/lib/python3.10/site-packages/pip/_vendor/urllib3/packages/backports) by extension 'python'
[1.203s] Level 1:colcon.colcon_core.package_identification:_identify(venv/lib/python3.10/site-packages/pip/_vendor/urllib3/packages/backports) by extensions ['python_setup_py']
[1.203s] Level 1:colcon.colcon_core.package_identification:_identify(venv/lib/python3.10/site-packages/pip/_vendor/urllib3/packages/backports) by extension 'python_setup_py'
[1.203s] Level 1:colcon.colcon_core.package_identification:_identify(venv/lib/python3.10/site-packages/pip/_vendor/urllib3/packages/backports/__pycache__) by extensions ['ignore', 'ignore_ament_install']
[1.203s] Level 1:colcon.colcon_core.package_identification:_identify(venv/lib/python3.10/site-packages/pip/_vendor/urllib3/packages/backports/__pycache__) by extension 'ignore'
[1.203s] Level 1:colcon.colcon_core.package_identification:_identify(venv/lib/python3.10/site-packages/pip/_vendor/urllib3/packages/backports/__pycache__) by extension 'ignore_ament_install'
[1.203s] Level 1:colcon.colcon_core.package_identification:_identify(venv/lib/python3.10/site-packages/pip/_vendor/urllib3/packages/backports/__pycache__) by extensions ['colcon_pkg']
[1.203s] Level 1:colcon.colcon_core.package_identification:_identify(venv/lib/python3.10/site-packages/pip/_vendor/urllib3/packages/backports/__pycache__) by extension 'colcon_pkg'
[1.203s] Level 1:colcon.colcon_core.package_identification:_identify(venv/lib/python3.10/site-packages/pip/_vendor/urllib3/packages/backports/__pycache__) by extensions ['colcon_meta']
[1.203s] Level 1:colcon.colcon_core.package_identification:_identify(venv/lib/python3.10/site-packages/pip/_vendor/urllib3/packages/backports/__pycache__) by extension 'colcon_meta'
[1.203s] Level 1:colcon.colcon_core.package_identification:_identify(venv/lib/python3.10/site-packages/pip/_vendor/urllib3/packages/backports/__pycache__) by extensions ['ros']
[1.203s] Level 1:colcon.colcon_core.package_identification:_identify(venv/lib/python3.10/site-packages/pip/_vendor/urllib3/packages/backports/__pycache__) by extension 'ros'
[1.203s] Level 1:colcon.colcon_core.package_identification:_identify(venv/lib/python3.10/site-packages/pip/_vendor/urllib3/packages/backports/__pycache__) by extensions ['cmake', 'python']
[1.203s] Level 1:colcon.colcon_core.package_identification:_identify(venv/lib/python3.10/site-packages/pip/_vendor/urllib3/packages/backports/__pycache__) by extension 'cmake'
[1.203s] Level 1:colcon.colcon_core.package_identification:_identify(venv/lib/python3.10/site-packages/pip/_vendor/urllib3/packages/backports/__pycache__) by extension 'python'
[1.203s] Level 1:colcon.colcon_core.package_identification:_identify(venv/lib/python3.10/site-packages/pip/_vendor/urllib3/packages/backports/__pycache__) by extensions ['python_setup_py']
[1.203s] Level 1:colcon.colcon_core.package_identification:_identify(venv/lib/python3.10/site-packages/pip/_vendor/urllib3/packages/backports/__pycache__) by extension 'python_setup_py'
[1.203s] Level 1:colcon.colcon_core.package_identification:_identify(venv/lib/python3.10/site-packages/pip/_vendor/urllib3/util) by extensions ['ignore', 'ignore_ament_install']
[1.204s] Level 1:colcon.colcon_core.package_identification:_identify(venv/lib/python3.10/site-packages/pip/_vendor/urllib3/util) by extension 'ignore'
[1.204s] Level 1:colcon.colcon_core.package_identification:_identify(venv/lib/python3.10/site-packages/pip/_vendor/urllib3/util) by extension 'ignore_ament_install'
[1.204s] Level 1:colcon.colcon_core.package_identification:_identify(venv/lib/python3.10/site-packages/pip/_vendor/urllib3/util) by extensions ['colcon_pkg']
[1.204s] Level 1:colcon.colcon_core.package_identification:_identify(venv/lib/python3.10/site-packages/pip/_vendor/urllib3/util) by extension 'colcon_pkg'
[1.204s] Level 1:colcon.colcon_core.package_identification:_identify(venv/lib/python3.10/site-packages/pip/_vendor/urllib3/util) by extensions ['colcon_meta']
[1.204s] Level 1:colcon.colcon_core.package_identification:_identify(venv/lib/python3.10/site-packages/pip/_vendor/urllib3/util) by extension 'colcon_meta'
[1.204s] Level 1:colcon.colcon_core.package_identification:_identify(venv/lib/python3.10/site-packages/pip/_vendor/urllib3/util) by extensions ['ros']
[1.204s] Level 1:colcon.colcon_core.package_identification:_identify(venv/lib/python3.10/site-packages/pip/_vendor/urllib3/util) by extension 'ros'
[1.204s] Level 1:colcon.colcon_core.package_identification:_identify(venv/lib/python3.10/site-packages/pip/_vendor/urllib3/util) by extensions ['cmake', 'python']
[1.204s] Level 1:colcon.colcon_core.package_identification:_identify(venv/lib/python3.10/site-packages/pip/_vendor/urllib3/util) by extension 'cmake'
[1.204s] Level 1:colcon.colcon_core.package_identification:_identify(venv/lib/python3.10/site-packages/pip/_vendor/urllib3/util) by extension 'python'
[1.204s] Level 1:colcon.colcon_core.package_identification:_identify(venv/lib/python3.10/site-packages/pip/_vendor/urllib3/util) by extensions ['python_setup_py']
[1.204s] Level 1:colcon.colcon_core.package_identification:_identify(venv/lib/python3.10/site-packages/pip/_vendor/urllib3/util) by extension 'python_setup_py'
[1.204s] Level 1:colcon.colcon_core.package_identification:_identify(venv/lib/python3.10/site-packages/pip/_vendor/urllib3/util/__pycache__) by extensions ['ignore', 'ignore_ament_install']
[1.204s] Level 1:colcon.colcon_core.package_identification:_identify(venv/lib/python3.10/site-packages/pip/_vendor/urllib3/util/__pycache__) by extension 'ignore'
[1.204s] Level 1:colcon.colcon_core.package_identification:_identify(venv/lib/python3.10/site-packages/pip/_vendor/urllib3/util/__pycache__) by extension 'ignore_ament_install'
[1.204s] Level 1:colcon.colcon_core.package_identification:_identify(venv/lib/python3.10/site-packages/pip/_vendor/urllib3/util/__pycache__) by extensions ['colcon_pkg']
[1.204s] Level 1:colcon.colcon_core.package_identification:_identify(venv/lib/python3.10/site-packages/pip/_vendor/urllib3/util/__pycache__) by extension 'colcon_pkg'
[1.204s] Level 1:colcon.colcon_core.package_identification:_identify(venv/lib/python3.10/site-packages/pip/_vendor/urllib3/util/__pycache__) by extensions ['colcon_meta']
[1.204s] Level 1:colcon.colcon_core.package_identification:_identify(venv/lib/python3.10/site-packages/pip/_vendor/urllib3/util/__pycache__) by extension 'colcon_meta'
[1.204s] Level 1:colcon.colcon_core.package_identification:_identify(venv/lib/python3.10/site-packages/pip/_vendor/urllib3/util/__pycache__) by extensions ['ros']
[1.204s] Level 1:colcon.colcon_core.package_identification:_identify(venv/lib/python3.10/site-packages/pip/_vendor/urllib3/util/__pycache__) by extension 'ros'
[1.204s] Level 1:colcon.colcon_core.package_identification:_identify(venv/lib/python3.10/site-packages/pip/_vendor/urllib3/util/__pycache__) by extensions ['cmake', 'python']
[1.204s] Level 1:colcon.colcon_core.package_identification:_identify(venv/lib/python3.10/site-packages/pip/_vendor/urllib3/util/__pycache__) by extension 'cmake'
[1.204s] Level 1:colcon.colcon_core.package_identification:_identify(venv/lib/python3.10/site-packages/pip/_vendor/urllib3/util/__pycache__) by extension 'python'
[1.204s] Level 1:colcon.colcon_core.package_identification:_identify(venv/lib/python3.10/site-packages/pip/_vendor/urllib3/util/__pycache__) by extensions ['python_setup_py']
[1.204s] Level 1:colcon.colcon_core.package_identification:_identify(venv/lib/python3.10/site-packages/pip/_vendor/urllib3/util/__pycache__) by extension 'python_setup_py'
[1.204s] Level 1:colcon.colcon_core.package_identification:_identify(venv/lib/python3.10/site-packages/pip/_vendor/webencodings) by extensions ['ignore', 'ignore_ament_install']
[1.204s] Level 1:colcon.colcon_core.package_identification:_identify(venv/lib/python3.10/site-packages/pip/_vendor/webencodings) by extension 'ignore'
[1.204s] Level 1:colcon.colcon_core.package_identification:_identify(venv/lib/python3.10/site-packages/pip/_vendor/webencodings) by extension 'ignore_ament_install'
[1.204s] Level 1:colcon.colcon_core.package_identification:_identify(venv/lib/python3.10/site-packages/pip/_vendor/webencodings) by extensions ['colcon_pkg']
[1.204s] Level 1:colcon.colcon_core.package_identification:_identify(venv/lib/python3.10/site-packages/pip/_vendor/webencodings) by extension 'colcon_pkg'
[1.205s] Level 1:colcon.colcon_core.package_identification:_identify(venv/lib/python3.10/site-packages/pip/_vendor/webencodings) by extensions ['colcon_meta']
[1.205s] Level 1:colcon.colcon_core.package_identification:_identify(venv/lib/python3.10/site-packages/pip/_vendor/webencodings) by extension 'colcon_meta'
[1.205s] Level 1:colcon.colcon_core.package_identification:_identify(venv/lib/python3.10/site-packages/pip/_vendor/webencodings) by extensions ['ros']
[1.205s] Level 1:colcon.colcon_core.package_identification:_identify(venv/lib/python3.10/site-packages/pip/_vendor/webencodings) by extension 'ros'
[1.205s] Level 1:colcon.colcon_core.package_identification:_identify(venv/lib/python3.10/site-packages/pip/_vendor/webencodings) by extensions ['cmake', 'python']
[1.205s] Level 1:colcon.colcon_core.package_identification:_identify(venv/lib/python3.10/site-packages/pip/_vendor/webencodings) by extension 'cmake'
[1.205s] Level 1:colcon.colcon_core.package_identification:_identify(venv/lib/python3.10/site-packages/pip/_vendor/webencodings) by extension 'python'
[1.205s] Level 1:colcon.colcon_core.package_identification:_identify(venv/lib/python3.10/site-packages/pip/_vendor/webencodings) by extensions ['python_setup_py']
[1.205s] Level 1:colcon.colcon_core.package_identification:_identify(venv/lib/python3.10/site-packages/pip/_vendor/webencodings) by extension 'python_setup_py'
[1.205s] Level 1:colcon.colcon_core.package_identification:_identify(venv/lib/python3.10/site-packages/pip/_vendor/webencodings/__pycache__) by extensions ['ignore', 'ignore_ament_install']
[1.205s] Level 1:colcon.colcon_core.package_identification:_identify(venv/lib/python3.10/site-packages/pip/_vendor/webencodings/__pycache__) by extension 'ignore'
[1.205s] Level 1:colcon.colcon_core.package_identification:_identify(venv/lib/python3.10/site-packages/pip/_vendor/webencodings/__pycache__) by extension 'ignore_ament_install'
[1.205s] Level 1:colcon.colcon_core.package_identification:_identify(venv/lib/python3.10/site-packages/pip/_vendor/webencodings/__pycache__) by extensions ['colcon_pkg']
[1.205s] Level 1:colcon.colcon_core.package_identification:_identify(venv/lib/python3.10/site-packages/pip/_vendor/webencodings/__pycache__) by extension 'colcon_pkg'
[1.205s] Level 1:colcon.colcon_core.package_identification:_identify(venv/lib/python3.10/site-packages/pip/_vendor/webencodings/__pycache__) by extensions ['colcon_meta']
[1.205s] Level 1:colcon.colcon_core.package_identification:_identify(venv/lib/python3.10/site-packages/pip/_vendor/webencodings/__pycache__) by extension 'colcon_meta'
[1.205s] Level 1:colcon.colcon_core.package_identification:_identify(venv/lib/python3.10/site-packages/pip/_vendor/webencodings/__pycache__) by extensions ['ros']
[1.205s] Level 1:colcon.colcon_core.package_identification:_identify(venv/lib/python3.10/site-packages/pip/_vendor/webencodings/__pycache__) by extension 'ros'
[1.205s] Level 1:colcon.colcon_core.package_identification:_identify(venv/lib/python3.10/site-packages/pip/_vendor/webencodings/__pycache__) by extensions ['cmake', 'python']
[1.205s] Level 1:colcon.colcon_core.package_identification:_identify(venv/lib/python3.10/site-packages/pip/_vendor/webencodings/__pycache__) by extension 'cmake'
[1.205s] Level 1:colcon.colcon_core.package_identification:_identify(venv/lib/python3.10/site-packages/pip/_vendor/webencodings/__pycache__) by extension 'python'
[1.205s] Level 1:colcon.colcon_core.package_identification:_identify(venv/lib/python3.10/site-packages/pip/_vendor/webencodings/__pycache__) by extensions ['python_setup_py']
[1.205s] Level 1:colcon.colcon_core.package_identification:_identify(venv/lib/python3.10/site-packages/pip/_vendor/webencodings/__pycache__) by extension 'python_setup_py'
[1.205s] Level 1:colcon.colcon_core.package_identification:_identify(venv/lib/python3.10/site-packages/pip-22.0.2.dist-info) by extensions ['ignore', 'ignore_ament_install']
[1.205s] Level 1:colcon.colcon_core.package_identification:_identify(venv/lib/python3.10/site-packages/pip-22.0.2.dist-info) by extension 'ignore'
[1.205s] Level 1:colcon.colcon_core.package_identification:_identify(venv/lib/python3.10/site-packages/pip-22.0.2.dist-info) by extension 'ignore_ament_install'
[1.205s] Level 1:colcon.colcon_core.package_identification:_identify(venv/lib/python3.10/site-packages/pip-22.0.2.dist-info) by extensions ['colcon_pkg']
[1.205s] Level 1:colcon.colcon_core.package_identification:_identify(venv/lib/python3.10/site-packages/pip-22.0.2.dist-info) by extension 'colcon_pkg'
[1.205s] Level 1:colcon.colcon_core.package_identification:_identify(venv/lib/python3.10/site-packages/pip-22.0.2.dist-info) by extensions ['colcon_meta']
[1.205s] Level 1:colcon.colcon_core.package_identification:_identify(venv/lib/python3.10/site-packages/pip-22.0.2.dist-info) by extension 'colcon_meta'
[1.205s] Level 1:colcon.colcon_core.package_identification:_identify(venv/lib/python3.10/site-packages/pip-22.0.2.dist-info) by extensions ['ros']
[1.205s] Level 1:colcon.colcon_core.package_identification:_identify(venv/lib/python3.10/site-packages/pip-22.0.2.dist-info) by extension 'ros'
[1.206s] Level 1:colcon.colcon_core.package_identification:_identify(venv/lib/python3.10/site-packages/pip-22.0.2.dist-info) by extensions ['cmake', 'python']
[1.206s] Level 1:colcon.colcon_core.package_identification:_identify(venv/lib/python3.10/site-packages/pip-22.0.2.dist-info) by extension 'cmake'
[1.206s] Level 1:colcon.colcon_core.package_identification:_identify(venv/lib/python3.10/site-packages/pip-22.0.2.dist-info) by extension 'python'
[1.206s] Level 1:colcon.colcon_core.package_identification:_identify(venv/lib/python3.10/site-packages/pip-22.0.2.dist-info) by extensions ['python_setup_py']
[1.206s] Level 1:colcon.colcon_core.package_identification:_identify(venv/lib/python3.10/site-packages/pip-22.0.2.dist-info) by extension 'python_setup_py'
[1.206s] Level 1:colcon.colcon_core.package_identification:_identify(venv/lib/python3.10/site-packages/pkg_resources) by extensions ['ignore', 'ignore_ament_install']
[1.206s] Level 1:colcon.colcon_core.package_identification:_identify(venv/lib/python3.10/site-packages/pkg_resources) by extension 'ignore'
[1.206s] Level 1:colcon.colcon_core.package_identification:_identify(venv/lib/python3.10/site-packages/pkg_resources) by extension 'ignore_ament_install'
[1.206s] Level 1:colcon.colcon_core.package_identification:_identify(venv/lib/python3.10/site-packages/pkg_resources) by extensions ['colcon_pkg']
[1.206s] Level 1:colcon.colcon_core.package_identification:_identify(venv/lib/python3.10/site-packages/pkg_resources) by extension 'colcon_pkg'
[1.206s] Level 1:colcon.colcon_core.package_identification:_identify(venv/lib/python3.10/site-packages/pkg_resources) by extensions ['colcon_meta']
[1.206s] Level 1:colcon.colcon_core.package_identification:_identify(venv/lib/python3.10/site-packages/pkg_resources) by extension 'colcon_meta'
[1.206s] Level 1:colcon.colcon_core.package_identification:_identify(venv/lib/python3.10/site-packages/pkg_resources) by extensions ['ros']
[1.206s] Level 1:colcon.colcon_core.package_identification:_identify(venv/lib/python3.10/site-packages/pkg_resources) by extension 'ros'
[1.206s] Level 1:colcon.colcon_core.package_identification:_identify(venv/lib/python3.10/site-packages/pkg_resources) by extensions ['cmake', 'python']
[1.206s] Level 1:colcon.colcon_core.package_identification:_identify(venv/lib/python3.10/site-packages/pkg_resources) by extension 'cmake'
[1.206s] Level 1:colcon.colcon_core.package_identification:_identify(venv/lib/python3.10/site-packages/pkg_resources) by extension 'python'
[1.206s] Level 1:colcon.colcon_core.package_identification:_identify(venv/lib/python3.10/site-packages/pkg_resources) by extensions ['python_setup_py']
[1.206s] Level 1:colcon.colcon_core.package_identification:_identify(venv/lib/python3.10/site-packages/pkg_resources) by extension 'python_setup_py'
[1.206s] Level 1:colcon.colcon_core.package_identification:_identify(venv/lib/python3.10/site-packages/pkg_resources/__pycache__) by extensions ['ignore', 'ignore_ament_install']
[1.206s] Level 1:colcon.colcon_core.package_identification:_identify(venv/lib/python3.10/site-packages/pkg_resources/__pycache__) by extension 'ignore'
[1.206s] Level 1:colcon.colcon_core.package_identification:_identify(venv/lib/python3.10/site-packages/pkg_resources/__pycache__) by extension 'ignore_ament_install'
[1.206s] Level 1:colcon.colcon_core.package_identification:_identify(venv/lib/python3.10/site-packages/pkg_resources/__pycache__) by extensions ['colcon_pkg']
[1.206s] Level 1:colcon.colcon_core.package_identification:_identify(venv/lib/python3.10/site-packages/pkg_resources/__pycache__) by extension 'colcon_pkg'
[1.206s] Level 1:colcon.colcon_core.package_identification:_identify(venv/lib/python3.10/site-packages/pkg_resources/__pycache__) by extensions ['colcon_meta']
[1.206s] Level 1:colcon.colcon_core.package_identification:_identify(venv/lib/python3.10/site-packages/pkg_resources/__pycache__) by extension 'colcon_meta'
[1.206s] Level 1:colcon.colcon_core.package_identification:_identify(venv/lib/python3.10/site-packages/pkg_resources/__pycache__) by extensions ['ros']
[1.206s] Level 1:colcon.colcon_core.package_identification:_identify(venv/lib/python3.10/site-packages/pkg_resources/__pycache__) by extension 'ros'
[1.206s] Level 1:colcon.colcon_core.package_identification:_identify(venv/lib/python3.10/site-packages/pkg_resources/__pycache__) by extensions ['cmake', 'python']
[1.206s] Level 1:colcon.colcon_core.package_identification:_identify(venv/lib/python3.10/site-packages/pkg_resources/__pycache__) by extension 'cmake'
[1.206s] Level 1:colcon.colcon_core.package_identification:_identify(venv/lib/python3.10/site-packages/pkg_resources/__pycache__) by extension 'python'
[1.206s] Level 1:colcon.colcon_core.package_identification:_identify(venv/lib/python3.10/site-packages/pkg_resources/__pycache__) by extensions ['python_setup_py']
[1.206s] Level 1:colcon.colcon_core.package_identification:_identify(venv/lib/python3.10/site-packages/pkg_resources/__pycache__) by extension 'python_setup_py'
[1.206s] Level 1:colcon.colcon_core.package_identification:_identify(venv/lib/python3.10/site-packages/pkg_resources/_vendor) by extensions ['ignore', 'ignore_ament_install']
[1.207s] Level 1:colcon.colcon_core.package_identification:_identify(venv/lib/python3.10/site-packages/pkg_resources/_vendor) by extension 'ignore'
[1.207s] Level 1:colcon.colcon_core.package_identification:_identify(venv/lib/python3.10/site-packages/pkg_resources/_vendor) by extension 'ignore_ament_install'
[1.207s] Level 1:colcon.colcon_core.package_identification:_identify(venv/lib/python3.10/site-packages/pkg_resources/_vendor) by extensions ['colcon_pkg']
[1.207s] Level 1:colcon.colcon_core.package_identification:_identify(venv/lib/python3.10/site-packages/pkg_resources/_vendor) by extension 'colcon_pkg'
[1.207s] Level 1:colcon.colcon_core.package_identification:_identify(venv/lib/python3.10/site-packages/pkg_resources/_vendor) by extensions ['colcon_meta']
[1.207s] Level 1:colcon.colcon_core.package_identification:_identify(venv/lib/python3.10/site-packages/pkg_resources/_vendor) by extension 'colcon_meta'
[1.207s] Level 1:colcon.colcon_core.package_identification:_identify(venv/lib/python3.10/site-packages/pkg_resources/_vendor) by extensions ['ros']
[1.207s] Level 1:colcon.colcon_core.package_identification:_identify(venv/lib/python3.10/site-packages/pkg_resources/_vendor) by extension 'ros'
[1.207s] Level 1:colcon.colcon_core.package_identification:_identify(venv/lib/python3.10/site-packages/pkg_resources/_vendor) by extensions ['cmake', 'python']
[1.207s] Level 1:colcon.colcon_core.package_identification:_identify(venv/lib/python3.10/site-packages/pkg_resources/_vendor) by extension 'cmake'
[1.207s] Level 1:colcon.colcon_core.package_identification:_identify(venv/lib/python3.10/site-packages/pkg_resources/_vendor) by extension 'python'
[1.207s] Level 1:colcon.colcon_core.package_identification:_identify(venv/lib/python3.10/site-packages/pkg_resources/_vendor) by extensions ['python_setup_py']
[1.207s] Level 1:colcon.colcon_core.package_identification:_identify(venv/lib/python3.10/site-packages/pkg_resources/_vendor) by extension 'python_setup_py'
[1.207s] Level 1:colcon.colcon_core.package_identification:_identify(venv/lib/python3.10/site-packages/pkg_resources/_vendor/__pycache__) by extensions ['ignore', 'ignore_ament_install']
[1.207s] Level 1:colcon.colcon_core.package_identification:_identify(venv/lib/python3.10/site-packages/pkg_resources/_vendor/__pycache__) by extension 'ignore'
[1.207s] Level 1:colcon.colcon_core.package_identification:_identify(venv/lib/python3.10/site-packages/pkg_resources/_vendor/__pycache__) by extension 'ignore_ament_install'
[1.207s] Level 1:colcon.colcon_core.package_identification:_identify(venv/lib/python3.10/site-packages/pkg_resources/_vendor/__pycache__) by extensions ['colcon_pkg']
[1.207s] Level 1:colcon.colcon_core.package_identification:_identify(venv/lib/python3.10/site-packages/pkg_resources/_vendor/__pycache__) by extension 'colcon_pkg'
[1.207s] Level 1:colcon.colcon_core.package_identification:_identify(venv/lib/python3.10/site-packages/pkg_resources/_vendor/__pycache__) by extensions ['colcon_meta']
[1.207s] Level 1:colcon.colcon_core.package_identification:_identify(venv/lib/python3.10/site-packages/pkg_resources/_vendor/__pycache__) by extension 'colcon_meta'
[1.207s] Level 1:colcon.colcon_core.package_identification:_identify(venv/lib/python3.10/site-packages/pkg_resources/_vendor/__pycache__) by extensions ['ros']
[1.207s] Level 1:colcon.colcon_core.package_identification:_identify(venv/lib/python3.10/site-packages/pkg_resources/_vendor/__pycache__) by extension 'ros'
[1.207s] Level 1:colcon.colcon_core.package_identification:_identify(venv/lib/python3.10/site-packages/pkg_resources/_vendor/__pycache__) by extensions ['cmake', 'python']
[1.207s] Level 1:colcon.colcon_core.package_identification:_identify(venv/lib/python3.10/site-packages/pkg_resources/_vendor/__pycache__) by extension 'cmake'
[1.207s] Level 1:colcon.colcon_core.package_identification:_identify(venv/lib/python3.10/site-packages/pkg_resources/_vendor/__pycache__) by extension 'python'
[1.207s] Level 1:colcon.colcon_core.package_identification:_identify(venv/lib/python3.10/site-packages/pkg_resources/_vendor/__pycache__) by extensions ['python_setup_py']
[1.207s] Level 1:colcon.colcon_core.package_identification:_identify(venv/lib/python3.10/site-packages/pkg_resources/_vendor/__pycache__) by extension 'python_setup_py'
[1.207s] Level 1:colcon.colcon_core.package_identification:_identify(venv/lib/python3.10/site-packages/pkg_resources/_vendor/packaging) by extensions ['ignore', 'ignore_ament_install']
[1.207s] Level 1:colcon.colcon_core.package_identification:_identify(venv/lib/python3.10/site-packages/pkg_resources/_vendor/packaging) by extension 'ignore'
[1.207s] Level 1:colcon.colcon_core.package_identification:_identify(venv/lib/python3.10/site-packages/pkg_resources/_vendor/packaging) by extension 'ignore_ament_install'
[1.207s] Level 1:colcon.colcon_core.package_identification:_identify(venv/lib/python3.10/site-packages/pkg_resources/_vendor/packaging) by extensions ['colcon_pkg']
[1.208s] Level 1:colcon.colcon_core.package_identification:_identify(venv/lib/python3.10/site-packages/pkg_resources/_vendor/packaging) by extension 'colcon_pkg'
[1.208s] Level 1:colcon.colcon_core.package_identification:_identify(venv/lib/python3.10/site-packages/pkg_resources/_vendor/packaging) by extensions ['colcon_meta']
[1.208s] Level 1:colcon.colcon_core.package_identification:_identify(venv/lib/python3.10/site-packages/pkg_resources/_vendor/packaging) by extension 'colcon_meta'
[1.208s] Level 1:colcon.colcon_core.package_identification:_identify(venv/lib/python3.10/site-packages/pkg_resources/_vendor/packaging) by extensions ['ros']
[1.208s] Level 1:colcon.colcon_core.package_identification:_identify(venv/lib/python3.10/site-packages/pkg_resources/_vendor/packaging) by extension 'ros'
[1.208s] Level 1:colcon.colcon_core.package_identification:_identify(venv/lib/python3.10/site-packages/pkg_resources/_vendor/packaging) by extensions ['cmake', 'python']
[1.208s] Level 1:colcon.colcon_core.package_identification:_identify(venv/lib/python3.10/site-packages/pkg_resources/_vendor/packaging) by extension 'cmake'
[1.208s] Level 1:colcon.colcon_core.package_identification:_identify(venv/lib/python3.10/site-packages/pkg_resources/_vendor/packaging) by extension 'python'
[1.208s] Level 1:colcon.colcon_core.package_identification:_identify(venv/lib/python3.10/site-packages/pkg_resources/_vendor/packaging) by extensions ['python_setup_py']
[1.208s] Level 1:colcon.colcon_core.package_identification:_identify(venv/lib/python3.10/site-packages/pkg_resources/_vendor/packaging) by extension 'python_setup_py'
[1.208s] Level 1:colcon.colcon_core.package_identification:_identify(venv/lib/python3.10/site-packages/pkg_resources/_vendor/packaging/__pycache__) by extensions ['ignore', 'ignore_ament_install']
[1.208s] Level 1:colcon.colcon_core.package_identification:_identify(venv/lib/python3.10/site-packages/pkg_resources/_vendor/packaging/__pycache__) by extension 'ignore'
[1.208s] Level 1:colcon.colcon_core.package_identification:_identify(venv/lib/python3.10/site-packages/pkg_resources/_vendor/packaging/__pycache__) by extension 'ignore_ament_install'
[1.208s] Level 1:colcon.colcon_core.package_identification:_identify(venv/lib/python3.10/site-packages/pkg_resources/_vendor/packaging/__pycache__) by extensions ['colcon_pkg']
[1.208s] Level 1:colcon.colcon_core.package_identification:_identify(venv/lib/python3.10/site-packages/pkg_resources/_vendor/packaging/__pycache__) by extension 'colcon_pkg'
[1.208s] Level 1:colcon.colcon_core.package_identification:_identify(venv/lib/python3.10/site-packages/pkg_resources/_vendor/packaging/__pycache__) by extensions ['colcon_meta']
[1.208s] Level 1:colcon.colcon_core.package_identification:_identify(venv/lib/python3.10/site-packages/pkg_resources/_vendor/packaging/__pycache__) by extension 'colcon_meta'
[1.208s] Level 1:colcon.colcon_core.package_identification:_identify(venv/lib/python3.10/site-packages/pkg_resources/_vendor/packaging/__pycache__) by extensions ['ros']
[1.208s] Level 1:colcon.colcon_core.package_identification:_identify(venv/lib/python3.10/site-packages/pkg_resources/_vendor/packaging/__pycache__) by extension 'ros'
[1.208s] Level 1:colcon.colcon_core.package_identification:_identify(venv/lib/python3.10/site-packages/pkg_resources/_vendor/packaging/__pycache__) by extensions ['cmake', 'python']
[1.208s] Level 1:colcon.colcon_core.package_identification:_identify(venv/lib/python3.10/site-packages/pkg_resources/_vendor/packaging/__pycache__) by extension 'cmake'
[1.208s] Level 1:colcon.colcon_core.package_identification:_identify(venv/lib/python3.10/site-packages/pkg_resources/_vendor/packaging/__pycache__) by extension 'python'
[1.208s] Level 1:colcon.colcon_core.package_identification:_identify(venv/lib/python3.10/site-packages/pkg_resources/_vendor/packaging/__pycache__) by extensions ['python_setup_py']
[1.208s] Level 1:colcon.colcon_core.package_identification:_identify(venv/lib/python3.10/site-packages/pkg_resources/_vendor/packaging/__pycache__) by extension 'python_setup_py'
[1.208s] Level 1:colcon.colcon_core.package_identification:_identify(venv/lib/python3.10/site-packages/pkg_resources/extern) by extensions ['ignore', 'ignore_ament_install']
[1.208s] Level 1:colcon.colcon_core.package_identification:_identify(venv/lib/python3.10/site-packages/pkg_resources/extern) by extension 'ignore'
[1.208s] Level 1:colcon.colcon_core.package_identification:_identify(venv/lib/python3.10/site-packages/pkg_resources/extern) by extension 'ignore_ament_install'
[1.208s] Level 1:colcon.colcon_core.package_identification:_identify(venv/lib/python3.10/site-packages/pkg_resources/extern) by extensions ['colcon_pkg']
[1.208s] Level 1:colcon.colcon_core.package_identification:_identify(venv/lib/python3.10/site-packages/pkg_resources/extern) by extension 'colcon_pkg'
[1.208s] Level 1:colcon.colcon_core.package_identification:_identify(venv/lib/python3.10/site-packages/pkg_resources/extern) by extensions ['colcon_meta']
[1.208s] Level 1:colcon.colcon_core.package_identification:_identify(venv/lib/python3.10/site-packages/pkg_resources/extern) by extension 'colcon_meta'
[1.208s] Level 1:colcon.colcon_core.package_identification:_identify(venv/lib/python3.10/site-packages/pkg_resources/extern) by extensions ['ros']
[1.208s] Level 1:colcon.colcon_core.package_identification:_identify(venv/lib/python3.10/site-packages/pkg_resources/extern) by extension 'ros'
[1.209s] Level 1:colcon.colcon_core.package_identification:_identify(venv/lib/python3.10/site-packages/pkg_resources/extern) by extensions ['cmake', 'python']
[1.209s] Level 1:colcon.colcon_core.package_identification:_identify(venv/lib/python3.10/site-packages/pkg_resources/extern) by extension 'cmake'
[1.209s] Level 1:colcon.colcon_core.package_identification:_identify(venv/lib/python3.10/site-packages/pkg_resources/extern) by extension 'python'
[1.209s] Level 1:colcon.colcon_core.package_identification:_identify(venv/lib/python3.10/site-packages/pkg_resources/extern) by extensions ['python_setup_py']
[1.209s] Level 1:colcon.colcon_core.package_identification:_identify(venv/lib/python3.10/site-packages/pkg_resources/extern) by extension 'python_setup_py'
[1.209s] Level 1:colcon.colcon_core.package_identification:_identify(venv/lib/python3.10/site-packages/pkg_resources/extern/__pycache__) by extensions ['ignore', 'ignore_ament_install']
[1.209s] Level 1:colcon.colcon_core.package_identification:_identify(venv/lib/python3.10/site-packages/pkg_resources/extern/__pycache__) by extension 'ignore'
[1.209s] Level 1:colcon.colcon_core.package_identification:_identify(venv/lib/python3.10/site-packages/pkg_resources/extern/__pycache__) by extension 'ignore_ament_install'
[1.209s] Level 1:colcon.colcon_core.package_identification:_identify(venv/lib/python3.10/site-packages/pkg_resources/extern/__pycache__) by extensions ['colcon_pkg']
[1.209s] Level 1:colcon.colcon_core.package_identification:_identify(venv/lib/python3.10/site-packages/pkg_resources/extern/__pycache__) by extension 'colcon_pkg'
[1.209s] Level 1:colcon.colcon_core.package_identification:_identify(venv/lib/python3.10/site-packages/pkg_resources/extern/__pycache__) by extensions ['colcon_meta']
[1.209s] Level 1:colcon.colcon_core.package_identification:_identify(venv/lib/python3.10/site-packages/pkg_resources/extern/__pycache__) by extension 'colcon_meta'
[1.209s] Level 1:colcon.colcon_core.package_identification:_identify(venv/lib/python3.10/site-packages/pkg_resources/extern/__pycache__) by extensions ['ros']
[1.209s] Level 1:colcon.colcon_core.package_identification:_identify(venv/lib/python3.10/site-packages/pkg_resources/extern/__pycache__) by extension 'ros'
[1.209s] Level 1:colcon.colcon_core.package_identification:_identify(venv/lib/python3.10/site-packages/pkg_resources/extern/__pycache__) by extensions ['cmake', 'python']
[1.209s] Level 1:colcon.colcon_core.package_identification:_identify(venv/lib/python3.10/site-packages/pkg_resources/extern/__pycache__) by extension 'cmake'
[1.209s] Level 1:colcon.colcon_core.package_identification:_identify(venv/lib/python3.10/site-packages/pkg_resources/extern/__pycache__) by extension 'python'
[1.209s] Level 1:colcon.colcon_core.package_identification:_identify(venv/lib/python3.10/site-packages/pkg_resources/extern/__pycache__) by extensions ['python_setup_py']
[1.209s] Level 1:colcon.colcon_core.package_identification:_identify(venv/lib/python3.10/site-packages/pkg_resources/extern/__pycache__) by extension 'python_setup_py'
[1.209s] Level 1:colcon.colcon_core.package_identification:_identify(venv/lib/python3.10/site-packages/pkg_resources/tests) by extensions ['ignore', 'ignore_ament_install']
[1.209s] Level 1:colcon.colcon_core.package_identification:_identify(venv/lib/python3.10/site-packages/pkg_resources/tests) by extension 'ignore'
[1.209s] Level 1:colcon.colcon_core.package_identification:_identify(venv/lib/python3.10/site-packages/pkg_resources/tests) by extension 'ignore_ament_install'
[1.209s] Level 1:colcon.colcon_core.package_identification:_identify(venv/lib/python3.10/site-packages/pkg_resources/tests) by extensions ['colcon_pkg']
[1.209s] Level 1:colcon.colcon_core.package_identification:_identify(venv/lib/python3.10/site-packages/pkg_resources/tests) by extension 'colcon_pkg'
[1.209s] Level 1:colcon.colcon_core.package_identification:_identify(venv/lib/python3.10/site-packages/pkg_resources/tests) by extensions ['colcon_meta']
[1.209s] Level 1:colcon.colcon_core.package_identification:_identify(venv/lib/python3.10/site-packages/pkg_resources/tests) by extension 'colcon_meta'
[1.209s] Level 1:colcon.colcon_core.package_identification:_identify(venv/lib/python3.10/site-packages/pkg_resources/tests) by extensions ['ros']
[1.209s] Level 1:colcon.colcon_core.package_identification:_identify(venv/lib/python3.10/site-packages/pkg_resources/tests) by extension 'ros'
[1.209s] Level 1:colcon.colcon_core.package_identification:_identify(venv/lib/python3.10/site-packages/pkg_resources/tests) by extensions ['cmake', 'python']
[1.209s] Level 1:colcon.colcon_core.package_identification:_identify(venv/lib/python3.10/site-packages/pkg_resources/tests) by extension 'cmake'
[1.209s] Level 1:colcon.colcon_core.package_identification:_identify(venv/lib/python3.10/site-packages/pkg_resources/tests) by extension 'python'
[1.209s] Level 1:colcon.colcon_core.package_identification:_identify(venv/lib/python3.10/site-packages/pkg_resources/tests) by extensions ['python_setup_py']
[1.210s] Level 1:colcon.colcon_core.package_identification:_identify(venv/lib/python3.10/site-packages/pkg_resources/tests) by extension 'python_setup_py'
[1.210s] Level 1:colcon.colcon_core.package_identification:_identify(venv/lib/python3.10/site-packages/pkg_resources/tests/data) by extensions ['ignore', 'ignore_ament_install']
[1.210s] Level 1:colcon.colcon_core.package_identification:_identify(venv/lib/python3.10/site-packages/pkg_resources/tests/data) by extension 'ignore'
[1.210s] Level 1:colcon.colcon_core.package_identification:_identify(venv/lib/python3.10/site-packages/pkg_resources/tests/data) by extension 'ignore_ament_install'
[1.210s] Level 1:colcon.colcon_core.package_identification:_identify(venv/lib/python3.10/site-packages/pkg_resources/tests/data) by extensions ['colcon_pkg']
[1.210s] Level 1:colcon.colcon_core.package_identification:_identify(venv/lib/python3.10/site-packages/pkg_resources/tests/data) by extension 'colcon_pkg'
[1.210s] Level 1:colcon.colcon_core.package_identification:_identify(venv/lib/python3.10/site-packages/pkg_resources/tests/data) by extensions ['colcon_meta']
[1.210s] Level 1:colcon.colcon_core.package_identification:_identify(venv/lib/python3.10/site-packages/pkg_resources/tests/data) by extension 'colcon_meta'
[1.210s] Level 1:colcon.colcon_core.package_identification:_identify(venv/lib/python3.10/site-packages/pkg_resources/tests/data) by extensions ['ros']
[1.210s] Level 1:colcon.colcon_core.package_identification:_identify(venv/lib/python3.10/site-packages/pkg_resources/tests/data) by extension 'ros'
[1.210s] Level 1:colcon.colcon_core.package_identification:_identify(venv/lib/python3.10/site-packages/pkg_resources/tests/data) by extensions ['cmake', 'python']
[1.210s] Level 1:colcon.colcon_core.package_identification:_identify(venv/lib/python3.10/site-packages/pkg_resources/tests/data) by extension 'cmake'
[1.210s] Level 1:colcon.colcon_core.package_identification:_identify(venv/lib/python3.10/site-packages/pkg_resources/tests/data) by extension 'python'
[1.210s] Level 1:colcon.colcon_core.package_identification:_identify(venv/lib/python3.10/site-packages/pkg_resources/tests/data) by extensions ['python_setup_py']
[1.210s] Level 1:colcon.colcon_core.package_identification:_identify(venv/lib/python3.10/site-packages/pkg_resources/tests/data) by extension 'python_setup_py'
[1.210s] Level 1:colcon.colcon_core.package_identification:_identify(venv/lib/python3.10/site-packages/pkg_resources/tests/data/my-test-package-source) by extensions ['ignore', 'ignore_ament_install']
[1.210s] Level 1:colcon.colcon_core.package_identification:_identify(venv/lib/python3.10/site-packages/pkg_resources/tests/data/my-test-package-source) by extension 'ignore'
[1.210s] Level 1:colcon.colcon_core.package_identification:_identify(venv/lib/python3.10/site-packages/pkg_resources/tests/data/my-test-package-source) by extension 'ignore_ament_install'
[1.210s] Level 1:colcon.colcon_core.package_identification:_identify(venv/lib/python3.10/site-packages/pkg_resources/tests/data/my-test-package-source) by extensions ['colcon_pkg']
[1.210s] Level 1:colcon.colcon_core.package_identification:_identify(venv/lib/python3.10/site-packages/pkg_resources/tests/data/my-test-package-source) by extension 'colcon_pkg'
[1.210s] Level 1:colcon.colcon_core.package_identification:_identify(venv/lib/python3.10/site-packages/pkg_resources/tests/data/my-test-package-source) by extensions ['colcon_meta']
[1.210s] Level 1:colcon.colcon_core.package_identification:_identify(venv/lib/python3.10/site-packages/pkg_resources/tests/data/my-test-package-source) by extension 'colcon_meta'
[1.210s] Level 1:colcon.colcon_core.package_identification:_identify(venv/lib/python3.10/site-packages/pkg_resources/tests/data/my-test-package-source) by extensions ['ros']
[1.210s] Level 1:colcon.colcon_core.package_identification:_identify(venv/lib/python3.10/site-packages/pkg_resources/tests/data/my-test-package-source) by extension 'ros'
[1.210s] Level 1:colcon.colcon_core.package_identification:_identify(venv/lib/python3.10/site-packages/pkg_resources/tests/data/my-test-package-source) by extensions ['cmake', 'python']
[1.210s] Level 1:colcon.colcon_core.package_identification:_identify(venv/lib/python3.10/site-packages/pkg_resources/tests/data/my-test-package-source) by extension 'cmake'
[1.210s] Level 1:colcon.colcon_core.package_identification:_identify(venv/lib/python3.10/site-packages/pkg_resources/tests/data/my-test-package-source) by extension 'python'
[1.210s] Level 1:colcon.colcon_core.package_identification:_identify(venv/lib/python3.10/site-packages/pkg_resources/tests/data/my-test-package-source) by extensions ['python_setup_py']
[1.210s] Level 1:colcon.colcon_core.package_identification:_identify(venv/lib/python3.10/site-packages/pkg_resources/tests/data/my-test-package-source) by extension 'python_setup_py'
[1.396s] DEBUG:colcon.colcon_core.package_identification:Package 'venv/lib/python3.10/site-packages/pkg_resources/tests/data/my-test-package-source' with type 'python' and name 'my-test-package'
[1.396s] Level 1:colcon.colcon_core.package_identification:_identify(venv/lib/python3.10/site-packages/setuptools) by extensions ['ignore', 'ignore_ament_install']
[1.396s] Level 1:colcon.colcon_core.package_identification:_identify(venv/lib/python3.10/site-packages/setuptools) by extension 'ignore'
[1.396s] Level 1:colcon.colcon_core.package_identification:_identify(venv/lib/python3.10/site-packages/setuptools) by extension 'ignore_ament_install'
[1.396s] Level 1:colcon.colcon_core.package_identification:_identify(venv/lib/python3.10/site-packages/setuptools) by extensions ['colcon_pkg']
[1.396s] Level 1:colcon.colcon_core.package_identification:_identify(venv/lib/python3.10/site-packages/setuptools) by extension 'colcon_pkg'
[1.396s] Level 1:colcon.colcon_core.package_identification:_identify(venv/lib/python3.10/site-packages/setuptools) by extensions ['colcon_meta']
[1.396s] Level 1:colcon.colcon_core.package_identification:_identify(venv/lib/python3.10/site-packages/setuptools) by extension 'colcon_meta'
[1.396s] Level 1:colcon.colcon_core.package_identification:_identify(venv/lib/python3.10/site-packages/setuptools) by extensions ['ros']
[1.396s] Level 1:colcon.colcon_core.package_identification:_identify(venv/lib/python3.10/site-packages/setuptools) by extension 'ros'
[1.396s] Level 1:colcon.colcon_core.package_identification:_identify(venv/lib/python3.10/site-packages/setuptools) by extensions ['cmake', 'python']
[1.396s] Level 1:colcon.colcon_core.package_identification:_identify(venv/lib/python3.10/site-packages/setuptools) by extension 'cmake'
[1.396s] Level 1:colcon.colcon_core.package_identification:_identify(venv/lib/python3.10/site-packages/setuptools) by extension 'python'
[1.396s] Level 1:colcon.colcon_core.package_identification:_identify(venv/lib/python3.10/site-packages/setuptools) by extensions ['python_setup_py']
[1.396s] Level 1:colcon.colcon_core.package_identification:_identify(venv/lib/python3.10/site-packages/setuptools) by extension 'python_setup_py'
[1.397s] Level 1:colcon.colcon_core.package_identification:_identify(venv/lib/python3.10/site-packages/setuptools/__pycache__) by extensions ['ignore', 'ignore_ament_install']
[1.397s] Level 1:colcon.colcon_core.package_identification:_identify(venv/lib/python3.10/site-packages/setuptools/__pycache__) by extension 'ignore'
[1.397s] Level 1:colcon.colcon_core.package_identification:_identify(venv/lib/python3.10/site-packages/setuptools/__pycache__) by extension 'ignore_ament_install'
[1.397s] Level 1:colcon.colcon_core.package_identification:_identify(venv/lib/python3.10/site-packages/setuptools/__pycache__) by extensions ['colcon_pkg']
[1.397s] Level 1:colcon.colcon_core.package_identification:_identify(venv/lib/python3.10/site-packages/setuptools/__pycache__) by extension 'colcon_pkg'
[1.397s] Level 1:colcon.colcon_core.package_identification:_identify(venv/lib/python3.10/site-packages/setuptools/__pycache__) by extensions ['colcon_meta']
[1.397s] Level 1:colcon.colcon_core.package_identification:_identify(venv/lib/python3.10/site-packages/setuptools/__pycache__) by extension 'colcon_meta'
[1.397s] Level 1:colcon.colcon_core.package_identification:_identify(venv/lib/python3.10/site-packages/setuptools/__pycache__) by extensions ['ros']
[1.397s] Level 1:colcon.colcon_core.package_identification:_identify(venv/lib/python3.10/site-packages/setuptools/__pycache__) by extension 'ros'
[1.397s] Level 1:colcon.colcon_core.package_identification:_identify(venv/lib/python3.10/site-packages/setuptools/__pycache__) by extensions ['cmake', 'python']
[1.397s] Level 1:colcon.colcon_core.package_identification:_identify(venv/lib/python3.10/site-packages/setuptools/__pycache__) by extension 'cmake'
[1.397s] Level 1:colcon.colcon_core.package_identification:_identify(venv/lib/python3.10/site-packages/setuptools/__pycache__) by extension 'python'
[1.397s] Level 1:colcon.colcon_core.package_identification:_identify(venv/lib/python3.10/site-packages/setuptools/__pycache__) by extensions ['python_setup_py']
[1.397s] Level 1:colcon.colcon_core.package_identification:_identify(venv/lib/python3.10/site-packages/setuptools/__pycache__) by extension 'python_setup_py'
[1.397s] Level 1:colcon.colcon_core.package_identification:_identify(venv/lib/python3.10/site-packages/setuptools/_distutils) by extensions ['ignore', 'ignore_ament_install']
[1.397s] Level 1:colcon.colcon_core.package_identification:_identify(venv/lib/python3.10/site-packages/setuptools/_distutils) by extension 'ignore'
[1.397s] Level 1:colcon.colcon_core.package_identification:_identify(venv/lib/python3.10/site-packages/setuptools/_distutils) by extension 'ignore_ament_install'
[1.397s] Level 1:colcon.colcon_core.package_identification:_identify(venv/lib/python3.10/site-packages/setuptools/_distutils) by extensions ['colcon_pkg']
[1.397s] Level 1:colcon.colcon_core.package_identification:_identify(venv/lib/python3.10/site-packages/setuptools/_distutils) by extension 'colcon_pkg'
[1.397s] Level 1:colcon.colcon_core.package_identification:_identify(venv/lib/python3.10/site-packages/setuptools/_distutils) by extensions ['colcon_meta']
[1.397s] Level 1:colcon.colcon_core.package_identification:_identify(venv/lib/python3.10/site-packages/setuptools/_distutils) by extension 'colcon_meta'
[1.397s] Level 1:colcon.colcon_core.package_identification:_identify(venv/lib/python3.10/site-packages/setuptools/_distutils) by extensions ['ros']
[1.397s] Level 1:colcon.colcon_core.package_identification:_identify(venv/lib/python3.10/site-packages/setuptools/_distutils) by extension 'ros'
[1.397s] Level 1:colcon.colcon_core.package_identification:_identify(venv/lib/python3.10/site-packages/setuptools/_distutils) by extensions ['cmake', 'python']
[1.397s] Level 1:colcon.colcon_core.package_identification:_identify(venv/lib/python3.10/site-packages/setuptools/_distutils) by extension 'cmake'
[1.397s] Level 1:colcon.colcon_core.package_identification:_identify(venv/lib/python3.10/site-packages/setuptools/_distutils) by extension 'python'
[1.397s] Level 1:colcon.colcon_core.package_identification:_identify(venv/lib/python3.10/site-packages/setuptools/_distutils) by extensions ['python_setup_py']
[1.397s] Level 1:colcon.colcon_core.package_identification:_identify(venv/lib/python3.10/site-packages/setuptools/_distutils) by extension 'python_setup_py'
[1.397s] Level 1:colcon.colcon_core.package_identification:_identify(venv/lib/python3.10/site-packages/setuptools/_distutils/__pycache__) by extensions ['ignore', 'ignore_ament_install']
[1.397s] Level 1:colcon.colcon_core.package_identification:_identify(venv/lib/python3.10/site-packages/setuptools/_distutils/__pycache__) by extension 'ignore'
[1.398s] Level 1:colcon.colcon_core.package_identification:_identify(venv/lib/python3.10/site-packages/setuptools/_distutils/__pycache__) by extension 'ignore_ament_install'
[1.398s] Level 1:colcon.colcon_core.package_identification:_identify(venv/lib/python3.10/site-packages/setuptools/_distutils/__pycache__) by extensions ['colcon_pkg']
[1.398s] Level 1:colcon.colcon_core.package_identification:_identify(venv/lib/python3.10/site-packages/setuptools/_distutils/__pycache__) by extension 'colcon_pkg'
[1.398s] Level 1:colcon.colcon_core.package_identification:_identify(venv/lib/python3.10/site-packages/setuptools/_distutils/__pycache__) by extensions ['colcon_meta']
[1.398s] Level 1:colcon.colcon_core.package_identification:_identify(venv/lib/python3.10/site-packages/setuptools/_distutils/__pycache__) by extension 'colcon_meta'
[1.398s] Level 1:colcon.colcon_core.package_identification:_identify(venv/lib/python3.10/site-packages/setuptools/_distutils/__pycache__) by extensions ['ros']
[1.398s] Level 1:colcon.colcon_core.package_identification:_identify(venv/lib/python3.10/site-packages/setuptools/_distutils/__pycache__) by extension 'ros'
[1.398s] Level 1:colcon.colcon_core.package_identification:_identify(venv/lib/python3.10/site-packages/setuptools/_distutils/__pycache__) by extensions ['cmake', 'python']
[1.398s] Level 1:colcon.colcon_core.package_identification:_identify(venv/lib/python3.10/site-packages/setuptools/_distutils/__pycache__) by extension 'cmake'
[1.398s] Level 1:colcon.colcon_core.package_identification:_identify(venv/lib/python3.10/site-packages/setuptools/_distutils/__pycache__) by extension 'python'
[1.398s] Level 1:colcon.colcon_core.package_identification:_identify(venv/lib/python3.10/site-packages/setuptools/_distutils/__pycache__) by extensions ['python_setup_py']
[1.398s] Level 1:colcon.colcon_core.package_identification:_identify(venv/lib/python3.10/site-packages/setuptools/_distutils/__pycache__) by extension 'python_setup_py'
[1.398s] Level 1:colcon.colcon_core.package_identification:_identify(venv/lib/python3.10/site-packages/setuptools/_distutils/command) by extensions ['ignore', 'ignore_ament_install']
[1.398s] Level 1:colcon.colcon_core.package_identification:_identify(venv/lib/python3.10/site-packages/setuptools/_distutils/command) by extension 'ignore'
[1.398s] Level 1:colcon.colcon_core.package_identification:_identify(venv/lib/python3.10/site-packages/setuptools/_distutils/command) by extension 'ignore_ament_install'
[1.398s] Level 1:colcon.colcon_core.package_identification:_identify(venv/lib/python3.10/site-packages/setuptools/_distutils/command) by extensions ['colcon_pkg']
[1.398s] Level 1:colcon.colcon_core.package_identification:_identify(venv/lib/python3.10/site-packages/setuptools/_distutils/command) by extension 'colcon_pkg'
[1.398s] Level 1:colcon.colcon_core.package_identification:_identify(venv/lib/python3.10/site-packages/setuptools/_distutils/command) by extensions ['colcon_meta']
[1.398s] Level 1:colcon.colcon_core.package_identification:_identify(venv/lib/python3.10/site-packages/setuptools/_distutils/command) by extension 'colcon_meta'
[1.398s] Level 1:colcon.colcon_core.package_identification:_identify(venv/lib/python3.10/site-packages/setuptools/_distutils/command) by extensions ['ros']
[1.398s] Level 1:colcon.colcon_core.package_identification:_identify(venv/lib/python3.10/site-packages/setuptools/_distutils/command) by extension 'ros'
[1.398s] Level 1:colcon.colcon_core.package_identification:_identify(venv/lib/python3.10/site-packages/setuptools/_distutils/command) by extensions ['cmake', 'python']
[1.398s] Level 1:colcon.colcon_core.package_identification:_identify(venv/lib/python3.10/site-packages/setuptools/_distutils/command) by extension 'cmake'
[1.398s] Level 1:colcon.colcon_core.package_identification:_identify(venv/lib/python3.10/site-packages/setuptools/_distutils/command) by extension 'python'
[1.398s] Level 1:colcon.colcon_core.package_identification:_identify(venv/lib/python3.10/site-packages/setuptools/_distutils/command) by extensions ['python_setup_py']
[1.398s] Level 1:colcon.colcon_core.package_identification:_identify(venv/lib/python3.10/site-packages/setuptools/_distutils/command) by extension 'python_setup_py'
[1.398s] Level 1:colcon.colcon_core.package_identification:_identify(venv/lib/python3.10/site-packages/setuptools/_distutils/command/__pycache__) by extensions ['ignore', 'ignore_ament_install']
[1.398s] Level 1:colcon.colcon_core.package_identification:_identify(venv/lib/python3.10/site-packages/setuptools/_distutils/command/__pycache__) by extension 'ignore'
[1.398s] Level 1:colcon.colcon_core.package_identification:_identify(venv/lib/python3.10/site-packages/setuptools/_distutils/command/__pycache__) by extension 'ignore_ament_install'
[1.398s] Level 1:colcon.colcon_core.package_identification:_identify(venv/lib/python3.10/site-packages/setuptools/_distutils/command/__pycache__) by extensions ['colcon_pkg']
[1.398s] Level 1:colcon.colcon_core.package_identification:_identify(venv/lib/python3.10/site-packages/setuptools/_distutils/command/__pycache__) by extension 'colcon_pkg'
[1.398s] Level 1:colcon.colcon_core.package_identification:_identify(venv/lib/python3.10/site-packages/setuptools/_distutils/command/__pycache__) by extensions ['colcon_meta']
[1.398s] Level 1:colcon.colcon_core.package_identification:_identify(venv/lib/python3.10/site-packages/setuptools/_distutils/command/__pycache__) by extension 'colcon_meta'
[1.398s] Level 1:colcon.colcon_core.package_identification:_identify(venv/lib/python3.10/site-packages/setuptools/_distutils/command/__pycache__) by extensions ['ros']
[1.398s] Level 1:colcon.colcon_core.package_identification:_identify(venv/lib/python3.10/site-packages/setuptools/_distutils/command/__pycache__) by extension 'ros'
[1.399s] Level 1:colcon.colcon_core.package_identification:_identify(venv/lib/python3.10/site-packages/setuptools/_distutils/command/__pycache__) by extensions ['cmake', 'python']
[1.399s] Level 1:colcon.colcon_core.package_identification:_identify(venv/lib/python3.10/site-packages/setuptools/_distutils/command/__pycache__) by extension 'cmake'
[1.399s] Level 1:colcon.colcon_core.package_identification:_identify(venv/lib/python3.10/site-packages/setuptools/_distutils/command/__pycache__) by extension 'python'
[1.399s] Level 1:colcon.colcon_core.package_identification:_identify(venv/lib/python3.10/site-packages/setuptools/_distutils/command/__pycache__) by extensions ['python_setup_py']
[1.399s] Level 1:colcon.colcon_core.package_identification:_identify(venv/lib/python3.10/site-packages/setuptools/_distutils/command/__pycache__) by extension 'python_setup_py'
[1.399s] Level 1:colcon.colcon_core.package_identification:_identify(venv/lib/python3.10/site-packages/setuptools/_vendor) by extensions ['ignore', 'ignore_ament_install']
[1.399s] Level 1:colcon.colcon_core.package_identification:_identify(venv/lib/python3.10/site-packages/setuptools/_vendor) by extension 'ignore'
[1.399s] Level 1:colcon.colcon_core.package_identification:_identify(venv/lib/python3.10/site-packages/setuptools/_vendor) by extension 'ignore_ament_install'
[1.399s] Level 1:colcon.colcon_core.package_identification:_identify(venv/lib/python3.10/site-packages/setuptools/_vendor) by extensions ['colcon_pkg']
[1.399s] Level 1:colcon.colcon_core.package_identification:_identify(venv/lib/python3.10/site-packages/setuptools/_vendor) by extension 'colcon_pkg'
[1.399s] Level 1:colcon.colcon_core.package_identification:_identify(venv/lib/python3.10/site-packages/setuptools/_vendor) by extensions ['colcon_meta']
[1.399s] Level 1:colcon.colcon_core.package_identification:_identify(venv/lib/python3.10/site-packages/setuptools/_vendor) by extension 'colcon_meta'
[1.399s] Level 1:colcon.colcon_core.package_identification:_identify(venv/lib/python3.10/site-packages/setuptools/_vendor) by extensions ['ros']
[1.399s] Level 1:colcon.colcon_core.package_identification:_identify(venv/lib/python3.10/site-packages/setuptools/_vendor) by extension 'ros'
[1.399s] Level 1:colcon.colcon_core.package_identification:_identify(venv/lib/python3.10/site-packages/setuptools/_vendor) by extensions ['cmake', 'python']
[1.399s] Level 1:colcon.colcon_core.package_identification:_identify(venv/lib/python3.10/site-packages/setuptools/_vendor) by extension 'cmake'
[1.399s] Level 1:colcon.colcon_core.package_identification:_identify(venv/lib/python3.10/site-packages/setuptools/_vendor) by extension 'python'
[1.399s] Level 1:colcon.colcon_core.package_identification:_identify(venv/lib/python3.10/site-packages/setuptools/_vendor) by extensions ['python_setup_py']
[1.399s] Level 1:colcon.colcon_core.package_identification:_identify(venv/lib/python3.10/site-packages/setuptools/_vendor) by extension 'python_setup_py'
[1.399s] Level 1:colcon.colcon_core.package_identification:_identify(venv/lib/python3.10/site-packages/setuptools/_vendor/__pycache__) by extensions ['ignore', 'ignore_ament_install']
[1.399s] Level 1:colcon.colcon_core.package_identification:_identify(venv/lib/python3.10/site-packages/setuptools/_vendor/__pycache__) by extension 'ignore'
[1.399s] Level 1:colcon.colcon_core.package_identification:_identify(venv/lib/python3.10/site-packages/setuptools/_vendor/__pycache__) by extension 'ignore_ament_install'
[1.399s] Level 1:colcon.colcon_core.package_identification:_identify(venv/lib/python3.10/site-packages/setuptools/_vendor/__pycache__) by extensions ['colcon_pkg']
[1.399s] Level 1:colcon.colcon_core.package_identification:_identify(venv/lib/python3.10/site-packages/setuptools/_vendor/__pycache__) by extension 'colcon_pkg'
[1.399s] Level 1:colcon.colcon_core.package_identification:_identify(venv/lib/python3.10/site-packages/setuptools/_vendor/__pycache__) by extensions ['colcon_meta']
[1.399s] Level 1:colcon.colcon_core.package_identification:_identify(venv/lib/python3.10/site-packages/setuptools/_vendor/__pycache__) by extension 'colcon_meta'
[1.399s] Level 1:colcon.colcon_core.package_identification:_identify(venv/lib/python3.10/site-packages/setuptools/_vendor/__pycache__) by extensions ['ros']
[1.399s] Level 1:colcon.colcon_core.package_identification:_identify(venv/lib/python3.10/site-packages/setuptools/_vendor/__pycache__) by extension 'ros'
[1.399s] Level 1:colcon.colcon_core.package_identification:_identify(venv/lib/python3.10/site-packages/setuptools/_vendor/__pycache__) by extensions ['cmake', 'python']
[1.399s] Level 1:colcon.colcon_core.package_identification:_identify(venv/lib/python3.10/site-packages/setuptools/_vendor/__pycache__) by extension 'cmake'
[1.399s] Level 1:colcon.colcon_core.package_identification:_identify(venv/lib/python3.10/site-packages/setuptools/_vendor/__pycache__) by extension 'python'
[1.399s] Level 1:colcon.colcon_core.package_identification:_identify(venv/lib/python3.10/site-packages/setuptools/_vendor/__pycache__) by extensions ['python_setup_py']
[1.400s] Level 1:colcon.colcon_core.package_identification:_identify(venv/lib/python3.10/site-packages/setuptools/_vendor/__pycache__) by extension 'python_setup_py'
[1.400s] Level 1:colcon.colcon_core.package_identification:_identify(venv/lib/python3.10/site-packages/setuptools/_vendor/more_itertools) by extensions ['ignore', 'ignore_ament_install']
[1.400s] Level 1:colcon.colcon_core.package_identification:_identify(venv/lib/python3.10/site-packages/setuptools/_vendor/more_itertools) by extension 'ignore'
[1.400s] Level 1:colcon.colcon_core.package_identification:_identify(venv/lib/python3.10/site-packages/setuptools/_vendor/more_itertools) by extension 'ignore_ament_install'
[1.400s] Level 1:colcon.colcon_core.package_identification:_identify(venv/lib/python3.10/site-packages/setuptools/_vendor/more_itertools) by extensions ['colcon_pkg']
[1.400s] Level 1:colcon.colcon_core.package_identification:_identify(venv/lib/python3.10/site-packages/setuptools/_vendor/more_itertools) by extension 'colcon_pkg'
[1.400s] Level 1:colcon.colcon_core.package_identification:_identify(venv/lib/python3.10/site-packages/setuptools/_vendor/more_itertools) by extensions ['colcon_meta']
[1.400s] Level 1:colcon.colcon_core.package_identification:_identify(venv/lib/python3.10/site-packages/setuptools/_vendor/more_itertools) by extension 'colcon_meta'
[1.400s] Level 1:colcon.colcon_core.package_identification:_identify(venv/lib/python3.10/site-packages/setuptools/_vendor/more_itertools) by extensions ['ros']
[1.400s] Level 1:colcon.colcon_core.package_identification:_identify(venv/lib/python3.10/site-packages/setuptools/_vendor/more_itertools) by extension 'ros'
[1.400s] Level 1:colcon.colcon_core.package_identification:_identify(venv/lib/python3.10/site-packages/setuptools/_vendor/more_itertools) by extensions ['cmake', 'python']
[1.400s] Level 1:colcon.colcon_core.package_identification:_identify(venv/lib/python3.10/site-packages/setuptools/_vendor/more_itertools) by extension 'cmake'
[1.400s] Level 1:colcon.colcon_core.package_identification:_identify(venv/lib/python3.10/site-packages/setuptools/_vendor/more_itertools) by extension 'python'
[1.400s] Level 1:colcon.colcon_core.package_identification:_identify(venv/lib/python3.10/site-packages/setuptools/_vendor/more_itertools) by extensions ['python_setup_py']
[1.400s] Level 1:colcon.colcon_core.package_identification:_identify(venv/lib/python3.10/site-packages/setuptools/_vendor/more_itertools) by extension 'python_setup_py'
[1.400s] Level 1:colcon.colcon_core.package_identification:_identify(venv/lib/python3.10/site-packages/setuptools/_vendor/more_itertools/__pycache__) by extensions ['ignore', 'ignore_ament_install']
[1.400s] Level 1:colcon.colcon_core.package_identification:_identify(venv/lib/python3.10/site-packages/setuptools/_vendor/more_itertools/__pycache__) by extension 'ignore'
[1.400s] Level 1:colcon.colcon_core.package_identification:_identify(venv/lib/python3.10/site-packages/setuptools/_vendor/more_itertools/__pycache__) by extension 'ignore_ament_install'
[1.400s] Level 1:colcon.colcon_core.package_identification:_identify(venv/lib/python3.10/site-packages/setuptools/_vendor/more_itertools/__pycache__) by extensions ['colcon_pkg']
[1.400s] Level 1:colcon.colcon_core.package_identification:_identify(venv/lib/python3.10/site-packages/setuptools/_vendor/more_itertools/__pycache__) by extension 'colcon_pkg'
[1.400s] Level 1:colcon.colcon_core.package_identification:_identify(venv/lib/python3.10/site-packages/setuptools/_vendor/more_itertools/__pycache__) by extensions ['colcon_meta']
[1.400s] Level 1:colcon.colcon_core.package_identification:_identify(venv/lib/python3.10/site-packages/setuptools/_vendor/more_itertools/__pycache__) by extension 'colcon_meta'
[1.400s] Level 1:colcon.colcon_core.package_identification:_identify(venv/lib/python3.10/site-packages/setuptools/_vendor/more_itertools/__pycache__) by extensions ['ros']
[1.400s] Level 1:colcon.colcon_core.package_identification:_identify(venv/lib/python3.10/site-packages/setuptools/_vendor/more_itertools/__pycache__) by extension 'ros'
[1.400s] Level 1:colcon.colcon_core.package_identification:_identify(venv/lib/python3.10/site-packages/setuptools/_vendor/more_itertools/__pycache__) by extensions ['cmake', 'python']
[1.400s] Level 1:colcon.colcon_core.package_identification:_identify(venv/lib/python3.10/site-packages/setuptools/_vendor/more_itertools/__pycache__) by extension 'cmake'
[1.400s] Level 1:colcon.colcon_core.package_identification:_identify(venv/lib/python3.10/site-packages/setuptools/_vendor/more_itertools/__pycache__) by extension 'python'
[1.400s] Level 1:colcon.colcon_core.package_identification:_identify(venv/lib/python3.10/site-packages/setuptools/_vendor/more_itertools/__pycache__) by extensions ['python_setup_py']
[1.400s] Level 1:colcon.colcon_core.package_identification:_identify(venv/lib/python3.10/site-packages/setuptools/_vendor/more_itertools/__pycache__) by extension 'python_setup_py'
[1.400s] Level 1:colcon.colcon_core.package_identification:_identify(venv/lib/python3.10/site-packages/setuptools/_vendor/packaging) by extensions ['ignore', 'ignore_ament_install']
[1.400s] Level 1:colcon.colcon_core.package_identification:_identify(venv/lib/python3.10/site-packages/setuptools/_vendor/packaging) by extension 'ignore'
[1.400s] Level 1:colcon.colcon_core.package_identification:_identify(venv/lib/python3.10/site-packages/setuptools/_vendor/packaging) by extension 'ignore_ament_install'
[1.401s] Level 1:colcon.colcon_core.package_identification:_identify(venv/lib/python3.10/site-packages/setuptools/_vendor/packaging) by extensions ['colcon_pkg']
[1.401s] Level 1:colcon.colcon_core.package_identification:_identify(venv/lib/python3.10/site-packages/setuptools/_vendor/packaging) by extension 'colcon_pkg'
[1.401s] Level 1:colcon.colcon_core.package_identification:_identify(venv/lib/python3.10/site-packages/setuptools/_vendor/packaging) by extensions ['colcon_meta']
[1.401s] Level 1:colcon.colcon_core.package_identification:_identify(venv/lib/python3.10/site-packages/setuptools/_vendor/packaging) by extension 'colcon_meta'
[1.401s] Level 1:colcon.colcon_core.package_identification:_identify(venv/lib/python3.10/site-packages/setuptools/_vendor/packaging) by extensions ['ros']
[1.401s] Level 1:colcon.colcon_core.package_identification:_identify(venv/lib/python3.10/site-packages/setuptools/_vendor/packaging) by extension 'ros'
[1.401s] Level 1:colcon.colcon_core.package_identification:_identify(venv/lib/python3.10/site-packages/setuptools/_vendor/packaging) by extensions ['cmake', 'python']
[1.401s] Level 1:colcon.colcon_core.package_identification:_identify(venv/lib/python3.10/site-packages/setuptools/_vendor/packaging) by extension 'cmake'
[1.401s] Level 1:colcon.colcon_core.package_identification:_identify(venv/lib/python3.10/site-packages/setuptools/_vendor/packaging) by extension 'python'
[1.401s] Level 1:colcon.colcon_core.package_identification:_identify(venv/lib/python3.10/site-packages/setuptools/_vendor/packaging) by extensions ['python_setup_py']
[1.401s] Level 1:colcon.colcon_core.package_identification:_identify(venv/lib/python3.10/site-packages/setuptools/_vendor/packaging) by extension 'python_setup_py'
[1.401s] Level 1:colcon.colcon_core.package_identification:_identify(venv/lib/python3.10/site-packages/setuptools/_vendor/packaging/__pycache__) by extensions ['ignore', 'ignore_ament_install']
[1.401s] Level 1:colcon.colcon_core.package_identification:_identify(venv/lib/python3.10/site-packages/setuptools/_vendor/packaging/__pycache__) by extension 'ignore'
[1.401s] Level 1:colcon.colcon_core.package_identification:_identify(venv/lib/python3.10/site-packages/setuptools/_vendor/packaging/__pycache__) by extension 'ignore_ament_install'
[1.401s] Level 1:colcon.colcon_core.package_identification:_identify(venv/lib/python3.10/site-packages/setuptools/_vendor/packaging/__pycache__) by extensions ['colcon_pkg']
[1.401s] Level 1:colcon.colcon_core.package_identification:_identify(venv/lib/python3.10/site-packages/setuptools/_vendor/packaging/__pycache__) by extension 'colcon_pkg'
[1.401s] Level 1:colcon.colcon_core.package_identification:_identify(venv/lib/python3.10/site-packages/setuptools/_vendor/packaging/__pycache__) by extensions ['colcon_meta']
[1.401s] Level 1:colcon.colcon_core.package_identification:_identify(venv/lib/python3.10/site-packages/setuptools/_vendor/packaging/__pycache__) by extension 'colcon_meta'
[1.401s] Level 1:colcon.colcon_core.package_identification:_identify(venv/lib/python3.10/site-packages/setuptools/_vendor/packaging/__pycache__) by extensions ['ros']
[1.401s] Level 1:colcon.colcon_core.package_identification:_identify(venv/lib/python3.10/site-packages/setuptools/_vendor/packaging/__pycache__) by extension 'ros'
[1.401s] Level 1:colcon.colcon_core.package_identification:_identify(venv/lib/python3.10/site-packages/setuptools/_vendor/packaging/__pycache__) by extensions ['cmake', 'python']
[1.401s] Level 1:colcon.colcon_core.package_identification:_identify(venv/lib/python3.10/site-packages/setuptools/_vendor/packaging/__pycache__) by extension 'cmake'
[1.401s] Level 1:colcon.colcon_core.package_identification:_identify(venv/lib/python3.10/site-packages/setuptools/_vendor/packaging/__pycache__) by extension 'python'
[1.401s] Level 1:colcon.colcon_core.package_identification:_identify(venv/lib/python3.10/site-packages/setuptools/_vendor/packaging/__pycache__) by extensions ['python_setup_py']
[1.401s] Level 1:colcon.colcon_core.package_identification:_identify(venv/lib/python3.10/site-packages/setuptools/_vendor/packaging/__pycache__) by extension 'python_setup_py'
[1.401s] Level 1:colcon.colcon_core.package_identification:_identify(venv/lib/python3.10/site-packages/setuptools/command) by extensions ['ignore', 'ignore_ament_install']
[1.401s] Level 1:colcon.colcon_core.package_identification:_identify(venv/lib/python3.10/site-packages/setuptools/command) by extension 'ignore'
[1.401s] Level 1:colcon.colcon_core.package_identification:_identify(venv/lib/python3.10/site-packages/setuptools/command) by extension 'ignore_ament_install'
[1.401s] Level 1:colcon.colcon_core.package_identification:_identify(venv/lib/python3.10/site-packages/setuptools/command) by extensions ['colcon_pkg']
[1.401s] Level 1:colcon.colcon_core.package_identification:_identify(venv/lib/python3.10/site-packages/setuptools/command) by extension 'colcon_pkg'
[1.401s] Level 1:colcon.colcon_core.package_identification:_identify(venv/lib/python3.10/site-packages/setuptools/command) by extensions ['colcon_meta']
[1.401s] Level 1:colcon.colcon_core.package_identification:_identify(venv/lib/python3.10/site-packages/setuptools/command) by extension 'colcon_meta'
[1.401s] Level 1:colcon.colcon_core.package_identification:_identify(venv/lib/python3.10/site-packages/setuptools/command) by extensions ['ros']
[1.401s] Level 1:colcon.colcon_core.package_identification:_identify(venv/lib/python3.10/site-packages/setuptools/command) by extension 'ros'
[1.402s] Level 1:colcon.colcon_core.package_identification:_identify(venv/lib/python3.10/site-packages/setuptools/command) by extensions ['cmake', 'python']
[1.402s] Level 1:colcon.colcon_core.package_identification:_identify(venv/lib/python3.10/site-packages/setuptools/command) by extension 'cmake'
[1.402s] Level 1:colcon.colcon_core.package_identification:_identify(venv/lib/python3.10/site-packages/setuptools/command) by extension 'python'
[1.402s] Level 1:colcon.colcon_core.package_identification:_identify(venv/lib/python3.10/site-packages/setuptools/command) by extensions ['python_setup_py']
[1.402s] Level 1:colcon.colcon_core.package_identification:_identify(venv/lib/python3.10/site-packages/setuptools/command) by extension 'python_setup_py'
[1.402s] Level 1:colcon.colcon_core.package_identification:_identify(venv/lib/python3.10/site-packages/setuptools/command/__pycache__) by extensions ['ignore', 'ignore_ament_install']
[1.402s] Level 1:colcon.colcon_core.package_identification:_identify(venv/lib/python3.10/site-packages/setuptools/command/__pycache__) by extension 'ignore'
[1.402s] Level 1:colcon.colcon_core.package_identification:_identify(venv/lib/python3.10/site-packages/setuptools/command/__pycache__) by extension 'ignore_ament_install'
[1.402s] Level 1:colcon.colcon_core.package_identification:_identify(venv/lib/python3.10/site-packages/setuptools/command/__pycache__) by extensions ['colcon_pkg']
[1.402s] Level 1:colcon.colcon_core.package_identification:_identify(venv/lib/python3.10/site-packages/setuptools/command/__pycache__) by extension 'colcon_pkg'
[1.402s] Level 1:colcon.colcon_core.package_identification:_identify(venv/lib/python3.10/site-packages/setuptools/command/__pycache__) by extensions ['colcon_meta']
[1.402s] Level 1:colcon.colcon_core.package_identification:_identify(venv/lib/python3.10/site-packages/setuptools/command/__pycache__) by extension 'colcon_meta'
[1.402s] Level 1:colcon.colcon_core.package_identification:_identify(venv/lib/python3.10/site-packages/setuptools/command/__pycache__) by extensions ['ros']
[1.402s] Level 1:colcon.colcon_core.package_identification:_identify(venv/lib/python3.10/site-packages/setuptools/command/__pycache__) by extension 'ros'
[1.402s] Level 1:colcon.colcon_core.package_identification:_identify(venv/lib/python3.10/site-packages/setuptools/command/__pycache__) by extensions ['cmake', 'python']
[1.402s] Level 1:colcon.colcon_core.package_identification:_identify(venv/lib/python3.10/site-packages/setuptools/command/__pycache__) by extension 'cmake'
[1.402s] Level 1:colcon.colcon_core.package_identification:_identify(venv/lib/python3.10/site-packages/setuptools/command/__pycache__) by extension 'python'
[1.402s] Level 1:colcon.colcon_core.package_identification:_identify(venv/lib/python3.10/site-packages/setuptools/command/__pycache__) by extensions ['python_setup_py']
[1.402s] Level 1:colcon.colcon_core.package_identification:_identify(venv/lib/python3.10/site-packages/setuptools/command/__pycache__) by extension 'python_setup_py'
[1.402s] Level 1:colcon.colcon_core.package_identification:_identify(venv/lib/python3.10/site-packages/setuptools/extern) by extensions ['ignore', 'ignore_ament_install']
[1.402s] Level 1:colcon.colcon_core.package_identification:_identify(venv/lib/python3.10/site-packages/setuptools/extern) by extension 'ignore'
[1.402s] Level 1:colcon.colcon_core.package_identification:_identify(venv/lib/python3.10/site-packages/setuptools/extern) by extension 'ignore_ament_install'
[1.402s] Level 1:colcon.colcon_core.package_identification:_identify(venv/lib/python3.10/site-packages/setuptools/extern) by extensions ['colcon_pkg']
[1.402s] Level 1:colcon.colcon_core.package_identification:_identify(venv/lib/python3.10/site-packages/setuptools/extern) by extension 'colcon_pkg'
[1.402s] Level 1:colcon.colcon_core.package_identification:_identify(venv/lib/python3.10/site-packages/setuptools/extern) by extensions ['colcon_meta']
[1.402s] Level 1:colcon.colcon_core.package_identification:_identify(venv/lib/python3.10/site-packages/setuptools/extern) by extension 'colcon_meta'
[1.402s] Level 1:colcon.colcon_core.package_identification:_identify(venv/lib/python3.10/site-packages/setuptools/extern) by extensions ['ros']
[1.402s] Level 1:colcon.colcon_core.package_identification:_identify(venv/lib/python3.10/site-packages/setuptools/extern) by extension 'ros'
[1.402s] Level 1:colcon.colcon_core.package_identification:_identify(venv/lib/python3.10/site-packages/setuptools/extern) by extensions ['cmake', 'python']
[1.402s] Level 1:colcon.colcon_core.package_identification:_identify(venv/lib/python3.10/site-packages/setuptools/extern) by extension 'cmake'
[1.402s] Level 1:colcon.colcon_core.package_identification:_identify(venv/lib/python3.10/site-packages/setuptools/extern) by extension 'python'
[1.402s] Level 1:colcon.colcon_core.package_identification:_identify(venv/lib/python3.10/site-packages/setuptools/extern) by extensions ['python_setup_py']
[1.402s] Level 1:colcon.colcon_core.package_identification:_identify(venv/lib/python3.10/site-packages/setuptools/extern) by extension 'python_setup_py'
[1.402s] Level 1:colcon.colcon_core.package_identification:_identify(venv/lib/python3.10/site-packages/setuptools/extern/__pycache__) by extensions ['ignore', 'ignore_ament_install']
[1.403s] Level 1:colcon.colcon_core.package_identification:_identify(venv/lib/python3.10/site-packages/setuptools/extern/__pycache__) by extension 'ignore'
[1.403s] Level 1:colcon.colcon_core.package_identification:_identify(venv/lib/python3.10/site-packages/setuptools/extern/__pycache__) by extension 'ignore_ament_install'
[1.403s] Level 1:colcon.colcon_core.package_identification:_identify(venv/lib/python3.10/site-packages/setuptools/extern/__pycache__) by extensions ['colcon_pkg']
[1.403s] Level 1:colcon.colcon_core.package_identification:_identify(venv/lib/python3.10/site-packages/setuptools/extern/__pycache__) by extension 'colcon_pkg'
[1.403s] Level 1:colcon.colcon_core.package_identification:_identify(venv/lib/python3.10/site-packages/setuptools/extern/__pycache__) by extensions ['colcon_meta']
[1.403s] Level 1:colcon.colcon_core.package_identification:_identify(venv/lib/python3.10/site-packages/setuptools/extern/__pycache__) by extension 'colcon_meta'
[1.403s] Level 1:colcon.colcon_core.package_identification:_identify(venv/lib/python3.10/site-packages/setuptools/extern/__pycache__) by extensions ['ros']
[1.403s] Level 1:colcon.colcon_core.package_identification:_identify(venv/lib/python3.10/site-packages/setuptools/extern/__pycache__) by extension 'ros'
[1.403s] Level 1:colcon.colcon_core.package_identification:_identify(venv/lib/python3.10/site-packages/setuptools/extern/__pycache__) by extensions ['cmake', 'python']
[1.403s] Level 1:colcon.colcon_core.package_identification:_identify(venv/lib/python3.10/site-packages/setuptools/extern/__pycache__) by extension 'cmake'
[1.403s] Level 1:colcon.colcon_core.package_identification:_identify(venv/lib/python3.10/site-packages/setuptools/extern/__pycache__) by extension 'python'
[1.403s] Level 1:colcon.colcon_core.package_identification:_identify(venv/lib/python3.10/site-packages/setuptools/extern/__pycache__) by extensions ['python_setup_py']
[1.403s] Level 1:colcon.colcon_core.package_identification:_identify(venv/lib/python3.10/site-packages/setuptools/extern/__pycache__) by extension 'python_setup_py'
[1.403s] Level 1:colcon.colcon_core.package_identification:_identify(venv/lib/python3.10/site-packages/setuptools-59.6.0.dist-info) by extensions ['ignore', 'ignore_ament_install']
[1.403s] Level 1:colcon.colcon_core.package_identification:_identify(venv/lib/python3.10/site-packages/setuptools-59.6.0.dist-info) by extension 'ignore'
[1.403s] Level 1:colcon.colcon_core.package_identification:_identify(venv/lib/python3.10/site-packages/setuptools-59.6.0.dist-info) by extension 'ignore_ament_install'
[1.403s] Level 1:colcon.colcon_core.package_identification:_identify(venv/lib/python3.10/site-packages/setuptools-59.6.0.dist-info) by extensions ['colcon_pkg']
[1.403s] Level 1:colcon.colcon_core.package_identification:_identify(venv/lib/python3.10/site-packages/setuptools-59.6.0.dist-info) by extension 'colcon_pkg'
[1.403s] Level 1:colcon.colcon_core.package_identification:_identify(venv/lib/python3.10/site-packages/setuptools-59.6.0.dist-info) by extensions ['colcon_meta']
[1.403s] Level 1:colcon.colcon_core.package_identification:_identify(venv/lib/python3.10/site-packages/setuptools-59.6.0.dist-info) by extension 'colcon_meta'
[1.403s] Level 1:colcon.colcon_core.package_identification:_identify(venv/lib/python3.10/site-packages/setuptools-59.6.0.dist-info) by extensions ['ros']
[1.403s] Level 1:colcon.colcon_core.package_identification:_identify(venv/lib/python3.10/site-packages/setuptools-59.6.0.dist-info) by extension 'ros'
[1.403s] Level 1:colcon.colcon_core.package_identification:_identify(venv/lib/python3.10/site-packages/setuptools-59.6.0.dist-info) by extensions ['cmake', 'python']
[1.403s] Level 1:colcon.colcon_core.package_identification:_identify(venv/lib/python3.10/site-packages/setuptools-59.6.0.dist-info) by extension 'cmake'
[1.403s] Level 1:colcon.colcon_core.package_identification:_identify(venv/lib/python3.10/site-packages/setuptools-59.6.0.dist-info) by extension 'python'
[1.403s] Level 1:colcon.colcon_core.package_identification:_identify(venv/lib/python3.10/site-packages/setuptools-59.6.0.dist-info) by extensions ['python_setup_py']
[1.403s] Level 1:colcon.colcon_core.package_identification:_identify(venv/lib/python3.10/site-packages/setuptools-59.6.0.dist-info) by extension 'python_setup_py'
[1.403s] Level 1:colcon.colcon_core.package_discovery:discover_packages(recursive) using defaults
[1.403s] Level 1:colcon.colcon_core.package_discovery:discover_packages(ignore) discover
[1.403s] Level 1:colcon.colcon_core.package_discovery:discover_packages(ignore) using defaults
[1.403s] Level 1:colcon.colcon_core.package_discovery:discover_packages(path) discover
[1.403s] Level 1:colcon.colcon_core.package_discovery:discover_packages(path) using defaults
[1.420s] Level 1:colcon.colcon_core.package_discovery:discover_packages(prefix_path) check parameters
[1.420s] Level 1:colcon.colcon_core.package_discovery:discover_packages(prefix_path) discover
[1.429s] DEBUG:colcon.colcon_installed_package_information.package_discovery:Found 384 installed packages in /opt/ros/humble
[1.433s] Level 1:colcon.colcon_core.package_discovery:discover_packages(prefix_path) using defaults
[1.516s] WARNING:colcon.colcon_core.package_selection:Some selected packages are already built in one or more underlay workspaces:
	'turtlesim' is in: /opt/ros/humble
If a package in a merged underlay workspace is overridden and it installs headers, then all packages in the overlay must sort their include directories by workspace order. Failure to do so may result in build failures or undefined behavior at run time.
If the overridden package is used by another package in any underlay, then the overriding package in the overlay must be API and ABI compatible or undefined behavior at run time may occur.

If you understand the risks and want to override a package anyways, add the following to the command line:
	--allow-overriding turtlesim

This may be promoted to an error in a future release of colcon-override-check.
[1.518s] Level 5:colcon.colcon_core.verb:set package 'bumperbot_localization' build argument 'cmake_args' from command line to 'None'
[1.518s] Level 5:colcon.colcon_core.verb:set package 'bumperbot_localization' build argument 'cmake_target' from command line to 'None'
[1.518s] Level 5:colcon.colcon_core.verb:set package 'bumperbot_localization' build argument 'cmake_target_skip_unavailable' from command line to 'False'
[1.518s] Level 5:colcon.colcon_core.verb:set package 'bumperbot_localization' build argument 'cmake_clean_cache' from command line to 'False'
[1.518s] Level 5:colcon.colcon_core.verb:set package 'bumperbot_localization' build argument 'cmake_clean_first' from command line to 'False'
[1.518s] Level 5:colcon.colcon_core.verb:set package 'bumperbot_localization' build argument 'cmake_force_configure' from command line to 'False'
[1.518s] Level 5:colcon.colcon_core.verb:set package 'bumperbot_localization' build argument 'ament_cmake_args' from command line to 'None'
[1.518s] Level 5:colcon.colcon_core.verb:set package 'bumperbot_localization' build argument 'catkin_cmake_args' from command line to 'None'
[1.518s] Level 5:colcon.colcon_core.verb:set package 'bumperbot_localization' build argument 'catkin_skip_building_tests' from command line to 'False'
[1.518s] DEBUG:colcon.colcon_core.verb:Building package 'bumperbot_localization' with the following arguments: {'ament_cmake_args': None, 'build_base': '/home/aihemel/ros2_ws/build/bumperbot_localization', 'catkin_cmake_args': None, 'catkin_skip_building_tests': False, 'cmake_args': None, 'cmake_clean_cache': False, 'cmake_clean_first': False, 'cmake_force_configure': False, 'cmake_target': None, 'cmake_target_skip_unavailable': False, 'install_base': '/home/aihemel/ros2_ws/install/bumperbot_localization', 'merge_install': False, 'path': '/home/aihemel/ros2_ws/src/bumperbot_localization', 'symlink_install': False, 'test_result_base': None}
[1.519s] Level 5:colcon.colcon_core.verb:set package 'bumperbot_py_examples' build argument 'cmake_args' from command line to 'None'
[1.519s] Level 5:colcon.colcon_core.verb:set package 'bumperbot_py_examples' build argument 'cmake_target' from command line to 'None'
[1.519s] Level 5:colcon.colcon_core.verb:set package 'bumperbot_py_examples' build argument 'cmake_target_skip_unavailable' from command line to 'False'
[1.519s] Level 5:colcon.colcon_core.verb:set package 'bumperbot_py_examples' build argument 'cmake_clean_cache' from command line to 'False'
[1.519s] Level 5:colcon.colcon_core.verb:set package 'bumperbot_py_examples' build argument 'cmake_clean_first' from command line to 'False'
[1.519s] Level 5:colcon.colcon_core.verb:set package 'bumperbot_py_examples' build argument 'cmake_force_configure' from command line to 'False'
[1.519s] Level 5:colcon.colcon_core.verb:set package 'bumperbot_py_examples' build argument 'ament_cmake_args' from command line to 'None'
[1.519s] Level 5:colcon.colcon_core.verb:set package 'bumperbot_py_examples' build argument 'catkin_cmake_args' from command line to 'None'
[1.519s] Level 5:colcon.colcon_core.verb:set package 'bumperbot_py_examples' build argument 'catkin_skip_building_tests' from command line to 'False'
[1.519s] DEBUG:colcon.colcon_core.verb:Building package 'bumperbot_py_examples' with the following arguments: {'ament_cmake_args': None, 'build_base': '/home/aihemel/ros2_ws/build/bumperbot_py_examples', 'catkin_cmake_args': None, 'catkin_skip_building_tests': False, 'cmake_args': None, 'cmake_clean_cache': False, 'cmake_clean_first': False, 'cmake_force_configure': False, 'cmake_target': None, 'cmake_target_skip_unavailable': False, 'install_base': '/home/aihemel/ros2_ws/install/bumperbot_py_examples', 'merge_install': False, 'path': '/home/aihemel/ros2_ws/src/bumperbot_py_examples', 'symlink_install': False, 'test_result_base': None}
[1.520s] Level 5:colcon.colcon_core.verb:set package 'my-test-package' build argument 'cmake_args' from command line to 'None'
[1.520s] Level 5:colcon.colcon_core.verb:set package 'my-test-package' build argument 'cmake_target' from command line to 'None'
[1.520s] Level 5:colcon.colcon_core.verb:set package 'my-test-package' build argument 'cmake_target_skip_unavailable' from command line to 'False'
[1.520s] Level 5:colcon.colcon_core.verb:set package 'my-test-package' build argument 'cmake_clean_cache' from command line to 'False'
[1.520s] Level 5:colcon.colcon_core.verb:set package 'my-test-package' build argument 'cmake_clean_first' from command line to 'False'
[1.520s] Level 5:colcon.colcon_core.verb:set package 'my-test-package' build argument 'cmake_force_configure' from command line to 'False'
[1.520s] Level 5:colcon.colcon_core.verb:set package 'my-test-package' build argument 'ament_cmake_args' from command line to 'None'
[1.520s] Level 5:colcon.colcon_core.verb:set package 'my-test-package' build argument 'catkin_cmake_args' from command line to 'None'
[1.520s] Level 5:colcon.colcon_core.verb:set package 'my-test-package' build argument 'catkin_skip_building_tests' from command line to 'False'
[1.520s] DEBUG:colcon.colcon_core.verb:Building package 'my-test-package' with the following arguments: {'ament_cmake_args': None, 'build_base': '/home/aihemel/ros2_ws/build/my-test-package', 'catkin_cmake_args': None, 'catkin_skip_building_tests': False, 'cmake_args': None, 'cmake_clean_cache': False, 'cmake_clean_first': False, 'cmake_force_configure': False, 'cmake_target': None, 'cmake_target_skip_unavailable': False, 'install_base': '/home/aihemel/ros2_ws/install/my-test-package', 'merge_install': False, 'path': '/home/aihemel/ros2_ws/venv/lib/python3.10/site-packages/pkg_resources/tests/data/my-test-package-source', 'symlink_install': False, 'test_result_base': None}
[1.521s] Level 5:colcon.colcon_core.verb:set package 'robot_controller' build argument 'cmake_args' from command line to 'None'
[1.521s] Level 5:colcon.colcon_core.verb:set package 'robot_controller' build argument 'cmake_target' from command line to 'None'
[1.521s] Level 5:colcon.colcon_core.verb:set package 'robot_controller' build argument 'cmake_target_skip_unavailable' from command line to 'False'
[1.521s] Level 5:colcon.colcon_core.verb:set package 'robot_controller' build argument 'cmake_clean_cache' from command line to 'False'
[1.521s] Level 5:colcon.colcon_core.verb:set package 'robot_controller' build argument 'cmake_clean_first' from command line to 'False'
[1.521s] Level 5:colcon.colcon_core.verb:set package 'robot_controller' build argument 'cmake_force_configure' from command line to 'False'
[1.521s] Level 5:colcon.colcon_core.verb:set package 'robot_controller' build argument 'ament_cmake_args' from command line to 'None'
[1.521s] Level 5:colcon.colcon_core.verb:set package 'robot_controller' build argument 'catkin_cmake_args' from command line to 'None'
[1.521s] Level 5:colcon.colcon_core.verb:set package 'robot_controller' build argument 'catkin_skip_building_tests' from command line to 'False'
[1.521s] DEBUG:colcon.colcon_core.verb:Building package 'robot_controller' with the following arguments: {'ament_cmake_args': None, 'build_base': '/home/aihemel/ros2_ws/build/robot_controller', 'catkin_cmake_args': None, 'catkin_skip_building_tests': False, 'cmake_args': None, 'cmake_clean_cache': False, 'cmake_clean_first': False, 'cmake_force_configure': False, 'cmake_target': None, 'cmake_target_skip_unavailable': False, 'install_base': '/home/aihemel/ros2_ws/install/robot_controller', 'merge_install': False, 'path': '/home/aihemel/ros2_ws/src/robot_controller', 'symlink_install': False, 'test_result_base': None}
[1.522s] Level 5:colcon.colcon_core.verb:set package 'robot_description' build argument 'cmake_args' from command line to 'None'
[1.522s] Level 5:colcon.colcon_core.verb:set package 'robot_description' build argument 'cmake_target' from command line to 'None'
[1.522s] Level 5:colcon.colcon_core.verb:set package 'robot_description' build argument 'cmake_target_skip_unavailable' from command line to 'False'
[1.522s] Level 5:colcon.colcon_core.verb:set package 'robot_description' build argument 'cmake_clean_cache' from command line to 'False'
[1.522s] Level 5:colcon.colcon_core.verb:set package 'robot_description' build argument 'cmake_clean_first' from command line to 'False'
[1.522s] Level 5:colcon.colcon_core.verb:set package 'robot_description' build argument 'cmake_force_configure' from command line to 'False'
[1.522s] Level 5:colcon.colcon_core.verb:set package 'robot_description' build argument 'ament_cmake_args' from command line to 'None'
[1.522s] Level 5:colcon.colcon_core.verb:set package 'robot_description' build argument 'catkin_cmake_args' from command line to 'None'
[1.522s] Level 5:colcon.colcon_core.verb:set package 'robot_description' build argument 'catkin_skip_building_tests' from command line to 'False'
[1.522s] DEBUG:colcon.colcon_core.verb:Building package 'robot_description' with the following arguments: {'ament_cmake_args': None, 'build_base': '/home/aihemel/ros2_ws/build/robot_description', 'catkin_cmake_args': None, 'catkin_skip_building_tests': False, 'cmake_args': None, 'cmake_clean_cache': False, 'cmake_clean_first': False, 'cmake_force_configure': False, 'cmake_target': None, 'cmake_target_skip_unavailable': False, 'install_base': '/home/aihemel/ros2_ws/install/robot_description', 'merge_install': False, 'path': '/home/aihemel/ros2_ws/src/robot_description', 'symlink_install': False, 'test_result_base': None}
[1.522s] Level 5:colcon.colcon_core.verb:set package 'robot_firmware' build argument 'cmake_args' from command line to 'None'
[1.523s] Level 5:colcon.colcon_core.verb:set package 'robot_firmware' build argument 'cmake_target' from command line to 'None'
[1.523s] Level 5:colcon.colcon_core.verb:set package 'robot_firmware' build argument 'cmake_target_skip_unavailable' from command line to 'False'
[1.523s] Level 5:colcon.colcon_core.verb:set package 'robot_firmware' build argument 'cmake_clean_cache' from command line to 'False'
[1.523s] Level 5:colcon.colcon_core.verb:set package 'robot_firmware' build argument 'cmake_clean_first' from command line to 'False'
[1.523s] Level 5:colcon.colcon_core.verb:set package 'robot_firmware' build argument 'cmake_force_configure' from command line to 'False'
[1.523s] Level 5:colcon.colcon_core.verb:set package 'robot_firmware' build argument 'ament_cmake_args' from command line to 'None'
[1.523s] Level 5:colcon.colcon_core.verb:set package 'robot_firmware' build argument 'catkin_cmake_args' from command line to 'None'
[1.523s] Level 5:colcon.colcon_core.verb:set package 'robot_firmware' build argument 'catkin_skip_building_tests' from command line to 'False'
[1.523s] DEBUG:colcon.colcon_core.verb:Building package 'robot_firmware' with the following arguments: {'ament_cmake_args': None, 'build_base': '/home/aihemel/ros2_ws/build/robot_firmware', 'catkin_cmake_args': None, 'catkin_skip_building_tests': False, 'cmake_args': None, 'cmake_clean_cache': False, 'cmake_clean_first': False, 'cmake_force_configure': False, 'cmake_target': None, 'cmake_target_skip_unavailable': False, 'install_base': '/home/aihemel/ros2_ws/install/robot_firmware', 'merge_install': False, 'path': '/home/aihemel/ros2_ws/src/robot_firmware', 'symlink_install': False, 'test_result_base': None}
[1.523s] Level 5:colcon.colcon_core.verb:set package 'robot_gazebo' build argument 'cmake_args' from command line to 'None'
[1.523s] Level 5:colcon.colcon_core.verb:set package 'robot_gazebo' build argument 'cmake_target' from command line to 'None'
[1.523s] Level 5:colcon.colcon_core.verb:set package 'robot_gazebo' build argument 'cmake_target_skip_unavailable' from command line to 'False'
[1.523s] Level 5:colcon.colcon_core.verb:set package 'robot_gazebo' build argument 'cmake_clean_cache' from command line to 'False'
[1.523s] Level 5:colcon.colcon_core.verb:set package 'robot_gazebo' build argument 'cmake_clean_first' from command line to 'False'
[1.523s] Level 5:colcon.colcon_core.verb:set package 'robot_gazebo' build argument 'cmake_force_configure' from command line to 'False'
[1.524s] Level 5:colcon.colcon_core.verb:set package 'robot_gazebo' build argument 'ament_cmake_args' from command line to 'None'
[1.524s] Level 5:colcon.colcon_core.verb:set package 'robot_gazebo' build argument 'catkin_cmake_args' from command line to 'None'
[1.524s] Level 5:colcon.colcon_core.verb:set package 'robot_gazebo' build argument 'catkin_skip_building_tests' from command line to 'False'
[1.524s] DEBUG:colcon.colcon_core.verb:Building package 'robot_gazebo' with the following arguments: {'ament_cmake_args': None, 'build_base': '/home/aihemel/ros2_ws/build/robot_gazebo', 'catkin_cmake_args': None, 'catkin_skip_building_tests': False, 'cmake_args': None, 'cmake_clean_cache': False, 'cmake_clean_first': False, 'cmake_force_configure': False, 'cmake_target': None, 'cmake_target_skip_unavailable': False, 'install_base': '/home/aihemel/ros2_ws/install/robot_gazebo', 'merge_install': False, 'path': '/home/aihemel/ros2_ws/src/robot_gazebo', 'symlink_install': False, 'test_result_base': None}
[1.524s] Level 5:colcon.colcon_core.verb:set package 'turtlesim' build argument 'cmake_args' from command line to 'None'
[1.524s] Level 5:colcon.colcon_core.verb:set package 'turtlesim' build argument 'cmake_target' from command line to 'None'
[1.524s] Level 5:colcon.colcon_core.verb:set package 'turtlesim' build argument 'cmake_target_skip_unavailable' from command line to 'False'
[1.524s] Level 5:colcon.colcon_core.verb:set package 'turtlesim' build argument 'cmake_clean_cache' from command line to 'False'
[1.524s] Level 5:colcon.colcon_core.verb:set package 'turtlesim' build argument 'cmake_clean_first' from command line to 'False'
[1.524s] Level 5:colcon.colcon_core.verb:set package 'turtlesim' build argument 'cmake_force_configure' from command line to 'False'
[1.524s] Level 5:colcon.colcon_core.verb:set package 'turtlesim' build argument 'ament_cmake_args' from command line to 'None'
[1.524s] Level 5:colcon.colcon_core.verb:set package 'turtlesim' build argument 'catkin_cmake_args' from command line to 'None'
[1.524s] Level 5:colcon.colcon_core.verb:set package 'turtlesim' build argument 'catkin_skip_building_tests' from command line to 'False'
[1.524s] DEBUG:colcon.colcon_core.verb:Building package 'turtlesim' with the following arguments: {'ament_cmake_args': None, 'build_base': '/home/aihemel/ros2_ws/build/turtlesim', 'catkin_cmake_args': None, 'catkin_skip_building_tests': False, 'cmake_args': None, 'cmake_clean_cache': False, 'cmake_clean_first': False, 'cmake_force_configure': False, 'cmake_target': None, 'cmake_target_skip_unavailable': False, 'install_base': '/home/aihemel/ros2_ws/install/turtlesim', 'merge_install': False, 'path': '/home/aihemel/ros2_ws/src/ros_tutorials/turtlesim', 'symlink_install': False, 'test_result_base': None}
[1.525s] INFO:colcon.colcon_core.executor:Executing jobs using 'parallel' executor
[1.526s] DEBUG:colcon.colcon_parallel_executor.executor.parallel:run_until_complete
[1.527s] INFO:colcon.colcon_ros.task.ament_cmake.build:Building ROS package in '/home/aihemel/ros2_ws/src/bumperbot_localization' with build type 'ament_cmake'
[1.527s] INFO:colcon.colcon_cmake.task.cmake.build:Building CMake package in '/home/aihemel/ros2_ws/src/bumperbot_localization'
[1.537s] INFO:colcon.colcon_core.plugin_system:Skipping extension 'colcon_core.shell.bat': Not used on non-Windows systems
[1.537s] INFO:colcon.colcon_core.shell:Skip shell extension 'powershell' for command environment: Not usable outside of PowerShell
[1.537s] DEBUG:colcon.colcon_core.shell:Skip shell extension 'dsv' for command environment
[1.542s] INFO:colcon.colcon_ros.task.ament_python.build:Building ROS package in '/home/aihemel/ros2_ws/src/bumperbot_py_examples' with build type 'ament_python'
[1.543s] Level 1:colcon.colcon_core.shell:create_environment_hook('bumperbot_py_examples', 'ament_prefix_path')
[1.543s] INFO:colcon.colcon_core.shell:Creating environment hook '/home/aihemel/ros2_ws/install/bumperbot_py_examples/share/bumperbot_py_examples/hook/ament_prefix_path.ps1'
[1.545s] INFO:colcon.colcon_core.shell:Creating environment descriptor '/home/aihemel/ros2_ws/install/bumperbot_py_examples/share/bumperbot_py_examples/hook/ament_prefix_path.dsv'
[1.546s] INFO:colcon.colcon_core.shell:Creating environment hook '/home/aihemel/ros2_ws/install/bumperbot_py_examples/share/bumperbot_py_examples/hook/ament_prefix_path.sh'
[1.547s] INFO:colcon.colcon_core.shell:Skip shell extension 'powershell' for command environment: Not usable outside of PowerShell
[1.547s] DEBUG:colcon.colcon_core.shell:Skip shell extension 'dsv' for command environment
[1.551s] INFO:colcon.colcon_core.task.python.build:Building Python package in '/home/aihemel/ros2_ws/venv/lib/python3.10/site-packages/pkg_resources/tests/data/my-test-package-source'
[1.551s] INFO:colcon.colcon_core.shell:Skip shell extension 'powershell' for command environment: Not usable outside of PowerShell
[1.551s] DEBUG:colcon.colcon_core.shell:Skip shell extension 'dsv' for command environment
[1.555s] INFO:colcon.colcon_ros.task.ament_cmake.build:Building ROS package in '/home/aihemel/ros2_ws/src/robot_controller' with build type 'ament_cmake'
[1.555s] INFO:colcon.colcon_cmake.task.cmake.build:Building CMake package in '/home/aihemel/ros2_ws/src/robot_controller'
[1.555s] INFO:colcon.colcon_core.shell:Skip shell extension 'powershell' for command environment: Not usable outside of PowerShell
[1.555s] DEBUG:colcon.colcon_core.shell:Skip shell extension 'dsv' for command environment
[1.559s] INFO:colcon.colcon_ros.task.ament_cmake.build:Building ROS package in '/home/aihemel/ros2_ws/src/robot_description' with build type 'ament_cmake'
[1.559s] INFO:colcon.colcon_cmake.task.cmake.build:Building CMake package in '/home/aihemel/ros2_ws/src/robot_description'
[1.559s] INFO:colcon.colcon_core.shell:Skip shell extension 'powershell' for command environment: Not usable outside of PowerShell
[1.560s] DEBUG:colcon.colcon_core.shell:Skip shell extension 'dsv' for command environment
[1.564s] INFO:colcon.colcon_ros.task.ament_cmake.build:Building ROS package in '/home/aihemel/ros2_ws/src/robot_firmware' with build type 'ament_cmake'
[1.564s] INFO:colcon.colcon_cmake.task.cmake.build:Building CMake package in '/home/aihemel/ros2_ws/src/robot_firmware'
[1.565s] INFO:colcon.colcon_core.shell:Skip shell extension 'powershell' for command environment: Not usable outside of PowerShell
[1.565s] DEBUG:colcon.colcon_core.shell:Skip shell extension 'dsv' for command environment
[1.570s] INFO:colcon.colcon_ros.task.ament_cmake.build:Building ROS package in '/home/aihemel/ros2_ws/src/robot_gazebo' with build type 'ament_cmake'
[1.570s] INFO:colcon.colcon_cmake.task.cmake.build:Building CMake package in '/home/aihemel/ros2_ws/src/robot_gazebo'
[1.570s] INFO:colcon.colcon_core.shell:Skip shell extension 'powershell' for command environment: Not usable outside of PowerShell
[1.571s] DEBUG:colcon.colcon_core.shell:Skip shell extension 'dsv' for command environment
[1.575s] INFO:colcon.colcon_ros.task.ament_cmake.build:Building ROS package in '/home/aihemel/ros2_ws/src/ros_tutorials/turtlesim' with build type 'ament_cmake'
[1.575s] INFO:colcon.colcon_cmake.task.cmake.build:Building CMake package in '/home/aihemel/ros2_ws/src/ros_tutorials/turtlesim'
[1.575s] INFO:colcon.colcon_core.shell:Skip shell extension 'powershell' for command environment: Not usable outside of PowerShell
[1.575s] DEBUG:colcon.colcon_core.shell:Skip shell extension 'dsv' for command environment
[1.586s] DEBUG:colcon.colcon_core.event_handler.log_command:Invoking command in '/home/aihemel/ros2_ws/build/bumperbot_localization': CMAKE_PREFIX_PATH=/opt/ros/humble /usr/local/bin/cmake --build /home/aihemel/ros2_ws/build/bumperbot_localization -- -j12 -l12
[1.779s] INFO:colcon.colcon_core.task.python.build:Building Python package in '/home/aihemel/ros2_ws/src/bumperbot_py_examples'
[1.779s] INFO:colcon.colcon_core.shell:Skip shell extension 'powershell' for command environment: Not usable outside of PowerShell
[1.779s] DEBUG:colcon.colcon_core.shell:Skip shell extension 'dsv' for command environment
[1.965s] DEBUG:colcon.colcon_core.event_handler.log_command:Invoking command in '/home/aihemel/ros2_ws/build/robot_controller': CMAKE_PREFIX_PATH=/opt/ros/humble /usr/local/bin/cmake --build /home/aihemel/ros2_ws/build/robot_controller -- -j12 -l12
[1.967s] DEBUG:colcon.colcon_core.event_handler.log_command:Invoking command in '/home/aihemel/ros2_ws/build/robot_description': CMAKE_PREFIX_PATH=/opt/ros/humble /usr/local/bin/cmake --build /home/aihemel/ros2_ws/build/robot_description -- -j12 -l12
[1.969s] DEBUG:colcon.colcon_core.event_handler.log_command:Invoking command in '/home/aihemel/ros2_ws/build/robot_firmware': CMAKE_PREFIX_PATH=/opt/ros/humble /usr/local/bin/cmake /home/aihemel/ros2_ws/src/robot_firmware -DCMAKE_INSTALL_PREFIX=/home/aihemel/ros2_ws/install/robot_firmware
[1.972s] DEBUG:colcon.colcon_core.event_handler.log_command:Invoking command in '/home/aihemel/ros2_ws/build/robot_gazebo': CMAKE_PREFIX_PATH=/opt/ros/humble /usr/local/bin/cmake --build /home/aihemel/ros2_ws/build/robot_gazebo -- -j12 -l12
[1.978s] DEBUG:colcon.colcon_core.event_handler.log_command:Invoking command in '/home/aihemel/ros2_ws/build/turtlesim': CMAKE_PREFIX_PATH=/opt/ros/humble /usr/local/bin/cmake --build /home/aihemel/ros2_ws/build/turtlesim -- -j12 -l12
[1.978s] DEBUG:colcon.colcon_core.event_handler.log_command:Invoked command in '/home/aihemel/ros2_ws/build/bumperbot_localization' returned '0': CMAKE_PREFIX_PATH=/opt/ros/humble /usr/local/bin/cmake --build /home/aihemel/ros2_ws/build/bumperbot_localization -- -j12 -l12
[1.981s] DEBUG:colcon.colcon_core.event_handler.log_command:Invoking command in '/home/aihemel/ros2_ws/build/bumperbot_localization': CMAKE_PREFIX_PATH=/opt/ros/humble /usr/local/bin/cmake --install /home/aihemel/ros2_ws/build/bumperbot_localization
[1.986s] DEBUG:colcon.colcon_core.event_handler.log_command:Invoked command in '/home/aihemel/ros2_ws/build/robot_description' returned '0': CMAKE_PREFIX_PATH=/opt/ros/humble /usr/local/bin/cmake --build /home/aihemel/ros2_ws/build/robot_description -- -j12 -l12
[1.987s] DEBUG:colcon.colcon_core.event_handler.log_command:Invoking command in '/home/aihemel/ros2_ws/build/robot_description': CMAKE_PREFIX_PATH=/opt/ros/humble /usr/local/bin/cmake --install /home/aihemel/ros2_ws/build/robot_description
[1.991s] DEBUG:colcon.colcon_core.event_handler.log_command:Invoked command in '/home/aihemel/ros2_ws/build/robot_gazebo' returned '0': CMAKE_PREFIX_PATH=/opt/ros/humble /usr/local/bin/cmake --build /home/aihemel/ros2_ws/build/robot_gazebo -- -j12 -l12
[1.994s] DEBUG:colcon.colcon_core.event_handler.log_command:Invoking command in '/home/aihemel/ros2_ws/build/robot_gazebo': CMAKE_PREFIX_PATH=/opt/ros/humble /usr/local/bin/cmake --install /home/aihemel/ros2_ws/build/robot_gazebo
[1.995s] Level 1:colcon.colcon_core.environment:create_environment_scripts_only(robot_description)
[1.996s] DEBUG:colcon.colcon_core.event_handler.log_command:Invoked command in '/home/aihemel/ros2_ws/build/robot_description' returned '0': CMAKE_PREFIX_PATH=/opt/ros/humble /usr/local/bin/cmake --install /home/aihemel/ros2_ws/build/robot_description
[2.003s] Level 1:colcon.colcon_core.environment:checking '/home/aihemel/ros2_ws/install/robot_description' for CMake module files
[2.003s] Level 1:colcon.colcon_core.environment:checking '/home/aihemel/ros2_ws/install/robot_description' for CMake config files
[2.004s] Level 1:colcon.colcon_core.shell:create_environment_hook('robot_description', 'cmake_prefix_path')
[2.004s] INFO:colcon.colcon_core.shell:Creating environment hook '/home/aihemel/ros2_ws/install/robot_description/share/robot_description/hook/cmake_prefix_path.ps1'
[2.004s] INFO:colcon.colcon_core.shell:Creating environment descriptor '/home/aihemel/ros2_ws/install/robot_description/share/robot_description/hook/cmake_prefix_path.dsv'
[2.005s] INFO:colcon.colcon_core.shell:Creating environment hook '/home/aihemel/ros2_ws/install/robot_description/share/robot_description/hook/cmake_prefix_path.sh'
[2.005s] Level 1:colcon.colcon_core.environment:checking '/home/aihemel/ros2_ws/install/robot_description/bin'
[2.005s] Level 1:colcon.colcon_core.environment:checking '/home/aihemel/ros2_ws/install/robot_description/lib/pkgconfig/robot_description.pc'
[2.006s] Level 1:colcon.colcon_core.environment:checking '/home/aihemel/ros2_ws/install/robot_description/lib/python3.10/site-packages'
[2.006s] Level 1:colcon.colcon_core.environment:checking '/home/aihemel/ros2_ws/install/robot_description/bin'
[2.006s] INFO:colcon.colcon_core.shell:Creating package script '/home/aihemel/ros2_ws/install/robot_description/share/robot_description/package.ps1'
[2.008s] INFO:colcon.colcon_core.shell:Creating package descriptor '/home/aihemel/ros2_ws/install/robot_description/share/robot_description/package.dsv'
[2.009s] INFO:colcon.colcon_core.shell:Creating package script '/home/aihemel/ros2_ws/install/robot_description/share/robot_description/package.sh'
[2.011s] INFO:colcon.colcon_core.shell:Creating package script '/home/aihemel/ros2_ws/install/robot_description/share/robot_description/package.bash'
[2.013s] INFO:colcon.colcon_core.shell:Creating package script '/home/aihemel/ros2_ws/install/robot_description/share/robot_description/package.zsh'
[2.014s] Level 1:colcon.colcon_core.environment:create_file_with_runtime_dependencies(/home/aihemel/ros2_ws/install/robot_description/share/colcon-core/packages/robot_description)
[2.015s] Level 1:colcon.colcon_core.environment:create_environment_scripts_only(robot_description)
[2.015s] Level 1:colcon.colcon_core.environment:checking '/home/aihemel/ros2_ws/install/robot_description' for CMake module files
[2.016s] Level 1:colcon.colcon_core.environment:checking '/home/aihemel/ros2_ws/install/robot_description' for CMake config files
[2.016s] Level 1:colcon.colcon_core.shell:create_environment_hook('robot_description', 'cmake_prefix_path')
[2.017s] INFO:colcon.colcon_core.shell:Creating environment hook '/home/aihemel/ros2_ws/install/robot_description/share/robot_description/hook/cmake_prefix_path.ps1'
[2.018s] INFO:colcon.colcon_core.shell:Creating environment descriptor '/home/aihemel/ros2_ws/install/robot_description/share/robot_description/hook/cmake_prefix_path.dsv'
[2.019s] INFO:colcon.colcon_core.shell:Creating environment hook '/home/aihemel/ros2_ws/install/robot_description/share/robot_description/hook/cmake_prefix_path.sh'
[2.019s] Level 1:colcon.colcon_core.environment:checking '/home/aihemel/ros2_ws/install/robot_description/bin'
[2.020s] Level 1:colcon.colcon_core.environment:checking '/home/aihemel/ros2_ws/install/robot_description/lib/pkgconfig/robot_description.pc'
[2.020s] Level 1:colcon.colcon_core.environment:checking '/home/aihemel/ros2_ws/install/robot_description/lib/python3.10/site-packages'
[2.020s] Level 1:colcon.colcon_core.environment:checking '/home/aihemel/ros2_ws/install/robot_description/bin'
[2.021s] INFO:colcon.colcon_core.shell:Creating package script '/home/aihemel/ros2_ws/install/robot_description/share/robot_description/package.ps1'
[2.022s] INFO:colcon.colcon_core.shell:Creating package descriptor '/home/aihemel/ros2_ws/install/robot_description/share/robot_description/package.dsv'
[2.023s] INFO:colcon.colcon_core.shell:Creating package script '/home/aihemel/ros2_ws/install/robot_description/share/robot_description/package.sh'
[2.024s] INFO:colcon.colcon_core.shell:Creating package script '/home/aihemel/ros2_ws/install/robot_description/share/robot_description/package.bash'
[2.025s] INFO:colcon.colcon_core.shell:Creating package script '/home/aihemel/ros2_ws/install/robot_description/share/robot_description/package.zsh'
[2.026s] Level 1:colcon.colcon_core.environment:create_file_with_runtime_dependencies(/home/aihemel/ros2_ws/install/robot_description/share/colcon-core/packages/robot_description)
[2.030s] Level 1:colcon.colcon_core.environment:create_environment_scripts_only(robot_gazebo)
[2.030s] Level 1:colcon.colcon_core.environment:checking '/home/aihemel/ros2_ws/install/robot_gazebo' for CMake module files
[2.032s] Level 1:colcon.colcon_core.environment:checking '/home/aihemel/ros2_ws/install/robot_gazebo' for CMake config files
[2.035s] DEBUG:colcon.colcon_core.event_handler.log_command:Invoked command in '/home/aihemel/ros2_ws/build/robot_gazebo' returned '0': CMAKE_PREFIX_PATH=/opt/ros/humble /usr/local/bin/cmake --install /home/aihemel/ros2_ws/build/robot_gazebo
[2.036s] Level 1:colcon.colcon_core.shell:create_environment_hook('robot_gazebo', 'cmake_prefix_path')
[2.036s] INFO:colcon.colcon_core.shell:Creating environment hook '/home/aihemel/ros2_ws/install/robot_gazebo/share/robot_gazebo/hook/cmake_prefix_path.ps1'
[2.037s] INFO:colcon.colcon_core.shell:Creating environment descriptor '/home/aihemel/ros2_ws/install/robot_gazebo/share/robot_gazebo/hook/cmake_prefix_path.dsv'
[2.038s] INFO:colcon.colcon_core.shell:Creating environment hook '/home/aihemel/ros2_ws/install/robot_gazebo/share/robot_gazebo/hook/cmake_prefix_path.sh'
[2.038s] Level 1:colcon.colcon_core.environment:checking '/home/aihemel/ros2_ws/install/robot_gazebo/bin'
[2.039s] Level 1:colcon.colcon_core.environment:checking '/home/aihemel/ros2_ws/install/robot_gazebo/lib/pkgconfig/robot_gazebo.pc'
[2.040s] Level 1:colcon.colcon_core.environment:checking '/home/aihemel/ros2_ws/install/robot_gazebo/lib/python3.10/site-packages'
[2.040s] Level 1:colcon.colcon_core.environment:checking '/home/aihemel/ros2_ws/install/robot_gazebo/bin'
[2.040s] INFO:colcon.colcon_core.shell:Creating package script '/home/aihemel/ros2_ws/install/robot_gazebo/share/robot_gazebo/package.ps1'
[2.042s] INFO:colcon.colcon_core.shell:Creating package descriptor '/home/aihemel/ros2_ws/install/robot_gazebo/share/robot_gazebo/package.dsv'
[2.042s] INFO:colcon.colcon_core.shell:Creating package script '/home/aihemel/ros2_ws/install/robot_gazebo/share/robot_gazebo/package.sh'
[2.043s] INFO:colcon.colcon_core.shell:Creating package script '/home/aihemel/ros2_ws/install/robot_gazebo/share/robot_gazebo/package.bash'
[2.043s] INFO:colcon.colcon_core.shell:Creating package script '/home/aihemel/ros2_ws/install/robot_gazebo/share/robot_gazebo/package.zsh'
[2.043s] Level 1:colcon.colcon_core.environment:create_file_with_runtime_dependencies(/home/aihemel/ros2_ws/install/robot_gazebo/share/colcon-core/packages/robot_gazebo)
[2.044s] Level 1:colcon.colcon_core.environment:create_environment_scripts_only(robot_gazebo)
[2.044s] Level 1:colcon.colcon_core.environment:checking '/home/aihemel/ros2_ws/install/robot_gazebo' for CMake module files
[2.044s] Level 1:colcon.colcon_core.environment:checking '/home/aihemel/ros2_ws/install/robot_gazebo' for CMake config files
[2.045s] Level 1:colcon.colcon_core.shell:create_environment_hook('robot_gazebo', 'cmake_prefix_path')
[2.045s] INFO:colcon.colcon_core.shell:Creating environment hook '/home/aihemel/ros2_ws/install/robot_gazebo/share/robot_gazebo/hook/cmake_prefix_path.ps1'
[2.045s] INFO:colcon.colcon_core.shell:Creating environment descriptor '/home/aihemel/ros2_ws/install/robot_gazebo/share/robot_gazebo/hook/cmake_prefix_path.dsv'
[2.046s] INFO:colcon.colcon_core.shell:Creating environment hook '/home/aihemel/ros2_ws/install/robot_gazebo/share/robot_gazebo/hook/cmake_prefix_path.sh'
[2.047s] Level 1:colcon.colcon_core.environment:checking '/home/aihemel/ros2_ws/install/robot_gazebo/bin'
[2.047s] Level 1:colcon.colcon_core.environment:checking '/home/aihemel/ros2_ws/install/robot_gazebo/lib/pkgconfig/robot_gazebo.pc'
[2.047s] Level 1:colcon.colcon_core.environment:checking '/home/aihemel/ros2_ws/install/robot_gazebo/lib/python3.10/site-packages'
[2.047s] Level 1:colcon.colcon_core.environment:checking '/home/aihemel/ros2_ws/install/robot_gazebo/bin'
[2.048s] INFO:colcon.colcon_core.shell:Creating package script '/home/aihemel/ros2_ws/install/robot_gazebo/share/robot_gazebo/package.ps1'
[2.048s] INFO:colcon.colcon_core.shell:Creating package descriptor '/home/aihemel/ros2_ws/install/robot_gazebo/share/robot_gazebo/package.dsv'
[2.049s] INFO:colcon.colcon_core.shell:Creating package script '/home/aihemel/ros2_ws/install/robot_gazebo/share/robot_gazebo/package.sh'
[2.049s] INFO:colcon.colcon_core.shell:Creating package script '/home/aihemel/ros2_ws/install/robot_gazebo/share/robot_gazebo/package.bash'
[2.050s] INFO:colcon.colcon_core.shell:Creating package script '/home/aihemel/ros2_ws/install/robot_gazebo/share/robot_gazebo/package.zsh'
[2.050s] Level 1:colcon.colcon_core.environment:create_file_with_runtime_dependencies(/home/aihemel/ros2_ws/install/robot_gazebo/share/colcon-core/packages/robot_gazebo)
[2.051s] Level 1:colcon.colcon_core.environment:create_environment_scripts_only(bumperbot_localization)
[2.052s] Level 1:colcon.colcon_core.environment:checking '/home/aihemel/ros2_ws/install/bumperbot_localization' for CMake module files
[2.052s] DEBUG:colcon.colcon_core.event_handler.log_command:Invoked command in '/home/aihemel/ros2_ws/build/bumperbot_localization' returned '0': CMAKE_PREFIX_PATH=/opt/ros/humble /usr/local/bin/cmake --install /home/aihemel/ros2_ws/build/bumperbot_localization
[2.053s] Level 1:colcon.colcon_core.environment:checking '/home/aihemel/ros2_ws/install/bumperbot_localization' for CMake config files
[2.053s] Level 1:colcon.colcon_core.shell:create_environment_hook('bumperbot_localization', 'cmake_prefix_path')
[2.053s] INFO:colcon.colcon_core.shell:Creating environment hook '/home/aihemel/ros2_ws/install/bumperbot_localization/share/bumperbot_localization/hook/cmake_prefix_path.ps1'
[2.054s] INFO:colcon.colcon_core.shell:Creating environment descriptor '/home/aihemel/ros2_ws/install/bumperbot_localization/share/bumperbot_localization/hook/cmake_prefix_path.dsv'
[2.054s] INFO:colcon.colcon_core.shell:Creating environment hook '/home/aihemel/ros2_ws/install/bumperbot_localization/share/bumperbot_localization/hook/cmake_prefix_path.sh'
[2.055s] Level 1:colcon.colcon_core.environment:checking '/home/aihemel/ros2_ws/install/bumperbot_localization/lib'
[2.055s] Level 1:colcon.colcon_core.environment:checking '/home/aihemel/ros2_ws/install/bumperbot_localization/bin'
[2.056s] Level 1:colcon.colcon_core.environment:checking '/home/aihemel/ros2_ws/install/bumperbot_localization/lib/pkgconfig/bumperbot_localization.pc'
[2.056s] Level 1:colcon.colcon_core.environment:checking '/home/aihemel/ros2_ws/install/bumperbot_localization/lib/python3.10/site-packages'
[2.056s] Level 1:colcon.colcon_core.environment:checking '/home/aihemel/ros2_ws/install/bumperbot_localization/bin'
[2.057s] INFO:colcon.colcon_core.shell:Creating package script '/home/aihemel/ros2_ws/install/bumperbot_localization/share/bumperbot_localization/package.ps1'
[2.057s] INFO:colcon.colcon_core.shell:Creating package descriptor '/home/aihemel/ros2_ws/install/bumperbot_localization/share/bumperbot_localization/package.dsv'
[2.058s] INFO:colcon.colcon_core.shell:Creating package script '/home/aihemel/ros2_ws/install/bumperbot_localization/share/bumperbot_localization/package.sh'
[2.058s] INFO:colcon.colcon_core.shell:Creating package script '/home/aihemel/ros2_ws/install/bumperbot_localization/share/bumperbot_localization/package.bash'
[2.059s] INFO:colcon.colcon_core.shell:Creating package script '/home/aihemel/ros2_ws/install/bumperbot_localization/share/bumperbot_localization/package.zsh'
[2.059s] Level 1:colcon.colcon_core.environment:create_file_with_runtime_dependencies(/home/aihemel/ros2_ws/install/bumperbot_localization/share/colcon-core/packages/bumperbot_localization)
[2.060s] Level 1:colcon.colcon_core.environment:create_environment_scripts_only(bumperbot_localization)
[2.060s] Level 1:colcon.colcon_core.environment:checking '/home/aihemel/ros2_ws/install/bumperbot_localization' for CMake module files
[2.061s] Level 1:colcon.colcon_core.environment:checking '/home/aihemel/ros2_ws/install/bumperbot_localization' for CMake config files
[2.061s] Level 1:colcon.colcon_core.shell:create_environment_hook('bumperbot_localization', 'cmake_prefix_path')
[2.062s] INFO:colcon.colcon_core.shell:Creating environment hook '/home/aihemel/ros2_ws/install/bumperbot_localization/share/bumperbot_localization/hook/cmake_prefix_path.ps1'
[2.062s] INFO:colcon.colcon_core.shell:Creating environment descriptor '/home/aihemel/ros2_ws/install/bumperbot_localization/share/bumperbot_localization/hook/cmake_prefix_path.dsv'
[2.063s] INFO:colcon.colcon_core.shell:Creating environment hook '/home/aihemel/ros2_ws/install/bumperbot_localization/share/bumperbot_localization/hook/cmake_prefix_path.sh'
[2.064s] Level 1:colcon.colcon_core.environment:checking '/home/aihemel/ros2_ws/install/bumperbot_localization/lib'
[2.064s] Level 1:colcon.colcon_core.environment:checking '/home/aihemel/ros2_ws/install/bumperbot_localization/bin'
[2.064s] Level 1:colcon.colcon_core.environment:checking '/home/aihemel/ros2_ws/install/bumperbot_localization/lib/pkgconfig/bumperbot_localization.pc'
[2.064s] Level 1:colcon.colcon_core.environment:checking '/home/aihemel/ros2_ws/install/bumperbot_localization/lib/python3.10/site-packages'
[2.064s] Level 1:colcon.colcon_core.environment:checking '/home/aihemel/ros2_ws/install/bumperbot_localization/bin'
[2.065s] INFO:colcon.colcon_core.shell:Creating package script '/home/aihemel/ros2_ws/install/bumperbot_localization/share/bumperbot_localization/package.ps1'
[2.065s] INFO:colcon.colcon_core.shell:Creating package descriptor '/home/aihemel/ros2_ws/install/bumperbot_localization/share/bumperbot_localization/package.dsv'
[2.066s] INFO:colcon.colcon_core.shell:Creating package script '/home/aihemel/ros2_ws/install/bumperbot_localization/share/bumperbot_localization/package.sh'
[2.066s] INFO:colcon.colcon_core.shell:Creating package script '/home/aihemel/ros2_ws/install/bumperbot_localization/share/bumperbot_localization/package.bash'
[2.067s] INFO:colcon.colcon_core.shell:Creating package script '/home/aihemel/ros2_ws/install/bumperbot_localization/share/bumperbot_localization/package.zsh'
[2.067s] Level 1:colcon.colcon_core.environment:create_file_with_runtime_dependencies(/home/aihemel/ros2_ws/install/bumperbot_localization/share/colcon-core/packages/bumperbot_localization)
[2.310s] DEBUG:colcon.colcon_core.event_handler.log_command:Invoked command in '/home/aihemel/ros2_ws/build/robot_controller' returned '0': CMAKE_PREFIX_PATH=/opt/ros/humble /usr/local/bin/cmake --build /home/aihemel/ros2_ws/build/robot_controller -- -j12 -l12
[2.311s] DEBUG:colcon.colcon_core.event_handler.log_command:Invoking command in '/home/aihemel/ros2_ws/build/robot_controller': CMAKE_PREFIX_PATH=/opt/ros/humble /usr/local/bin/cmake --install /home/aihemel/ros2_ws/build/robot_controller
[2.313s] DEBUG:colcon.colcon_core.event_handler.log_command:Invoked command in '/home/aihemel/ros2_ws/build/turtlesim' returned '0': CMAKE_PREFIX_PATH=/opt/ros/humble /usr/local/bin/cmake --build /home/aihemel/ros2_ws/build/turtlesim -- -j12 -l12
[2.317s] DEBUG:colcon.colcon_core.event_handler.log_command:Invoking command in '/home/aihemel/ros2_ws/build/turtlesim': CMAKE_PREFIX_PATH=/opt/ros/humble /usr/local/bin/cmake --install /home/aihemel/ros2_ws/build/turtlesim
[2.353s] Level 1:colcon.colcon_core.environment:create_environment_scripts_only(robot_controller)
[2.354s] Level 1:colcon.colcon_core.environment:checking '/home/aihemel/ros2_ws/install/robot_controller' for CMake module files
[2.354s] DEBUG:colcon.colcon_core.event_handler.log_command:Invoked command in '/home/aihemel/ros2_ws/build/robot_controller' returned '0': CMAKE_PREFIX_PATH=/opt/ros/humble /usr/local/bin/cmake --install /home/aihemel/ros2_ws/build/robot_controller
[2.355s] Level 1:colcon.colcon_core.environment:checking '/home/aihemel/ros2_ws/install/robot_controller' for CMake config files
[2.355s] Level 1:colcon.colcon_core.shell:create_environment_hook('robot_controller', 'cmake_prefix_path')
[2.355s] INFO:colcon.colcon_core.shell:Creating environment hook '/home/aihemel/ros2_ws/install/robot_controller/share/robot_controller/hook/cmake_prefix_path.ps1'
[2.356s] INFO:colcon.colcon_core.shell:Creating environment descriptor '/home/aihemel/ros2_ws/install/robot_controller/share/robot_controller/hook/cmake_prefix_path.dsv'
[2.356s] INFO:colcon.colcon_core.shell:Creating environment hook '/home/aihemel/ros2_ws/install/robot_controller/share/robot_controller/hook/cmake_prefix_path.sh'
[2.357s] Level 1:colcon.colcon_core.environment:checking '/home/aihemel/ros2_ws/install/robot_controller/lib'
[2.357s] Level 1:colcon.colcon_core.environment:checking '/home/aihemel/ros2_ws/install/robot_controller/bin'
[2.357s] Level 1:colcon.colcon_core.environment:checking '/home/aihemel/ros2_ws/install/robot_controller/lib/pkgconfig/robot_controller.pc'
[2.357s] Level 1:colcon.colcon_core.environment:checking '/home/aihemel/ros2_ws/install/robot_controller/lib/python3.10/site-packages'
[2.357s] Level 1:colcon.colcon_core.environment:checking '/home/aihemel/ros2_ws/install/robot_controller/bin'
[2.358s] INFO:colcon.colcon_core.shell:Creating package script '/home/aihemel/ros2_ws/install/robot_controller/share/robot_controller/package.ps1'
[2.358s] INFO:colcon.colcon_core.shell:Creating package descriptor '/home/aihemel/ros2_ws/install/robot_controller/share/robot_controller/package.dsv'
[2.359s] INFO:colcon.colcon_core.shell:Creating package script '/home/aihemel/ros2_ws/install/robot_controller/share/robot_controller/package.sh'
[2.359s] INFO:colcon.colcon_core.shell:Creating package script '/home/aihemel/ros2_ws/install/robot_controller/share/robot_controller/package.bash'
[2.359s] INFO:colcon.colcon_core.shell:Creating package script '/home/aihemel/ros2_ws/install/robot_controller/share/robot_controller/package.zsh'
[2.360s] Level 1:colcon.colcon_core.environment:create_file_with_runtime_dependencies(/home/aihemel/ros2_ws/install/robot_controller/share/colcon-core/packages/robot_controller)
[2.360s] Level 1:colcon.colcon_core.environment:create_environment_scripts_only(robot_controller)
[2.361s] Level 1:colcon.colcon_core.environment:checking '/home/aihemel/ros2_ws/install/robot_controller' for CMake module files
[2.361s] Level 1:colcon.colcon_core.environment:checking '/home/aihemel/ros2_ws/install/robot_controller' for CMake config files
[2.362s] Level 1:colcon.colcon_core.shell:create_environment_hook('robot_controller', 'cmake_prefix_path')
[2.362s] INFO:colcon.colcon_core.shell:Creating environment hook '/home/aihemel/ros2_ws/install/robot_controller/share/robot_controller/hook/cmake_prefix_path.ps1'
[2.363s] INFO:colcon.colcon_core.shell:Creating environment descriptor '/home/aihemel/ros2_ws/install/robot_controller/share/robot_controller/hook/cmake_prefix_path.dsv'
[2.363s] INFO:colcon.colcon_core.shell:Creating environment hook '/home/aihemel/ros2_ws/install/robot_controller/share/robot_controller/hook/cmake_prefix_path.sh'
[2.363s] Level 1:colcon.colcon_core.environment:checking '/home/aihemel/ros2_ws/install/robot_controller/lib'
[2.364s] Level 1:colcon.colcon_core.environment:checking '/home/aihemel/ros2_ws/install/robot_controller/bin'
[2.364s] Level 1:colcon.colcon_core.environment:checking '/home/aihemel/ros2_ws/install/robot_controller/lib/pkgconfig/robot_controller.pc'
[2.364s] Level 1:colcon.colcon_core.environment:checking '/home/aihemel/ros2_ws/install/robot_controller/lib/python3.10/site-packages'
[2.364s] Level 1:colcon.colcon_core.environment:checking '/home/aihemel/ros2_ws/install/robot_controller/bin'
[2.364s] INFO:colcon.colcon_core.shell:Creating package script '/home/aihemel/ros2_ws/install/robot_controller/share/robot_controller/package.ps1'
[2.365s] INFO:colcon.colcon_core.shell:Creating package descriptor '/home/aihemel/ros2_ws/install/robot_controller/share/robot_controller/package.dsv'
[2.365s] INFO:colcon.colcon_core.shell:Creating package script '/home/aihemel/ros2_ws/install/robot_controller/share/robot_controller/package.sh'
[2.365s] INFO:colcon.colcon_core.shell:Creating package script '/home/aihemel/ros2_ws/install/robot_controller/share/robot_controller/package.bash'
[2.366s] INFO:colcon.colcon_core.shell:Creating package script '/home/aihemel/ros2_ws/install/robot_controller/share/robot_controller/package.zsh'
[2.366s] Level 1:colcon.colcon_core.environment:create_file_with_runtime_dependencies(/home/aihemel/ros2_ws/install/robot_controller/share/colcon-core/packages/robot_controller)
[2.379s] Level 1:colcon.colcon_core.environment:create_environment_scripts_only(turtlesim)
[2.379s] Level 1:colcon.colcon_core.environment:checking '/home/aihemel/ros2_ws/install/turtlesim' for CMake module files
[2.380s] DEBUG:colcon.colcon_core.event_handler.log_command:Invoked command in '/home/aihemel/ros2_ws/build/turtlesim' returned '0': CMAKE_PREFIX_PATH=/opt/ros/humble /usr/local/bin/cmake --install /home/aihemel/ros2_ws/build/turtlesim
[2.381s] Level 1:colcon.colcon_core.environment:checking '/home/aihemel/ros2_ws/install/turtlesim' for CMake config files
[2.382s] Level 1:colcon.colcon_core.shell:create_environment_hook('turtlesim', 'cmake_prefix_path')
[2.382s] INFO:colcon.colcon_core.shell:Creating environment hook '/home/aihemel/ros2_ws/install/turtlesim/share/turtlesim/hook/cmake_prefix_path.ps1'
[2.382s] INFO:colcon.colcon_core.shell:Creating environment descriptor '/home/aihemel/ros2_ws/install/turtlesim/share/turtlesim/hook/cmake_prefix_path.dsv'
[2.383s] INFO:colcon.colcon_core.shell:Creating environment hook '/home/aihemel/ros2_ws/install/turtlesim/share/turtlesim/hook/cmake_prefix_path.sh'
[2.383s] Level 1:colcon.colcon_core.environment:checking '/home/aihemel/ros2_ws/install/turtlesim/lib'
[2.384s] Level 1:colcon.colcon_core.shell:create_environment_hook('turtlesim', 'ld_library_path_lib')
[2.384s] INFO:colcon.colcon_core.shell:Creating environment hook '/home/aihemel/ros2_ws/install/turtlesim/share/turtlesim/hook/ld_library_path_lib.ps1'
[2.384s] INFO:colcon.colcon_core.shell:Creating environment descriptor '/home/aihemel/ros2_ws/install/turtlesim/share/turtlesim/hook/ld_library_path_lib.dsv'
[2.385s] INFO:colcon.colcon_core.shell:Creating environment hook '/home/aihemel/ros2_ws/install/turtlesim/share/turtlesim/hook/ld_library_path_lib.sh'
[2.385s] Level 1:colcon.colcon_core.environment:checking '/home/aihemel/ros2_ws/install/turtlesim/bin'
[2.385s] Level 1:colcon.colcon_core.environment:checking '/home/aihemel/ros2_ws/install/turtlesim/lib/pkgconfig/turtlesim.pc'
[2.385s] Level 1:colcon.colcon_core.environment:checking '/home/aihemel/ros2_ws/install/turtlesim/lib/python3.10/site-packages'
[2.386s] Level 1:colcon.colcon_core.environment:checking '/home/aihemel/ros2_ws/install/turtlesim/bin'
[2.386s] INFO:colcon.colcon_core.shell:Creating package script '/home/aihemel/ros2_ws/install/turtlesim/share/turtlesim/package.ps1'
[2.387s] INFO:colcon.colcon_core.shell:Creating package descriptor '/home/aihemel/ros2_ws/install/turtlesim/share/turtlesim/package.dsv'
[2.387s] INFO:colcon.colcon_core.shell:Creating package script '/home/aihemel/ros2_ws/install/turtlesim/share/turtlesim/package.sh'
[2.387s] INFO:colcon.colcon_core.shell:Creating package script '/home/aihemel/ros2_ws/install/turtlesim/share/turtlesim/package.bash'
[2.388s] INFO:colcon.colcon_core.shell:Creating package script '/home/aihemel/ros2_ws/install/turtlesim/share/turtlesim/package.zsh'
[2.388s] Level 1:colcon.colcon_core.environment:create_file_with_runtime_dependencies(/home/aihemel/ros2_ws/install/turtlesim/share/colcon-core/packages/turtlesim)
[2.389s] Level 1:colcon.colcon_core.environment:create_environment_scripts_only(turtlesim)
[2.389s] Level 1:colcon.colcon_core.environment:checking '/home/aihemel/ros2_ws/install/turtlesim' for CMake module files
[2.390s] Level 1:colcon.colcon_core.environment:checking '/home/aihemel/ros2_ws/install/turtlesim' for CMake config files
[2.391s] Level 1:colcon.colcon_core.shell:create_environment_hook('turtlesim', 'cmake_prefix_path')
[2.391s] INFO:colcon.colcon_core.shell:Creating environment hook '/home/aihemel/ros2_ws/install/turtlesim/share/turtlesim/hook/cmake_prefix_path.ps1'
[2.391s] INFO:colcon.colcon_core.shell:Creating environment descriptor '/home/aihemel/ros2_ws/install/turtlesim/share/turtlesim/hook/cmake_prefix_path.dsv'
[2.392s] INFO:colcon.colcon_core.shell:Creating environment hook '/home/aihemel/ros2_ws/install/turtlesim/share/turtlesim/hook/cmake_prefix_path.sh'
[2.392s] Level 1:colcon.colcon_core.environment:checking '/home/aihemel/ros2_ws/install/turtlesim/lib'
[2.393s] Level 1:colcon.colcon_core.shell:create_environment_hook('turtlesim', 'ld_library_path_lib')
[2.393s] INFO:colcon.colcon_core.shell:Creating environment hook '/home/aihemel/ros2_ws/install/turtlesim/share/turtlesim/hook/ld_library_path_lib.ps1'
[2.393s] INFO:colcon.colcon_core.shell:Creating environment descriptor '/home/aihemel/ros2_ws/install/turtlesim/share/turtlesim/hook/ld_library_path_lib.dsv'
[2.393s] INFO:colcon.colcon_core.shell:Creating environment hook '/home/aihemel/ros2_ws/install/turtlesim/share/turtlesim/hook/ld_library_path_lib.sh'
[2.394s] Level 1:colcon.colcon_core.environment:checking '/home/aihemel/ros2_ws/install/turtlesim/bin'
[2.394s] Level 1:colcon.colcon_core.environment:checking '/home/aihemel/ros2_ws/install/turtlesim/lib/pkgconfig/turtlesim.pc'
[2.394s] Level 1:colcon.colcon_core.environment:checking '/home/aihemel/ros2_ws/install/turtlesim/lib/python3.10/site-packages'
[2.394s] Level 1:colcon.colcon_core.environment:checking '/home/aihemel/ros2_ws/install/turtlesim/bin'
[2.395s] INFO:colcon.colcon_core.shell:Creating package script '/home/aihemel/ros2_ws/install/turtlesim/share/turtlesim/package.ps1'
[2.395s] INFO:colcon.colcon_core.shell:Creating package descriptor '/home/aihemel/ros2_ws/install/turtlesim/share/turtlesim/package.dsv'
[2.396s] INFO:colcon.colcon_core.shell:Creating package script '/home/aihemel/ros2_ws/install/turtlesim/share/turtlesim/package.sh'
[2.396s] INFO:colcon.colcon_core.shell:Creating package script '/home/aihemel/ros2_ws/install/turtlesim/share/turtlesim/package.bash'
[2.397s] INFO:colcon.colcon_core.shell:Creating package script '/home/aihemel/ros2_ws/install/turtlesim/share/turtlesim/package.zsh'
[2.397s] Level 1:colcon.colcon_core.environment:create_file_with_runtime_dependencies(/home/aihemel/ros2_ws/install/turtlesim/share/colcon-core/packages/turtlesim)
[2.474s] DEBUG:colcon.colcon_core.event_handler.log_command:Invoking command in '/home/aihemel/ros2_ws/src/bumperbot_py_examples': PYTHONPATH=/home/aihemel/ros2_ws/build/bumperbot_py_examples/prefix_override:/usr/lib/python3/dist-packages/colcon_core/task/python/colcon_distutils_commands:/home/aihemel/ros2_ws/install/bumperbot_py_examples/lib/python3.10/site-packages:${PYTHONPATH} /usr/bin/python3 -W ignore:setup.py install is deprecated -W ignore:easy_install command is deprecated setup.py egg_info --egg-base ../../build/bumperbot_py_examples build --build-base /home/aihemel/ros2_ws/build/bumperbot_py_examples/build install --record /home/aihemel/ros2_ws/build/bumperbot_py_examples/install.log --single-version-externally-managed install_data
[2.475s] DEBUG:colcon.colcon_core.event_handler.log_command:Invoking command in '/home/aihemel/ros2_ws/venv/lib/python3.10/site-packages/pkg_resources/tests/data/my-test-package-source': PYTHONPATH=/home/aihemel/ros2_ws/build/my-test-package/prefix_override:/usr/lib/python3/dist-packages/colcon_core/task/python/colcon_distutils_commands:/home/aihemel/ros2_ws/install/my-test-package/lib/python3.10/site-packages:${PYTHONPATH} /usr/bin/python3 -W ignore:setup.py install is deprecated -W ignore:easy_install command is deprecated setup.py egg_info --egg-base ../../../../../../../../build/my-test-package build --build-base /home/aihemel/ros2_ws/build/my-test-package/build install --record /home/aihemel/ros2_ws/build/my-test-package/install.log --single-version-externally-managed
[2.608s] DEBUG:colcon.colcon_core.event_handler.log_command:Invoked command in '/home/aihemel/ros2_ws/build/robot_firmware' returned '0': CMAKE_PREFIX_PATH=/opt/ros/humble /usr/local/bin/cmake /home/aihemel/ros2_ws/src/robot_firmware -DCMAKE_INSTALL_PREFIX=/home/aihemel/ros2_ws/install/robot_firmware
[2.609s] DEBUG:colcon.colcon_core.event_handler.log_command:Invoking command in '/home/aihemel/ros2_ws/build/robot_firmware': CMAKE_PREFIX_PATH=/opt/ros/humble /usr/local/bin/cmake --build /home/aihemel/ros2_ws/build/robot_firmware -- -j12 -l12
[2.619s] DEBUG:colcon.colcon_core.event_handler.log_command:Invoked command in '/home/aihemel/ros2_ws/build/robot_firmware' returned '0': CMAKE_PREFIX_PATH=/opt/ros/humble /usr/local/bin/cmake --build /home/aihemel/ros2_ws/build/robot_firmware -- -j12 -l12
[2.620s] DEBUG:colcon.colcon_core.event_handler.log_command:Invoking command in '/home/aihemel/ros2_ws/build/robot_firmware': CMAKE_PREFIX_PATH=/opt/ros/humble /usr/local/bin/cmake --install /home/aihemel/ros2_ws/build/robot_firmware
[2.624s] Level 1:colcon.colcon_core.environment:create_environment_scripts_only(robot_firmware)
[2.624s] Level 1:colcon.colcon_core.environment:checking '/home/aihemel/ros2_ws/install/robot_firmware' for CMake module files
[2.624s] DEBUG:colcon.colcon_core.event_handler.log_command:Invoked command in '/home/aihemel/ros2_ws/build/robot_firmware' returned '0': CMAKE_PREFIX_PATH=/opt/ros/humble /usr/local/bin/cmake --install /home/aihemel/ros2_ws/build/robot_firmware
[2.625s] Level 1:colcon.colcon_core.environment:checking '/home/aihemel/ros2_ws/install/robot_firmware' for CMake config files
[2.625s] Level 1:colcon.colcon_core.shell:create_environment_hook('robot_firmware', 'cmake_prefix_path')
[2.625s] INFO:colcon.colcon_core.shell:Creating environment hook '/home/aihemel/ros2_ws/install/robot_firmware/share/robot_firmware/hook/cmake_prefix_path.ps1'
[2.625s] INFO:colcon.colcon_core.shell:Creating environment descriptor '/home/aihemel/ros2_ws/install/robot_firmware/share/robot_firmware/hook/cmake_prefix_path.dsv'
[2.626s] INFO:colcon.colcon_core.shell:Creating environment hook '/home/aihemel/ros2_ws/install/robot_firmware/share/robot_firmware/hook/cmake_prefix_path.sh'
[2.626s] Level 1:colcon.colcon_core.environment:checking '/home/aihemel/ros2_ws/install/robot_firmware/bin'
[2.626s] Level 1:colcon.colcon_core.environment:checking '/home/aihemel/ros2_ws/install/robot_firmware/lib/pkgconfig/robot_firmware.pc'
[2.626s] Level 1:colcon.colcon_core.environment:checking '/home/aihemel/ros2_ws/install/robot_firmware/lib/python3.10/site-packages'
[2.627s] Level 1:colcon.colcon_core.environment:checking '/home/aihemel/ros2_ws/install/robot_firmware/bin'
[2.627s] INFO:colcon.colcon_core.shell:Creating package script '/home/aihemel/ros2_ws/install/robot_firmware/share/robot_firmware/package.ps1'
[2.627s] INFO:colcon.colcon_core.shell:Creating package descriptor '/home/aihemel/ros2_ws/install/robot_firmware/share/robot_firmware/package.dsv'
[2.628s] INFO:colcon.colcon_core.shell:Creating package script '/home/aihemel/ros2_ws/install/robot_firmware/share/robot_firmware/package.sh'
[2.628s] INFO:colcon.colcon_core.shell:Creating package script '/home/aihemel/ros2_ws/install/robot_firmware/share/robot_firmware/package.bash'
[2.628s] INFO:colcon.colcon_core.shell:Creating package script '/home/aihemel/ros2_ws/install/robot_firmware/share/robot_firmware/package.zsh'
[2.629s] Level 1:colcon.colcon_core.environment:create_file_with_runtime_dependencies(/home/aihemel/ros2_ws/install/robot_firmware/share/colcon-core/packages/robot_firmware)
[2.629s] Level 1:colcon.colcon_core.environment:create_environment_scripts_only(robot_firmware)
[2.629s] Level 1:colcon.colcon_core.environment:checking '/home/aihemel/ros2_ws/install/robot_firmware' for CMake module files
[2.629s] Level 1:colcon.colcon_core.environment:checking '/home/aihemel/ros2_ws/install/robot_firmware' for CMake config files
[2.630s] Level 1:colcon.colcon_core.shell:create_environment_hook('robot_firmware', 'cmake_prefix_path')
[2.630s] INFO:colcon.colcon_core.shell:Creating environment hook '/home/aihemel/ros2_ws/install/robot_firmware/share/robot_firmware/hook/cmake_prefix_path.ps1'
[2.630s] INFO:colcon.colcon_core.shell:Creating environment descriptor '/home/aihemel/ros2_ws/install/robot_firmware/share/robot_firmware/hook/cmake_prefix_path.dsv'
[2.630s] INFO:colcon.colcon_core.shell:Creating environment hook '/home/aihemel/ros2_ws/install/robot_firmware/share/robot_firmware/hook/cmake_prefix_path.sh'
[2.631s] Level 1:colcon.colcon_core.environment:checking '/home/aihemel/ros2_ws/install/robot_firmware/bin'
[2.631s] Level 1:colcon.colcon_core.environment:checking '/home/aihemel/ros2_ws/install/robot_firmware/lib/pkgconfig/robot_firmware.pc'
[2.631s] Level 1:colcon.colcon_core.environment:checking '/home/aihemel/ros2_ws/install/robot_firmware/lib/python3.10/site-packages'
[2.631s] Level 1:colcon.colcon_core.environment:checking '/home/aihemel/ros2_ws/install/robot_firmware/bin'
[2.631s] INFO:colcon.colcon_core.shell:Creating package script '/home/aihemel/ros2_ws/install/robot_firmware/share/robot_firmware/package.ps1'
[2.632s] INFO:colcon.colcon_core.shell:Creating package descriptor '/home/aihemel/ros2_ws/install/robot_firmware/share/robot_firmware/package.dsv'
[2.632s] INFO:colcon.colcon_core.shell:Creating package script '/home/aihemel/ros2_ws/install/robot_firmware/share/robot_firmware/package.sh'
[2.632s] INFO:colcon.colcon_core.shell:Creating package script '/home/aihemel/ros2_ws/install/robot_firmware/share/robot_firmware/package.bash'
[2.633s] INFO:colcon.colcon_core.shell:Creating package script '/home/aihemel/ros2_ws/install/robot_firmware/share/robot_firmware/package.zsh'
[2.633s] Level 1:colcon.colcon_core.environment:create_file_with_runtime_dependencies(/home/aihemel/ros2_ws/install/robot_firmware/share/colcon-core/packages/robot_firmware)
[2.741s] Level 1:colcon.colcon_core.environment:checking '/home/aihemel/ros2_ws/install/my-test-package' for CMake module files
[2.742s] DEBUG:colcon.colcon_core.event_handler.log_command:Invoked command in '/home/aihemel/ros2_ws/venv/lib/python3.10/site-packages/pkg_resources/tests/data/my-test-package-source' returned '0': PYTHONPATH=/home/aihemel/ros2_ws/build/my-test-package/prefix_override:/usr/lib/python3/dist-packages/colcon_core/task/python/colcon_distutils_commands:/home/aihemel/ros2_ws/install/my-test-package/lib/python3.10/site-packages:${PYTHONPATH} /usr/bin/python3 -W ignore:setup.py install is deprecated -W ignore:easy_install command is deprecated setup.py egg_info --egg-base ../../../../../../../../build/my-test-package build --build-base /home/aihemel/ros2_ws/build/my-test-package/build install --record /home/aihemel/ros2_ws/build/my-test-package/install.log --single-version-externally-managed
[2.742s] Level 1:colcon.colcon_core.environment:checking '/home/aihemel/ros2_ws/install/my-test-package' for CMake config files
[2.742s] Level 1:colcon.colcon_core.environment:checking '/home/aihemel/ros2_ws/install/my-test-package/lib'
[2.742s] Level 1:colcon.colcon_core.environment:checking '/home/aihemel/ros2_ws/install/my-test-package/bin'
[2.743s] Level 1:colcon.colcon_core.environment:checking '/home/aihemel/ros2_ws/install/my-test-package/lib/pkgconfig/my-test-package.pc'
[2.743s] Level 1:colcon.colcon_core.environment:checking '/home/aihemel/ros2_ws/install/my-test-package/lib/python3.10/site-packages'
[2.743s] Level 1:colcon.colcon_core.shell:create_environment_hook('my-test-package', 'pythonpath')
[2.743s] INFO:colcon.colcon_core.shell:Creating environment hook '/home/aihemel/ros2_ws/install/my-test-package/share/my-test-package/hook/pythonpath.ps1'
[2.744s] INFO:colcon.colcon_core.shell:Creating environment descriptor '/home/aihemel/ros2_ws/install/my-test-package/share/my-test-package/hook/pythonpath.dsv'
[2.744s] INFO:colcon.colcon_core.shell:Creating environment hook '/home/aihemel/ros2_ws/install/my-test-package/share/my-test-package/hook/pythonpath.sh'
[2.744s] Level 1:colcon.colcon_core.environment:checking '/home/aihemel/ros2_ws/install/my-test-package/bin'
[2.744s] Level 1:colcon.colcon_core.environment:create_environment_scripts_only(my-test-package)
[2.745s] INFO:colcon.colcon_core.shell:Creating package script '/home/aihemel/ros2_ws/install/my-test-package/share/my-test-package/package.ps1'
[2.745s] INFO:colcon.colcon_core.shell:Creating package descriptor '/home/aihemel/ros2_ws/install/my-test-package/share/my-test-package/package.dsv'
[2.745s] INFO:colcon.colcon_core.shell:Creating package script '/home/aihemel/ros2_ws/install/my-test-package/share/my-test-package/package.sh'
[2.745s] INFO:colcon.colcon_core.shell:Creating package script '/home/aihemel/ros2_ws/install/my-test-package/share/my-test-package/package.bash'
[2.746s] INFO:colcon.colcon_core.shell:Creating package script '/home/aihemel/ros2_ws/install/my-test-package/share/my-test-package/package.zsh'
[2.746s] Level 1:colcon.colcon_core.environment:create_file_with_runtime_dependencies(/home/aihemel/ros2_ws/install/my-test-package/share/colcon-core/packages/my-test-package)
[2.747s] Level 1:colcon.colcon_core.environment:checking '/home/aihemel/ros2_ws/install/bumperbot_py_examples' for CMake module files
[2.747s] DEBUG:colcon.colcon_core.event_handler.log_command:Invoked command in '/home/aihemel/ros2_ws/src/bumperbot_py_examples' returned '0': PYTHONPATH=/home/aihemel/ros2_ws/build/bumperbot_py_examples/prefix_override:/usr/lib/python3/dist-packages/colcon_core/task/python/colcon_distutils_commands:/home/aihemel/ros2_ws/install/bumperbot_py_examples/lib/python3.10/site-packages:${PYTHONPATH} /usr/bin/python3 -W ignore:setup.py install is deprecated -W ignore:easy_install command is deprecated setup.py egg_info --egg-base ../../build/bumperbot_py_examples build --build-base /home/aihemel/ros2_ws/build/bumperbot_py_examples/build install --record /home/aihemel/ros2_ws/build/bumperbot_py_examples/install.log --single-version-externally-managed install_data
[2.747s] Level 1:colcon.colcon_core.environment:checking '/home/aihemel/ros2_ws/install/bumperbot_py_examples' for CMake config files
[2.747s] Level 1:colcon.colcon_core.environment:checking '/home/aihemel/ros2_ws/install/bumperbot_py_examples/lib'
[2.748s] Level 1:colcon.colcon_core.environment:checking '/home/aihemel/ros2_ws/install/bumperbot_py_examples/bin'
[2.748s] Level 1:colcon.colcon_core.environment:checking '/home/aihemel/ros2_ws/install/bumperbot_py_examples/lib/pkgconfig/bumperbot_py_examples.pc'
[2.748s] Level 1:colcon.colcon_core.environment:checking '/home/aihemel/ros2_ws/install/bumperbot_py_examples/lib/python3.10/site-packages'
[2.748s] Level 1:colcon.colcon_core.shell:create_environment_hook('bumperbot_py_examples', 'pythonpath')
[2.748s] INFO:colcon.colcon_core.shell:Creating environment hook '/home/aihemel/ros2_ws/install/bumperbot_py_examples/share/bumperbot_py_examples/hook/pythonpath.ps1'
[2.748s] INFO:colcon.colcon_core.shell:Creating environment descriptor '/home/aihemel/ros2_ws/install/bumperbot_py_examples/share/bumperbot_py_examples/hook/pythonpath.dsv'
[2.748s] INFO:colcon.colcon_core.shell:Creating environment hook '/home/aihemel/ros2_ws/install/bumperbot_py_examples/share/bumperbot_py_examples/hook/pythonpath.sh'
[2.749s] Level 1:colcon.colcon_core.environment:checking '/home/aihemel/ros2_ws/install/bumperbot_py_examples/bin'
[2.749s] Level 1:colcon.colcon_core.environment:create_environment_scripts_only(bumperbot_py_examples)
[2.749s] INFO:colcon.colcon_core.shell:Creating package script '/home/aihemel/ros2_ws/install/bumperbot_py_examples/share/bumperbot_py_examples/package.ps1'
[2.749s] INFO:colcon.colcon_core.shell:Creating package descriptor '/home/aihemel/ros2_ws/install/bumperbot_py_examples/share/bumperbot_py_examples/package.dsv'
[2.750s] INFO:colcon.colcon_core.shell:Creating package script '/home/aihemel/ros2_ws/install/bumperbot_py_examples/share/bumperbot_py_examples/package.sh'
[2.750s] INFO:colcon.colcon_core.shell:Creating package script '/home/aihemel/ros2_ws/install/bumperbot_py_examples/share/bumperbot_py_examples/package.bash'
[2.750s] INFO:colcon.colcon_core.shell:Creating package script '/home/aihemel/ros2_ws/install/bumperbot_py_examples/share/bumperbot_py_examples/package.zsh'
[2.751s] Level 1:colcon.colcon_core.environment:create_file_with_runtime_dependencies(/home/aihemel/ros2_ws/install/bumperbot_py_examples/share/colcon-core/packages/bumperbot_py_examples)
[2.751s] DEBUG:colcon.colcon_parallel_executor.executor.parallel:closing loop
[2.751s] DEBUG:colcon.colcon_parallel_executor.executor.parallel:loop closed
[2.751s] DEBUG:colcon.colcon_parallel_executor.executor.parallel:run_until_complete finished with '0'
[2.751s] DEBUG:colcon.colcon_core.event_reactor:joining thread
[2.758s] INFO:colcon.colcon_core.plugin_system:Skipping extension 'colcon_notification.desktop_notification.terminal_notifier': Not used on non-Darwin systems
[2.758s] INFO:colcon.colcon_core.plugin_system:Skipping extension 'colcon_notification.desktop_notification.win32': Not used on non-Windows systems
[2.758s] INFO:colcon.colcon_notification.desktop_notification:Sending desktop notification using 'notify2'
[2.781s] DEBUG:colcon.colcon_core.event_reactor:joined thread
[2.781s] INFO:colcon.colcon_core.shell:Creating prefix script '/home/aihemel/ros2_ws/install/local_setup.ps1'
[2.782s] INFO:colcon.colcon_core.shell:Creating prefix util module '/home/aihemel/ros2_ws/install/_local_setup_util_ps1.py'
[2.784s] INFO:colcon.colcon_core.shell:Creating prefix chain script '/home/aihemel/ros2_ws/install/setup.ps1'
[2.786s] INFO:colcon.colcon_core.shell:Creating prefix script '/home/aihemel/ros2_ws/install/local_setup.sh'
[2.786s] INFO:colcon.colcon_core.shell:Creating prefix util module '/home/aihemel/ros2_ws/install/_local_setup_util_sh.py'
[2.787s] INFO:colcon.colcon_core.shell:Creating prefix chain script '/home/aihemel/ros2_ws/install/setup.sh'
[2.788s] INFO:colcon.colcon_core.shell:Creating prefix script '/home/aihemel/ros2_ws/install/local_setup.bash'
[2.789s] INFO:colcon.colcon_core.shell:Creating prefix chain script '/home/aihemel/ros2_ws/install/setup.bash'
[2.789s] INFO:colcon.colcon_core.shell:Creating prefix script '/home/aihemel/ros2_ws/install/local_setup.zsh'
[2.790s] INFO:colcon.colcon_core.shell:Creating prefix chain script '/home/aihemel/ros2_ws/install/setup.zsh'
